respondent_id,set_id,display_order,item_1,item_2,item_3,item_4,best_item,worst_item
RESP_0001,C1,1,R1,R2,R4,R10,R1,R10
RESP_0001,C2,2,R2,R3,R5,R11,R2,R11
RESP_0001,C3,3,R3,R4,R6,R12,R4,R12
RESP_0001,C4,4,R4,R5,R7,R13,R4,R13
RESP_0001,C5,5,R5,R6,R8,R1,R6,R5
RESP_0001,C6,6,R6,R7,R9,R2,R7,R9
RESP_0001,C7,7,R7,R8,R10,R3,R7,R10
RESP_0001,C8,8,R8,R9,R11,R4,R8,R4
RESP_0001,C9,9,R9,R10,R12,R5,R5,R9
RESP_0001,C10,10,R10,R11,R13,R6,R10,R11
RESP_0001,C11,11,R11,R12,R1,R7,R11,R7
RESP_0001,C12,12,R12,R13,R2,R8,R8,R13
RESP_0001,C13,13,R13,R1,R3,R9,R3,R13
RESP_0002,C1,1,R1,R2,R4,R10,R2,R10
RESP_0002,C2,2,R2,R3,R5,R11,R3,R11
RESP_0002,C3,3,R3,R4,R6,R12,R3,R4
RESP_0002,C4,4,R4,R5,R7,R13,R4,R7
RESP_0002,C5,5,R5,R6,R8,R1,R1,R6
RESP_0002,C6,6,R6,R7,R9,R2,R6,R7
RESP_0002,C7,7,R7,R8,R10,R3,R7,R10
RESP_0002,C8,8,R8,R9,R11,R4,R4,R9
RESP_0002,C9,9,R9,R10,R12,R5,R10,R9
RESP_0002,C10,10,R10,R11,R13,R6,R10,R11
RESP_0002,C11,11,R11,R12,R1,R7,R11,R12
RESP_0002,C12,12,R12,R13,R2,R8,R8,R13
RESP_0002,C13,13,R13,R1,R3,R9,R1,R9
RESP_0003,C1,1,R1,R2,R4,R10,R1,R4
RESP_0003,C2,2,R2,R3,R5,R11,R2,R11
RESP_0003,C3,3,R3,R4,R6,R12,R3,R12
RESP_0003,C4,4,R4,R5,R7,R13,R4,R13
RESP_0003,C5,5,R5,R6,R8,R1,R5,R6
RESP_0003,C6,6,R6,R7,R9,R2,R2,R9
RESP_0003,C7,7,R7,R8,R10,R3,R7,R3
RESP_0003,C8,8,R8,R9,R11,R4,R8,R9
RESP_0003,C9,9,R9,R10,R12,R5,R9,R10
RESP_0003,C10,10,R10,R11,R13,R6,R6,R11
RESP_0003,C11,11,R11,R12,R1,R7,R7,R11
RESP_0003,C12,12,R12,R13,R2,R8,R2,R13
RESP_0003,C13,13,R13,R1,R3,R9,R1,R9
RESP_0004,C1,1,R1,R2,R4,R10,R2,R4
RESP_0004,C2,2,R2,R3,R5,R11,R3,R11
RESP_0004,C3,3,R3,R4,R6,R12,R6,R3
RESP_0004,C4,4,R4,R5,R7,R13,R5,R7
RESP_0004,C5,5,R5,R6,R8,R1,R1,R8
RESP_0004,C6,6,R6,R7,R9,R2,R2,R7
RESP_0004,C7,7,R7,R8,R10,R3,R10,R8
RESP_0004,C8,8,R8,R9,R11,R4,R4,R11
RESP_0004,C9,9,R9,R10,R12,R5,R12,R10
RESP_0004,C10,10,R10,R11,R13,R6,R6,R13
RESP_0004,C11,11,R11,R12,R1,R7,R7,R12
RESP_0004,C12,12,R12,R13,R2,R8,R2,R13
RESP_0004,C13,13,R13,R1,R3,R9,R1,R13
RESP_0005,C1,1,R1,R2,R4,R10,R1,R10
RESP_0005,C2,2,R2,R3,R5,R11,R2,R3
RESP_0005,C3,3,R3,R4,R6,R12,R4,R3
RESP_0005,C4,4,R4,R5,R7,R13,R5,R13
RESP_0005,C5,5,R5,R6,R8,R1,R1,R8
RESP_0005,C6,6,R6,R7,R9,R2,R2,R6
RESP_0005,C7,7,R7,R8,R10,R3,R8,R10
RESP_0005,C8,8,R8,R9,R11,R4,R4,R9
RESP_0005,C9,9,R9,R10,R12,R5,R5,R12
RESP_0005,C10,10,R10,R11,R13,R6,R6,R13
RESP_0005,C11,11,R11,R12,R1,R7,R1,R11
RESP_0005,C12,12,R12,R13,R2,R8,R2,R13
RESP_0005,C13,13,R13,R1,R3,R9,R1,R9
RESP_0006,C1,1,R1,R2,R4,R10,R2,R1
RESP_0006,C2,2,R2,R3,R5,R11,R2,R3
RESP_0006,C3,3,R3,R4,R6,R12,R3,R12
RESP_0006,C4,4,R4,R5,R7,R13,R5,R13
RESP_0006,C5,5,R5,R6,R8,R1,R5,R8
RESP_0006,C6,6,R6,R7,R9,R2,R6,R9
RESP_0006,C7,7,R7,R8,R10,R3,R7,R10
RESP_0006,C8,8,R8,R9,R11,R4,R8,R11
RESP_0006,C9,9,R9,R10,R12,R5,R10,R9
RESP_0006,C10,10,R10,R11,R13,R6,R6,R10
RESP_0006,C11,11,R11,R12,R1,R7,R12,R7
RESP_0006,C12,12,R12,R13,R2,R8,R2,R13
RESP_0006,C13,13,R13,R1,R3,R9,R1,R3
RESP_0007,C1,1,R1,R2,R4,R10,R1,R4
RESP_0007,C2,2,R2,R3,R5,R11,R11,R5
RESP_0007,C3,3,R3,R4,R6,R12,R12,R3
RESP_0007,C4,4,R4,R5,R7,R13,R7,R4
RESP_0007,C5,5,R5,R6,R8,R1,R8,R5
RESP_0007,C6,6,R6,R7,R9,R2,R6,R2
RESP_0007,C7,7,R7,R8,R10,R3,R7,R8
RESP_0007,C8,8,R8,R9,R11,R4,R4,R11
RESP_0007,C9,9,R9,R10,R12,R5,R5,R9
RESP_0007,C10,10,R10,R11,R13,R6,R11,R10
RESP_0007,C11,11,R11,R12,R1,R7,R7,R12
RESP_0007,C12,12,R12,R13,R2,R8,R13,R12
RESP_0007,C13,13,R13,R1,R3,R9,R1,R9
RESP_0008,C1,1,R1,R2,R4,R10,R1,R10
RESP_0008,C2,2,R2,R3,R5,R11,R3,R11
RESP_0008,C3,3,R3,R4,R6,R12,R6,R4
RESP_0008,C4,4,R4,R5,R7,R13,R4,R5
RESP_0008,C5,5,R5,R6,R8,R1,R8,R6
RESP_0008,C6,6,R6,R7,R9,R2,R2,R9
RESP_0008,C7,7,R7,R8,R10,R3,R7,R8
RESP_0008,C8,8,R8,R9,R11,R4,R11,R9
RESP_0008,C9,9,R9,R10,R12,R5,R5,R9
RESP_0008,C10,10,R10,R11,R13,R6,R13,R10
RESP_0008,C11,11,R11,R12,R1,R7,R1,R11
RESP_0008,C12,12,R12,R13,R2,R8,R12,R8
RESP_0008,C13,13,R13,R1,R3,R9,R1,R13
RESP_0009,C1,1,R1,R2,R4,R10,R4,R10
RESP_0009,C2,2,R2,R3,R5,R11,R5,R3
RESP_0009,C3,3,R3,R4,R6,R12,R3,R12
RESP_0009,C4,4,R4,R5,R7,R13,R7,R13
RESP_0009,C5,5,R5,R6,R8,R1,R1,R8
RESP_0009,C6,6,R6,R7,R9,R2,R2,R9
RESP_0009,C7,7,R7,R8,R10,R3,R8,R10
RESP_0009,C8,8,R8,R9,R11,R4,R9,R8
RESP_0009,C9,9,R9,R10,R12,R5,R5,R9
RESP_0009,C10,10,R10,R11,R13,R6,R6,R13
RESP_0009,C11,11,R11,R12,R1,R7,R7,R11
RESP_0009,C12,12,R12,R13,R2,R8,R2,R8
RESP_0009,C13,13,R13,R1,R3,R9,R1,R13
RESP_0010,C1,1,R1,R2,R4,R10,R2,R1
RESP_0010,C2,2,R2,R3,R5,R11,R3,R11
RESP_0010,C3,3,R3,R4,R6,R12,R6,R3
RESP_0010,C4,4,R4,R5,R7,R13,R5,R7
RESP_0010,C5,5,R5,R6,R8,R1,R6,R5
RESP_0010,C6,6,R6,R7,R9,R2,R6,R9
RESP_0010,C7,7,R7,R8,R10,R3,R3,R8
RESP_0010,C8,8,R8,R9,R11,R4,R4,R8
RESP_0010,C9,9,R9,R10,R12,R5,R5,R10
RESP_0010,C10,10,R10,R11,R13,R6,R6,R13
RESP_0010,C11,11,R11,R12,R1,R7,R1,R11
RESP_0010,C12,12,R12,R13,R2,R8,R12,R13
RESP_0010,C13,13,R13,R1,R3,R9,R1,R9
RESP_0011,C1,1,R1,R2,R4,R10,R1,R4
RESP_0011,C2,2,R2,R3,R5,R11,R5,R11
RESP_0011,C3,3,R3,R4,R6,R12,R4,R12
RESP_0011,C4,4,R4,R5,R7,R13,R7,R4
RESP_0011,C5,5,R5,R6,R8,R1,R5,R8
RESP_0011,C6,6,R6,R7,R9,R2,R7,R9
RESP_0011,C7,7,R7,R8,R10,R3,R3,R10
RESP_0011,C8,8,R8,R9,R11,R4,R8,R11
RESP_0011,C9,9,R9,R10,R12,R5,R5,R9
RESP_0011,C10,10,R10,R11,R13,R6,R10,R13
RESP_0011,C11,11,R11,R12,R1,R7,R12,R1
RESP_0011,C12,12,R12,R13,R2,R8,R13,R12
RESP_0011,C13,13,R13,R1,R3,R9,R3,R13
RESP_0012,C1,1,R1,R2,R4,R10,R1,R10
RESP_0012,C2,2,R2,R3,R5,R11,R3,R11
RESP_0012,C3,3,R3,R4,R6,R12,R4,R12
RESP_0012,C4,4,R4,R5,R7,R13,R5,R13
RESP_0012,C5,5,R5,R6,R8,R1,R8,R1
RESP_0012,C6,6,R6,R7,R9,R2,R6,R7
RESP_0012,C7,7,R7,R8,R10,R3,R10,R3
RESP_0012,C8,8,R8,R9,R11,R4,R4,R11
RESP_0012,C9,9,R9,R10,R12,R5,R5,R10
RESP_0012,C10,10,R10,R11,R13,R6,R10,R11
RESP_0012,C11,11,R11,R12,R1,R7,R7,R11
RESP_0012,C12,12,R12,R13,R2,R8,R8,R12
RESP_0012,C13,13,R13,R1,R3,R9,R13,R9
RESP_0013,C1,1,R1,R2,R4,R10,R1,R4
RESP_0013,C2,2,R2,R3,R5,R11,R5,R2
RESP_0013,C3,3,R3,R4,R6,R12,R4,R3
RESP_0013,C4,4,R4,R5,R7,R13,R5,R4
RESP_0013,C5,5,R5,R6,R8,R1,R1,R8
RESP_0013,C6,6,R6,R7,R9,R2,R6,R9
RESP_0013,C7,7,R7,R8,R10,R3,R7,R10
RESP_0013,C8,8,R8,R9,R11,R4,R11,R9
RESP_0013,C9,9,R9,R10,R12,R5,R5,R9
RESP_0013,C10,10,R10,R11,R13,R6,R11,R13
RESP_0013,C11,11,R11,R12,R1,R7,R7,R12
RESP_0013,C12,12,R12,R13,R2,R8,R8,R12
RESP_0013,C13,13,R13,R1,R3,R9,R1,R13
RESP_0014,C1,1,R1,R2,R4,R10,R2,R1
RESP_0014,C2,2,R2,R3,R5,R11,R3,R2
RESP_0014,C3,3,R3,R4,R6,R12,R12,R4
RESP_0014,C4,4,R4,R5,R7,R13,R5,R13
RESP_0014,C5,5,R5,R6,R8,R1,R5,R8
RESP_0014,C6,6,R6,R7,R9,R2,R2,R9
RESP_0014,C7,7,R7,R8,R10,R3,R7,R3
RESP_0014,C8,8,R8,R9,R11,R4,R9,R4
RESP_0014,C9,9,R9,R10,R12,R5,R5,R9
RESP_0014,C10,10,R10,R11,R13,R6,R13,R11
RESP_0014,C11,11,R11,R12,R1,R7,R12,R1
RESP_0014,C12,12,R12,R13,R2,R8,R8,R13
RESP_0014,C13,13,R13,R1,R3,R9,R3,R13
RESP_0015,C1,1,R1,R2,R4,R10,R1,R10
RESP_0015,C2,2,R2,R3,R5,R11,R3,R11
RESP_0015,C3,3,R3,R4,R6,R12,R4,R12
RESP_0015,C4,4,R4,R5,R7,R13,R13,R4
RESP_0015,C5,5,R5,R6,R8,R1,R6,R5
RESP_0015,C6,6,R6,R7,R9,R2,R6,R9
RESP_0015,C7,7,R7,R8,R10,R3,R3,R7
RESP_0015,C8,8,R8,R9,R11,R4,R11,R8
RESP_0015,C9,9,R9,R10,R12,R5,R5,R10
RESP_0015,C10,10,R10,R11,R13,R6,R6,R13
RESP_0015,C11,11,R11,R12,R1,R7,R1,R11
RESP_0015,C12,12,R12,R13,R2,R8,R8,R13
RESP_0015,C13,13,R13,R1,R3,R9,R1,R3
RESP_0016,C1,1,R1,R2,R4,R10,R2,R10
RESP_0016,C2,2,R2,R3,R5,R11,R2,R3
RESP_0016,C3,3,R3,R4,R6,R12,R4,R12
RESP_0016,C4,4,R4,R5,R7,R13,R7,R4
RESP_0016,C5,5,R5,R6,R8,R1,R6,R8
RESP_0016,C6,6,R6,R7,R9,R2,R7,R2
RESP_0016,C7,7,R7,R8,R10,R3,R3,R8
RESP_0016,C8,8,R8,R9,R11,R4,R11,R4
RESP_0016,C9,9,R9,R10,R12,R5,R5,R12
RESP_0016,C10,10,R10,R11,R13,R6,R6,R13
RESP_0016,C11,11,R11,R12,R1,R7,R7,R11
RESP_0016,C12,12,R12,R13,R2,R8,R8,R13
RESP_0016,C13,13,R13,R1,R3,R9,R9,R3
RESP_0017,C1,1,R1,R2,R4,R10,R1,R2
RESP_0017,C2,2,R2,R3,R5,R11,R2,R11
RESP_0017,C3,3,R3,R4,R6,R12,R12,R4
RESP_0017,C4,4,R4,R5,R7,R13,R5,R4
RESP_0017,C5,5,R5,R6,R8,R1,R5,R1
RESP_0017,C6,6,R6,R7,R9,R2,R2,R9
RESP_0017,C7,7,R7,R8,R10,R3,R7,R10
RESP_0017,C8,8,R8,R9,R11,R4,R9,R4
RESP_0017,C9,9,R9,R10,R12,R5,R10,R9
RESP_0017,C10,10,R10,R11,R13,R6,R6,R13
RESP_0017,C11,11,R11,R12,R1,R7,R11,R7
RESP_0017,C12,12,R12,R13,R2,R8,R8,R2
RESP_0017,C13,13,R13,R1,R3,R9,R3,R9
RESP_0018,C1,1,R1,R2,R4,R10,R2,R4
RESP_0018,C2,2,R2,R3,R5,R11,R5,R3
RESP_0018,C3,3,R3,R4,R6,R12,R3,R4
RESP_0018,C4,4,R4,R5,R7,R13,R5,R13
RESP_0018,C5,5,R5,R6,R8,R1,R6,R5
RESP_0018,C6,6,R6,R7,R9,R2,R2,R9
RESP_0018,C7,7,R7,R8,R10,R3,R7,R10
RESP_0018,C8,8,R8,R9,R11,R4,R8,R11
RESP_0018,C9,9,R9,R10,R12,R5,R5,R10
RESP_0018,C10,10,R10,R11,R13,R6,R10,R13
RESP_0018,C11,11,R11,R12,R1,R7,R1,R11
RESP_0018,C12,12,R12,R13,R2,R8,R2,R13
RESP_0018,C13,13,R13,R1,R3,R9,R3,R13
RESP_0019,C1,1,R1,R2,R4,R10,R10,R4
RESP_0019,C2,2,R2,R3,R5,R11,R3,R11
RESP_0019,C3,3,R3,R4,R6,R12,R6,R12
RESP_0019,C4,4,R4,R5,R7,R13,R4,R7
RESP_0019,C5,5,R5,R6,R8,R1,R6,R5
RESP_0019,C6,6,R6,R7,R9,R2,R7,R9
RESP_0019,C7,7,R7,R8,R10,R3,R8,R7
RESP_0019,C8,8,R8,R9,R11,R4,R9,R11
RESP_0019,C9,9,R9,R10,R12,R5,R12,R9
RESP_0019,C10,10,R10,R11,R13,R6,R6,R13
RESP_0019,C11,11,R11,R12,R1,R7,R12,R7
RESP_0019,C12,12,R12,R13,R2,R8,R8,R13
RESP_0019,C13,13,R13,R1,R3,R9,R1,R3
RESP_0020,C1,1,R1,R2,R4,R10,R2,R1
RESP_0020,C2,2,R2,R3,R5,R11,R2,R3
RESP_0020,C3,3,R3,R4,R6,R12,R4,R12
RESP_0020,C4,4,R4,R5,R7,R13,R5,R7
RESP_0020,C5,5,R5,R6,R8,R1,R5,R8
RESP_0020,C6,6,R6,R7,R9,R2,R6,R7
RESP_0020,C7,7,R7,R8,R10,R3,R10,R3
RESP_0020,C8,8,R8,R9,R11,R4,R11,R8
RESP_0020,C9,9,R9,R10,R12,R5,R5,R9
RESP_0020,C10,10,R10,R11,R13,R6,R10,R13
RESP_0020,C11,11,R11,R12,R1,R7,R1,R11
RESP_0020,C12,12,R12,R13,R2,R8,R12,R13
RESP_0020,C13,13,R13,R1,R3,R9,R9,R13
RESP_0021,C1,1,R1,R2,R4,R10,R2,R10
RESP_0021,C2,2,R2,R3,R5,R11,R11,R3
RESP_0021,C3,3,R3,R4,R6,R12,R12,R6
RESP_0021,C4,4,R4,R5,R7,R13,R7,R4
RESP_0021,C5,5,R5,R6,R8,R1,R6,R8
RESP_0021,C6,6,R6,R7,R9,R2,R7,R6
RESP_0021,C7,7,R7,R8,R10,R3,R7,R8
RESP_0021,C8,8,R8,R9,R11,R4,R4,R11
RESP_0021,C9,9,R9,R10,R12,R5,R12,R9
RESP_0021,C10,10,R10,R11,R13,R6,R13,R11
RESP_0021,C11,11,R11,R12,R1,R7,R11,R12
RESP_0021,C12,12,R12,R13,R2,R8,R13,R12
RESP_0021,C13,13,R13,R1,R3,R9,R3,R9
RESP_0022,C1,1,R1,R2,R4,R10,R2,R10
RESP_0022,C2,2,R2,R3,R5,R11,R5,R11
RESP_0022,C3,3,R3,R4,R6,R12,R12,R3
RESP_0022,C4,4,R4,R5,R7,R13,R7,R4
RESP_0022,C5,5,R5,R6,R8,R1,R1,R5
RESP_0022,C6,6,R6,R7,R9,R2,R7,R9
RESP_0022,C7,7,R7,R8,R10,R3,R3,R8
RESP_0022,C8,8,R8,R9,R11,R4,R8,R9
RESP_0022,C9,9,R9,R10,R12,R5,R9,R5
RESP_0022,C10,10,R10,R11,R13,R6,R6,R11
RESP_0022,C11,11,R11,R12,R1,R7,R12,R1
RESP_0022,C12,12,R12,R13,R2,R8,R12,R2
RESP_0022,C13,13,R13,R1,R3,R9,R9,R13
RESP_0023,C1,1,R1,R2,R4,R10,R1,R2
RESP_0023,C2,2,R2,R3,R5,R11,R3,R5
RESP_0023,C3,3,R3,R4,R6,R12,R4,R12
RESP_0023,C4,4,R4,R5,R7,R13,R7,R13
RESP_0023,C5,5,R5,R6,R8,R1,R1,R6
RESP_0023,C6,6,R6,R7,R9,R2,R6,R7
RESP_0023,C7,7,R7,R8,R10,R3,R3,R7
RESP_0023,C8,8,R8,R9,R11,R4,R11,R9
RESP_0023,C9,9,R9,R10,R12,R5,R12,R9
RESP_0023,C10,10,R10,R11,R13,R6,R10,R11
RESP_0023,C11,11,R11,R12,R1,R7,R1,R12
RESP_0023,C12,12,R12,R13,R2,R8,R2,R13
RESP_0023,C13,13,R13,R1,R3,R9,R1,R9
RESP_0024,C1,1,R1,R2,R4,R10,R1,R10
RESP_0024,C2,2,R2,R3,R5,R11,R5,R2
RESP_0024,C3,3,R3,R4,R6,R12,R3,R12
RESP_0024,C4,4,R4,R5,R7,R13,R13,R5
RESP_0024,C5,5,R5,R6,R8,R1,R6,R1
RESP_0024,C6,6,R6,R7,R9,R2,R6,R9
RESP_0024,C7,7,R7,R8,R10,R3,R7,R10
RESP_0024,C8,8,R8,R9,R11,R4,R8,R4
RESP_0024,C9,9,R9,R10,R12,R5,R10,R12
RESP_0024,C10,10,R10,R11,R13,R6,R6,R11
RESP_0024,C11,11,R11,R12,R1,R7,R7,R12
RESP_0024,C12,12,R12,R13,R2,R8,R13,R12
RESP_0024,C13,13,R13,R1,R3,R9,R1,R13
RESP_0025,C1,1,R1,R2,R4,R10,R2,R10
RESP_0025,C2,2,R2,R3,R5,R11,R5,R11
RESP_0025,C3,3,R3,R4,R6,R12,R3,R4
RESP_0025,C4,4,R4,R5,R7,R13,R4,R7
RESP_0025,C5,5,R5,R6,R8,R1,R6,R8
RESP_0025,C6,6,R6,R7,R9,R2,R2,R9
RESP_0025,C7,7,R7,R8,R10,R3,R7,R8
RESP_0025,C8,8,R8,R9,R11,R4,R4,R9
RESP_0025,C9,9,R9,R10,R12,R5,R5,R10
RESP_0025,C10,10,R10,R11,R13,R6,R10,R11
RESP_0025,C11,11,R11,R12,R1,R7,R1,R11
RESP_0025,C12,12,R12,R13,R2,R8,R8,R13
RESP_0025,C13,13,R13,R1,R3,R9,R3,R13
RESP_0026,C1,1,R1,R2,R4,R10,R1,R4
RESP_0026,C2,2,R2,R3,R5,R11,R5,R11
RESP_0026,C3,3,R3,R4,R6,R12,R6,R3
RESP_0026,C4,4,R4,R5,R7,R13,R5,R13
RESP_0026,C5,5,R5,R6,R8,R1,R5,R1
RESP_0026,C6,6,R6,R7,R9,R2,R6,R7
RESP_0026,C7,7,R7,R8,R10,R3,R7,R8
RESP_0026,C8,8,R8,R9,R11,R4,R8,R11
RESP_0026,C9,9,R9,R10,R12,R5,R5,R12
RESP_0026,C10,10,R10,R11,R13,R6,R6,R13
RESP_0026,C11,11,R11,R12,R1,R7,R7,R12
RESP_0026,C12,12,R12,R13,R2,R8,R8,R13
RESP_0026,C13,13,R13,R1,R3,R9,R13,R9
RESP_0027,C1,1,R1,R2,R4,R10,R1,R10
RESP_0027,C2,2,R2,R3,R5,R11,R5,R3
RESP_0027,C3,3,R3,R4,R6,R12,R6,R12
RESP_0027,C4,4,R4,R5,R7,R13,R4,R13
RESP_0027,C5,5,R5,R6,R8,R1,R5,R1
RESP_0027,C6,6,R6,R7,R9,R2,R6,R9
RESP_0027,C7,7,R7,R8,R10,R3,R3,R8
RESP_0027,C8,8,R8,R9,R11,R4,R11,R4
RESP_0027,C9,9,R9,R10,R12,R5,R12,R10
RESP_0027,C10,10,R10,R11,R13,R6,R10,R13
RESP_0027,C11,11,R11,R12,R1,R7,R7,R11
RESP_0027,C12,12,R12,R13,R2,R8,R13,R12
RESP_0027,C13,13,R13,R1,R3,R9,R3,R9
RESP_0028,C1,1,R1,R2,R4,R10,R2,R4
RESP_0028,C2,2,R2,R3,R5,R11,R5,R3
RESP_0028,C3,3,R3,R4,R6,R12,R6,R4
RESP_0028,C4,4,R4,R5,R7,R13,R5,R7
RESP_0028,C5,5,R5,R6,R8,R1,R1,R8
RESP_0028,C6,6,R6,R7,R9,R2,R6,R2
RESP_0028,C7,7,R7,R8,R10,R3,R8,R10
RESP_0028,C8,8,R8,R9,R11,R4,R9,R4
RESP_0028,C9,9,R9,R10,R12,R5,R5,R10
RESP_0028,C10,10,R10,R11,R13,R6,R6,R13
RESP_0028,C11,11,R11,R12,R1,R7,R1,R11
RESP_0028,C12,12,R12,R13,R2,R8,R2,R8
RESP_0028,C13,13,R13,R1,R3,R9,R3,R9
RESP_0029,C1,1,R1,R2,R4,R10,R2,R10
RESP_0029,C2,2,R2,R3,R5,R11,R5,R2
RESP_0029,C3,3,R3,R4,R6,R12,R6,R12
RESP_0029,C4,4,R4,R5,R7,R13,R5,R13
RESP_0029,C5,5,R5,R6,R8,R1,R1,R8
RESP_0029,C6,6,R6,R7,R9,R2,R2,R9
RESP_0029,C7,7,R7,R8,R10,R3,R10,R3
RESP_0029,C8,8,R8,R9,R11,R4,R11,R9
RESP_0029,C9,9,R9,R10,R12,R5,R10,R5
RESP_0029,C10,10,R10,R11,R13,R6,R10,R13
RESP_0029,C11,11,R11,R12,R1,R7,R7,R12
RESP_0029,C12,12,R12,R13,R2,R8,R13,R2
RESP_0029,C13,13,R13,R1,R3,R9,R3,R13
RESP_0030,C1,1,R1,R2,R4,R10,R2,R4
RESP_0030,C2,2,R2,R3,R5,R11,R5,R11
RESP_0030,C3,3,R3,R4,R6,R12,R6,R12
RESP_0030,C4,4,R4,R5,R7,R13,R4,R13
RESP_0030,C5,5,R5,R6,R8,R1,R5,R8
RESP_0030,C6,6,R6,R7,R9,R2,R2,R7
RESP_0030,C7,7,R7,R8,R10,R3,R8,R10
RESP_0030,C8,8,R8,R9,R11,R4,R4,R11
RESP_0030,C9,9,R9,R10,R12,R5,R5,R12
RESP_0030,C10,10,R10,R11,R13,R6,R6,R13
RESP_0030,C11,11,R11,R12,R1,R7,R1,R12
RESP_0030,C12,12,R12,R13,R2,R8,R12,R13
RESP_0030,C13,13,R13,R1,R3,R9,R3,R9
RESP_0031,C1,1,R1,R2,R4,R10,R1,R4
RESP_0031,C2,2,R2,R3,R5,R11,R2,R11
RESP_0031,C3,3,R3,R4,R6,R12,R4,R3
RESP_0031,C4,4,R4,R5,R7,R13,R5,R7
RESP_0031,C5,5,R5,R6,R8,R1,R1,R5
RESP_0031,C6,6,R6,R7,R9,R2,R6,R9
RESP_0031,C7,7,R7,R8,R10,R3,R10,R3
RESP_0031,C8,8,R8,R9,R11,R4,R9,R11
RESP_0031,C9,9,R9,R10,R12,R5,R5,R9
RESP_0031,C10,10,R10,R11,R13,R6,R6,R13
RESP_0031,C11,11,R11,R12,R1,R7,R1,R12
RESP_0031,C12,12,R12,R13,R2,R8,R12,R13
RESP_0031,C13,13,R13,R1,R3,R9,R1,R9
RESP_0032,C1,1,R1,R2,R4,R10,R1,R10
RESP_0032,C2,2,R2,R3,R5,R11,R3,R11
RESP_0032,C3,3,R3,R4,R6,R12,R3,R12
RESP_0032,C4,4,R4,R5,R7,R13,R13,R7
RESP_0032,C5,5,R5,R6,R8,R1,R1,R8
RESP_0032,C6,6,R6,R7,R9,R2,R6,R9
RESP_0032,C7,7,R7,R8,R10,R3,R10,R3
RESP_0032,C8,8,R8,R9,R11,R4,R8,R4
RESP_0032,C9,9,R9,R10,R12,R5,R5,R10
RESP_0032,C10,10,R10,R11,R13,R6,R13,R11
RESP_0032,C11,11,R11,R12,R1,R7,R1,R11
RESP_0032,C12,12,R12,R13,R2,R8,R8,R13
RESP_0032,C13,13,R13,R1,R3,R9,R3,R13
RESP_0033,C1,1,R1,R2,R4,R10,R2,R10
RESP_0033,C2,2,R2,R3,R5,R11,R3,R2
RESP_0033,C3,3,R3,R4,R6,R12,R3,R12
RESP_0033,C4,4,R4,R5,R7,R13,R4,R13
RESP_0033,C5,5,R5,R6,R8,R1,R5,R8
RESP_0033,C6,6,R6,R7,R9,R2,R2,R9
RESP_0033,C7,7,R7,R8,R10,R3,R7,R10
RESP_0033,C8,8,R8,R9,R11,R4,R8,R11
RESP_0033,C9,9,R9,R10,R12,R5,R5,R10
RESP_0033,C10,10,R10,R11,R13,R6,R11,R10
RESP_0033,C11,11,R11,R12,R1,R7,R1,R12
RESP_0033,C12,12,R12,R13,R2,R8,R12,R2
RESP_0033,C13,13,R13,R1,R3,R9,R13,R9
RESP_0034,C1,1,R1,R2,R4,R10,R2,R1
RESP_0034,C2,2,R2,R3,R5,R11,R5,R3
RESP_0034,C3,3,R3,R4,R6,R12,R3,R12
RESP_0034,C4,4,R4,R5,R7,R13,R5,R7
RESP_0034,C5,5,R5,R6,R8,R1,R8,R6
RESP_0034,C6,6,R6,R7,R9,R2,R2,R7
RESP_0034,C7,7,R7,R8,R10,R3,R10,R3
RESP_0034,C8,8,R8,R9,R11,R4,R9,R11
RESP_0034,C9,9,R9,R10,R12,R5,R10,R12
RESP_0034,C10,10,R10,R11,R13,R6,R6,R13
RESP_0034,C11,11,R11,R12,R1,R7,R7,R12
RESP_0034,C12,12,R12,R13,R2,R8,R2,R12
RESP_0034,C13,13,R13,R1,R3,R9,R3,R13
RESP_0035,C1,1,R1,R2,R4,R10,R2,R10
RESP_0035,C2,2,R2,R3,R5,R11,R2,R11
RESP_0035,C3,3,R3,R4,R6,R12,R6,R12
RESP_0035,C4,4,R4,R5,R7,R13,R7,R13
RESP_0035,C5,5,R5,R6,R8,R1,R1,R5
RESP_0035,C6,6,R6,R7,R9,R2,R2,R7
RESP_0035,C7,7,R7,R8,R10,R3,R10,R7
RESP_0035,C8,8,R8,R9,R11,R4,R4,R9
RESP_0035,C9,9,R9,R10,R12,R5,R5,R12
RESP_0035,C10,10,R10,R11,R13,R6,R6,R10
RESP_0035,C11,11,R11,R12,R1,R7,R7,R11
RESP_0035,C12,12,R12,R13,R2,R8,R8,R2
RESP_0035,C13,13,R13,R1,R3,R9,R3,R9
RESP_0036,C1,1,R1,R2,R4,R10,R1,R10
RESP_0036,C2,2,R2,R3,R5,R11,R5,R11
RESP_0036,C3,3,R3,R4,R6,R12,R3,R12
RESP_0036,C4,4,R4,R5,R7,R13,R7,R13
RESP_0036,C5,5,R5,R6,R8,R1,R6,R1
RESP_0036,C6,6,R6,R7,R9,R2,R2,R9
RESP_0036,C7,7,R7,R8,R10,R3,R8,R10
RESP_0036,C8,8,R8,R9,R11,R4,R4,R9
RESP_0036,C9,9,R9,R10,R12,R5,R5,R12
RESP_0036,C10,10,R10,R11,R13,R6,R13,R10
RESP_0036,C11,11,R11,R12,R1,R7,R1,R11
RESP_0036,C12,12,R12,R13,R2,R8,R2,R13
RESP_0036,C13,13,R13,R1,R3,R9,R13,R9
RESP_0037,C1,1,R1,R2,R4,R10,R1,R2
RESP_0037,C2,2,R2,R3,R5,R11,R3,R11
RESP_0037,C3,3,R3,R4,R6,R12,R4,R3
RESP_0037,C4,4,R4,R5,R7,R13,R5,R7
RESP_0037,C5,5,R5,R6,R8,R1,R5,R8
RESP_0037,C6,6,R6,R7,R9,R2,R9,R6
RESP_0037,C7,7,R7,R8,R10,R3,R3,R7
RESP_0037,C8,8,R8,R9,R11,R4,R4,R9
RESP_0037,C9,9,R9,R10,R12,R5,R5,R12
RESP_0037,C10,10,R10,R11,R13,R6,R13,R11
RESP_0037,C11,11,R11,R12,R1,R7,R1,R11
RESP_0037,C12,12,R12,R13,R2,R8,R2,R13
RESP_0037,C13,13,R13,R1,R3,R9,R3,R13
RESP_0038,C1,1,R1,R2,R4,R10,R2,R10
RESP_0038,C2,2,R2,R3,R5,R11,R3,R11
RESP_0038,C3,3,R3,R4,R6,R12,R3,R12
RESP_0038,C4,4,R4,R5,R7,R13,R4,R13
RESP_0038,C5,5,R5,R6,R8,R1,R8,R6
RESP_0038,C6,6,R6,R7,R9,R2,R7,R9
RESP_0038,C7,7,R7,R8,R10,R3,R8,R7
RESP_0038,C8,8,R8,R9,R11,R4,R4,R11
RESP_0038,C9,9,R9,R10,R12,R5,R5,R10
RESP_0038,C10,10,R10,R11,R13,R6,R13,R10
RESP_0038,C11,11,R11,R12,R1,R7,R1,R11
RESP_0038,C12,12,R12,R13,R2,R8,R12,R13
RESP_0038,C13,13,R13,R1,R3,R9,R3,R9
RESP_0039,C1,1,R1,R2,R4,R10,R1,R4
RESP_0039,C2,2,R2,R3,R5,R11,R5,R11
RESP_0039,C3,3,R3,R4,R6,R12,R6,R12
RESP_0039,C4,4,R4,R5,R7,R13,R7,R13
RESP_0039,C5,5,R5,R6,R8,R1,R1,R5
RESP_0039,C6,6,R6,R7,R9,R2,R6,R2
RESP_0039,C7,7,R7,R8,R10,R3,R3,R7
RESP_0039,C8,8,R8,R9,R11,R4,R11,R9
RESP_0039,C9,9,R9,R10,R12,R5,R12,R9
RESP_0039,C10,10,R10,R11,R13,R6,R13,R10
RESP_0039,C11,11,R11,R12,R1,R7,R1,R12
RESP_0039,C12,12,R12,R13,R2,R8,R12,R13
RESP_0039,C13,13,R13,R1,R3,R9,R1,R13
RESP_0040,C1,1,R1,R2,R4,R10,R10,R1
RESP_0040,C2,2,R2,R3,R5,R11,R5,R11
RESP_0040,C3,3,R3,R4,R6,R12,R6,R4
RESP_0040,C4,4,R4,R5,R7,R13,R5,R4
RESP_0040,C5,5,R5,R6,R8,R1,R6,R1
RESP_0040,C6,6,R6,R7,R9,R2,R9,R2
RESP_0040,C7,7,R7,R8,R10,R3,R8,R10
RESP_0040,C8,8,R8,R9,R11,R4,R8,R9
RESP_0040,C9,9,R9,R10,R12,R5,R5,R10
RESP_0040,C10,10,R10,R11,R13,R6,R13,R11
RESP_0040,C11,11,R11,R12,R1,R7,R12,R11
RESP_0040,C12,12,R12,R13,R2,R8,R8,R13
RESP_0040,C13,13,R13,R1,R3,R9,R1,R9
RESP_0041,C1,1,R1,R2,R4,R10,R4,R2
RESP_0041,C2,2,R2,R3,R5,R11,R5,R3
RESP_0041,C3,3,R3,R4,R6,R12,R12,R4
RESP_0041,C4,4,R4,R5,R7,R13,R13,R4
RESP_0041,C5,5,R5,R6,R8,R1,R1,R8
RESP_0041,C6,6,R6,R7,R9,R2,R7,R9
RESP_0041,C7,7,R7,R8,R10,R3,R10,R3
RESP_0041,C8,8,R8,R9,R11,R4,R4,R8
RESP_0041,C9,9,R9,R10,R12,R5,R10,R9
RESP_0041,C10,10,R10,R11,R13,R6,R11,R10
RESP_0041,C11,11,R11,R12,R1,R7,R12,R7
RESP_0041,C12,12,R12,R13,R2,R8,R8,R12
RESP_0041,C13,13,R13,R1,R3,R9,R3,R9
RESP_0042,C1,1,R1,R2,R4,R10,R2,R10
RESP_0042,C2,2,R2,R3,R5,R11,R5,R11
RESP_0042,C3,3,R3,R4,R6,R12,R3,R12
RESP_0042,C4,4,R4,R5,R7,R13,R4,R7
RESP_0042,C5,5,R5,R6,R8,R1,R1,R5
RESP_0042,C6,6,R6,R7,R9,R2,R7,R2
RESP_0042,C7,7,R7,R8,R10,R3,R3,R7
RESP_0042,C8,8,R8,R9,R11,R4,R8,R9
RESP_0042,C9,9,R9,R10,R12,R5,R5,R12
RESP_0042,C10,10,R10,R11,R13,R6,R6,R13
RESP_0042,C11,11,R11,R12,R1,R7,R1,R11
RESP_0042,C12,12,R12,R13,R2,R8,R2,R13
RESP_0042,C13,13,R13,R1,R3,R9,R3,R13
RESP_0043,C1,1,R1,R2,R4,R10,R1,R2
RESP_0043,C2,2,R2,R3,R5,R11,R2,R5
RESP_0043,C3,3,R3,R4,R6,R12,R6,R12
RESP_0043,C4,4,R4,R5,R7,R13,R4,R7
RESP_0043,C5,5,R5,R6,R8,R1,R1,R5
RESP_0043,C6,6,R6,R7,R9,R2,R2,R9
RESP_0043,C7,7,R7,R8,R10,R3,R8,R10
RESP_0043,C8,8,R8,R9,R11,R4,R9,R8
RESP_0043,C9,9,R9,R10,R12,R5,R9,R5
RESP_0043,C10,10,R10,R11,R13,R6,R6,R11
RESP_0043,C11,11,R11,R12,R1,R7,R1,R11
RESP_0043,C12,12,R12,R13,R2,R8,R2,R12
RESP_0043,C13,13,R13,R1,R3,R9,R13,R1
RESP_0044,C1,1,R1,R2,R4,R10,R1,R2
RESP_0044,C2,2,R2,R3,R5,R11,R11,R2
RESP_0044,C3,3,R3,R4,R6,R12,R6,R4
RESP_0044,C4,4,R4,R5,R7,R13,R5,R4
RESP_0044,C5,5,R5,R6,R8,R1,R6,R8
RESP_0044,C6,6,R6,R7,R9,R2,R6,R9
RESP_0044,C7,7,R7,R8,R10,R3,R8,R10
RESP_0044,C8,8,R8,R9,R11,R4,R4,R9
RESP_0044,C9,9,R9,R10,R12,R5,R5,R12
RESP_0044,C10,10,R10,R11,R13,R6,R6,R11
RESP_0044,C11,11,R11,R12,R1,R7,R12,R11
RESP_0044,C12,12,R12,R13,R2,R8,R12,R2
RESP_0044,C13,13,R13,R1,R3,R9,R3,R1
RESP_0045,C1,1,R1,R2,R4,R10,R4,R10
RESP_0045,C2,2,R2,R3,R5,R11,R5,R2
RESP_0045,C3,3,R3,R4,R6,R12,R4,R3
RESP_0045,C4,4,R4,R5,R7,R13,R5,R4
RESP_0045,C5,5,R5,R6,R8,R1,R6,R1
RESP_0045,C6,6,R6,R7,R9,R2,R6,R2
RESP_0045,C7,7,R7,R8,R10,R3,R7,R10
RESP_0045,C8,8,R8,R9,R11,R4,R9,R11
RESP_0045,C9,9,R9,R10,R12,R5,R5,R9
RESP_0045,C10,10,R10,R11,R13,R6,R6,R13
RESP_0045,C11,11,R11,R12,R1,R7,R12,R1
RESP_0045,C12,12,R12,R13,R2,R8,R8,R13
RESP_0045,C13,13,R13,R1,R3,R9,R9,R13
RESP_0046,C1,1,R1,R2,R4,R10,R1,R2
RESP_0046,C2,2,R2,R3,R5,R11,R5,R3
RESP_0046,C3,3,R3,R4,R6,R12,R12,R4
RESP_0046,C4,4,R4,R5,R7,R13,R7,R13
RESP_0046,C5,5,R5,R6,R8,R1,R5,R8
RESP_0046,C6,6,R6,R7,R9,R2,R7,R9
RESP_0046,C7,7,R7,R8,R10,R3,R10,R8
RESP_0046,C8,8,R8,R9,R11,R4,R11,R9
RESP_0046,C9,9,R9,R10,R12,R5,R5,R9
RESP_0046,C10,10,R10,R11,R13,R6,R13,R11
RESP_0046,C11,11,R11,R12,R1,R7,R11,R7
RESP_0046,C12,12,R12,R13,R2,R8,R8,R13
RESP_0046,C13,13,R13,R1,R3,R9,R13,R9
RESP_0047,C1,1,R1,R2,R4,R10,R1,R10
RESP_0047,C2,2,R2,R3,R5,R11,R2,R11
RESP_0047,C3,3,R3,R4,R6,R12,R4,R12
RESP_0047,C4,4,R4,R5,R7,R13,R7,R5
RESP_0047,C5,5,R5,R6,R8,R1,R8,R5
RESP_0047,C6,6,R6,R7,R9,R2,R6,R7
RESP_0047,C7,7,R7,R8,R10,R3,R3,R7
RESP_0047,C8,8,R8,R9,R11,R4,R9,R4
RESP_0047,C9,9,R9,R10,R12,R5,R10,R9
RESP_0047,C10,10,R10,R11,R13,R6,R11,R13
RESP_0047,C11,11,R11,R12,R1,R7,R7,R1
RESP_0047,C12,12,R12,R13,R2,R8,R12,R13
RESP_0047,C13,13,R13,R1,R3,R9,R9,R13
RESP_0048,C1,1,R1,R2,R4,R10,R4,R10
RESP_0048,C2,2,R2,R3,R5,R11,R2,R3
RESP_0048,C3,3,R3,R4,R6,R12,R6,R4
RESP_0048,C4,4,R4,R5,R7,R13,R7,R13
RESP_0048,C5,5,R5,R6,R8,R1,R5,R8
RESP_0048,C6,6,R6,R7,R9,R2,R2,R9
RESP_0048,C7,7,R7,R8,R10,R3,R10,R3
RESP_0048,C8,8,R8,R9,R11,R4,R8,R9
RESP_0048,C9,9,R9,R10,R12,R5,R5,R12
RESP_0048,C10,10,R10,R11,R13,R6,R13,R10
RESP_0048,C11,11,R11,R12,R1,R7,R1,R12
RESP_0048,C12,12,R12,R13,R2,R8,R8,R13
RESP_0048,C13,13,R13,R1,R3,R9,R9,R13
RESP_0049,C1,1,R1,R2,R4,R10,R2,R10
RESP_0049,C2,2,R2,R3,R5,R11,R11,R3
RESP_0049,C3,3,R3,R4,R6,R12,R4,R6
RESP_0049,C4,4,R4,R5,R7,R13,R7,R4
RESP_0049,C5,5,R5,R6,R8,R1,R5,R6
RESP_0049,C6,6,R6,R7,R9,R2,R9,R7
RESP_0049,C7,7,R7,R8,R10,R3,R7,R8
RESP_0049,C8,8,R8,R9,R11,R4,R8,R9
RESP_0049,C9,9,R9,R10,R12,R5,R12,R9
RESP_0049,C10,10,R10,R11,R13,R6,R6,R13
RESP_0049,C11,11,R11,R12,R1,R7,R1,R12
RESP_0049,C12,12,R12,R13,R2,R8,R8,R13
RESP_0049,C13,13,R13,R1,R3,R9,R9,R13
RESP_0050,C1,1,R1,R2,R4,R10,R10,R2
RESP_0050,C2,2,R2,R3,R5,R11,R3,R11
RESP_0050,C3,3,R3,R4,R6,R12,R12,R3
RESP_0050,C4,4,R4,R5,R7,R13,R4,R5
RESP_0050,C5,5,R5,R6,R8,R1,R8,R1
RESP_0050,C6,6,R6,R7,R9,R2,R2,R9
RESP_0050,C7,7,R7,R8,R10,R3,R8,R3
RESP_0050,C8,8,R8,R9,R11,R4,R8,R11
RESP_0050,C9,9,R9,R10,R12,R5,R5,R9
RESP_0050,C10,10,R10,R11,R13,R6,R10,R13
RESP_0050,C11,11,R11,R12,R1,R7,R7,R12
RESP_0050,C12,12,R12,R13,R2,R8,R13,R2
RESP_0050,C13,13,R13,R1,R3,R9,R1,R13
RESP_0051,C1,1,R1,R2,R4,R10,R2,R4
RESP_0051,C2,2,R2,R3,R5,R11,R5,R2
RESP_0051,C3,3,R3,R4,R6,R12,R6,R4
RESP_0051,C4,4,R4,R5,R7,R13,R5,R13
RESP_0051,C5,5,R5,R6,R8,R1,R5,R8
RESP_0051,C6,6,R6,R7,R9,R2,R2,R6
RESP_0051,C7,7,R7,R8,R10,R3,R8,R7
RESP_0051,C8,8,R8,R9,R11,R4,R11,R4
RESP_0051,C9,9,R9,R10,R12,R5,R5,R9
RESP_0051,C10,10,R10,R11,R13,R6,R6,R10
RESP_0051,C11,11,R11,R12,R1,R7,R7,R11
RESP_0051,C12,12,R12,R13,R2,R8,R13,R2
RESP_0051,C13,13,R13,R1,R3,R9,R1,R9
RESP_0052,C1,1,R1,R2,R4,R10,R2,R10
RESP_0052,C2,2,R2,R3,R5,R11,R3,R11
RESP_0052,C3,3,R3,R4,R6,R12,R4,R12
RESP_0052,C4,4,R4,R5,R7,R13,R5,R4
RESP_0052,C5,5,R5,R6,R8,R1,R1,R8
RESP_0052,C6,6,R6,R7,R9,R2,R9,R6
RESP_0052,C7,7,R7,R8,R10,R3,R3,R8
RESP_0052,C8,8,R8,R9,R11,R4,R8,R9
RESP_0052,C9,9,R9,R10,R12,R5,R5,R12
RESP_0052,C10,10,R10,R11,R13,R6,R6,R11
RESP_0052,C11,11,R11,R12,R1,R7,R7,R12
RESP_0052,C12,12,R12,R13,R2,R8,R8,R13
RESP_0052,C13,13,R13,R1,R3,R9,R1,R13
RESP_0053,C1,1,R1,R2,R4,R10,R4,R1
RESP_0053,C2,2,R2,R3,R5,R11,R5,R11
RESP_0053,C3,3,R3,R4,R6,R12,R3,R12
RESP_0053,C4,4,R4,R5,R7,R13,R7,R13
RESP_0053,C5,5,R5,R6,R8,R1,R1,R6
RESP_0053,C6,6,R6,R7,R9,R2,R7,R9
RESP_0053,C7,7,R7,R8,R10,R3,R3,R7
RESP_0053,C8,8,R8,R9,R11,R4,R11,R4
RESP_0053,C9,9,R9,R10,R12,R5,R5,R10
RESP_0053,C10,10,R10,R11,R13,R6,R6,R10
RESP_0053,C11,11,R11,R12,R1,R7,R7,R11
RESP_0053,C12,12,R12,R13,R2,R8,R2,R12
RESP_0053,C13,13,R13,R1,R3,R9,R1,R13
RESP_0054,C1,1,R1,R2,R4,R10,R1,R10
RESP_0054,C2,2,R2,R3,R5,R11,R2,R11
RESP_0054,C3,3,R3,R4,R6,R12,R3,R12
RESP_0054,C4,4,R4,R5,R7,R13,R4,R13
RESP_0054,C5,5,R5,R6,R8,R1,R5,R8
RESP_0054,C6,6,R6,R7,R9,R2,R7,R9
RESP_0054,C7,7,R7,R8,R10,R3,R10,R7
RESP_0054,C8,8,R8,R9,R11,R4,R11,R4
RESP_0054,C9,9,R9,R10,R12,R5,R5,R12
RESP_0054,C10,10,R10,R11,R13,R6,R11,R13
RESP_0054,C11,11,R11,R12,R1,R7,R7,R11
RESP_0054,C12,12,R12,R13,R2,R8,R2,R13
RESP_0054,C13,13,R13,R1,R3,R9,R1,R9
RESP_0055,C1,1,R1,R2,R4,R10,R10,R1
RESP_0055,C2,2,R2,R3,R5,R11,R2,R11
RESP_0055,C3,3,R3,R4,R6,R12,R3,R4
RESP_0055,C4,4,R4,R5,R7,R13,R4,R13
RESP_0055,C5,5,R5,R6,R8,R1,R1,R5
RESP_0055,C6,6,R6,R7,R9,R2,R7,R9
RESP_0055,C7,7,R7,R8,R10,R3,R10,R3
RESP_0055,C8,8,R8,R9,R11,R4,R9,R8
RESP_0055,C9,9,R9,R10,R12,R5,R12,R5
RESP_0055,C10,10,R10,R11,R13,R6,R6,R10
RESP_0055,C11,11,R11,R12,R1,R7,R12,R11
RESP_0055,C12,12,R12,R13,R2,R8,R2,R13
RESP_0055,C13,13,R13,R1,R3,R9,R13,R9
RESP_0056,C1,1,R1,R2,R4,R10,R1,R10
RESP_0056,C2,2,R2,R3,R5,R11,R3,R5
RESP_0056,C3,3,R3,R4,R6,R12,R3,R12
RESP_0056,C4,4,R4,R5,R7,R13,R5,R4
RESP_0056,C5,5,R5,R6,R8,R1,R6,R1
RESP_0056,C6,6,R6,R7,R9,R2,R6,R2
RESP_0056,C7,7,R7,R8,R10,R3,R3,R8
RESP_0056,C8,8,R8,R9,R11,R4,R4,R8
RESP_0056,C9,9,R9,R10,R12,R5,R12,R10
RESP_0056,C10,10,R10,R11,R13,R6,R6,R10
RESP_0056,C11,11,R11,R12,R1,R7,R1,R12
RESP_0056,C12,12,R12,R13,R2,R8,R2,R13
RESP_0056,C13,13,R13,R1,R3,R9,R3,R9
RESP_0057,C1,1,R1,R2,R4,R10,R10,R4
RESP_0057,C2,2,R2,R3,R5,R11,R11,R2
RESP_0057,C3,3,R3,R4,R6,R12,R4,R3
RESP_0057,C4,4,R4,R5,R7,R13,R13,R7
RESP_0057,C5,5,R5,R6,R8,R1,R8,R1
RESP_0057,C6,6,R6,R7,R9,R2,R6,R9
RESP_0057,C7,7,R7,R8,R10,R3,R3,R10
RESP_0057,C8,8,R8,R9,R11,R4,R8,R9
RESP_0057,C9,9,R9,R10,R12,R5,R5,R12
RESP_0057,C10,10,R10,R11,R13,R6,R6,R13
RESP_0057,C11,11,R11,R12,R1,R7,R11,R1
RESP_0057,C12,12,R12,R13,R2,R8,R8,R13
RESP_0057,C13,13,R13,R1,R3,R9,R13,R3
RESP_0058,C1,1,R1,R2,R4,R10,R10,R2
RESP_0058,C2,2,R2,R3,R5,R11,R2,R11
RESP_0058,C3,3,R3,R4,R6,R12,R6,R12
RESP_0058,C4,4,R4,R5,R7,R13,R7,R4
RESP_0058,C5,5,R5,R6,R8,R1,R6,R5
RESP_0058,C6,6,R6,R7,R9,R2,R7,R9
RESP_0058,C7,7,R7,R8,R10,R3,R7,R10
RESP_0058,C8,8,R8,R9,R11,R4,R8,R9
RESP_0058,C9,9,R9,R10,R12,R5,R9,R12
RESP_0058,C10,10,R10,R11,R13,R6,R13,R11
RESP_0058,C11,11,R11,R12,R1,R7,R12,R1
RESP_0058,C12,12,R12,R13,R2,R8,R8,R13
RESP_0058,C13,13,R13,R1,R3,R9,R3,R9
RESP_0059,C1,1,R1,R2,R4,R10,R1,R10
RESP_0059,C2,2,R2,R3,R5,R11,R5,R11
RESP_0059,C3,3,R3,R4,R6,R12,R4,R12
RESP_0059,C4,4,R4,R5,R7,R13,R5,R13
RESP_0059,C5,5,R5,R6,R8,R1,R6,R8
RESP_0059,C6,6,R6,R7,R9,R2,R6,R7
RESP_0059,C7,7,R7,R8,R10,R3,R8,R7
RESP_0059,C8,8,R8,R9,R11,R4,R11,R9
RESP_0059,C9,9,R9,R10,R12,R5,R10,R12
RESP_0059,C10,10,R10,R11,R13,R6,R11,R13
RESP_0059,C11,11,R11,R12,R1,R7,R1,R11
RESP_0059,C12,12,R12,R13,R2,R8,R2,R8
RESP_0059,C13,13,R13,R1,R3,R9,R1,R9
RESP_0060,C1,1,R1,R2,R4,R10,R2,R10
RESP_0060,C2,2,R2,R3,R5,R11,R2,R11
RESP_0060,C3,3,R3,R4,R6,R12,R6,R4
RESP_0060,C4,4,R4,R5,R7,R13,R4,R7
RESP_0060,C5,5,R5,R6,R8,R1,R8,R5
RESP_0060,C6,6,R6,R7,R9,R2,R6,R9
RESP_0060,C7,7,R7,R8,R10,R3,R3,R7
RESP_0060,C8,8,R8,R9,R11,R4,R8,R9
RESP_0060,C9,9,R9,R10,R12,R5,R5,R9
RESP_0060,C10,10,R10,R11,R13,R6,R13,R10
RESP_0060,C11,11,R11,R12,R1,R7,R1,R7
RESP_0060,C12,12,R12,R13,R2,R8,R8,R13
RESP_0060,C13,13,R13,R1,R3,R9,R1,R13
RESP_0061,C1,1,R1,R2,R4,R10,R1,R4
RESP_0061,C2,2,R2,R3,R5,R11,R5,R11
RESP_0061,C3,3,R3,R4,R6,R12,R6,R4
RESP_0061,C4,4,R4,R5,R7,R13,R5,R13
RESP_0061,C5,5,R5,R6,R8,R1,R8,R5
RESP_0061,C6,6,R6,R7,R9,R2,R6,R9
RESP_0061,C7,7,R7,R8,R10,R3,R8,R10
RESP_0061,C8,8,R8,R9,R11,R4,R8,R11
RESP_0061,C9,9,R9,R10,R12,R5,R5,R9
RESP_0061,C10,10,R10,R11,R13,R6,R6,R13
RESP_0061,C11,11,R11,R12,R1,R7,R1,R12
RESP_0061,C12,12,R12,R13,R2,R8,R2,R12
RESP_0061,C13,13,R13,R1,R3,R9,R1,R9
RESP_0062,C1,1,R1,R2,R4,R10,R1,R2
RESP_0062,C2,2,R2,R3,R5,R11,R11,R2
RESP_0062,C3,3,R3,R4,R6,R12,R4,R12
RESP_0062,C4,4,R4,R5,R7,R13,R5,R4
RESP_0062,C5,5,R5,R6,R8,R1,R5,R1
RESP_0062,C6,6,R6,R7,R9,R2,R6,R9
RESP_0062,C7,7,R7,R8,R10,R3,R7,R10
RESP_0062,C8,8,R8,R9,R11,R4,R8,R4
RESP_0062,C9,9,R9,R10,R12,R5,R12,R10
RESP_0062,C10,10,R10,R11,R13,R6,R11,R13
RESP_0062,C11,11,R11,R12,R1,R7,R7,R11
RESP_0062,C12,12,R12,R13,R2,R8,R2,R13
RESP_0062,C13,13,R13,R1,R3,R9,R13,R9
RESP_0063,C1,1,R1,R2,R4,R10,R10,R1
RESP_0063,C2,2,R2,R3,R5,R11,R5,R2
RESP_0063,C3,3,R3,R4,R6,R12,R6,R3
RESP_0063,C4,4,R4,R5,R7,R13,R5,R4
RESP_0063,C5,5,R5,R6,R8,R1,R8,R5
RESP_0063,C6,6,R6,R7,R9,R2,R7,R6
RESP_0063,C7,7,R7,R8,R10,R3,R10,R7
RESP_0063,C8,8,R8,R9,R11,R4,R9,R4
RESP_0063,C9,9,R9,R10,R12,R5,R5,R9
RESP_0063,C10,10,R10,R11,R13,R6,R6,R11
RESP_0063,C11,11,R11,R12,R1,R7,R1,R11
RESP_0063,C12,12,R12,R13,R2,R8,R12,R2
RESP_0063,C13,13,R13,R1,R3,R9,R3,R9
RESP_0064,C1,1,R1,R2,R4,R10,R1,R4
RESP_0064,C2,2,R2,R3,R5,R11,R3,R11
RESP_0064,C3,3,R3,R4,R6,R12,R3,R4
RESP_0064,C4,4,R4,R5,R7,R13,R4,R13
RESP_0064,C5,5,R5,R6,R8,R1,R1,R8
RESP_0064,C6,6,R6,R7,R9,R2,R6,R7
RESP_0064,C7,7,R7,R8,R10,R3,R8,R7
RESP_0064,C8,8,R8,R9,R11,R4,R4,R9
RESP_0064,C9,9,R9,R10,R12,R5,R5,R10
RESP_0064,C10,10,R10,R11,R13,R6,R6,R10
RESP_0064,C11,11,R11,R12,R1,R7,R1,R12
RESP_0064,C12,12,R12,R13,R2,R8,R8,R13
RESP_0064,C13,13,R13,R1,R3,R9,R1,R9
RESP_0065,C1,1,R1,R2,R4,R10,R10,R1
RESP_0065,C2,2,R2,R3,R5,R11,R3,R2
RESP_0065,C3,3,R3,R4,R6,R12,R12,R4
RESP_0065,C4,4,R4,R5,R7,R13,R5,R4
RESP_0065,C5,5,R5,R6,R8,R1,R6,R8
RESP_0065,C6,6,R6,R7,R9,R2,R9,R7
RESP_0065,C7,7,R7,R8,R10,R3,R3,R8
RESP_0065,C8,8,R8,R9,R11,R4,R8,R9
RESP_0065,C9,9,R9,R10,R12,R5,R12,R10
RESP_0065,C10,10,R10,R11,R13,R6,R6,R10
RESP_0065,C11,11,R11,R12,R1,R7,R7,R11
RESP_0065,C12,12,R12,R13,R2,R8,R8,R13
RESP_0065,C13,13,R13,R1,R3,R9,R1,R9
RESP_0066,C1,1,R1,R2,R4,R10,R10,R1
RESP_0066,C2,2,R2,R3,R5,R11,R5,R3
RESP_0066,C3,3,R3,R4,R6,R12,R3,R6
RESP_0066,C4,4,R4,R5,R7,R13,R4,R7
RESP_0066,C5,5,R5,R6,R8,R1,R6,R1
RESP_0066,C6,6,R6,R7,R9,R2,R7,R2
RESP_0066,C7,7,R7,R8,R10,R3,R7,R10
RESP_0066,C8,8,R8,R9,R11,R4,R8,R9
RESP_0066,C9,9,R9,R10,R12,R5,R12,R9
RESP_0066,C10,10,R10,R11,R13,R6,R13,R10
RESP_0066,C11,11,R11,R12,R1,R7,R12,R11
RESP_0066,C12,12,R12,R13,R2,R8,R13,R12
RESP_0066,C13,13,R13,R1,R3,R9,R1,R9
RESP_0067,C1,1,R1,R2,R4,R10,R4,R10
RESP_0067,C2,2,R2,R3,R5,R11,R11,R5
RESP_0067,C3,3,R3,R4,R6,R12,R6,R12
RESP_0067,C4,4,R4,R5,R7,R13,R5,R4
RESP_0067,C5,5,R5,R6,R8,R1,R1,R8
RESP_0067,C6,6,R6,R7,R9,R2,R7,R9
RESP_0067,C7,7,R7,R8,R10,R3,R3,R10
RESP_0067,C8,8,R8,R9,R11,R4,R4,R11
RESP_0067,C9,9,R9,R10,R12,R5,R5,R12
RESP_0067,C10,10,R10,R11,R13,R6,R6,R10
RESP_0067,C11,11,R11,R12,R1,R7,R1,R12
RESP_0067,C12,12,R12,R13,R2,R8,R2,R13
RESP_0067,C13,13,R13,R1,R3,R9,R9,R1
RESP_0068,C1,1,R1,R2,R4,R10,R1,R10
RESP_0068,C2,2,R2,R3,R5,R11,R5,R2
RESP_0068,C3,3,R3,R4,R6,R12,R4,R12
RESP_0068,C4,4,R4,R5,R7,R13,R4,R13
RESP_0068,C5,5,R5,R6,R8,R1,R5,R8
RESP_0068,C6,6,R6,R7,R9,R2,R2,R7
RESP_0068,C7,7,R7,R8,R10,R3,R3,R8
RESP_0068,C8,8,R8,R9,R11,R4,R8,R4
RESP_0068,C9,9,R9,R10,R12,R5,R10,R12
RESP_0068,C10,10,R10,R11,R13,R6,R6,R13
RESP_0068,C11,11,R11,R12,R1,R7,R11,R7
RESP_0068,C12,12,R12,R13,R2,R8,R13,R12
RESP_0068,C13,13,R13,R1,R3,R9,R1,R9
RESP_0069,C1,1,R1,R2,R4,R10,R2,R1
RESP_0069,C2,2,R2,R3,R5,R11,R2,R5
RESP_0069,C3,3,R3,R4,R6,R12,R6,R3
RESP_0069,C4,4,R4,R5,R7,R13,R5,R13
RESP_0069,C5,5,R5,R6,R8,R1,R6,R1
RESP_0069,C6,6,R6,R7,R9,R2,R2,R9
RESP_0069,C7,7,R7,R8,R10,R3,R3,R7
RESP_0069,C8,8,R8,R9,R11,R4,R11,R9
RESP_0069,C9,9,R9,R10,R12,R5,R5,R9
RESP_0069,C10,10,R10,R11,R13,R6,R10,R13
RESP_0069,C11,11,R11,R12,R1,R7,R12,R1
RESP_0069,C12,12,R12,R13,R2,R8,R13,R8
RESP_0069,C13,13,R13,R1,R3,R9,R1,R13
RESP_0070,C1,1,R1,R2,R4,R10,R4,R10
RESP_0070,C2,2,R2,R3,R5,R11,R5,R11
RESP_0070,C3,3,R3,R4,R6,R12,R6,R4
RESP_0070,C4,4,R4,R5,R7,R13,R7,R5
RESP_0070,C5,5,R5,R6,R8,R1,R6,R8
RESP_0070,C6,6,R6,R7,R9,R2,R2,R9
RESP_0070,C7,7,R7,R8,R10,R3,R8,R3
RESP_0070,C8,8,R8,R9,R11,R4,R4,R11
RESP_0070,C9,9,R9,R10,R12,R5,R5,R12
RESP_0070,C10,10,R10,R11,R13,R6,R6,R11
RESP_0070,C11,11,R11,R12,R1,R7,R1,R11
RESP_0070,C12,12,R12,R13,R2,R8,R12,R13
RESP_0070,C13,13,R13,R1,R3,R9,R3,R9
RESP_0071,C1,1,R1,R2,R4,R10,R10,R2
RESP_0071,C2,2,R2,R3,R5,R11,R5,R11
RESP_0071,C3,3,R3,R4,R6,R12,R4,R6
RESP_0071,C4,4,R4,R5,R7,R13,R5,R4
RESP_0071,C5,5,R5,R6,R8,R1,R6,R1
RESP_0071,C6,6,R6,R7,R9,R2,R2,R9
RESP_0071,C7,7,R7,R8,R10,R3,R8,R7
RESP_0071,C8,8,R8,R9,R11,R4,R8,R11
RESP_0071,C9,9,R9,R10,R12,R5,R5,R10
RESP_0071,C10,10,R10,R11,R13,R6,R10,R6
RESP_0071,C11,11,R11,R12,R1,R7,R11,R12
RESP_0071,C12,12,R12,R13,R2,R8,R12,R13
RESP_0071,C13,13,R13,R1,R3,R9,R1,R13
RESP_0072,C1,1,R1,R2,R4,R10,R2,R4
RESP_0072,C2,2,R2,R3,R5,R11,R3,R11
RESP_0072,C3,3,R3,R4,R6,R12,R4,R12
RESP_0072,C4,4,R4,R5,R7,R13,R7,R13
RESP_0072,C5,5,R5,R6,R8,R1,R8,R6
RESP_0072,C6,6,R6,R7,R9,R2,R6,R9
RESP_0072,C7,7,R7,R8,R10,R3,R8,R7
RESP_0072,C8,8,R8,R9,R11,R4,R9,R4
RESP_0072,C9,9,R9,R10,R12,R5,R12,R10
RESP_0072,C10,10,R10,R11,R13,R6,R11,R10
RESP_0072,C11,11,R11,R12,R1,R7,R12,R1
RESP_0072,C12,12,R12,R13,R2,R8,R8,R12
RESP_0072,C13,13,R13,R1,R3,R9,R1,R9
RESP_0073,C1,1,R1,R2,R4,R10,R1,R10
RESP_0073,C2,2,R2,R3,R5,R11,R2,R11
RESP_0073,C3,3,R3,R4,R6,R12,R3,R12
RESP_0073,C4,4,R4,R5,R7,R13,R7,R4
RESP_0073,C5,5,R5,R6,R8,R1,R8,R6
RESP_0073,C6,6,R6,R7,R9,R2,R7,R6
RESP_0073,C7,7,R7,R8,R10,R3,R7,R10
RESP_0073,C8,8,R8,R9,R11,R4,R8,R11
RESP_0073,C9,9,R9,R10,R12,R5,R12,R10
RESP_0073,C10,10,R10,R11,R13,R6,R10,R11
RESP_0073,C11,11,R11,R12,R1,R7,R7,R12
RESP_0073,C12,12,R12,R13,R2,R8,R2,R13
RESP_0073,C13,13,R13,R1,R3,R9,R1,R9
RESP_0074,C1,1,R1,R2,R4,R10,R10,R2
RESP_0074,C2,2,R2,R3,R5,R11,R5,R11
RESP_0074,C3,3,R3,R4,R6,R12,R6,R4
RESP_0074,C4,4,R4,R5,R7,R13,R5,R13
RESP_0074,C5,5,R5,R6,R8,R1,R6,R8
RESP_0074,C6,6,R6,R7,R9,R2,R2,R9
RESP_0074,C7,7,R7,R8,R10,R3,R7,R8
RESP_0074,C8,8,R8,R9,R11,R4,R8,R11
RESP_0074,C9,9,R9,R10,R12,R5,R5,R9
RESP_0074,C10,10,R10,R11,R13,R6,R6,R13
RESP_0074,C11,11,R11,R12,R1,R7,R1,R12
RESP_0074,C12,12,R12,R13,R2,R8,R12,R2
RESP_0074,C13,13,R13,R1,R3,R9,R1,R9
RESP_0075,C1,1,R1,R2,R4,R10,R10,R2
RESP_0075,C2,2,R2,R3,R5,R11,R2,R5
RESP_0075,C3,3,R3,R4,R6,R12,R4,R12
RESP_0075,C4,4,R4,R5,R7,R13,R7,R4
RESP_0075,C5,5,R5,R6,R8,R1,R8,R5
RESP_0075,C6,6,R6,R7,R9,R2,R2,R9
RESP_0075,C7,7,R7,R8,R10,R3,R8,R10
RESP_0075,C8,8,R8,R9,R11,R4,R8,R9
RESP_0075,C9,9,R9,R10,R12,R5,R10,R9
RESP_0075,C10,10,R10,R11,R13,R6,R6,R13
RESP_0075,C11,11,R11,R12,R1,R7,R1,R11
RESP_0075,C12,12,R12,R13,R2,R8,R8,R12
RESP_0075,C13,13,R13,R1,R3,R9,R1,R9
RESP_0076,C1,1,R1,R2,R4,R10,R1,R4
RESP_0076,C2,2,R2,R3,R5,R11,R11,R2
RESP_0076,C3,3,R3,R4,R6,R12,R12,R6
RESP_0076,C4,4,R4,R5,R7,R13,R4,R13
RESP_0076,C5,5,R5,R6,R8,R1,R1,R8
RESP_0076,C6,6,R6,R7,R9,R2,R2,R9
RESP_0076,C7,7,R7,R8,R10,R3,R3,R7
RESP_0076,C8,8,R8,R9,R11,R4,R8,R9
RESP_0076,C9,9,R9,R10,R12,R5,R5,R9
RESP_0076,C10,10,R10,R11,R13,R6,R13,R10
RESP_0076,C11,11,R11,R12,R1,R7,R7,R11
RESP_0076,C12,12,R12,R13,R2,R8,R12,R13
RESP_0076,C13,13,R13,R1,R3,R9,R13,R9
RESP_0077,C1,1,R1,R2,R4,R10,R2,R10
RESP_0077,C2,2,R2,R3,R5,R11,R3,R11
RESP_0077,C3,3,R3,R4,R6,R12,R3,R12
RESP_0077,C4,4,R4,R5,R7,R13,R7,R13
RESP_0077,C5,5,R5,R6,R8,R1,R8,R1
RESP_0077,C6,6,R6,R7,R9,R2,R2,R9
RESP_0077,C7,7,R7,R8,R10,R3,R3,R10
RESP_0077,C8,8,R8,R9,R11,R4,R9,R11
RESP_0077,C9,9,R9,R10,R12,R5,R5,R9
RESP_0077,C10,10,R10,R11,R13,R6,R6,R11
RESP_0077,C11,11,R11,R12,R1,R7,R1,R12
RESP_0077,C12,12,R12,R13,R2,R8,R2,R13
RESP_0077,C13,13,R13,R1,R3,R9,R9,R1
RESP_0078,C1,1,R1,R2,R4,R10,R1,R10
RESP_0078,C2,2,R2,R3,R5,R11,R2,R11
RESP_0078,C3,3,R3,R4,R6,R12,R4,R12
RESP_0078,C4,4,R4,R5,R7,R13,R7,R13
RESP_0078,C5,5,R5,R6,R8,R1,R6,R8
RESP_0078,C6,6,R6,R7,R9,R2,R9,R7
RESP_0078,C7,7,R7,R8,R10,R3,R3,R10
RESP_0078,C8,8,R8,R9,R11,R4,R8,R4
RESP_0078,C9,9,R9,R10,R12,R5,R10,R12
RESP_0078,C10,10,R10,R11,R13,R6,R13,R11
RESP_0078,C11,11,R11,R12,R1,R7,R1,R11
RESP_0078,C12,12,R12,R13,R2,R8,R13,R12
RESP_0078,C13,13,R13,R1,R3,R9,R1,R13
RESP_0079,C1,1,R1,R2,R4,R10,R1,R10
RESP_0079,C2,2,R2,R3,R5,R11,R2,R3
RESP_0079,C3,3,R3,R4,R6,R12,R6,R12
RESP_0079,C4,4,R4,R5,R7,R13,R5,R13
RESP_0079,C5,5,R5,R6,R8,R1,R5,R1
RESP_0079,C6,6,R6,R7,R9,R2,R2,R6
RESP_0079,C7,7,R7,R8,R10,R3,R10,R3
RESP_0079,C8,8,R8,R9,R11,R4,R8,R9
RESP_0079,C9,9,R9,R10,R12,R5,R5,R12
RESP_0079,C10,10,R10,R11,R13,R6,R6,R10
RESP_0079,C11,11,R11,R12,R1,R7,R12,R1
RESP_0079,C12,12,R12,R13,R2,R8,R8,R13
RESP_0079,C13,13,R13,R1,R3,R9,R9,R3
RESP_0080,C1,1,R1,R2,R4,R10,R2,R4
RESP_0080,C2,2,R2,R3,R5,R11,R2,R5
RESP_0080,C3,3,R3,R4,R6,R12,R6,R12
RESP_0080,C4,4,R4,R5,R7,R13,R5,R7
RESP_0080,C5,5,R5,R6,R8,R1,R1,R6
RESP_0080,C6,6,R6,R7,R9,R2,R2,R7
RESP_0080,C7,7,R7,R8,R10,R3,R10,R3
RESP_0080,C8,8,R8,R9,R11,R4,R8,R4
RESP_0080,C9,9,R9,R10,R12,R5,R12,R9
RESP_0080,C10,10,R10,R11,R13,R6,R13,R10
RESP_0080,C11,11,R11,R12,R1,R7,R1,R11
RESP_0080,C12,12,R12,R13,R2,R8,R8,R13
RESP_0080,C13,13,R13,R1,R3,R9,R1,R3
RESP_0081,C1,1,R1,R2,R4,R10,R1,R10
RESP_0081,C2,2,R2,R3,R5,R11,R11,R2
RESP_0081,C3,3,R3,R4,R6,R12,R12,R6
RESP_0081,C4,4,R4,R5,R7,R13,R5,R13
RESP_0081,C5,5,R5,R6,R8,R1,R5,R8
RESP_0081,C6,6,R6,R7,R9,R2,R2,R9
RESP_0081,C7,7,R7,R8,R10,R3,R3,R8
RESP_0081,C8,8,R8,R9,R11,R4,R11,R9
RESP_0081,C9,9,R9,R10,R12,R5,R10,R12
RESP_0081,C10,10,R10,R11,R13,R6,R6,R11
RESP_0081,C11,11,R11,R12,R1,R7,R7,R11
RESP_0081,C12,12,R12,R13,R2,R8,R12,R2
RESP_0081,C13,13,R13,R1,R3,R9,R1,R13
RESP_0082,C1,1,R1,R2,R4,R10,R1,R10
RESP_0082,C2,2,R2,R3,R5,R11,R5,R3
RESP_0082,C3,3,R3,R4,R6,R12,R12,R4
RESP_0082,C4,4,R4,R5,R7,R13,R5,R13
RESP_0082,C5,5,R5,R6,R8,R1,R6,R1
RESP_0082,C6,6,R6,R7,R9,R2,R7,R9
RESP_0082,C7,7,R7,R8,R10,R3,R8,R10
RESP_0082,C8,8,R8,R9,R11,R4,R8,R9
RESP_0082,C9,9,R9,R10,R12,R5,R5,R12
RESP_0082,C10,10,R10,R11,R13,R6,R10,R13
RESP_0082,C11,11,R11,R12,R1,R7,R12,R7
RESP_0082,C12,12,R12,R13,R2,R8,R2,R13
RESP_0082,C13,13,R13,R1,R3,R9,R1,R13
RESP_0083,C1,1,R1,R2,R4,R10,R10,R4
RESP_0083,C2,2,R2,R3,R5,R11,R3,R2
RESP_0083,C3,3,R3,R4,R6,R12,R4,R3
RESP_0083,C4,4,R4,R5,R7,R13,R13,R7
RESP_0083,C5,5,R5,R6,R8,R1,R5,R8
RESP_0083,C6,6,R6,R7,R9,R2,R7,R6
RESP_0083,C7,7,R7,R8,R10,R3,R8,R3
RESP_0083,C8,8,R8,R9,R11,R4,R8,R4
RESP_0083,C9,9,R9,R10,R12,R5,R12,R9
RESP_0083,C10,10,R10,R11,R13,R6,R11,R13
RESP_0083,C11,11,R11,R12,R1,R7,R12,R7
RESP_0083,C12,12,R12,R13,R2,R8,R12,R13
RESP_0083,C13,13,R13,R1,R3,R9,R9,R13
RESP_0084,C1,1,R1,R2,R4,R10,R4,R10
RESP_0084,C2,2,R2,R3,R5,R11,R3,R11
RESP_0084,C3,3,R3,R4,R6,R12,R6,R12
RESP_0084,C4,4,R4,R5,R7,R13,R4,R13
RESP_0084,C5,5,R5,R6,R8,R1,R6,R5
RESP_0084,C6,6,R6,R7,R9,R2,R6,R7
RESP_0084,C7,7,R7,R8,R10,R3,R3,R10
RESP_0084,C8,8,R8,R9,R11,R4,R4,R9
RESP_0084,C9,9,R9,R10,R12,R5,R10,R12
RESP_0084,C10,10,R10,R11,R13,R6,R10,R13
RESP_0084,C11,11,R11,R12,R1,R7,R1,R11
RESP_0084,C12,12,R12,R13,R2,R8,R2,R13
RESP_0084,C13,13,R13,R1,R3,R9,R1,R9
RESP_0085,C1,1,R1,R2,R4,R10,R2,R10
RESP_0085,C2,2,R2,R3,R5,R11,R2,R11
RESP_0085,C3,3,R3,R4,R6,R12,R6,R4
RESP_0085,C4,4,R4,R5,R7,R13,R5,R7
RESP_0085,C5,5,R5,R6,R8,R1,R5,R1
RESP_0085,C6,6,R6,R7,R9,R2,R6,R7
RESP_0085,C7,7,R7,R8,R10,R3,R3,R7
RESP_0085,C8,8,R8,R9,R11,R4,R9,R4
RESP_0085,C9,9,R9,R10,R12,R5,R5,R12
RESP_0085,C10,10,R10,R11,R13,R6,R13,R10
RESP_0085,C11,11,R11,R12,R1,R7,R1,R7
RESP_0085,C12,12,R12,R13,R2,R8,R2,R13
RESP_0085,C13,13,R13,R1,R3,R9,R9,R3
RESP_0086,C1,1,R1,R2,R4,R10,R2,R10
RESP_0086,C2,2,R2,R3,R5,R11,R5,R3
RESP_0086,C3,3,R3,R4,R6,R12,R4,R3
RESP_0086,C4,4,R4,R5,R7,R13,R5,R4
RESP_0086,C5,5,R5,R6,R8,R1,R5,R6
RESP_0086,C6,6,R6,R7,R9,R2,R6,R9
RESP_0086,C7,7,R7,R8,R10,R3,R8,R10
RESP_0086,C8,8,R8,R9,R11,R4,R8,R9
RESP_0086,C9,9,R9,R10,R12,R5,R12,R9
RESP_0086,C10,10,R10,R11,R13,R6,R13,R6
RESP_0086,C11,11,R11,R12,R1,R7,R1,R7
RESP_0086,C12,12,R12,R13,R2,R8,R12,R13
RESP_0086,C13,13,R13,R1,R3,R9,R1,R13
RESP_0087,C1,1,R1,R2,R4,R10,R4,R10
RESP_0087,C2,2,R2,R3,R5,R11,R3,R11
RESP_0087,C3,3,R3,R4,R6,R12,R6,R4
RESP_0087,C4,4,R4,R5,R7,R13,R5,R13
RESP_0087,C5,5,R5,R6,R8,R1,R8,R6
RESP_0087,C6,6,R6,R7,R9,R2,R7,R6
RESP_0087,C7,7,R7,R8,R10,R3,R3,R10
RESP_0087,C8,8,R8,R9,R11,R4,R8,R9
RESP_0087,C9,9,R9,R10,R12,R5,R5,R9
RESP_0087,C10,10,R10,R11,R13,R6,R11,R13
RESP_0087,C11,11,R11,R12,R1,R7,R1,R7
RESP_0087,C12,12,R12,R13,R2,R8,R8,R13
RESP_0087,C13,13,R13,R1,R3,R9,R3,R13
RESP_0088,C1,1,R1,R2,R4,R10,R4,R10
RESP_0088,C2,2,R2,R3,R5,R11,R3,R11
RESP_0088,C3,3,R3,R4,R6,R12,R4,R12
RESP_0088,C4,4,R4,R5,R7,R13,R7,R13
RESP_0088,C5,5,R5,R6,R8,R1,R8,R1
RESP_0088,C6,6,R6,R7,R9,R2,R6,R7
RESP_0088,C7,7,R7,R8,R10,R3,R8,R7
RESP_0088,C8,8,R8,R9,R11,R4,R4,R9
RESP_0088,C9,9,R9,R10,R12,R5,R5,R9
RESP_0088,C10,10,R10,R11,R13,R6,R6,R13
RESP_0088,C11,11,R11,R12,R1,R7,R7,R1
RESP_0088,C12,12,R12,R13,R2,R8,R12,R13
RESP_0088,C13,13,R13,R1,R3,R9,R1,R13
RESP_0089,C1,1,R1,R2,R4,R10,R1,R10
RESP_0089,C2,2,R2,R3,R5,R11,R2,R11
RESP_0089,C3,3,R3,R4,R6,R12,R6,R12
RESP_0089,C4,4,R4,R5,R7,R13,R7,R4
RESP_0089,C5,5,R5,R6,R8,R1,R1,R8
RESP_0089,C6,6,R6,R7,R9,R2,R2,R9
RESP_0089,C7,7,R7,R8,R10,R3,R7,R10
RESP_0089,C8,8,R8,R9,R11,R4,R11,R8
RESP_0089,C9,9,R9,R10,R12,R5,R5,R9
RESP_0089,C10,10,R10,R11,R13,R6,R13,R11
RESP_0089,C11,11,R11,R12,R1,R7,R1,R7
RESP_0089,C12,12,R12,R13,R2,R8,R13,R12
RESP_0089,C13,13,R13,R1,R3,R9,R3,R1
RESP_0090,C1,1,R1,R2,R4,R10,R1,R10
RESP_0090,C2,2,R2,R3,R5,R11,R5,R11
RESP_0090,C3,3,R3,R4,R6,R12,R12,R3
RESP_0090,C4,4,R4,R5,R7,R13,R13,R4
RESP_0090,C5,5,R5,R6,R8,R1,R6,R5
RESP_0090,C6,6,R6,R7,R9,R2,R6,R2
RESP_0090,C7,7,R7,R8,R10,R3,R7,R10
RESP_0090,C8,8,R8,R9,R11,R4,R4,R9
RESP_0090,C9,9,R9,R10,R12,R5,R10,R9
RESP_0090,C10,10,R10,R11,R13,R6,R6,R10
RESP_0090,C11,11,R11,R12,R1,R7,R7,R11
RESP_0090,C12,12,R12,R13,R2,R8,R8,R13
RESP_0090,C13,13,R13,R1,R3,R9,R3,R13
RESP_0091,C1,1,R1,R2,R4,R10,R1,R10
RESP_0091,C2,2,R2,R3,R5,R11,R2,R11
RESP_0091,C3,3,R3,R4,R6,R12,R3,R4
RESP_0091,C4,4,R4,R5,R7,R13,R5,R13
RESP_0091,C5,5,R5,R6,R8,R1,R5,R8
RESP_0091,C6,6,R6,R7,R9,R2,R2,R9
RESP_0091,C7,7,R7,R8,R10,R3,R3,R10
RESP_0091,C8,8,R8,R9,R11,R4,R11,R9
RESP_0091,C9,9,R9,R10,R12,R5,R5,R9
RESP_0091,C10,10,R10,R11,R13,R6,R6,R11
RESP_0091,C11,11,R11,R12,R1,R7,R12,R11
RESP_0091,C12,12,R12,R13,R2,R8,R12,R13
RESP_0091,C13,13,R13,R1,R3,R9,R3,R13
RESP_0092,C1,1,R1,R2,R4,R10,R1,R2
RESP_0092,C2,2,R2,R3,R5,R11,R2,R11
RESP_0092,C3,3,R3,R4,R6,R12,R3,R12
RESP_0092,C4,4,R4,R5,R7,R13,R4,R13
RESP_0092,C5,5,R5,R6,R8,R1,R8,R5
RESP_0092,C6,6,R6,R7,R9,R2,R9,R7
RESP_0092,C7,7,R7,R8,R10,R3,R7,R10
RESP_0092,C8,8,R8,R9,R11,R4,R8,R9
RESP_0092,C9,9,R9,R10,R12,R5,R9,R12
RESP_0092,C10,10,R10,R11,R13,R6,R6,R11
RESP_0092,C11,11,R11,R12,R1,R7,R12,R11
RESP_0092,C12,12,R12,R13,R2,R8,R8,R13
RESP_0092,C13,13,R13,R1,R3,R9,R3,R9
RESP_0093,C1,1,R1,R2,R4,R10,R2,R1
RESP_0093,C2,2,R2,R3,R5,R11,R3,R5
RESP_0093,C3,3,R3,R4,R6,R12,R6,R3
RESP_0093,C4,4,R4,R5,R7,R13,R5,R13
RESP_0093,C5,5,R5,R6,R8,R1,R6,R1
RESP_0093,C6,6,R6,R7,R9,R2,R9,R2
RESP_0093,C7,7,R7,R8,R10,R3,R10,R7
RESP_0093,C8,8,R8,R9,R11,R4,R8,R4
RESP_0093,C9,9,R9,R10,R12,R5,R9,R12
RESP_0093,C10,10,R10,R11,R13,R6,R13,R6
RESP_0093,C11,11,R11,R12,R1,R7,R11,R1
RESP_0093,C12,12,R12,R13,R2,R8,R8,R2
RESP_0093,C13,13,R13,R1,R3,R9,R3,R13
RESP_0094,C1,1,R1,R2,R4,R10,R2,R10
RESP_0094,C2,2,R2,R3,R5,R11,R2,R5
RESP_0094,C3,3,R3,R4,R6,R12,R6,R12
RESP_0094,C4,4,R4,R5,R7,R13,R7,R5
RESP_0094,C5,5,R5,R6,R8,R1,R5,R8
RESP_0094,C6,6,R6,R7,R9,R2,R6,R9
RESP_0094,C7,7,R7,R8,R10,R3,R7,R10
RESP_0094,C8,8,R8,R9,R11,R4,R8,R11
RESP_0094,C9,9,R9,R10,R12,R5,R5,R9
RESP_0094,C10,10,R10,R11,R13,R6,R11,R10
RESP_0094,C11,11,R11,R12,R1,R7,R1,R11
RESP_0094,C12,12,R12,R13,R2,R8,R2,R12
RESP_0094,C13,13,R13,R1,R3,R9,R1,R3
RESP_0095,C1,1,R1,R2,R4,R10,R10,R4
RESP_0095,C2,2,R2,R3,R5,R11,R3,R11
RESP_0095,C3,3,R3,R4,R6,R12,R4,R12
RESP_0095,C4,4,R4,R5,R7,R13,R4,R13
RESP_0095,C5,5,R5,R6,R8,R1,R5,R1
RESP_0095,C6,6,R6,R7,R9,R2,R2,R6
RESP_0095,C7,7,R7,R8,R10,R3,R10,R3
RESP_0095,C8,8,R8,R9,R11,R4,R4,R11
RESP_0095,C9,9,R9,R10,R12,R5,R10,R9
RESP_0095,C10,10,R10,R11,R13,R6,R6,R13
RESP_0095,C11,11,R11,R12,R1,R7,R1,R11
RESP_0095,C12,12,R12,R13,R2,R8,R2,R13
RESP_0095,C13,13,R13,R1,R3,R9,R9,R3
RESP_0096,C1,1,R1,R2,R4,R10,R10,R1
RESP_0096,C2,2,R2,R3,R5,R11,R3,R11
RESP_0096,C3,3,R3,R4,R6,R12,R3,R4
RESP_0096,C4,4,R4,R5,R7,R13,R5,R4
RESP_0096,C5,5,R5,R6,R8,R1,R8,R5
RESP_0096,C6,6,R6,R7,R9,R2,R2,R9
RESP_0096,C7,7,R7,R8,R10,R3,R3,R8
RESP_0096,C8,8,R8,R9,R11,R4,R11,R4
RESP_0096,C9,9,R9,R10,R12,R5,R12,R5
RESP_0096,C10,10,R10,R11,R13,R6,R6,R10
RESP_0096,C11,11,R11,R12,R1,R7,R1,R12
RESP_0096,C12,12,R12,R13,R2,R8,R13,R12
RESP_0096,C13,13,R13,R1,R3,R9,R3,R13
RESP_0097,C1,1,R1,R2,R4,R10,R4,R2
RESP_0097,C2,2,R2,R3,R5,R11,R5,R11
RESP_0097,C3,3,R3,R4,R6,R12,R12,R4
RESP_0097,C4,4,R4,R5,R7,R13,R5,R4
RESP_0097,C5,5,R5,R6,R8,R1,R1,R8
RESP_0097,C6,6,R6,R7,R9,R2,R7,R9
RESP_0097,C7,7,R7,R8,R10,R3,R8,R10
RESP_0097,C8,8,R8,R9,R11,R4,R11,R4
RESP_0097,C9,9,R9,R10,R12,R5,R12,R10
RESP_0097,C10,10,R10,R11,R13,R6,R11,R10
RESP_0097,C11,11,R11,R12,R1,R7,R12,R7
RESP_0097,C12,12,R12,R13,R2,R8,R12,R2
RESP_0097,C13,13,R13,R1,R3,R9,R13,R9
RESP_0098,C1,1,R1,R2,R4,R10,R1,R4
RESP_0098,C2,2,R2,R3,R5,R11,R3,R5
RESP_0098,C3,3,R3,R4,R6,R12,R12,R3
RESP_0098,C4,4,R4,R5,R7,R13,R7,R4
RESP_0098,C5,5,R5,R6,R8,R1,R5,R8
RESP_0098,C6,6,R6,R7,R9,R2,R6,R9
RESP_0098,C7,7,R7,R8,R10,R3,R3,R8
RESP_0098,C8,8,R8,R9,R11,R4,R11,R9
RESP_0098,C9,9,R9,R10,R12,R5,R5,R10
RESP_0098,C10,10,R10,R11,R13,R6,R6,R13
RESP_0098,C11,11,R11,R12,R1,R7,R7,R12
RESP_0098,C12,12,R12,R13,R2,R8,R2,R12
RESP_0098,C13,13,R13,R1,R3,R9,R1,R9
RESP_0099,C1,1,R1,R2,R4,R10,R2,R4
RESP_0099,C2,2,R2,R3,R5,R11,R5,R11
RESP_0099,C3,3,R3,R4,R6,R12,R3,R12
RESP_0099,C4,4,R4,R5,R7,R13,R5,R13
RESP_0099,C5,5,R5,R6,R8,R1,R6,R5
RESP_0099,C6,6,R6,R7,R9,R2,R2,R9
RESP_0099,C7,7,R7,R8,R10,R3,R8,R10
RESP_0099,C8,8,R8,R9,R11,R4,R8,R4
RESP_0099,C9,9,R9,R10,R12,R5,R5,R10
RESP_0099,C10,10,R10,R11,R13,R6,R6,R11
RESP_0099,C11,11,R11,R12,R1,R7,R11,R7
RESP_0099,C12,12,R12,R13,R2,R8,R8,R12
RESP_0099,C13,13,R13,R1,R3,R9,R3,R13
RESP_0100,C1,1,R1,R2,R4,R10,R4,R2
RESP_0100,C2,2,R2,R3,R5,R11,R11,R5
RESP_0100,C3,3,R3,R4,R6,R12,R3,R4
RESP_0100,C4,4,R4,R5,R7,R13,R7,R5
RESP_0100,C5,5,R5,R6,R8,R1,R8,R6
RESP_0100,C6,6,R6,R7,R9,R2,R6,R2
RESP_0100,C7,7,R7,R8,R10,R3,R10,R7
RESP_0100,C8,8,R8,R9,R11,R4,R11,R8
RESP_0100,C9,9,R9,R10,R12,R5,R10,R12
RESP_0100,C10,10,R10,R11,R13,R6,R10,R11
RESP_0100,C11,11,R11,R12,R1,R7,R12,R11
RESP_0100,C12,12,R12,R13,R2,R8,R8,R13
RESP_0100,C13,13,R13,R1,R3,R9,R9,R3
RESP_0101,C1,1,R1,R2,R4,R10,R4,R2
RESP_0101,C2,2,R2,R3,R5,R11,R3,R11
RESP_0101,C3,3,R3,R4,R6,R12,R3,R12
RESP_0101,C4,4,R4,R5,R7,R13,R7,R13
RESP_0101,C5,5,R5,R6,R8,R1,R8,R5
RESP_0101,C6,6,R6,R7,R9,R2,R6,R7
RESP_0101,C7,7,R7,R8,R10,R3,R7,R8
RESP_0101,C8,8,R8,R9,R11,R4,R11,R9
RESP_0101,C9,9,R9,R10,R12,R5,R5,R10
RESP_0101,C10,10,R10,R11,R13,R6,R11,R13
RESP_0101,C11,11,R11,R12,R1,R7,R1,R11
RESP_0101,C12,12,R12,R13,R2,R8,R2,R13
RESP_0101,C13,13,R13,R1,R3,R9,R1,R9
RESP_0102,C1,1,R1,R2,R4,R10,R1,R4
RESP_0102,C2,2,R2,R3,R5,R11,R5,R11
RESP_0102,C3,3,R3,R4,R6,R12,R6,R3
RESP_0102,C4,4,R4,R5,R7,R13,R4,R7
RESP_0102,C5,5,R5,R6,R8,R1,R1,R6
RESP_0102,C6,6,R6,R7,R9,R2,R6,R2
RESP_0102,C7,7,R7,R8,R10,R3,R8,R3
RESP_0102,C8,8,R8,R9,R11,R4,R8,R11
RESP_0102,C9,9,R9,R10,R12,R5,R5,R10
RESP_0102,C10,10,R10,R11,R13,R6,R6,R13
RESP_0102,C11,11,R11,R12,R1,R7,R1,R11
RESP_0102,C12,12,R12,R13,R2,R8,R12,R13
RESP_0102,C13,13,R13,R1,R3,R9,R1,R9
RESP_0103,C1,1,R1,R2,R4,R10,R10,R2
RESP_0103,C2,2,R2,R3,R5,R11,R5,R11
RESP_0103,C3,3,R3,R4,R6,R12,R3,R12
RESP_0103,C4,4,R4,R5,R7,R13,R5,R4
RESP_0103,C5,5,R5,R6,R8,R1,R1,R5
RESP_0103,C6,6,R6,R7,R9,R2,R2,R6
RESP_0103,C7,7,R7,R8,R10,R3,R7,R10
RESP_0103,C8,8,R8,R9,R11,R4,R8,R9
RESP_0103,C9,9,R9,R10,R12,R5,R12,R9
RESP_0103,C10,10,R10,R11,R13,R6,R13,R10
RESP_0103,C11,11,R11,R12,R1,R7,R12,R7
RESP_0103,C12,12,R12,R13,R2,R8,R2,R13
RESP_0103,C13,13,R13,R1,R3,R9,R3,R9
RESP_0104,C1,1,R1,R2,R4,R10,R2,R4
RESP_0104,C2,2,R2,R3,R5,R11,R11,R5
RESP_0104,C3,3,R3,R4,R6,R12,R3,R4
RESP_0104,C4,4,R4,R5,R7,R13,R7,R4
RESP_0104,C5,5,R5,R6,R8,R1,R5,R6
RESP_0104,C6,6,R6,R7,R9,R2,R2,R9
RESP_0104,C7,7,R7,R8,R10,R3,R3,R10
RESP_0104,C8,8,R8,R9,R11,R4,R4,R9
RESP_0104,C9,9,R9,R10,R12,R5,R12,R10
RESP_0104,C10,10,R10,R11,R13,R6,R11,R13
RESP_0104,C11,11,R11,R12,R1,R7,R12,R7
RESP_0104,C12,12,R12,R13,R2,R8,R2,R13
RESP_0104,C13,13,R13,R1,R3,R9,R9,R13
RESP_0105,C1,1,R1,R2,R4,R10,R4,R10
RESP_0105,C2,2,R2,R3,R5,R11,R5,R2
RESP_0105,C3,3,R3,R4,R6,R12,R12,R4
RESP_0105,C4,4,R4,R5,R7,R13,R4,R5
RESP_0105,C5,5,R5,R6,R8,R1,R8,R1
RESP_0105,C6,6,R6,R7,R9,R2,R6,R9
RESP_0105,C7,7,R7,R8,R10,R3,R3,R10
RESP_0105,C8,8,R8,R9,R11,R4,R8,R11
RESP_0105,C9,9,R9,R10,R12,R5,R9,R12
RESP_0105,C10,10,R10,R11,R13,R6,R6,R11
RESP_0105,C11,11,R11,R12,R1,R7,R1,R12
RESP_0105,C12,12,R12,R13,R2,R8,R8,R13
RESP_0105,C13,13,R13,R1,R3,R9,R1,R13
RESP_0106,C1,1,R1,R2,R4,R10,R1,R10
RESP_0106,C2,2,R2,R3,R5,R11,R3,R11
RESP_0106,C3,3,R3,R4,R6,R12,R6,R12
RESP_0106,C4,4,R4,R5,R7,R13,R5,R13
RESP_0106,C5,5,R5,R6,R8,R1,R6,R5
RESP_0106,C6,6,R6,R7,R9,R2,R2,R9
RESP_0106,C7,7,R7,R8,R10,R3,R7,R8
RESP_0106,C8,8,R8,R9,R11,R4,R8,R9
RESP_0106,C9,9,R9,R10,R12,R5,R5,R12
RESP_0106,C10,10,R10,R11,R13,R6,R6,R13
RESP_0106,C11,11,R11,R12,R1,R7,R1,R12
RESP_0106,C12,12,R12,R13,R2,R8,R8,R12
RESP_0106,C13,13,R13,R1,R3,R9,R3,R9
RESP_0107,C1,1,R1,R2,R4,R10,R2,R4
RESP_0107,C2,2,R2,R3,R5,R11,R5,R2
RESP_0107,C3,3,R3,R4,R6,R12,R4,R3
RESP_0107,C4,4,R4,R5,R7,R13,R5,R13
RESP_0107,C5,5,R5,R6,R8,R1,R5,R1
RESP_0107,C6,6,R6,R7,R9,R2,R2,R7
RESP_0107,C7,7,R7,R8,R10,R3,R8,R10
RESP_0107,C8,8,R8,R9,R11,R4,R11,R4
RESP_0107,C9,9,R9,R10,R12,R5,R10,R12
RESP_0107,C10,10,R10,R11,R13,R6,R13,R11
RESP_0107,C11,11,R11,R12,R1,R7,R7,R1
RESP_0107,C12,12,R12,R13,R2,R8,R2,R13
RESP_0107,C13,13,R13,R1,R3,R9,R1,R9
RESP_0108,C1,1,R1,R2,R4,R10,R4,R10
RESP_0108,C2,2,R2,R3,R5,R11,R5,R11
RESP_0108,C3,3,R3,R4,R6,R12,R12,R4
RESP_0108,C4,4,R4,R5,R7,R13,R5,R13
RESP_0108,C5,5,R5,R6,R8,R1,R6,R5
RESP_0108,C6,6,R6,R7,R9,R2,R6,R9
RESP_0108,C7,7,R7,R8,R10,R3,R3,R10
RESP_0108,C8,8,R8,R9,R11,R4,R8,R9
RESP_0108,C9,9,R9,R10,R12,R5,R10,R9
RESP_0108,C10,10,R10,R11,R13,R6,R10,R13
RESP_0108,C11,11,R11,R12,R1,R7,R11,R7
RESP_0108,C12,12,R12,R13,R2,R8,R12,R13
RESP_0108,C13,13,R13,R1,R3,R9,R9,R13
RESP_0109,C1,1,R1,R2,R4,R10,R2,R4
RESP_0109,C2,2,R2,R3,R5,R11,R2,R11
RESP_0109,C3,3,R3,R4,R6,R12,R6,R12
RESP_0109,C4,4,R4,R5,R7,R13,R5,R13
RESP_0109,C5,5,R5,R6,R8,R1,R1,R8
RESP_0109,C6,6,R6,R7,R9,R2,R9,R2
RESP_0109,C7,7,R7,R8,R10,R3,R3,R10
RESP_0109,C8,8,R8,R9,R11,R4,R4,R11
RESP_0109,C9,9,R9,R10,R12,R5,R5,R12
RESP_0109,C10,10,R10,R11,R13,R6,R6,R13
RESP_0109,C11,11,R11,R12,R1,R7,R7,R11
RESP_0109,C12,12,R12,R13,R2,R8,R2,R12
RESP_0109,C13,13,R13,R1,R3,R9,R13,R9
RESP_0110,C1,1,R1,R2,R4,R10,R1,R2
RESP_0110,C2,2,R2,R3,R5,R11,R5,R11
RESP_0110,C3,3,R3,R4,R6,R12,R3,R4
RESP_0110,C4,4,R4,R5,R7,R13,R5,R13
RESP_0110,C5,5,R5,R6,R8,R1,R6,R5
RESP_0110,C6,6,R6,R7,R9,R2,R2,R7
RESP_0110,C7,7,R7,R8,R10,R3,R7,R10
RESP_0110,C8,8,R8,R9,R11,R4,R9,R8
RESP_0110,C9,9,R9,R10,R12,R5,R12,R10
RESP_0110,C10,10,R10,R11,R13,R6,R6,R11
RESP_0110,C11,11,R11,R12,R1,R7,R1,R11
RESP_0110,C12,12,R12,R13,R2,R8,R2,R13
RESP_0110,C13,13,R13,R1,R3,R9,R3,R13
RESP_0111,C1,1,R1,R2,R4,R10,R2,R4
RESP_0111,C2,2,R2,R3,R5,R11,R3,R5
RESP_0111,C3,3,R3,R4,R6,R12,R6,R4
RESP_0111,C4,4,R4,R5,R7,R13,R4,R7
RESP_0111,C5,5,R5,R6,R8,R1,R1,R6
RESP_0111,C6,6,R6,R7,R9,R2,R2,R9
RESP_0111,C7,7,R7,R8,R10,R3,R8,R10
RESP_0111,C8,8,R8,R9,R11,R4,R11,R4
RESP_0111,C9,9,R9,R10,R12,R5,R10,R5
RESP_0111,C10,10,R10,R11,R13,R6,R6,R11
RESP_0111,C11,11,R11,R12,R1,R7,R1,R7
RESP_0111,C12,12,R12,R13,R2,R8,R12,R8
RESP_0111,C13,13,R13,R1,R3,R9,R13,R9
RESP_0112,C1,1,R1,R2,R4,R10,R4,R10
RESP_0112,C2,2,R2,R3,R5,R11,R2,R11
RESP_0112,C3,3,R3,R4,R6,R12,R4,R12
RESP_0112,C4,4,R4,R5,R7,R13,R4,R7
RESP_0112,C5,5,R5,R6,R8,R1,R8,R6
RESP_0112,C6,6,R6,R7,R9,R2,R6,R2
RESP_0112,C7,7,R7,R8,R10,R3,R10,R8
RESP_0112,C8,8,R8,R9,R11,R4,R9,R8
RESP_0112,C9,9,R9,R10,R12,R5,R5,R10
RESP_0112,C10,10,R10,R11,R13,R6,R6,R11
RESP_0112,C11,11,R11,R12,R1,R7,R7,R11
RESP_0112,C12,12,R12,R13,R2,R8,R13,R2
RESP_0112,C13,13,R13,R1,R3,R9,R3,R9
RESP_0113,C1,1,R1,R2,R4,R10,R10,R4
RESP_0113,C2,2,R2,R3,R5,R11,R3,R2
RESP_0113,C3,3,R3,R4,R6,R12,R3,R4
RESP_0113,C4,4,R4,R5,R7,R13,R5,R4
RESP_0113,C5,5,R5,R6,R8,R1,R1,R8
RESP_0113,C6,6,R6,R7,R9,R2,R7,R9
RESP_0113,C7,7,R7,R8,R10,R3,R8,R10
RESP_0113,C8,8,R8,R9,R11,R4,R11,R9
RESP_0113,C9,9,R9,R10,R12,R5,R9,R10
RESP_0113,C10,10,R10,R11,R13,R6,R6,R11
RESP_0113,C11,11,R11,R12,R1,R7,R7,R12
RESP_0113,C12,12,R12,R13,R2,R8,R2,R13
RESP_0113,C13,13,R13,R1,R3,R9,R1,R13
RESP_0114,C1,1,R1,R2,R4,R10,R1,R10
RESP_0114,C2,2,R2,R3,R5,R11,R5,R11
RESP_0114,C3,3,R3,R4,R6,R12,R3,R12
RESP_0114,C4,4,R4,R5,R7,R13,R4,R7
RESP_0114,C5,5,R5,R6,R8,R1,R1,R5
RESP_0114,C6,6,R6,R7,R9,R2,R6,R9
RESP_0114,C7,7,R7,R8,R10,R3,R8,R7
RESP_0114,C8,8,R8,R9,R11,R4,R11,R9
RESP_0114,C9,9,R9,R10,R12,R5,R5,R12
RESP_0114,C10,10,R10,R11,R13,R6,R13,R11
RESP_0114,C11,11,R11,R12,R1,R7,R1,R11
RESP_0114,C12,12,R12,R13,R2,R8,R2,R13
RESP_0114,C13,13,R13,R1,R3,R9,R9,R13
RESP_0115,C1,1,R1,R2,R4,R10,R4,R10
RESP_0115,C2,2,R2,R3,R5,R11,R2,R5
RESP_0115,C3,3,R3,R4,R6,R12,R12,R4
RESP_0115,C4,4,R4,R5,R7,R13,R5,R4
RESP_0115,C5,5,R5,R6,R8,R1,R1,R8
RESP_0115,C6,6,R6,R7,R9,R2,R7,R9
RESP_0115,C7,7,R7,R8,R10,R3,R3,R10
RESP_0115,C8,8,R8,R9,R11,R4,R4,R11
RESP_0115,C9,9,R9,R10,R12,R5,R5,R9
RESP_0115,C10,10,R10,R11,R13,R6,R6,R10
RESP_0115,C11,11,R11,R12,R1,R7,R1,R11
RESP_0115,C12,12,R12,R13,R2,R8,R2,R8
RESP_0115,C13,13,R13,R1,R3,R9,R1,R13
RESP_0116,C1,1,R1,R2,R4,R10,R1,R10
RESP_0116,C2,2,R2,R3,R5,R11,R3,R2
RESP_0116,C3,3,R3,R4,R6,R12,R6,R4
RESP_0116,C4,4,R4,R5,R7,R13,R5,R4
RESP_0116,C5,5,R5,R6,R8,R1,R1,R5
RESP_0116,C6,6,R6,R7,R9,R2,R6,R2
RESP_0116,C7,7,R7,R8,R10,R3,R3,R8
RESP_0116,C8,8,R8,R9,R11,R4,R8,R9
RESP_0116,C9,9,R9,R10,R12,R5,R9,R12
RESP_0116,C10,10,R10,R11,R13,R6,R10,R13
RESP_0116,C11,11,R11,R12,R1,R7,R12,R1
RESP_0116,C12,12,R12,R13,R2,R8,R8,R2
RESP_0116,C13,13,R13,R1,R3,R9,R3,R9
RESP_0117,C1,1,R1,R2,R4,R10,R10,R4
RESP_0117,C2,2,R2,R3,R5,R11,R3,R11
RESP_0117,C3,3,R3,R4,R6,R12,R6,R3
RESP_0117,C4,4,R4,R5,R7,R13,R4,R13
RESP_0117,C5,5,R5,R6,R8,R1,R6,R8
RESP_0117,C6,6,R6,R7,R9,R2,R9,R2
RESP_0117,C7,7,R7,R8,R10,R3,R10,R7
RESP_0117,C8,8,R8,R9,R11,R4,R11,R4
RESP_0117,C9,9,R9,R10,R12,R5,R9,R10
RESP_0117,C10,10,R10,R11,R13,R6,R11,R13
RESP_0117,C11,11,R11,R12,R1,R7,R12,R11
RESP_0117,C12,12,R12,R13,R2,R8,R2,R13
RESP_0117,C13,13,R13,R1,R3,R9,R9,R1
RESP_0118,C1,1,R1,R2,R4,R10,R4,R10
RESP_0118,C2,2,R2,R3,R5,R11,R3,R11
RESP_0118,C3,3,R3,R4,R6,R12,R6,R12
RESP_0118,C4,4,R4,R5,R7,R13,R13,R4
RESP_0118,C5,5,R5,R6,R8,R1,R5,R8
RESP_0118,C6,6,R6,R7,R9,R2,R2,R9
RESP_0118,C7,7,R7,R8,R10,R3,R8,R7
RESP_0118,C8,8,R8,R9,R11,R4,R8,R9
RESP_0118,C9,9,R9,R10,R12,R5,R5,R10
RESP_0118,C10,10,R10,R11,R13,R6,R6,R11
RESP_0118,C11,11,R11,R12,R1,R7,R7,R11
RESP_0118,C12,12,R12,R13,R2,R8,R2,R13
RESP_0118,C13,13,R13,R1,R3,R9,R9,R3
RESP_0119,C1,1,R1,R2,R4,R10,R10,R1
RESP_0119,C2,2,R2,R3,R5,R11,R2,R11
RESP_0119,C3,3,R3,R4,R6,R12,R6,R4
RESP_0119,C4,4,R4,R5,R7,R13,R5,R4
RESP_0119,C5,5,R5,R6,R8,R1,R8,R6
RESP_0119,C6,6,R6,R7,R9,R2,R6,R7
RESP_0119,C7,7,R7,R8,R10,R3,R8,R3
RESP_0119,C8,8,R8,R9,R11,R4,R8,R4
RESP_0119,C9,9,R9,R10,R12,R5,R5,R9
RESP_0119,C10,10,R10,R11,R13,R6,R11,R13
RESP_0119,C11,11,R11,R12,R1,R7,R12,R7
RESP_0119,C12,12,R12,R13,R2,R8,R13,R8
RESP_0119,C13,13,R13,R1,R3,R9,R1,R3
RESP_0120,C1,1,R1,R2,R4,R10,R4,R2
RESP_0120,C2,2,R2,R3,R5,R11,R11,R3
RESP_0120,C3,3,R3,R4,R6,R12,R3,R12
RESP_0120,C4,4,R4,R5,R7,R13,R7,R13
RESP_0120,C5,5,R5,R6,R8,R1,R5,R8
RESP_0120,C6,6,R6,R7,R9,R2,R2,R7
RESP_0120,C7,7,R7,R8,R10,R3,R8,R10
RESP_0120,C8,8,R8,R9,R11,R4,R4,R9
RESP_0120,C9,9,R9,R10,R12,R5,R5,R12
RESP_0120,C10,10,R10,R11,R13,R6,R6,R13
RESP_0120,C11,11,R11,R12,R1,R7,R1,R11
RESP_0120,C12,12,R12,R13,R2,R8,R8,R12
RESP_0120,C13,13,R13,R1,R3,R9,R1,R9
RESP_0121,C1,1,R1,R2,R4,R10,R2,R10
RESP_0121,C2,2,R2,R3,R5,R11,R11,R3
RESP_0121,C3,3,R3,R4,R6,R12,R12,R3
RESP_0121,C4,4,R4,R5,R7,R13,R5,R4
RESP_0121,C5,5,R5,R6,R8,R1,R6,R8
RESP_0121,C6,6,R6,R7,R9,R2,R7,R2
RESP_0121,C7,7,R7,R8,R10,R3,R8,R10
RESP_0121,C8,8,R8,R9,R11,R4,R11,R9
RESP_0121,C9,9,R9,R10,R12,R5,R10,R5
RESP_0121,C10,10,R10,R11,R13,R6,R6,R10
RESP_0121,C11,11,R11,R12,R1,R7,R1,R7
RESP_0121,C12,12,R12,R13,R2,R8,R8,R13
RESP_0121,C13,13,R13,R1,R3,R9,R1,R9
RESP_0122,C1,1,R1,R2,R4,R10,R2,R4
RESP_0122,C2,2,R2,R3,R5,R11,R3,R11
RESP_0122,C3,3,R3,R4,R6,R12,R4,R6
RESP_0122,C4,4,R4,R5,R7,R13,R5,R4
RESP_0122,C5,5,R5,R6,R8,R1,R8,R1
RESP_0122,C6,6,R6,R7,R9,R2,R2,R6
RESP_0122,C7,7,R7,R8,R10,R3,R8,R7
RESP_0122,C8,8,R8,R9,R11,R4,R4,R9
RESP_0122,C9,9,R9,R10,R12,R5,R10,R9
RESP_0122,C10,10,R10,R11,R13,R6,R6,R10
RESP_0122,C11,11,R11,R12,R1,R7,R7,R1
RESP_0122,C12,12,R12,R13,R2,R8,R8,R2
RESP_0122,C13,13,R13,R1,R3,R9,R1,R9
RESP_0123,C1,1,R1,R2,R4,R10,R4,R10
RESP_0123,C2,2,R2,R3,R5,R11,R2,R11
RESP_0123,C3,3,R3,R4,R6,R12,R4,R12
RESP_0123,C4,4,R4,R5,R7,R13,R5,R13
RESP_0123,C5,5,R5,R6,R8,R1,R5,R6
RESP_0123,C6,6,R6,R7,R9,R2,R2,R9
RESP_0123,C7,7,R7,R8,R10,R3,R7,R8
RESP_0123,C8,8,R8,R9,R11,R4,R8,R11
RESP_0123,C9,9,R9,R10,R12,R5,R5,R12
RESP_0123,C10,10,R10,R11,R13,R6,R6,R10
RESP_0123,C11,11,R11,R12,R1,R7,R1,R12
RESP_0123,C12,12,R12,R13,R2,R8,R2,R12
RESP_0123,C13,13,R13,R1,R3,R9,R1,R13
RESP_0124,C1,1,R1,R2,R4,R10,R1,R4
RESP_0124,C2,2,R2,R3,R5,R11,R5,R3
RESP_0124,C3,3,R3,R4,R6,R12,R6,R12
RESP_0124,C4,4,R4,R5,R7,R13,R5,R13
RESP_0124,C5,5,R5,R6,R8,R1,R5,R8
RESP_0124,C6,6,R6,R7,R9,R2,R6,R7
RESP_0124,C7,7,R7,R8,R10,R3,R10,R3
RESP_0124,C8,8,R8,R9,R11,R4,R8,R11
RESP_0124,C9,9,R9,R10,R12,R5,R5,R9
RESP_0124,C10,10,R10,R11,R13,R6,R11,R10
RESP_0124,C11,11,R11,R12,R1,R7,R12,R11
RESP_0124,C12,12,R12,R13,R2,R8,R2,R12
RESP_0124,C13,13,R13,R1,R3,R9,R1,R3
RESP_0125,C1,1,R1,R2,R4,R10,R1,R4
RESP_0125,C2,2,R2,R3,R5,R11,R3,R11
RESP_0125,C3,3,R3,R4,R6,R12,R6,R12
RESP_0125,C4,4,R4,R5,R7,R13,R4,R13
RESP_0125,C5,5,R5,R6,R8,R1,R6,R5
RESP_0125,C6,6,R6,R7,R9,R2,R2,R7
RESP_0125,C7,7,R7,R8,R10,R3,R3,R8
RESP_0125,C8,8,R8,R9,R11,R4,R4,R9
RESP_0125,C9,9,R9,R10,R12,R5,R10,R9
RESP_0125,C10,10,R10,R11,R13,R6,R6,R11
RESP_0125,C11,11,R11,R12,R1,R7,R11,R7
RESP_0125,C12,12,R12,R13,R2,R8,R2,R13
RESP_0125,C13,13,R13,R1,R3,R9,R3,R13
RESP_0126,C1,1,R1,R2,R4,R10,R1,R10
RESP_0126,C2,2,R2,R3,R5,R11,R5,R11
RESP_0126,C3,3,R3,R4,R6,R12,R6,R12
RESP_0126,C4,4,R4,R5,R7,R13,R5,R13
RESP_0126,C5,5,R5,R6,R8,R1,R5,R1
RESP_0126,C6,6,R6,R7,R9,R2,R2,R7
RESP_0126,C7,7,R7,R8,R10,R3,R3,R10
RESP_0126,C8,8,R8,R9,R11,R4,R8,R11
RESP_0126,C9,9,R9,R10,R12,R5,R5,R10
RESP_0126,C10,10,R10,R11,R13,R6,R6,R11
RESP_0126,C11,11,R11,R12,R1,R7,R11,R7
RESP_0126,C12,12,R12,R13,R2,R8,R2,R12
RESP_0126,C13,13,R13,R1,R3,R9,R9,R3
RESP_0127,C1,1,R1,R2,R4,R10,R10,R4
RESP_0127,C2,2,R2,R3,R5,R11,R3,R11
RESP_0127,C3,3,R3,R4,R6,R12,R6,R3
RESP_0127,C4,4,R4,R5,R7,R13,R4,R13
RESP_0127,C5,5,R5,R6,R8,R1,R8,R1
RESP_0127,C6,6,R6,R7,R9,R2,R6,R9
RESP_0127,C7,7,R7,R8,R10,R3,R3,R10
RESP_0127,C8,8,R8,R9,R11,R4,R11,R4
RESP_0127,C9,9,R9,R10,R12,R5,R5,R10
RESP_0127,C10,10,R10,R11,R13,R6,R10,R11
RESP_0127,C11,11,R11,R12,R1,R7,R1,R7
RESP_0127,C12,12,R12,R13,R2,R8,R2,R12
RESP_0127,C13,13,R13,R1,R3,R9,R1,R13
RESP_0128,C1,1,R1,R2,R4,R10,R1,R10
RESP_0128,C2,2,R2,R3,R5,R11,R5,R11
RESP_0128,C3,3,R3,R4,R6,R12,R4,R12
RESP_0128,C4,4,R4,R5,R7,R13,R7,R13
RESP_0128,C5,5,R5,R6,R8,R1,R8,R1
RESP_0128,C6,6,R6,R7,R9,R2,R6,R9
RESP_0128,C7,7,R7,R8,R10,R3,R8,R3
RESP_0128,C8,8,R8,R9,R11,R4,R8,R11
RESP_0128,C9,9,R9,R10,R12,R5,R12,R10
RESP_0128,C10,10,R10,R11,R13,R6,R6,R10
RESP_0128,C11,11,R11,R12,R1,R7,R7,R12
RESP_0128,C12,12,R12,R13,R2,R8,R8,R12
RESP_0128,C13,13,R13,R1,R3,R9,R9,R13
RESP_0129,C1,1,R1,R2,R4,R10,R1,R10
RESP_0129,C2,2,R2,R3,R5,R11,R5,R11
RESP_0129,C3,3,R3,R4,R6,R12,R6,R12
RESP_0129,C4,4,R4,R5,R7,R13,R5,R4
RESP_0129,C5,5,R5,R6,R8,R1,R5,R8
RESP_0129,C6,6,R6,R7,R9,R2,R2,R9
RESP_0129,C7,7,R7,R8,R10,R3,R7,R10
RESP_0129,C8,8,R8,R9,R11,R4,R8,R11
RESP_0129,C9,9,R9,R10,R12,R5,R5,R12
RESP_0129,C10,10,R10,R11,R13,R6,R10,R13
RESP_0129,C11,11,R11,R12,R1,R7,R1,R12
RESP_0129,C12,12,R12,R13,R2,R8,R13,R8
RESP_0129,C13,13,R13,R1,R3,R9,R13,R9
RESP_0130,C1,1,R1,R2,R4,R10,R1,R10
RESP_0130,C2,2,R2,R3,R5,R11,R3,R5
RESP_0130,C3,3,R3,R4,R6,R12,R4,R12
RESP_0130,C4,4,R4,R5,R7,R13,R13,R5
RESP_0130,C5,5,R5,R6,R8,R1,R5,R6
RESP_0130,C6,6,R6,R7,R9,R2,R9,R7
RESP_0130,C7,7,R7,R8,R10,R3,R8,R10
RESP_0130,C8,8,R8,R9,R11,R4,R9,R11
RESP_0130,C9,9,R9,R10,R12,R5,R5,R10
RESP_0130,C10,10,R10,R11,R13,R6,R6,R11
RESP_0130,C11,11,R11,R12,R1,R7,R1,R12
RESP_0130,C12,12,R12,R13,R2,R8,R8,R13
RESP_0130,C13,13,R13,R1,R3,R9,R1,R9
RESP_0131,C1,1,R1,R2,R4,R10,R2,R10
RESP_0131,C2,2,R2,R3,R5,R11,R11,R3
RESP_0131,C3,3,R3,R4,R6,R12,R12,R4
RESP_0131,C4,4,R4,R5,R7,R13,R4,R7
RESP_0131,C5,5,R5,R6,R8,R1,R1,R6
RESP_0131,C6,6,R6,R7,R9,R2,R7,R9
RESP_0131,C7,7,R7,R8,R10,R3,R8,R7
RESP_0131,C8,8,R8,R9,R11,R4,R8,R11
RESP_0131,C9,9,R9,R10,R12,R5,R5,R12
RESP_0131,C10,10,R10,R11,R13,R6,R6,R13
RESP_0131,C11,11,R11,R12,R1,R7,R7,R11
RESP_0131,C12,12,R12,R13,R2,R8,R2,R8
RESP_0131,C13,13,R13,R1,R3,R9,R1,R13
RESP_0132,C1,1,R1,R2,R4,R10,R2,R10
RESP_0132,C2,2,R2,R3,R5,R11,R5,R2
RESP_0132,C3,3,R3,R4,R6,R12,R4,R6
RESP_0132,C4,4,R4,R5,R7,R13,R5,R13
RESP_0132,C5,5,R5,R6,R8,R1,R1,R5
RESP_0132,C6,6,R6,R7,R9,R2,R6,R9
RESP_0132,C7,7,R7,R8,R10,R3,R8,R10
RESP_0132,C8,8,R8,R9,R11,R4,R9,R4
RESP_0132,C9,9,R9,R10,R12,R5,R12,R9
RESP_0132,C10,10,R10,R11,R13,R6,R10,R11
RESP_0132,C11,11,R11,R12,R1,R7,R7,R11
RESP_0132,C12,12,R12,R13,R2,R8,R12,R2
RESP_0132,C13,13,R13,R1,R3,R9,R9,R1
RESP_0133,C1,1,R1,R2,R4,R10,R10,R4
RESP_0133,C2,2,R2,R3,R5,R11,R3,R2
RESP_0133,C3,3,R3,R4,R6,R12,R4,R12
RESP_0133,C4,4,R4,R5,R7,R13,R7,R4
RESP_0133,C5,5,R5,R6,R8,R1,R5,R1
RESP_0133,C6,6,R6,R7,R9,R2,R6,R7
RESP_0133,C7,7,R7,R8,R10,R3,R3,R7
RESP_0133,C8,8,R8,R9,R11,R4,R8,R9
RESP_0133,C9,9,R9,R10,R12,R5,R10,R9
RESP_0133,C10,10,R10,R11,R13,R6,R11,R13
RESP_0133,C11,11,R11,R12,R1,R7,R1,R11
RESP_0133,C12,12,R12,R13,R2,R8,R12,R13
RESP_0133,C13,13,R13,R1,R3,R9,R3,R9
RESP_0134,C1,1,R1,R2,R4,R10,R4,R1
RESP_0134,C2,2,R2,R3,R5,R11,R5,R11
RESP_0134,C3,3,R3,R4,R6,R12,R6,R12
RESP_0134,C4,4,R4,R5,R7,R13,R7,R4
RESP_0134,C5,5,R5,R6,R8,R1,R5,R6
RESP_0134,C6,6,R6,R7,R9,R2,R2,R6
RESP_0134,C7,7,R7,R8,R10,R3,R3,R10
RESP_0134,C8,8,R8,R9,R11,R4,R11,R9
RESP_0134,C9,9,R9,R10,R12,R5,R10,R5
RESP_0134,C10,10,R10,R11,R13,R6,R6,R10
RESP_0134,C11,11,R11,R12,R1,R7,R7,R12
RESP_0134,C12,12,R12,R13,R2,R8,R2,R12
RESP_0134,C13,13,R13,R1,R3,R9,R1,R13
RESP_0135,C1,1,R1,R2,R4,R10,R2,R10
RESP_0135,C2,2,R2,R3,R5,R11,R2,R11
RESP_0135,C3,3,R3,R4,R6,R12,R4,R12
RESP_0135,C4,4,R4,R5,R7,R13,R5,R7
RESP_0135,C5,5,R5,R6,R8,R1,R6,R5
RESP_0135,C6,6,R6,R7,R9,R2,R6,R7
RESP_0135,C7,7,R7,R8,R10,R3,R8,R7
RESP_0135,C8,8,R8,R9,R11,R4,R9,R4
RESP_0135,C9,9,R9,R10,R12,R5,R12,R10
RESP_0135,C10,10,R10,R11,R13,R6,R11,R6
RESP_0135,C11,11,R11,R12,R1,R7,R11,R7
RESP_0135,C12,12,R12,R13,R2,R8,R2,R13
RESP_0135,C13,13,R13,R1,R3,R9,R1,R13
RESP_0136,C1,1,R1,R2,R4,R10,R1,R10
RESP_0136,C2,2,R2,R3,R5,R11,R5,R3
RESP_0136,C3,3,R3,R4,R6,R12,R6,R4
RESP_0136,C4,4,R4,R5,R7,R13,R5,R4
RESP_0136,C5,5,R5,R6,R8,R1,R6,R8
RESP_0136,C6,6,R6,R7,R9,R2,R2,R7
RESP_0136,C7,7,R7,R8,R10,R3,R8,R7
RESP_0136,C8,8,R8,R9,R11,R4,R11,R9
RESP_0136,C9,9,R9,R10,R12,R5,R5,R10
RESP_0136,C10,10,R10,R11,R13,R6,R10,R13
RESP_0136,C11,11,R11,R12,R1,R7,R1,R12
RESP_0136,C12,12,R12,R13,R2,R8,R2,R13
RESP_0136,C13,13,R13,R1,R3,R9,R13,R9
RESP_0137,C1,1,R1,R2,R4,R10,R2,R4
RESP_0137,C2,2,R2,R3,R5,R11,R5,R11
RESP_0137,C3,3,R3,R4,R6,R12,R3,R4
RESP_0137,C4,4,R4,R5,R7,R13,R5,R7
RESP_0137,C5,5,R5,R6,R8,R1,R1,R8
RESP_0137,C6,6,R6,R7,R9,R2,R2,R9
RESP_0137,C7,7,R7,R8,R10,R3,R8,R10
RESP_0137,C8,8,R8,R9,R11,R4,R4,R9
RESP_0137,C9,9,R9,R10,R12,R5,R5,R9
RESP_0137,C10,10,R10,R11,R13,R6,R6,R10
RESP_0137,C11,11,R11,R12,R1,R7,R12,R11
RESP_0137,C12,12,R12,R13,R2,R8,R2,R12
RESP_0137,C13,13,R13,R1,R3,R9,R1,R9
RESP_0138,C1,1,R1,R2,R4,R10,R1,R10
RESP_0138,C2,2,R2,R3,R5,R11,R2,R11
RESP_0138,C3,3,R3,R4,R6,R12,R12,R4
RESP_0138,C4,4,R4,R5,R7,R13,R5,R13
RESP_0138,C5,5,R5,R6,R8,R1,R6,R1
RESP_0138,C6,6,R6,R7,R9,R2,R7,R9
RESP_0138,C7,7,R7,R8,R10,R3,R7,R10
RESP_0138,C8,8,R8,R9,R11,R4,R8,R11
RESP_0138,C9,9,R9,R10,R12,R5,R12,R9
RESP_0138,C10,10,R10,R11,R13,R6,R6,R10
RESP_0138,C11,11,R11,R12,R1,R7,R11,R7
RESP_0138,C12,12,R12,R13,R2,R8,R2,R13
RESP_0138,C13,13,R13,R1,R3,R9,R3,R9
RESP_0139,C1,1,R1,R2,R4,R10,R1,R4
RESP_0139,C2,2,R2,R3,R5,R11,R5,R11
RESP_0139,C3,3,R3,R4,R6,R12,R12,R6
RESP_0139,C4,4,R4,R5,R7,R13,R13,R7
RESP_0139,C5,5,R5,R6,R8,R1,R5,R6
RESP_0139,C6,6,R6,R7,R9,R2,R7,R9
RESP_0139,C7,7,R7,R8,R10,R3,R8,R10
RESP_0139,C8,8,R8,R9,R11,R4,R8,R4
RESP_0139,C9,9,R9,R10,R12,R5,R9,R10
RESP_0139,C10,10,R10,R11,R13,R6,R6,R10
RESP_0139,C11,11,R11,R12,R1,R7,R12,R1
RESP_0139,C12,12,R12,R13,R2,R8,R13,R8
RESP_0139,C13,13,R13,R1,R3,R9,R1,R3
RESP_0140,C1,1,R1,R2,R4,R10,R4,R2
RESP_0140,C2,2,R2,R3,R5,R11,R2,R11
RESP_0140,C3,3,R3,R4,R6,R12,R3,R12
RESP_0140,C4,4,R4,R5,R7,R13,R5,R7
RESP_0140,C5,5,R5,R6,R8,R1,R1,R8
RESP_0140,C6,6,R6,R7,R9,R2,R6,R9
RESP_0140,C7,7,R7,R8,R10,R3,R3,R8
RESP_0140,C8,8,R8,R9,R11,R4,R4,R8
RESP_0140,C9,9,R9,R10,R12,R5,R10,R9
RESP_0140,C10,10,R10,R11,R13,R6,R6,R10
RESP_0140,C11,11,R11,R12,R1,R7,R1,R7
RESP_0140,C12,12,R12,R13,R2,R8,R2,R13
RESP_0140,C13,13,R13,R1,R3,R9,R13,R9
RESP_0141,C1,1,R1,R2,R4,R10,R2,R4
RESP_0141,C2,2,R2,R3,R5,R11,R5,R11
RESP_0141,C3,3,R3,R4,R6,R12,R6,R3
RESP_0141,C4,4,R4,R5,R7,R13,R4,R13
RESP_0141,C5,5,R5,R6,R8,R1,R5,R1
RESP_0141,C6,6,R6,R7,R9,R2,R2,R9
RESP_0141,C7,7,R7,R8,R10,R3,R10,R3
RESP_0141,C8,8,R8,R9,R11,R4,R11,R9
RESP_0141,C9,9,R9,R10,R12,R5,R5,R10
RESP_0141,C10,10,R10,R11,R13,R6,R6,R10
RESP_0141,C11,11,R11,R12,R1,R7,R1,R11
RESP_0141,C12,12,R12,R13,R2,R8,R8,R2
RESP_0141,C13,13,R13,R1,R3,R9,R13,R3
RESP_0142,C1,1,R1,R2,R4,R10,R1,R10
RESP_0142,C2,2,R2,R3,R5,R11,R2,R11
RESP_0142,C3,3,R3,R4,R6,R12,R12,R3
RESP_0142,C4,4,R4,R5,R7,R13,R5,R4
RESP_0142,C5,5,R5,R6,R8,R1,R6,R5
RESP_0142,C6,6,R6,R7,R9,R2,R7,R6
RESP_0142,C7,7,R7,R8,R10,R3,R3,R10
RESP_0142,C8,8,R8,R9,R11,R4,R11,R4
RESP_0142,C9,9,R9,R10,R12,R5,R5,R9
RESP_0142,C10,10,R10,R11,R13,R6,R6,R10
RESP_0142,C11,11,R11,R12,R1,R7,R11,R12
RESP_0142,C12,12,R12,R13,R2,R8,R2,R13
RESP_0142,C13,13,R13,R1,R3,R9,R13,R9
RESP_0143,C1,1,R1,R2,R4,R10,R10,R1
RESP_0143,C2,2,R2,R3,R5,R11,R5,R3
RESP_0143,C3,3,R3,R4,R6,R12,R3,R4
RESP_0143,C4,4,R4,R5,R7,R13,R7,R13
RESP_0143,C5,5,R5,R6,R8,R1,R5,R1
RESP_0143,C6,6,R6,R7,R9,R2,R6,R9
RESP_0143,C7,7,R7,R8,R10,R3,R7,R10
RESP_0143,C8,8,R8,R9,R11,R4,R4,R11
RESP_0143,C9,9,R9,R10,R12,R5,R12,R9
RESP_0143,C10,10,R10,R11,R13,R6,R6,R11
RESP_0143,C11,11,R11,R12,R1,R7,R11,R1
RESP_0143,C12,12,R12,R13,R2,R8,R2,R12
RESP_0143,C13,13,R13,R1,R3,R9,R3,R13
RESP_0144,C1,1,R1,R2,R4,R10,R2,R10
RESP_0144,C2,2,R2,R3,R5,R11,R5,R2
RESP_0144,C3,3,R3,R4,R6,R12,R6,R3
RESP_0144,C4,4,R4,R5,R7,R13,R5,R13
RESP_0144,C5,5,R5,R6,R8,R1,R5,R1
RESP_0144,C6,6,R6,R7,R9,R2,R7,R9
RESP_0144,C7,7,R7,R8,R10,R3,R10,R7
RESP_0144,C8,8,R8,R9,R11,R4,R8,R9
RESP_0144,C9,9,R9,R10,R12,R5,R10,R9
RESP_0144,C10,10,R10,R11,R13,R6,R11,R10
RESP_0144,C11,11,R11,R12,R1,R7,R1,R11
RESP_0144,C12,12,R12,R13,R2,R8,R8,R13
RESP_0144,C13,13,R13,R1,R3,R9,R9,R13
RESP_0145,C1,1,R1,R2,R4,R10,R2,R10
RESP_0145,C2,2,R2,R3,R5,R11,R5,R11
RESP_0145,C3,3,R3,R4,R6,R12,R3,R4
RESP_0145,C4,4,R4,R5,R7,R13,R5,R4
RESP_0145,C5,5,R5,R6,R8,R1,R8,R1
RESP_0145,C6,6,R6,R7,R9,R2,R6,R9
RESP_0145,C7,7,R7,R8,R10,R3,R8,R10
RESP_0145,C8,8,R8,R9,R11,R4,R9,R4
RESP_0145,C9,9,R9,R10,R12,R5,R5,R9
RESP_0145,C10,10,R10,R11,R13,R6,R11,R13
RESP_0145,C11,11,R11,R12,R1,R7,R7,R1
RESP_0145,C12,12,R12,R13,R2,R8,R13,R12
RESP_0145,C13,13,R13,R1,R3,R9,R1,R9
RESP_0146,C1,1,R1,R2,R4,R10,R1,R4
RESP_0146,C2,2,R2,R3,R5,R11,R11,R5
RESP_0146,C3,3,R3,R4,R6,R12,R12,R4
RESP_0146,C4,4,R4,R5,R7,R13,R13,R4
RESP_0146,C5,5,R5,R6,R8,R1,R5,R6
RESP_0146,C6,6,R6,R7,R9,R2,R7,R9
RESP_0146,C7,7,R7,R8,R10,R3,R10,R3
RESP_0146,C8,8,R8,R9,R11,R4,R4,R8
RESP_0146,C9,9,R9,R10,R12,R5,R12,R9
RESP_0146,C10,10,R10,R11,R13,R6,R10,R11
RESP_0146,C11,11,R11,R12,R1,R7,R1,R11
RESP_0146,C12,12,R12,R13,R2,R8,R12,R8
RESP_0146,C13,13,R13,R1,R3,R9,R3,R13
RESP_0147,C1,1,R1,R2,R4,R10,R2,R4
RESP_0147,C2,2,R2,R3,R5,R11,R5,R11
RESP_0147,C3,3,R3,R4,R6,R12,R6,R4
RESP_0147,C4,4,R4,R5,R7,R13,R7,R5
RESP_0147,C5,5,R5,R6,R8,R1,R1,R5
RESP_0147,C6,6,R6,R7,R9,R2,R9,R7
RESP_0147,C7,7,R7,R8,R10,R3,R8,R7
RESP_0147,C8,8,R8,R9,R11,R4,R4,R11
RESP_0147,C9,9,R9,R10,R12,R5,R5,R9
RESP_0147,C10,10,R10,R11,R13,R6,R13,R11
RESP_0147,C11,11,R11,R12,R1,R7,R1,R11
RESP_0147,C12,12,R12,R13,R2,R8,R2,R13
RESP_0147,C13,13,R13,R1,R3,R9,R1,R13
RESP_0148,C1,1,R1,R2,R4,R10,R1,R10
RESP_0148,C2,2,R2,R3,R5,R11,R2,R3
RESP_0148,C3,3,R3,R4,R6,R12,R6,R4
RESP_0148,C4,4,R4,R5,R7,R13,R4,R7
RESP_0148,C5,5,R5,R6,R8,R1,R1,R5
RESP_0148,C6,6,R6,R7,R9,R2,R7,R9
RESP_0148,C7,7,R7,R8,R10,R3,R7,R10
RESP_0148,C8,8,R8,R9,R11,R4,R9,R11
RESP_0148,C9,9,R9,R10,R12,R5,R10,R9
RESP_0148,C10,10,R10,R11,R13,R6,R6,R13
RESP_0148,C11,11,R11,R12,R1,R7,R7,R11
RESP_0148,C12,12,R12,R13,R2,R8,R2,R13
RESP_0148,C13,13,R13,R1,R3,R9,R1,R9
RESP_0149,C1,1,R1,R2,R4,R10,R2,R4
RESP_0149,C2,2,R2,R3,R5,R11,R5,R2
RESP_0149,C3,3,R3,R4,R6,R12,R12,R4
RESP_0149,C4,4,R4,R5,R7,R13,R13,R4
RESP_0149,C5,5,R5,R6,R8,R1,R1,R6
RESP_0149,C6,6,R6,R7,R9,R2,R6,R9
RESP_0149,C7,7,R7,R8,R10,R3,R8,R3
RESP_0149,C8,8,R8,R9,R11,R4,R8,R4
RESP_0149,C9,9,R9,R10,R12,R5,R5,R10
RESP_0149,C10,10,R10,R11,R13,R6,R11,R10
RESP_0149,C11,11,R11,R12,R1,R7,R1,R12
RESP_0149,C12,12,R12,R13,R2,R8,R8,R2
RESP_0149,C13,13,R13,R1,R3,R9,R1,R13
RESP_0150,C1,1,R1,R2,R4,R10,R10,R4
RESP_0150,C2,2,R2,R3,R5,R11,R2,R3
RESP_0150,C3,3,R3,R4,R6,R12,R6,R4
RESP_0150,C4,4,R4,R5,R7,R13,R7,R4
RESP_0150,C5,5,R5,R6,R8,R1,R6,R1
RESP_0150,C6,6,R6,R7,R9,R2,R2,R7
RESP_0150,C7,7,R7,R8,R10,R3,R8,R3
RESP_0150,C8,8,R8,R9,R11,R4,R8,R9
RESP_0150,C9,9,R9,R10,R12,R5,R5,R9
RESP_0150,C10,10,R10,R11,R13,R6,R6,R13
RESP_0150,C11,11,R11,R12,R1,R7,R1,R12
RESP_0150,C12,12,R12,R13,R2,R8,R2,R8
RESP_0150,C13,13,R13,R1,R3,R9,R1,R3
RESP_0151,C1,1,R1,R2,R4,R10,R4,R10
RESP_0151,C2,2,R2,R3,R5,R11,R2,R11
RESP_0151,C3,3,R3,R4,R6,R12,R3,R4
RESP_0151,C4,4,R4,R5,R7,R13,R5,R7
RESP_0151,C5,5,R5,R6,R8,R1,R6,R8
RESP_0151,C6,6,R6,R7,R9,R2,R2,R9
RESP_0151,C7,7,R7,R8,R10,R3,R7,R10
RESP_0151,C8,8,R8,R9,R11,R4,R4,R9
RESP_0151,C9,9,R9,R10,R12,R5,R12,R10
RESP_0151,C10,10,R10,R11,R13,R6,R10,R13
RESP_0151,C11,11,R11,R12,R1,R7,R1,R7
RESP_0151,C12,12,R12,R13,R2,R8,R13,R8
RESP_0151,C13,13,R13,R1,R3,R9,R1,R9
RESP_0152,C1,1,R1,R2,R4,R10,R4,R1
RESP_0152,C2,2,R2,R3,R5,R11,R5,R11
RESP_0152,C3,3,R3,R4,R6,R12,R3,R6
RESP_0152,C4,4,R4,R5,R7,R13,R4,R13
RESP_0152,C5,5,R5,R6,R8,R1,R1,R6
RESP_0152,C6,6,R6,R7,R9,R2,R7,R6
RESP_0152,C7,7,R7,R8,R10,R3,R8,R10
RESP_0152,C8,8,R8,R9,R11,R4,R11,R9
RESP_0152,C9,9,R9,R10,R12,R5,R10,R12
RESP_0152,C10,10,R10,R11,R13,R6,R6,R11
RESP_0152,C11,11,R11,R12,R1,R7,R1,R11
RESP_0152,C12,12,R12,R13,R2,R8,R12,R8
RESP_0152,C13,13,R13,R1,R3,R9,R1,R9
RESP_0153,C1,1,R1,R2,R4,R10,R10,R2
RESP_0153,C2,2,R2,R3,R5,R11,R11,R3
RESP_0153,C3,3,R3,R4,R6,R12,R12,R4
RESP_0153,C4,4,R4,R5,R7,R13,R7,R4
RESP_0153,C5,5,R5,R6,R8,R1,R6,R8
RESP_0153,C6,6,R6,R7,R9,R2,R6,R2
RESP_0153,C7,7,R7,R8,R10,R3,R3,R10
RESP_0153,C8,8,R8,R9,R11,R4,R11,R8
RESP_0153,C9,9,R9,R10,R12,R5,R12,R9
RESP_0153,C10,10,R10,R11,R13,R6,R10,R11
RESP_0153,C11,11,R11,R12,R1,R7,R1,R12
RESP_0153,C12,12,R12,R13,R2,R8,R12,R2
RESP_0153,C13,13,R13,R1,R3,R9,R13,R9
RESP_0154,C1,1,R1,R2,R4,R10,R1,R10
RESP_0154,C2,2,R2,R3,R5,R11,R3,R5
RESP_0154,C3,3,R3,R4,R6,R12,R6,R12
RESP_0154,C4,4,R4,R5,R7,R13,R5,R4
RESP_0154,C5,5,R5,R6,R8,R1,R5,R8
RESP_0154,C6,6,R6,R7,R9,R2,R6,R9
RESP_0154,C7,7,R7,R8,R10,R3,R10,R8
RESP_0154,C8,8,R8,R9,R11,R4,R4,R9
RESP_0154,C9,9,R9,R10,R12,R5,R5,R10
RESP_0154,C10,10,R10,R11,R13,R6,R10,R13
RESP_0154,C11,11,R11,R12,R1,R7,R1,R11
RESP_0154,C12,12,R12,R13,R2,R8,R8,R12
RESP_0154,C13,13,R13,R1,R3,R9,R3,R9
RESP_0155,C1,1,R1,R2,R4,R10,R10,R4
RESP_0155,C2,2,R2,R3,R5,R11,R3,R11
RESP_0155,C3,3,R3,R4,R6,R12,R6,R12
RESP_0155,C4,4,R4,R5,R7,R13,R5,R7
RESP_0155,C5,5,R5,R6,R8,R1,R6,R1
RESP_0155,C6,6,R6,R7,R9,R2,R7,R2
RESP_0155,C7,7,R7,R8,R10,R3,R3,R10
RESP_0155,C8,8,R8,R9,R11,R4,R11,R4
RESP_0155,C9,9,R9,R10,R12,R5,R5,R12
RESP_0155,C10,10,R10,R11,R13,R6,R6,R13
RESP_0155,C11,11,R11,R12,R1,R7,R7,R11
RESP_0155,C12,12,R12,R13,R2,R8,R8,R13
RESP_0155,C13,13,R13,R1,R3,R9,R3,R13
RESP_0156,C1,1,R1,R2,R4,R10,R4,R1
RESP_0156,C2,2,R2,R3,R5,R11,R11,R2
RESP_0156,C3,3,R3,R4,R6,R12,R6,R12
RESP_0156,C4,4,R4,R5,R7,R13,R13,R4
RESP_0156,C5,5,R5,R6,R8,R1,R8,R5
RESP_0156,C6,6,R6,R7,R9,R2,R6,R9
RESP_0156,C7,7,R7,R8,R10,R3,R3,R8
RESP_0156,C8,8,R8,R9,R11,R4,R11,R9
RESP_0156,C9,9,R9,R10,R12,R5,R10,R9
RESP_0156,C10,10,R10,R11,R13,R6,R10,R11
RESP_0156,C11,11,R11,R12,R1,R7,R7,R12
RESP_0156,C12,12,R12,R13,R2,R8,R12,R8
RESP_0156,C13,13,R13,R1,R3,R9,R1,R3
RESP_0157,C1,1,R1,R2,R4,R10,R2,R10
RESP_0157,C2,2,R2,R3,R5,R11,R5,R11
RESP_0157,C3,3,R3,R4,R6,R12,R3,R12
RESP_0157,C4,4,R4,R5,R7,R13,R7,R4
RESP_0157,C5,5,R5,R6,R8,R1,R6,R1
RESP_0157,C6,6,R6,R7,R9,R2,R7,R2
RESP_0157,C7,7,R7,R8,R10,R3,R8,R7
RESP_0157,C8,8,R8,R9,R11,R4,R4,R8
RESP_0157,C9,9,R9,R10,R12,R5,R12,R9
RESP_0157,C10,10,R10,R11,R13,R6,R13,R11
RESP_0157,C11,11,R11,R12,R1,R7,R1,R12
RESP_0157,C12,12,R12,R13,R2,R8,R2,R8
RESP_0157,C13,13,R13,R1,R3,R9,R13,R1
RESP_0158,C1,1,R1,R2,R4,R10,R1,R10
RESP_0158,C2,2,R2,R3,R5,R11,R5,R11
RESP_0158,C3,3,R3,R4,R6,R12,R3,R12
RESP_0158,C4,4,R4,R5,R7,R13,R5,R4
RESP_0158,C5,5,R5,R6,R8,R1,R5,R8
RESP_0158,C6,6,R6,R7,R9,R2,R2,R7
RESP_0158,C7,7,R7,R8,R10,R3,R7,R3
RESP_0158,C8,8,R8,R9,R11,R4,R4,R11
RESP_0158,C9,9,R9,R10,R12,R5,R5,R12
RESP_0158,C10,10,R10,R11,R13,R6,R11,R10
RESP_0158,C11,11,R11,R12,R1,R7,R1,R11
RESP_0158,C12,12,R12,R13,R2,R8,R2,R13
RESP_0158,C13,13,R13,R1,R3,R9,R9,R3
RESP_0159,C1,1,R1,R2,R4,R10,R10,R4
RESP_0159,C2,2,R2,R3,R5,R11,R3,R5
RESP_0159,C3,3,R3,R4,R6,R12,R12,R6
RESP_0159,C4,4,R4,R5,R7,R13,R13,R7
RESP_0159,C5,5,R5,R6,R8,R1,R6,R1
RESP_0159,C6,6,R6,R7,R9,R2,R6,R7
RESP_0159,C7,7,R7,R8,R10,R3,R8,R7
RESP_0159,C8,8,R8,R9,R11,R4,R8,R9
RESP_0159,C9,9,R9,R10,R12,R5,R5,R10
RESP_0159,C10,10,R10,R11,R13,R6,R11,R10
RESP_0159,C11,11,R11,R12,R1,R7,R7,R12
RESP_0159,C12,12,R12,R13,R2,R8,R8,R2
RESP_0159,C13,13,R13,R1,R3,R9,R3,R1
RESP_0160,C1,1,R1,R2,R4,R10,R1,R10
RESP_0160,C2,2,R2,R3,R5,R11,R2,R3
RESP_0160,C3,3,R3,R4,R6,R12,R4,R12
RESP_0160,C4,4,R4,R5,R7,R13,R7,R13
RESP_0160,C5,5,R5,R6,R8,R1,R8,R5
RESP_0160,C6,6,R6,R7,R9,R2,R7,R9
RESP_0160,C7,7,R7,R8,R10,R3,R8,R7
RESP_0160,C8,8,R8,R9,R11,R4,R9,R8
RESP_0160,C9,9,R9,R10,R12,R5,R12,R9
RESP_0160,C10,10,R10,R11,R13,R6,R6,R13
RESP_0160,C11,11,R11,R12,R1,R7,R7,R11
RESP_0160,C12,12,R12,R13,R2,R8,R2,R13
RESP_0160,C13,13,R13,R1,R3,R9,R3,R1
RESP_0161,C1,1,R1,R2,R4,R10,R4,R2
RESP_0161,C2,2,R2,R3,R5,R11,R2,R3
RESP_0161,C3,3,R3,R4,R6,R12,R12,R6
RESP_0161,C4,4,R4,R5,R7,R13,R7,R13
RESP_0161,C5,5,R5,R6,R8,R1,R8,R6
RESP_0161,C6,6,R6,R7,R9,R2,R2,R9
RESP_0161,C7,7,R7,R8,R10,R3,R7,R8
RESP_0161,C8,8,R8,R9,R11,R4,R4,R9
RESP_0161,C9,9,R9,R10,R12,R5,R10,R12
RESP_0161,C10,10,R10,R11,R13,R6,R11,R13
RESP_0161,C11,11,R11,R12,R1,R7,R1,R7
RESP_0161,C12,12,R12,R13,R2,R8,R13,R2
RESP_0161,C13,13,R13,R1,R3,R9,R1,R9
RESP_0162,C1,1,R1,R2,R4,R10,R1,R10
RESP_0162,C2,2,R2,R3,R5,R11,R2,R11
RESP_0162,C3,3,R3,R4,R6,R12,R6,R12
RESP_0162,C4,4,R4,R5,R7,R13,R4,R7
RESP_0162,C5,5,R5,R6,R8,R1,R8,R6
RESP_0162,C6,6,R6,R7,R9,R2,R6,R9
RESP_0162,C7,7,R7,R8,R10,R3,R8,R10
RESP_0162,C8,8,R8,R9,R11,R4,R11,R4
RESP_0162,C9,9,R9,R10,R12,R5,R10,R9
RESP_0162,C10,10,R10,R11,R13,R6,R6,R11
RESP_0162,C11,11,R11,R12,R1,R7,R12,R11
RESP_0162,C12,12,R12,R13,R2,R8,R8,R13
RESP_0162,C13,13,R13,R1,R3,R9,R1,R3
RESP_0163,C1,1,R1,R2,R4,R10,R10,R4
RESP_0163,C2,2,R2,R3,R5,R11,R2,R3
RESP_0163,C3,3,R3,R4,R6,R12,R12,R6
RESP_0163,C4,4,R4,R5,R7,R13,R7,R13
RESP_0163,C5,5,R5,R6,R8,R1,R6,R1
RESP_0163,C6,6,R6,R7,R9,R2,R6,R2
RESP_0163,C7,7,R7,R8,R10,R3,R10,R8
RESP_0163,C8,8,R8,R9,R11,R4,R8,R9
RESP_0163,C9,9,R9,R10,R12,R5,R5,R9
RESP_0163,C10,10,R10,R11,R13,R6,R13,R10
RESP_0163,C11,11,R11,R12,R1,R7,R12,R7
RESP_0163,C12,12,R12,R13,R2,R8,R2,R8
RESP_0163,C13,13,R13,R1,R3,R9,R1,R13
RESP_0164,C1,1,R1,R2,R4,R10,R1,R10
RESP_0164,C2,2,R2,R3,R5,R11,R5,R2
RESP_0164,C3,3,R3,R4,R6,R12,R4,R12
RESP_0164,C4,4,R4,R5,R7,R13,R5,R13
RESP_0164,C5,5,R5,R6,R8,R1,R8,R6
RESP_0164,C6,6,R6,R7,R9,R2,R6,R9
RESP_0164,C7,7,R7,R8,R10,R3,R7,R10
RESP_0164,C8,8,R8,R9,R11,R4,R11,R4
RESP_0164,C9,9,R9,R10,R12,R5,R5,R10
RESP_0164,C10,10,R10,R11,R13,R6,R11,R13
RESP_0164,C11,11,R11,R12,R1,R7,R7,R12
RESP_0164,C12,12,R12,R13,R2,R8,R2,R12
RESP_0164,C13,13,R13,R1,R3,R9,R1,R13
RESP_0165,C1,1,R1,R2,R4,R10,R1,R4
RESP_0165,C2,2,R2,R3,R5,R11,R11,R3
RESP_0165,C3,3,R3,R4,R6,R12,R6,R3
RESP_0165,C4,4,R4,R5,R7,R13,R13,R4
RESP_0165,C5,5,R5,R6,R8,R1,R5,R1
RESP_0165,C6,6,R6,R7,R9,R2,R6,R9
RESP_0165,C7,7,R7,R8,R10,R3,R8,R3
RESP_0165,C8,8,R8,R9,R11,R4,R8,R9
RESP_0165,C9,9,R9,R10,R12,R5,R5,R10
RESP_0165,C10,10,R10,R11,R13,R6,R10,R13
RESP_0165,C11,11,R11,R12,R1,R7,R11,R12
RESP_0165,C12,12,R12,R13,R2,R8,R13,R12
RESP_0165,C13,13,R13,R1,R3,R9,R1,R13
RESP_0166,C1,1,R1,R2,R4,R10,R1,R10
RESP_0166,C2,2,R2,R3,R5,R11,R2,R11
RESP_0166,C3,3,R3,R4,R6,R12,R6,R3
RESP_0166,C4,4,R4,R5,R7,R13,R13,R7
RESP_0166,C5,5,R5,R6,R8,R1,R6,R8
RESP_0166,C6,6,R6,R7,R9,R2,R6,R9
RESP_0166,C7,7,R7,R8,R10,R3,R3,R7
RESP_0166,C8,8,R8,R9,R11,R4,R4,R11
RESP_0166,C9,9,R9,R10,R12,R5,R9,R12
RESP_0166,C10,10,R10,R11,R13,R6,R6,R13
RESP_0166,C11,11,R11,R12,R1,R7,R1,R7
RESP_0166,C12,12,R12,R13,R2,R8,R2,R13
RESP_0166,C13,13,R13,R1,R3,R9,R13,R3
RESP_0167,C1,1,R1,R2,R4,R10,R1,R4
RESP_0167,C2,2,R2,R3,R5,R11,R2,R3
RESP_0167,C3,3,R3,R4,R6,R12,R12,R6
RESP_0167,C4,4,R4,R5,R7,R13,R7,R13
RESP_0167,C5,5,R5,R6,R8,R1,R5,R8
RESP_0167,C6,6,R6,R7,R9,R2,R7,R2
RESP_0167,C7,7,R7,R8,R10,R3,R10,R3
RESP_0167,C8,8,R8,R9,R11,R4,R8,R4
RESP_0167,C9,9,R9,R10,R12,R5,R5,R9
RESP_0167,C10,10,R10,R11,R13,R6,R6,R13
RESP_0167,C11,11,R11,R12,R1,R7,R11,R7
RESP_0167,C12,12,R12,R13,R2,R8,R12,R8
RESP_0167,C13,13,R13,R1,R3,R9,R1,R9
RESP_0168,C1,1,R1,R2,R4,R10,R2,R4
RESP_0168,C2,2,R2,R3,R5,R11,R2,R3
RESP_0168,C3,3,R3,R4,R6,R12,R3,R12
RESP_0168,C4,4,R4,R5,R7,R13,R5,R4
RESP_0168,C5,5,R5,R6,R8,R1,R6,R1
RESP_0168,C6,6,R6,R7,R9,R2,R9,R7
RESP_0168,C7,7,R7,R8,R10,R3,R10,R3
RESP_0168,C8,8,R8,R9,R11,R4,R4,R9
RESP_0168,C9,9,R9,R10,R12,R5,R9,R10
RESP_0168,C10,10,R10,R11,R13,R6,R13,R10
RESP_0168,C11,11,R11,R12,R1,R7,R1,R12
RESP_0168,C12,12,R12,R13,R2,R8,R2,R13
RESP_0168,C13,13,R13,R1,R3,R9,R1,R3
RESP_0169,C1,1,R1,R2,R4,R10,R1,R10
RESP_0169,C2,2,R2,R3,R5,R11,R2,R11
RESP_0169,C3,3,R3,R4,R6,R12,R12,R4
RESP_0169,C4,4,R4,R5,R7,R13,R7,R4
RESP_0169,C5,5,R5,R6,R8,R1,R6,R1
RESP_0169,C6,6,R6,R7,R9,R2,R2,R9
RESP_0169,C7,7,R7,R8,R10,R3,R10,R7
RESP_0169,C8,8,R8,R9,R11,R4,R8,R9
RESP_0169,C9,9,R9,R10,R12,R5,R10,R9
RESP_0169,C10,10,R10,R11,R13,R6,R10,R13
RESP_0169,C11,11,R11,R12,R1,R7,R11,R1
RESP_0169,C12,12,R12,R13,R2,R8,R12,R2
RESP_0169,C13,13,R13,R1,R3,R9,R13,R3
RESP_0170,C1,1,R1,R2,R4,R10,R1,R4
RESP_0170,C2,2,R2,R3,R5,R11,R2,R11
RESP_0170,C3,3,R3,R4,R6,R12,R12,R3
RESP_0170,C4,4,R4,R5,R7,R13,R5,R4
RESP_0170,C5,5,R5,R6,R8,R1,R6,R5
RESP_0170,C6,6,R6,R7,R9,R2,R2,R6
RESP_0170,C7,7,R7,R8,R10,R3,R7,R3
RESP_0170,C8,8,R8,R9,R11,R4,R8,R9
RESP_0170,C9,9,R9,R10,R12,R5,R12,R9
RESP_0170,C10,10,R10,R11,R13,R6,R11,R10
RESP_0170,C11,11,R11,R12,R1,R7,R1,R7
RESP_0170,C12,12,R12,R13,R2,R8,R2,R8
RESP_0170,C13,13,R13,R1,R3,R9,R1,R9
RESP_0171,C1,1,R1,R2,R4,R10,R4,R10
RESP_0171,C2,2,R2,R3,R5,R11,R3,R11
RESP_0171,C3,3,R3,R4,R6,R12,R3,R12
RESP_0171,C4,4,R4,R5,R7,R13,R7,R13
RESP_0171,C5,5,R5,R6,R8,R1,R6,R8
RESP_0171,C6,6,R6,R7,R9,R2,R6,R9
RESP_0171,C7,7,R7,R8,R10,R3,R8,R7
RESP_0171,C8,8,R8,R9,R11,R4,R4,R11
RESP_0171,C9,9,R9,R10,R12,R5,R5,R12
RESP_0171,C10,10,R10,R11,R13,R6,R11,R10
RESP_0171,C11,11,R11,R12,R1,R7,R1,R11
RESP_0171,C12,12,R12,R13,R2,R8,R8,R12
RESP_0171,C13,13,R13,R1,R3,R9,R1,R13
RESP_0172,C1,1,R1,R2,R4,R10,R2,R10
RESP_0172,C2,2,R2,R3,R5,R11,R3,R11
RESP_0172,C3,3,R3,R4,R6,R12,R6,R12
RESP_0172,C4,4,R4,R5,R7,R13,R4,R13
RESP_0172,C5,5,R5,R6,R8,R1,R8,R6
RESP_0172,C6,6,R6,R7,R9,R2,R2,R6
RESP_0172,C7,7,R7,R8,R10,R3,R8,R7
RESP_0172,C8,8,R8,R9,R11,R4,R9,R8
RESP_0172,C9,9,R9,R10,R12,R5,R5,R10
RESP_0172,C10,10,R10,R11,R13,R6,R6,R10
RESP_0172,C11,11,R11,R12,R1,R7,R1,R12
RESP_0172,C12,12,R12,R13,R2,R8,R8,R13
RESP_0172,C13,13,R13,R1,R3,R9,R1,R9
RESP_0173,C1,1,R1,R2,R4,R10,R10,R2
RESP_0173,C2,2,R2,R3,R5,R11,R5,R3
RESP_0173,C3,3,R3,R4,R6,R12,R3,R12
RESP_0173,C4,4,R4,R5,R7,R13,R7,R4
RESP_0173,C5,5,R5,R6,R8,R1,R8,R6
RESP_0173,C6,6,R6,R7,R9,R2,R9,R7
RESP_0173,C7,7,R7,R8,R10,R3,R3,R10
RESP_0173,C8,8,R8,R9,R11,R4,R8,R11
RESP_0173,C9,9,R9,R10,R12,R5,R12,R9
RESP_0173,C10,10,R10,R11,R13,R6,R11,R13
RESP_0173,C11,11,R11,R12,R1,R7,R1,R11
RESP_0173,C12,12,R12,R13,R2,R8,R2,R12
RESP_0173,C13,13,R13,R1,R3,R9,R3,R9
RESP_0174,C1,1,R1,R2,R4,R10,R2,R4
RESP_0174,C2,2,R2,R3,R5,R11,R2,R11
RESP_0174,C3,3,R3,R4,R6,R12,R3,R4
RESP_0174,C4,4,R4,R5,R7,R13,R13,R4
RESP_0174,C5,5,R5,R6,R8,R1,R6,R5
RESP_0174,C6,6,R6,R7,R9,R2,R6,R9
RESP_0174,C7,7,R7,R8,R10,R3,R3,R7
RESP_0174,C8,8,R8,R9,R11,R4,R11,R9
RESP_0174,C9,9,R9,R10,R12,R5,R5,R10
RESP_0174,C10,10,R10,R11,R13,R6,R13,R10
RESP_0174,C11,11,R11,R12,R1,R7,R1,R11
RESP_0174,C12,12,R12,R13,R2,R8,R12,R13
RESP_0174,C13,13,R13,R1,R3,R9,R13,R3
RESP_0175,C1,1,R1,R2,R4,R10,R2,R1
RESP_0175,C2,2,R2,R3,R5,R11,R5,R3
RESP_0175,C3,3,R3,R4,R6,R12,R6,R12
RESP_0175,C4,4,R4,R5,R7,R13,R13,R7
RESP_0175,C5,5,R5,R6,R8,R1,R5,R8
RESP_0175,C6,6,R6,R7,R9,R2,R7,R9
RESP_0175,C7,7,R7,R8,R10,R3,R3,R7
RESP_0175,C8,8,R8,R9,R11,R4,R8,R9
RESP_0175,C9,9,R9,R10,R12,R5,R9,R10
RESP_0175,C10,10,R10,R11,R13,R6,R6,R11
RESP_0175,C11,11,R11,R12,R1,R7,R7,R11
RESP_0175,C12,12,R12,R13,R2,R8,R2,R13
RESP_0175,C13,13,R13,R1,R3,R9,R1,R9
RESP_0176,C1,1,R1,R2,R4,R10,R1,R10
RESP_0176,C2,2,R2,R3,R5,R11,R5,R11
RESP_0176,C3,3,R3,R4,R6,R12,R6,R12
RESP_0176,C4,4,R4,R5,R7,R13,R7,R13
RESP_0176,C5,5,R5,R6,R8,R1,R6,R1
RESP_0176,C6,6,R6,R7,R9,R2,R6,R2
RESP_0176,C7,7,R7,R8,R10,R3,R8,R10
RESP_0176,C8,8,R8,R9,R11,R4,R4,R11
RESP_0176,C9,9,R9,R10,R12,R5,R12,R10
RESP_0176,C10,10,R10,R11,R13,R6,R6,R10
RESP_0176,C11,11,R11,R12,R1,R7,R1,R11
RESP_0176,C12,12,R12,R13,R2,R8,R8,R13
RESP_0176,C13,13,R13,R1,R3,R9,R1,R13
RESP_0177,C1,1,R1,R2,R4,R10,R1,R4
RESP_0177,C2,2,R2,R3,R5,R11,R2,R3
RESP_0177,C3,3,R3,R4,R6,R12,R6,R12
RESP_0177,C4,4,R4,R5,R7,R13,R7,R4
RESP_0177,C5,5,R5,R6,R8,R1,R6,R8
RESP_0177,C6,6,R6,R7,R9,R2,R6,R7
RESP_0177,C7,7,R7,R8,R10,R3,R8,R10
RESP_0177,C8,8,R8,R9,R11,R4,R4,R9
RESP_0177,C9,9,R9,R10,R12,R5,R5,R9
RESP_0177,C10,10,R10,R11,R13,R6,R11,R13
RESP_0177,C11,11,R11,R12,R1,R7,R1,R11
RESP_0177,C12,12,R12,R13,R2,R8,R12,R2
RESP_0177,C13,13,R13,R1,R3,R9,R13,R9
RESP_0178,C1,1,R1,R2,R4,R10,R2,R10
RESP_0178,C2,2,R2,R3,R5,R11,R5,R3
RESP_0178,C3,3,R3,R4,R6,R12,R6,R4
RESP_0178,C4,4,R4,R5,R7,R13,R5,R13
RESP_0178,C5,5,R5,R6,R8,R1,R6,R8
RESP_0178,C6,6,R6,R7,R9,R2,R6,R9
RESP_0178,C7,7,R7,R8,R10,R3,R8,R10
RESP_0178,C8,8,R8,R9,R11,R4,R8,R11
RESP_0178,C9,9,R9,R10,R12,R5,R9,R12
RESP_0178,C10,10,R10,R11,R13,R6,R6,R10
RESP_0178,C11,11,R11,R12,R1,R7,R11,R12
RESP_0178,C12,12,R12,R13,R2,R8,R2,R12
RESP_0178,C13,13,R13,R1,R3,R9,R3,R9
RESP_0179,C1,1,R1,R2,R4,R10,R2,R4
RESP_0179,C2,2,R2,R3,R5,R11,R11,R3
RESP_0179,C3,3,R3,R4,R6,R12,R4,R12
RESP_0179,C4,4,R4,R5,R7,R13,R4,R7
RESP_0179,C5,5,R5,R6,R8,R1,R1,R6
RESP_0179,C6,6,R6,R7,R9,R2,R2,R7
RESP_0179,C7,7,R7,R8,R10,R3,R7,R10
RESP_0179,C8,8,R8,R9,R11,R4,R11,R9
RESP_0179,C9,9,R9,R10,R12,R5,R10,R9
RESP_0179,C10,10,R10,R11,R13,R6,R11,R13
RESP_0179,C11,11,R11,R12,R1,R7,R1,R11
RESP_0179,C12,12,R12,R13,R2,R8,R13,R2
RESP_0179,C13,13,R13,R1,R3,R9,R3,R13
RESP_0180,C1,1,R1,R2,R4,R10,R4,R1
RESP_0180,C2,2,R2,R3,R5,R11,R5,R11
RESP_0180,C3,3,R3,R4,R6,R12,R3,R12
RESP_0180,C4,4,R4,R5,R7,R13,R7,R13
RESP_0180,C5,5,R5,R6,R8,R1,R5,R8
RESP_0180,C6,6,R6,R7,R9,R2,R7,R9
RESP_0180,C7,7,R7,R8,R10,R3,R10,R7
RESP_0180,C8,8,R8,R9,R11,R4,R4,R9
RESP_0180,C9,9,R9,R10,R12,R5,R5,R9
RESP_0180,C10,10,R10,R11,R13,R6,R10,R11
RESP_0180,C11,11,R11,R12,R1,R7,R7,R11
RESP_0180,C12,12,R12,R13,R2,R8,R8,R13
RESP_0180,C13,13,R13,R1,R3,R9,R9,R13
RESP_0181,C1,1,R1,R2,R4,R10,R4,R1
RESP_0181,C2,2,R2,R3,R5,R11,R2,R11
RESP_0181,C3,3,R3,R4,R6,R12,R3,R12
RESP_0181,C4,4,R4,R5,R7,R13,R7,R13
RESP_0181,C5,5,R5,R6,R8,R1,R5,R8
RESP_0181,C6,6,R6,R7,R9,R2,R9,R7
RESP_0181,C7,7,R7,R8,R10,R3,R3,R7
RESP_0181,C8,8,R8,R9,R11,R4,R8,R11
RESP_0181,C9,9,R9,R10,R12,R5,R5,R9
RESP_0181,C10,10,R10,R11,R13,R6,R6,R10
RESP_0181,C11,11,R11,R12,R1,R7,R1,R11
RESP_0181,C12,12,R12,R13,R2,R8,R2,R13
RESP_0181,C13,13,R13,R1,R3,R9,R1,R9
RESP_0182,C1,1,R1,R2,R4,R10,R10,R1
RESP_0182,C2,2,R2,R3,R5,R11,R5,R11
RESP_0182,C3,3,R3,R4,R6,R12,R6,R3
RESP_0182,C4,4,R4,R5,R7,R13,R4,R13
RESP_0182,C5,5,R5,R6,R8,R1,R1,R5
RESP_0182,C6,6,R6,R7,R9,R2,R7,R9
RESP_0182,C7,7,R7,R8,R10,R3,R7,R8
RESP_0182,C8,8,R8,R9,R11,R4,R8,R9
RESP_0182,C9,9,R9,R10,R12,R5,R5,R12
RESP_0182,C10,10,R10,R11,R13,R6,R6,R11
RESP_0182,C11,11,R11,R12,R1,R7,R7,R11
RESP_0182,C12,12,R12,R13,R2,R8,R8,R2
RESP_0182,C13,13,R13,R1,R3,R9,R9,R13
RESP_0183,C1,1,R1,R2,R4,R10,R2,R10
RESP_0183,C2,2,R2,R3,R5,R11,R5,R11
RESP_0183,C3,3,R3,R4,R6,R12,R4,R6
RESP_0183,C4,4,R4,R5,R7,R13,R13,R4
RESP_0183,C5,5,R5,R6,R8,R1,R1,R5
RESP_0183,C6,6,R6,R7,R9,R2,R7,R9
RESP_0183,C7,7,R7,R8,R10,R3,R10,R8
RESP_0183,C8,8,R8,R9,R11,R4,R4,R9
RESP_0183,C9,9,R9,R10,R12,R5,R5,R9
RESP_0183,C10,10,R10,R11,R13,R6,R6,R11
RESP_0183,C11,11,R11,R12,R1,R7,R1,R11
RESP_0183,C12,12,R12,R13,R2,R8,R2,R13
RESP_0183,C13,13,R13,R1,R3,R9,R3,R9
RESP_0184,C1,1,R1,R2,R4,R10,R2,R1
RESP_0184,C2,2,R2,R3,R5,R11,R5,R11
RESP_0184,C3,3,R3,R4,R6,R12,R12,R4
RESP_0184,C4,4,R4,R5,R7,R13,R13,R4
RESP_0184,C5,5,R5,R6,R8,R1,R5,R8
RESP_0184,C6,6,R6,R7,R9,R2,R6,R2
RESP_0184,C7,7,R7,R8,R10,R3,R10,R3
RESP_0184,C8,8,R8,R9,R11,R4,R8,R11
RESP_0184,C9,9,R9,R10,R12,R5,R12,R9
RESP_0184,C10,10,R10,R11,R13,R6,R6,R11
RESP_0184,C11,11,R11,R12,R1,R7,R1,R7
RESP_0184,C12,12,R12,R13,R2,R8,R8,R13
RESP_0184,C13,13,R13,R1,R3,R9,R1,R9
RESP_0185,C1,1,R1,R2,R4,R10,R1,R4
RESP_0185,C2,2,R2,R3,R5,R11,R3,R2
RESP_0185,C3,3,R3,R4,R6,R12,R3,R4
RESP_0185,C4,4,R4,R5,R7,R13,R13,R4
RESP_0185,C5,5,R5,R6,R8,R1,R6,R1
RESP_0185,C6,6,R6,R7,R9,R2,R6,R9
RESP_0185,C7,7,R7,R8,R10,R3,R8,R7
RESP_0185,C8,8,R8,R9,R11,R4,R9,R4
RESP_0185,C9,9,R9,R10,R12,R5,R5,R9
RESP_0185,C10,10,R10,R11,R13,R6,R6,R11
RESP_0185,C11,11,R11,R12,R1,R7,R1,R11
RESP_0185,C12,12,R12,R13,R2,R8,R8,R12
RESP_0185,C13,13,R13,R1,R3,R9,R9,R3
RESP_0186,C1,1,R1,R2,R4,R10,R4,R10
RESP_0186,C2,2,R2,R3,R5,R11,R5,R11
RESP_0186,C3,3,R3,R4,R6,R12,R3,R6
RESP_0186,C4,4,R4,R5,R7,R13,R5,R13
RESP_0186,C5,5,R5,R6,R8,R1,R6,R5
RESP_0186,C6,6,R6,R7,R9,R2,R9,R2
RESP_0186,C7,7,R7,R8,R10,R3,R3,R8
RESP_0186,C8,8,R8,R9,R11,R4,R4,R9
RESP_0186,C9,9,R9,R10,R12,R5,R5,R12
RESP_0186,C10,10,R10,R11,R13,R6,R6,R13
RESP_0186,C11,11,R11,R12,R1,R7,R12,R11
RESP_0186,C12,12,R12,R13,R2,R8,R12,R13
RESP_0186,C13,13,R13,R1,R3,R9,R13,R3
RESP_0187,C1,1,R1,R2,R4,R10,R2,R4
RESP_0187,C2,2,R2,R3,R5,R11,R3,R5
RESP_0187,C3,3,R3,R4,R6,R12,R6,R4
RESP_0187,C4,4,R4,R5,R7,R13,R13,R5
RESP_0187,C5,5,R5,R6,R8,R1,R1,R5
RESP_0187,C6,6,R6,R7,R9,R2,R2,R9
RESP_0187,C7,7,R7,R8,R10,R3,R8,R7
RESP_0187,C8,8,R8,R9,R11,R4,R4,R8
RESP_0187,C9,9,R9,R10,R12,R5,R10,R9
RESP_0187,C10,10,R10,R11,R13,R6,R6,R13
RESP_0187,C11,11,R11,R12,R1,R7,R1,R12
RESP_0187,C12,12,R12,R13,R2,R8,R2,R13
RESP_0187,C13,13,R13,R1,R3,R9,R13,R3
RESP_0188,C1,1,R1,R2,R4,R10,R4,R10
RESP_0188,C2,2,R2,R3,R5,R11,R5,R3
RESP_0188,C3,3,R3,R4,R6,R12,R6,R4
RESP_0188,C4,4,R4,R5,R7,R13,R5,R13
RESP_0188,C5,5,R5,R6,R8,R1,R6,R8
RESP_0188,C6,6,R6,R7,R9,R2,R9,R7
RESP_0188,C7,7,R7,R8,R10,R3,R8,R7
RESP_0188,C8,8,R8,R9,R11,R4,R8,R4
RESP_0188,C9,9,R9,R10,R12,R5,R12,R9
RESP_0188,C10,10,R10,R11,R13,R6,R6,R13
RESP_0188,C11,11,R11,R12,R1,R7,R1,R11
RESP_0188,C12,12,R12,R13,R2,R8,R8,R13
RESP_0188,C13,13,R13,R1,R3,R9,R3,R13
RESP_0189,C1,1,R1,R2,R4,R10,R1,R4
RESP_0189,C2,2,R2,R3,R5,R11,R5,R11
RESP_0189,C3,3,R3,R4,R6,R12,R3,R4
RESP_0189,C4,4,R4,R5,R7,R13,R5,R13
RESP_0189,C5,5,R5,R6,R8,R1,R5,R8
RESP_0189,C6,6,R6,R7,R9,R2,R6,R9
RESP_0189,C7,7,R7,R8,R10,R3,R7,R8
RESP_0189,C8,8,R8,R9,R11,R4,R9,R11
RESP_0189,C9,9,R9,R10,R12,R5,R5,R9
RESP_0189,C10,10,R10,R11,R13,R6,R6,R13
RESP_0189,C11,11,R11,R12,R1,R7,R7,R11
RESP_0189,C12,12,R12,R13,R2,R8,R8,R12
RESP_0189,C13,13,R13,R1,R3,R9,R9,R3
RESP_0190,C1,1,R1,R2,R4,R10,R10,R4
RESP_0190,C2,2,R2,R3,R5,R11,R5,R11
RESP_0190,C3,3,R3,R4,R6,R12,R6,R12
RESP_0190,C4,4,R4,R5,R7,R13,R5,R4
RESP_0190,C5,5,R5,R6,R8,R1,R5,R8
RESP_0190,C6,6,R6,R7,R9,R2,R6,R9
RESP_0190,C7,7,R7,R8,R10,R3,R7,R10
RESP_0190,C8,8,R8,R9,R11,R4,R8,R4
RESP_0190,C9,9,R9,R10,R12,R5,R5,R12
RESP_0190,C10,10,R10,R11,R13,R6,R6,R10
RESP_0190,C11,11,R11,R12,R1,R7,R11,R1
RESP_0190,C12,12,R12,R13,R2,R8,R2,R13
RESP_0190,C13,13,R13,R1,R3,R9,R9,R3
RESP_0191,C1,1,R1,R2,R4,R10,R2,R10
RESP_0191,C2,2,R2,R3,R5,R11,R5,R11
RESP_0191,C3,3,R3,R4,R6,R12,R3,R12
RESP_0191,C4,4,R4,R5,R7,R13,R5,R13
RESP_0191,C5,5,R5,R6,R8,R1,R5,R8
RESP_0191,C6,6,R6,R7,R9,R2,R2,R9
RESP_0191,C7,7,R7,R8,R10,R3,R7,R10
RESP_0191,C8,8,R8,R9,R11,R4,R8,R9
RESP_0191,C9,9,R9,R10,R12,R5,R5,R10
RESP_0191,C10,10,R10,R11,R13,R6,R6,R11
RESP_0191,C11,11,R11,R12,R1,R7,R1,R12
RESP_0191,C12,12,R12,R13,R2,R8,R2,R13
RESP_0191,C13,13,R13,R1,R3,R9,R1,R9
RESP_0192,C1,1,R1,R2,R4,R10,R1,R4
RESP_0192,C2,2,R2,R3,R5,R11,R5,R11
RESP_0192,C3,3,R3,R4,R6,R12,R4,R3
RESP_0192,C4,4,R4,R5,R7,R13,R7,R13
RESP_0192,C5,5,R5,R6,R8,R1,R6,R1
RESP_0192,C6,6,R6,R7,R9,R2,R7,R9
RESP_0192,C7,7,R7,R8,R10,R3,R7,R8
RESP_0192,C8,8,R8,R9,R11,R4,R9,R11
RESP_0192,C9,9,R9,R10,R12,R5,R5,R12
RESP_0192,C10,10,R10,R11,R13,R6,R6,R13
RESP_0192,C11,11,R11,R12,R1,R7,R7,R11
RESP_0192,C12,12,R12,R13,R2,R8,R8,R12
RESP_0192,C13,13,R13,R1,R3,R9,R3,R13
RESP_0193,C1,1,R1,R2,R4,R10,R2,R4
RESP_0193,C2,2,R2,R3,R5,R11,R11,R5
RESP_0193,C3,3,R3,R4,R6,R12,R12,R3
RESP_0193,C4,4,R4,R5,R7,R13,R4,R13
RESP_0193,C5,5,R5,R6,R8,R1,R6,R8
RESP_0193,C6,6,R6,R7,R9,R2,R2,R9
RESP_0193,C7,7,R7,R8,R10,R3,R3,R7
RESP_0193,C8,8,R8,R9,R11,R4,R4,R11
RESP_0193,C9,9,R9,R10,R12,R5,R10,R9
RESP_0193,C10,10,R10,R11,R13,R6,R13,R6
RESP_0193,C11,11,R11,R12,R1,R7,R11,R12
RESP_0193,C12,12,R12,R13,R2,R8,R12,R13
RESP_0193,C13,13,R13,R1,R3,R9,R3,R9
RESP_0194,C1,1,R1,R2,R4,R10,R2,R10
RESP_0194,C2,2,R2,R3,R5,R11,R2,R11
RESP_0194,C3,3,R3,R4,R6,R12,R3,R12
RESP_0194,C4,4,R4,R5,R7,R13,R5,R13
RESP_0194,C5,5,R5,R6,R8,R1,R5,R6
RESP_0194,C6,6,R6,R7,R9,R2,R2,R9
RESP_0194,C7,7,R7,R8,R10,R3,R7,R8
RESP_0194,C8,8,R8,R9,R11,R4,R8,R9
RESP_0194,C9,9,R9,R10,R12,R5,R9,R12
RESP_0194,C10,10,R10,R11,R13,R6,R10,R13
RESP_0194,C11,11,R11,R12,R1,R7,R1,R12
RESP_0194,C12,12,R12,R13,R2,R8,R2,R12
RESP_0194,C13,13,R13,R1,R3,R9,R1,R13
RESP_0195,C1,1,R1,R2,R4,R10,R10,R4
RESP_0195,C2,2,R2,R3,R5,R11,R5,R3
RESP_0195,C3,3,R3,R4,R6,R12,R4,R12
RESP_0195,C4,4,R4,R5,R7,R13,R5,R4
RESP_0195,C5,5,R5,R6,R8,R1,R1,R8
RESP_0195,C6,6,R6,R7,R9,R2,R2,R6
RESP_0195,C7,7,R7,R8,R10,R3,R3,R7
RESP_0195,C8,8,R8,R9,R11,R4,R8,R11
RESP_0195,C9,9,R9,R10,R12,R5,R5,R12
RESP_0195,C10,10,R10,R11,R13,R6,R10,R11
RESP_0195,C11,11,R11,R12,R1,R7,R12,R11
RESP_0195,C12,12,R12,R13,R2,R8,R12,R13
RESP_0195,C13,13,R13,R1,R3,R9,R1,R9
RESP_0196,C1,1,R1,R2,R4,R10,R10,R4
RESP_0196,C2,2,R2,R3,R5,R11,R2,R5
RESP_0196,C3,3,R3,R4,R6,R12,R6,R4
RESP_0196,C4,4,R4,R5,R7,R13,R7,R4
RESP_0196,C5,5,R5,R6,R8,R1,R5,R6
RESP_0196,C6,6,R6,R7,R9,R2,R9,R2
RESP_0196,C7,7,R7,R8,R10,R3,R7,R3
RESP_0196,C8,8,R8,R9,R11,R4,R11,R4
RESP_0196,C9,9,R9,R10,R12,R5,R12,R9
RESP_0196,C10,10,R10,R11,R13,R6,R6,R11
RESP_0196,C11,11,R11,R12,R1,R7,R11,R12
RESP_0196,C12,12,R12,R13,R2,R8,R13,R12
RESP_0196,C13,13,R13,R1,R3,R9,R3,R13
RESP_0197,C1,1,R1,R2,R4,R10,R10,R4
RESP_0197,C2,2,R2,R3,R5,R11,R2,R3
RESP_0197,C3,3,R3,R4,R6,R12,R3,R12
RESP_0197,C4,4,R4,R5,R7,R13,R4,R13
RESP_0197,C5,5,R5,R6,R8,R1,R6,R1
RESP_0197,C6,6,R6,R7,R9,R2,R7,R2
RESP_0197,C7,7,R7,R8,R10,R3,R7,R8
RESP_0197,C8,8,R8,R9,R11,R4,R9,R11
RESP_0197,C9,9,R9,R10,R12,R5,R5,R10
RESP_0197,C10,10,R10,R11,R13,R6,R10,R13
RESP_0197,C11,11,R11,R12,R1,R7,R1,R12
RESP_0197,C12,12,R12,R13,R2,R8,R8,R12
RESP_0197,C13,13,R13,R1,R3,R9,R9,R1
RESP_0198,C1,1,R1,R2,R4,R10,R1,R4
RESP_0198,C2,2,R2,R3,R5,R11,R3,R2
RESP_0198,C3,3,R3,R4,R6,R12,R6,R12
RESP_0198,C4,4,R4,R5,R7,R13,R5,R7
RESP_0198,C5,5,R5,R6,R8,R1,R6,R5
RESP_0198,C6,6,R6,R7,R9,R2,R2,R9
RESP_0198,C7,7,R7,R8,R10,R3,R7,R3
RESP_0198,C8,8,R8,R9,R11,R4,R8,R9
RESP_0198,C9,9,R9,R10,R12,R5,R12,R9
RESP_0198,C10,10,R10,R11,R13,R6,R6,R10
RESP_0198,C11,11,R11,R12,R1,R7,R1,R11
RESP_0198,C12,12,R12,R13,R2,R8,R8,R13
RESP_0198,C13,13,R13,R1,R3,R9,R1,R13
RESP_0199,C1,1,R1,R2,R4,R10,R4,R10
RESP_0199,C2,2,R2,R3,R5,R11,R11,R3
RESP_0199,C3,3,R3,R4,R6,R12,R6,R4
RESP_0199,C4,4,R4,R5,R7,R13,R13,R4
RESP_0199,C5,5,R5,R6,R8,R1,R8,R5
RESP_0199,C6,6,R6,R7,R9,R2,R2,R9
RESP_0199,C7,7,R7,R8,R10,R3,R7,R3
RESP_0199,C8,8,R8,R9,R11,R4,R4,R8
RESP_0199,C9,9,R9,R10,R12,R5,R5,R9
RESP_0199,C10,10,R10,R11,R13,R6,R11,R13
RESP_0199,C11,11,R11,R12,R1,R7,R7,R11
RESP_0199,C12,12,R12,R13,R2,R8,R13,R2
RESP_0199,C13,13,R13,R1,R3,R9,R9,R13
RESP_0200,C1,1,R1,R2,R4,R10,R2,R10
RESP_0200,C2,2,R2,R3,R5,R11,R2,R11
RESP_0200,C3,3,R3,R4,R6,R12,R6,R12
RESP_0200,C4,4,R4,R5,R7,R13,R5,R13
RESP_0200,C5,5,R5,R6,R8,R1,R1,R8
RESP_0200,C6,6,R6,R7,R9,R2,R7,R6
RESP_0200,C7,7,R7,R8,R10,R3,R8,R10
RESP_0200,C8,8,R8,R9,R11,R4,R8,R11
RESP_0200,C9,9,R9,R10,R12,R5,R5,R12
RESP_0200,C10,10,R10,R11,R13,R6,R6,R10
RESP_0200,C11,11,R11,R12,R1,R7,R1,R11
RESP_0200,C12,12,R12,R13,R2,R8,R8,R13
RESP_0200,C13,13,R13,R1,R3,R9,R3,R13
RESP_0201,C1,1,R1,R2,R4,R10,R1,R4
RESP_0201,C2,2,R2,R3,R5,R11,R2,R11
RESP_0201,C3,3,R3,R4,R6,R12,R3,R6
RESP_0201,C4,4,R4,R5,R7,R13,R7,R13
RESP_0201,C5,5,R5,R6,R8,R1,R1,R8
RESP_0201,C6,6,R6,R7,R9,R2,R2,R7
RESP_0201,C7,7,R7,R8,R10,R3,R8,R10
RESP_0201,C8,8,R8,R9,R11,R4,R8,R11
RESP_0201,C9,9,R9,R10,R12,R5,R9,R12
RESP_0201,C10,10,R10,R11,R13,R6,R6,R10
RESP_0201,C11,11,R11,R12,R1,R7,R12,R11
RESP_0201,C12,12,R12,R13,R2,R8,R8,R13
RESP_0201,C13,13,R13,R1,R3,R9,R13,R9
RESP_0202,C1,1,R1,R2,R4,R10,R2,R10
RESP_0202,C2,2,R2,R3,R5,R11,R2,R11
RESP_0202,C3,3,R3,R4,R6,R12,R12,R3
RESP_0202,C4,4,R4,R5,R7,R13,R7,R13
RESP_0202,C5,5,R5,R6,R8,R1,R5,R6
RESP_0202,C6,6,R6,R7,R9,R2,R6,R9
RESP_0202,C7,7,R7,R8,R10,R3,R8,R10
RESP_0202,C8,8,R8,R9,R11,R4,R9,R11
RESP_0202,C9,9,R9,R10,R12,R5,R5,R10
RESP_0202,C10,10,R10,R11,R13,R6,R11,R10
RESP_0202,C11,11,R11,R12,R1,R7,R11,R12
RESP_0202,C12,12,R12,R13,R2,R8,R8,R13
RESP_0202,C13,13,R13,R1,R3,R9,R3,R9
RESP_0203,C1,1,R1,R2,R4,R10,R4,R2
RESP_0203,C2,2,R2,R3,R5,R11,R5,R11
RESP_0203,C3,3,R3,R4,R6,R12,R4,R12
RESP_0203,C4,4,R4,R5,R7,R13,R4,R13
RESP_0203,C5,5,R5,R6,R8,R1,R5,R8
RESP_0203,C6,6,R6,R7,R9,R2,R6,R7
RESP_0203,C7,7,R7,R8,R10,R3,R3,R10
RESP_0203,C8,8,R8,R9,R11,R4,R8,R11
RESP_0203,C9,9,R9,R10,R12,R5,R5,R9
RESP_0203,C10,10,R10,R11,R13,R6,R6,R10
RESP_0203,C11,11,R11,R12,R1,R7,R1,R12
RESP_0203,C12,12,R12,R13,R2,R8,R8,R13
RESP_0203,C13,13,R13,R1,R3,R9,R1,R13
RESP_0204,C1,1,R1,R2,R4,R10,R4,R1
RESP_0204,C2,2,R2,R3,R5,R11,R3,R11
RESP_0204,C3,3,R3,R4,R6,R12,R3,R12
RESP_0204,C4,4,R4,R5,R7,R13,R5,R13
RESP_0204,C5,5,R5,R6,R8,R1,R5,R6
RESP_0204,C6,6,R6,R7,R9,R2,R6,R9
RESP_0204,C7,7,R7,R8,R10,R3,R8,R3
RESP_0204,C8,8,R8,R9,R11,R4,R4,R9
RESP_0204,C9,9,R9,R10,R12,R5,R5,R12
RESP_0204,C10,10,R10,R11,R13,R6,R13,R10
RESP_0204,C11,11,R11,R12,R1,R7,R11,R12
RESP_0204,C12,12,R12,R13,R2,R8,R2,R12
RESP_0204,C13,13,R13,R1,R3,R9,R3,R9
RESP_0205,C1,1,R1,R2,R4,R10,R10,R4
RESP_0205,C2,2,R2,R3,R5,R11,R2,R5
RESP_0205,C3,3,R3,R4,R6,R12,R12,R4
RESP_0205,C4,4,R4,R5,R7,R13,R13,R7
RESP_0205,C5,5,R5,R6,R8,R1,R5,R1
RESP_0205,C6,6,R6,R7,R9,R2,R6,R7
RESP_0205,C7,7,R7,R8,R10,R3,R10,R7
RESP_0205,C8,8,R8,R9,R11,R4,R8,R4
RESP_0205,C9,9,R9,R10,R12,R5,R10,R12
RESP_0205,C10,10,R10,R11,R13,R6,R10,R13
RESP_0205,C11,11,R11,R12,R1,R7,R12,R11
RESP_0205,C12,12,R12,R13,R2,R8,R2,R12
RESP_0205,C13,13,R13,R1,R3,R9,R13,R9
RESP_0206,C1,1,R1,R2,R4,R10,R1,R10
RESP_0206,C2,2,R2,R3,R5,R11,R5,R11
RESP_0206,C3,3,R3,R4,R6,R12,R4,R6
RESP_0206,C4,4,R4,R5,R7,R13,R13,R4
RESP_0206,C5,5,R5,R6,R8,R1,R1,R6
RESP_0206,C6,6,R6,R7,R9,R2,R6,R9
RESP_0206,C7,7,R7,R8,R10,R3,R7,R3
RESP_0206,C8,8,R8,R9,R11,R4,R11,R9
RESP_0206,C9,9,R9,R10,R12,R5,R5,R12
RESP_0206,C10,10,R10,R11,R13,R6,R6,R11
RESP_0206,C11,11,R11,R12,R1,R7,R1,R12
RESP_0206,C12,12,R12,R13,R2,R8,R8,R13
RESP_0206,C13,13,R13,R1,R3,R9,R3,R1
RESP_0207,C1,1,R1,R2,R4,R10,R10,R4
RESP_0207,C2,2,R2,R3,R5,R11,R5,R2
RESP_0207,C3,3,R3,R4,R6,R12,R3,R4
RESP_0207,C4,4,R4,R5,R7,R13,R5,R13
RESP_0207,C5,5,R5,R6,R8,R1,R8,R6
RESP_0207,C6,6,R6,R7,R9,R2,R6,R2
RESP_0207,C7,7,R7,R8,R10,R3,R8,R7
RESP_0207,C8,8,R8,R9,R11,R4,R8,R4
RESP_0207,C9,9,R9,R10,R12,R5,R5,R9
RESP_0207,C10,10,R10,R11,R13,R6,R13,R6
RESP_0207,C11,11,R11,R12,R1,R7,R7,R12
RESP_0207,C12,12,R12,R13,R2,R8,R2,R13
RESP_0207,C13,13,R13,R1,R3,R9,R1,R9
RESP_0208,C1,1,R1,R2,R4,R10,R4,R10
RESP_0208,C2,2,R2,R3,R5,R11,R3,R11
RESP_0208,C3,3,R3,R4,R6,R12,R3,R6
RESP_0208,C4,4,R4,R5,R7,R13,R7,R5
RESP_0208,C5,5,R5,R6,R8,R1,R8,R5
RESP_0208,C6,6,R6,R7,R9,R2,R2,R9
RESP_0208,C7,7,R7,R8,R10,R3,R10,R7
RESP_0208,C8,8,R8,R9,R11,R4,R11,R9
RESP_0208,C9,9,R9,R10,R12,R5,R12,R9
RESP_0208,C10,10,R10,R11,R13,R6,R6,R11
RESP_0208,C11,11,R11,R12,R1,R7,R1,R7
RESP_0208,C12,12,R12,R13,R2,R8,R2,R13
RESP_0208,C13,13,R13,R1,R3,R9,R1,R9
RESP_0209,C1,1,R1,R2,R4,R10,R2,R10
RESP_0209,C2,2,R2,R3,R5,R11,R5,R11
RESP_0209,C3,3,R3,R4,R6,R12,R12,R6
RESP_0209,C4,4,R4,R5,R7,R13,R5,R13
RESP_0209,C5,5,R5,R6,R8,R1,R8,R6
RESP_0209,C6,6,R6,R7,R9,R2,R2,R7
RESP_0209,C7,7,R7,R8,R10,R3,R3,R10
RESP_0209,C8,8,R8,R9,R11,R4,R11,R4
RESP_0209,C9,9,R9,R10,R12,R5,R5,R9
RESP_0209,C10,10,R10,R11,R13,R6,R10,R13
RESP_0209,C11,11,R11,R12,R1,R7,R1,R11
RESP_0209,C12,12,R12,R13,R2,R8,R13,R12
RESP_0209,C13,13,R13,R1,R3,R9,R3,R13
RESP_0210,C1,1,R1,R2,R4,R10,R1,R4
RESP_0210,C2,2,R2,R3,R5,R11,R3,R11
RESP_0210,C3,3,R3,R4,R6,R12,R6,R12
RESP_0210,C4,4,R4,R5,R7,R13,R7,R13
RESP_0210,C5,5,R5,R6,R8,R1,R8,R5
RESP_0210,C6,6,R6,R7,R9,R2,R6,R7
RESP_0210,C7,7,R7,R8,R10,R3,R3,R10
RESP_0210,C8,8,R8,R9,R11,R4,R11,R8
RESP_0210,C9,9,R9,R10,R12,R5,R5,R12
RESP_0210,C10,10,R10,R11,R13,R6,R6,R11
RESP_0210,C11,11,R11,R12,R1,R7,R1,R12
RESP_0210,C12,12,R12,R13,R2,R8,R12,R13
RESP_0210,C13,13,R13,R1,R3,R9,R9,R13
RESP_0211,C1,1,R1,R2,R4,R10,R1,R4
RESP_0211,C2,2,R2,R3,R5,R11,R3,R2
RESP_0211,C3,3,R3,R4,R6,R12,R3,R4
RESP_0211,C4,4,R4,R5,R7,R13,R13,R4
RESP_0211,C5,5,R5,R6,R8,R1,R5,R1
RESP_0211,C6,6,R6,R7,R9,R2,R9,R2
RESP_0211,C7,7,R7,R8,R10,R3,R7,R10
RESP_0211,C8,8,R8,R9,R11,R4,R8,R9
RESP_0211,C9,9,R9,R10,R12,R5,R5,R10
RESP_0211,C10,10,R10,R11,R13,R6,R10,R11
RESP_0211,C11,11,R11,R12,R1,R7,R12,R11
RESP_0211,C12,12,R12,R13,R2,R8,R8,R13
RESP_0211,C13,13,R13,R1,R3,R9,R3,R13
RESP_0212,C1,1,R1,R2,R4,R10,R1,R4
RESP_0212,C2,2,R2,R3,R5,R11,R5,R11
RESP_0212,C3,3,R3,R4,R6,R12,R6,R4
RESP_0212,C4,4,R4,R5,R7,R13,R5,R4
RESP_0212,C5,5,R5,R6,R8,R1,R6,R1
RESP_0212,C6,6,R6,R7,R9,R2,R6,R7
RESP_0212,C7,7,R7,R8,R10,R3,R7,R8
RESP_0212,C8,8,R8,R9,R11,R4,R4,R9
RESP_0212,C9,9,R9,R10,R12,R5,R10,R12
RESP_0212,C10,10,R10,R11,R13,R6,R10,R6
RESP_0212,C11,11,R11,R12,R1,R7,R7,R11
RESP_0212,C12,12,R12,R13,R2,R8,R2,R8
RESP_0212,C13,13,R13,R1,R3,R9,R1,R13
RESP_0213,C1,1,R1,R2,R4,R10,R10,R1
RESP_0213,C2,2,R2,R3,R5,R11,R5,R11
RESP_0213,C3,3,R3,R4,R6,R12,R4,R12
RESP_0213,C4,4,R4,R5,R7,R13,R5,R4
RESP_0213,C5,5,R5,R6,R8,R1,R8,R6
RESP_0213,C6,6,R6,R7,R9,R2,R6,R9
RESP_0213,C7,7,R7,R8,R10,R3,R3,R8
RESP_0213,C8,8,R8,R9,R11,R4,R8,R4
RESP_0213,C9,9,R9,R10,R12,R5,R12,R10
RESP_0213,C10,10,R10,R11,R13,R6,R10,R6
RESP_0213,C11,11,R11,R12,R1,R7,R11,R12
RESP_0213,C12,12,R12,R13,R2,R8,R12,R13
RESP_0213,C13,13,R13,R1,R3,R9,R3,R9
RESP_0214,C1,1,R1,R2,R4,R10,R4,R10
RESP_0214,C2,2,R2,R3,R5,R11,R3,R2
RESP_0214,C3,3,R3,R4,R6,R12,R6,R12
RESP_0214,C4,4,R4,R5,R7,R13,R5,R13
RESP_0214,C5,5,R5,R6,R8,R1,R5,R6
RESP_0214,C6,6,R6,R7,R9,R2,R7,R9
RESP_0214,C7,7,R7,R8,R10,R3,R8,R3
RESP_0214,C8,8,R8,R9,R11,R4,R9,R4
RESP_0214,C9,9,R9,R10,R12,R5,R5,R12
RESP_0214,C10,10,R10,R11,R13,R6,R13,R11
RESP_0214,C11,11,R11,R12,R1,R7,R7,R11
RESP_0214,C12,12,R12,R13,R2,R8,R12,R8
RESP_0214,C13,13,R13,R1,R3,R9,R13,R3
RESP_0215,C1,1,R1,R2,R4,R10,R2,R10
RESP_0215,C2,2,R2,R3,R5,R11,R2,R3
RESP_0215,C3,3,R3,R4,R6,R12,R3,R4
RESP_0215,C4,4,R4,R5,R7,R13,R7,R4
RESP_0215,C5,5,R5,R6,R8,R1,R1,R6
RESP_0215,C6,6,R6,R7,R9,R2,R6,R7
RESP_0215,C7,7,R7,R8,R10,R3,R7,R3
RESP_0215,C8,8,R8,R9,R11,R4,R9,R4
RESP_0215,C9,9,R9,R10,R12,R5,R5,R9
RESP_0215,C10,10,R10,R11,R13,R6,R10,R13
RESP_0215,C11,11,R11,R12,R1,R7,R1,R7
RESP_0215,C12,12,R12,R13,R2,R8,R8,R13
RESP_0215,C13,13,R13,R1,R3,R9,R9,R13
RESP_0216,C1,1,R1,R2,R4,R10,R4,R10
RESP_0216,C2,2,R2,R3,R5,R11,R5,R11
RESP_0216,C3,3,R3,R4,R6,R12,R3,R12
RESP_0216,C4,4,R4,R5,R7,R13,R4,R13
RESP_0216,C5,5,R5,R6,R8,R1,R1,R5
RESP_0216,C6,6,R6,R7,R9,R2,R2,R9
RESP_0216,C7,7,R7,R8,R10,R3,R3,R10
RESP_0216,C8,8,R8,R9,R11,R4,R9,R11
RESP_0216,C9,9,R9,R10,R12,R5,R5,R9
RESP_0216,C10,10,R10,R11,R13,R6,R11,R13
RESP_0216,C11,11,R11,R12,R1,R7,R1,R12
RESP_0216,C12,12,R12,R13,R2,R8,R8,R12
RESP_0216,C13,13,R13,R1,R3,R9,R1,R13
RESP_0217,C1,1,R1,R2,R4,R10,R4,R10
RESP_0217,C2,2,R2,R3,R5,R11,R5,R3
RESP_0217,C3,3,R3,R4,R6,R12,R6,R12
RESP_0217,C4,4,R4,R5,R7,R13,R7,R5
RESP_0217,C5,5,R5,R6,R8,R1,R5,R6
RESP_0217,C6,6,R6,R7,R9,R2,R9,R6
RESP_0217,C7,7,R7,R8,R10,R3,R10,R3
RESP_0217,C8,8,R8,R9,R11,R4,R8,R9
RESP_0217,C9,9,R9,R10,R12,R5,R12,R9
RESP_0217,C10,10,R10,R11,R13,R6,R6,R10
RESP_0217,C11,11,R11,R12,R1,R7,R7,R11
RESP_0217,C12,12,R12,R13,R2,R8,R8,R12
RESP_0217,C13,13,R13,R1,R3,R9,R1,R3
RESP_0218,C1,1,R1,R2,R4,R10,R1,R10
RESP_0218,C2,2,R2,R3,R5,R11,R3,R2
RESP_0218,C3,3,R3,R4,R6,R12,R6,R12
RESP_0218,C4,4,R4,R5,R7,R13,R7,R13
RESP_0218,C5,5,R5,R6,R8,R1,R5,R1
RESP_0218,C6,6,R6,R7,R9,R2,R2,R9
RESP_0218,C7,7,R7,R8,R10,R3,R3,R7
RESP_0218,C8,8,R8,R9,R11,R4,R8,R9
RESP_0218,C9,9,R9,R10,R12,R5,R5,R12
RESP_0218,C10,10,R10,R11,R13,R6,R6,R13
RESP_0218,C11,11,R11,R12,R1,R7,R1,R11
RESP_0218,C12,12,R12,R13,R2,R8,R13,R12
RESP_0218,C13,13,R13,R1,R3,R9,R1,R9
RESP_0219,C1,1,R1,R2,R4,R10,R4,R10
RESP_0219,C2,2,R2,R3,R5,R11,R5,R3
RESP_0219,C3,3,R3,R4,R6,R12,R6,R12
RESP_0219,C4,4,R4,R5,R7,R13,R7,R13
RESP_0219,C5,5,R5,R6,R8,R1,R6,R5
RESP_0219,C6,6,R6,R7,R9,R2,R6,R9
RESP_0219,C7,7,R7,R8,R10,R3,R7,R10
RESP_0219,C8,8,R8,R9,R11,R4,R9,R11
RESP_0219,C9,9,R9,R10,R12,R5,R5,R9
RESP_0219,C10,10,R10,R11,R13,R6,R6,R11
RESP_0219,C11,11,R11,R12,R1,R7,R12,R11
RESP_0219,C12,12,R12,R13,R2,R8,R13,R12
RESP_0219,C13,13,R13,R1,R3,R9,R1,R13
RESP_0220,C1,1,R1,R2,R4,R10,R2,R4
RESP_0220,C2,2,R2,R3,R5,R11,R3,R11
RESP_0220,C3,3,R3,R4,R6,R12,R12,R6
RESP_0220,C4,4,R4,R5,R7,R13,R7,R5
RESP_0220,C5,5,R5,R6,R8,R1,R1,R6
RESP_0220,C6,6,R6,R7,R9,R2,R2,R9
RESP_0220,C7,7,R7,R8,R10,R3,R3,R10
RESP_0220,C8,8,R8,R9,R11,R4,R8,R11
RESP_0220,C9,9,R9,R10,R12,R5,R5,R10
RESP_0220,C10,10,R10,R11,R13,R6,R6,R13
RESP_0220,C11,11,R11,R12,R1,R7,R11,R12
RESP_0220,C12,12,R12,R13,R2,R8,R13,R2
RESP_0220,C13,13,R13,R1,R3,R9,R3,R13
RESP_0221,C1,1,R1,R2,R4,R10,R4,R10
RESP_0221,C2,2,R2,R3,R5,R11,R3,R11
RESP_0221,C3,3,R3,R4,R6,R12,R6,R12
RESP_0221,C4,4,R4,R5,R7,R13,R5,R7
RESP_0221,C5,5,R5,R6,R8,R1,R6,R1
RESP_0221,C6,6,R6,R7,R9,R2,R2,R6
RESP_0221,C7,7,R7,R8,R10,R3,R8,R10
RESP_0221,C8,8,R8,R9,R11,R4,R4,R11
RESP_0221,C9,9,R9,R10,R12,R5,R5,R12
RESP_0221,C10,10,R10,R11,R13,R6,R6,R13
RESP_0221,C11,11,R11,R12,R1,R7,R1,R11
RESP_0221,C12,12,R12,R13,R2,R8,R2,R13
RESP_0221,C13,13,R13,R1,R3,R9,R1,R13
RESP_0222,C1,1,R1,R2,R4,R10,R4,R2
RESP_0222,C2,2,R2,R3,R5,R11,R11,R3
RESP_0222,C3,3,R3,R4,R6,R12,R6,R3
RESP_0222,C4,4,R4,R5,R7,R13,R13,R7
RESP_0222,C5,5,R5,R6,R8,R1,R6,R8
RESP_0222,C6,6,R6,R7,R9,R2,R7,R6
RESP_0222,C7,7,R7,R8,R10,R3,R3,R8
RESP_0222,C8,8,R8,R9,R11,R4,R8,R9
RESP_0222,C9,9,R9,R10,R12,R5,R10,R9
RESP_0222,C10,10,R10,R11,R13,R6,R6,R13
RESP_0222,C11,11,R11,R12,R1,R7,R7,R11
RESP_0222,C12,12,R12,R13,R2,R8,R2,R13
RESP_0222,C13,13,R13,R1,R3,R9,R1,R13
RESP_0223,C1,1,R1,R2,R4,R10,R10,R2
RESP_0223,C2,2,R2,R3,R5,R11,R3,R2
RESP_0223,C3,3,R3,R4,R6,R12,R6,R12
RESP_0223,C4,4,R4,R5,R7,R13,R5,R13
RESP_0223,C5,5,R5,R6,R8,R1,R6,R8
RESP_0223,C6,6,R6,R7,R9,R2,R6,R7
RESP_0223,C7,7,R7,R8,R10,R3,R3,R8
RESP_0223,C8,8,R8,R9,R11,R4,R11,R9
RESP_0223,C9,9,R9,R10,R12,R5,R9,R10
RESP_0223,C10,10,R10,R11,R13,R6,R11,R13
RESP_0223,C11,11,R11,R12,R1,R7,R1,R11
RESP_0223,C12,12,R12,R13,R2,R8,R8,R13
RESP_0223,C13,13,R13,R1,R3,R9,R9,R13
RESP_0224,C1,1,R1,R2,R4,R10,R10,R4
RESP_0224,C2,2,R2,R3,R5,R11,R2,R3
RESP_0224,C3,3,R3,R4,R6,R12,R6,R3
RESP_0224,C4,4,R4,R5,R7,R13,R4,R13
RESP_0224,C5,5,R5,R6,R8,R1,R6,R8
RESP_0224,C6,6,R6,R7,R9,R2,R6,R9
RESP_0224,C7,7,R7,R8,R10,R3,R3,R7
RESP_0224,C8,8,R8,R9,R11,R4,R8,R9
RESP_0224,C9,9,R9,R10,R12,R5,R12,R10
RESP_0224,C10,10,R10,R11,R13,R6,R13,R10
RESP_0224,C11,11,R11,R12,R1,R7,R7,R12
RESP_0224,C12,12,R12,R13,R2,R8,R8,R2
RESP_0224,C13,13,R13,R1,R3,R9,R3,R13
RESP_0225,C1,1,R1,R2,R4,R10,R10,R4
RESP_0225,C2,2,R2,R3,R5,R11,R5,R11
RESP_0225,C3,3,R3,R4,R6,R12,R3,R12
RESP_0225,C4,4,R4,R5,R7,R13,R5,R4
RESP_0225,C5,5,R5,R6,R8,R1,R8,R5
RESP_0225,C6,6,R6,R7,R9,R2,R7,R6
RESP_0225,C7,7,R7,R8,R10,R3,R8,R10
RESP_0225,C8,8,R8,R9,R11,R4,R8,R4
RESP_0225,C9,9,R9,R10,R12,R5,R5,R12
RESP_0225,C10,10,R10,R11,R13,R6,R13,R10
RESP_0225,C11,11,R11,R12,R1,R7,R11,R12
RESP_0225,C12,12,R12,R13,R2,R8,R12,R13
RESP_0225,C13,13,R13,R1,R3,R9,R1,R9
RESP_0226,C1,1,R1,R2,R4,R10,R2,R10
RESP_0226,C2,2,R2,R3,R5,R11,R3,R11
RESP_0226,C3,3,R3,R4,R6,R12,R12,R6
RESP_0226,C4,4,R4,R5,R7,R13,R5,R4
RESP_0226,C5,5,R5,R6,R8,R1,R1,R5
RESP_0226,C6,6,R6,R7,R9,R2,R2,R9
RESP_0226,C7,7,R7,R8,R10,R3,R10,R7
RESP_0226,C8,8,R8,R9,R11,R4,R4,R9
RESP_0226,C9,9,R9,R10,R12,R5,R9,R12
RESP_0226,C10,10,R10,R11,R13,R6,R6,R10
RESP_0226,C11,11,R11,R12,R1,R7,R11,R7
RESP_0226,C12,12,R12,R13,R2,R8,R12,R13
RESP_0226,C13,13,R13,R1,R3,R9,R3,R13
RESP_0227,C1,1,R1,R2,R4,R10,R2,R10
RESP_0227,C2,2,R2,R3,R5,R11,R5,R11
RESP_0227,C3,3,R3,R4,R6,R12,R4,R3
RESP_0227,C4,4,R4,R5,R7,R13,R5,R13
RESP_0227,C5,5,R5,R6,R8,R1,R8,R1
RESP_0227,C6,6,R6,R7,R9,R2,R9,R6
RESP_0227,C7,7,R7,R8,R10,R3,R7,R3
RESP_0227,C8,8,R8,R9,R11,R4,R4,R9
RESP_0227,C9,9,R9,R10,R12,R5,R5,R9
RESP_0227,C10,10,R10,R11,R13,R6,R10,R6
RESP_0227,C11,11,R11,R12,R1,R7,R1,R11
RESP_0227,C12,12,R12,R13,R2,R8,R2,R13
RESP_0227,C13,13,R13,R1,R3,R9,R1,R9
RESP_0228,C1,1,R1,R2,R4,R10,R1,R10
RESP_0228,C2,2,R2,R3,R5,R11,R5,R11
RESP_0228,C3,3,R3,R4,R6,R12,R6,R4
RESP_0228,C4,4,R4,R5,R7,R13,R5,R7
RESP_0228,C5,5,R5,R6,R8,R1,R6,R1
RESP_0228,C6,6,R6,R7,R9,R2,R6,R9
RESP_0228,C7,7,R7,R8,R10,R3,R7,R8
RESP_0228,C8,8,R8,R9,R11,R4,R8,R9
RESP_0228,C9,9,R9,R10,R12,R5,R9,R10
RESP_0228,C10,10,R10,R11,R13,R6,R6,R11
RESP_0228,C11,11,R11,R12,R1,R7,R7,R12
RESP_0228,C12,12,R12,R13,R2,R8,R12,R13
RESP_0228,C13,13,R13,R1,R3,R9,R9,R3
RESP_0229,C1,1,R1,R2,R4,R10,R1,R10
RESP_0229,C2,2,R2,R3,R5,R11,R5,R11
RESP_0229,C3,3,R3,R4,R6,R12,R4,R3
RESP_0229,C4,4,R4,R5,R7,R13,R4,R13
RESP_0229,C5,5,R5,R6,R8,R1,R6,R1
RESP_0229,C6,6,R6,R7,R9,R2,R7,R9
RESP_0229,C7,7,R7,R8,R10,R3,R3,R10
RESP_0229,C8,8,R8,R9,R11,R4,R8,R4
RESP_0229,C9,9,R9,R10,R12,R5,R12,R10
RESP_0229,C10,10,R10,R11,R13,R6,R6,R10
RESP_0229,C11,11,R11,R12,R1,R7,R1,R12
RESP_0229,C12,12,R12,R13,R2,R8,R8,R13
RESP_0229,C13,13,R13,R1,R3,R9,R1,R13
RESP_0230,C1,1,R1,R2,R4,R10,R2,R4
RESP_0230,C2,2,R2,R3,R5,R11,R11,R2
RESP_0230,C3,3,R3,R4,R6,R12,R3,R4
RESP_0230,C4,4,R4,R5,R7,R13,R5,R7
RESP_0230,C5,5,R5,R6,R8,R1,R8,R6
RESP_0230,C6,6,R6,R7,R9,R2,R2,R7
RESP_0230,C7,7,R7,R8,R10,R3,R8,R10
RESP_0230,C8,8,R8,R9,R11,R4,R4,R8
RESP_0230,C9,9,R9,R10,R12,R5,R12,R9
RESP_0230,C10,10,R10,R11,R13,R6,R6,R13
RESP_0230,C11,11,R11,R12,R1,R7,R11,R1
RESP_0230,C12,12,R12,R13,R2,R8,R13,R2
RESP_0230,C13,13,R13,R1,R3,R9,R1,R9
RESP_0231,C1,1,R1,R2,R4,R10,R10,R4
RESP_0231,C2,2,R2,R3,R5,R11,R11,R5
RESP_0231,C3,3,R3,R4,R6,R12,R6,R12
RESP_0231,C4,4,R4,R5,R7,R13,R5,R7
RESP_0231,C5,5,R5,R6,R8,R1,R5,R8
RESP_0231,C6,6,R6,R7,R9,R2,R2,R9
RESP_0231,C7,7,R7,R8,R10,R3,R3,R8
RESP_0231,C8,8,R8,R9,R11,R4,R8,R4
RESP_0231,C9,9,R9,R10,R12,R5,R12,R10
RESP_0231,C10,10,R10,R11,R13,R6,R6,R11
RESP_0231,C11,11,R11,R12,R1,R7,R12,R11
RESP_0231,C12,12,R12,R13,R2,R8,R2,R8
RESP_0231,C13,13,R13,R1,R3,R9,R1,R13
RESP_0232,C1,1,R1,R2,R4,R10,R2,R10
RESP_0232,C2,2,R2,R3,R5,R11,R2,R3
RESP_0232,C3,3,R3,R4,R6,R12,R3,R4
RESP_0232,C4,4,R4,R5,R7,R13,R5,R4
RESP_0232,C5,5,R5,R6,R8,R1,R6,R8
RESP_0232,C6,6,R6,R7,R9,R2,R6,R7
RESP_0232,C7,7,R7,R8,R10,R3,R7,R8
RESP_0232,C8,8,R8,R9,R11,R4,R4,R11
RESP_0232,C9,9,R9,R10,R12,R5,R10,R5
RESP_0232,C10,10,R10,R11,R13,R6,R6,R11
RESP_0232,C11,11,R11,R12,R1,R7,R7,R12
RESP_0232,C12,12,R12,R13,R2,R8,R2,R12
RESP_0232,C13,13,R13,R1,R3,R9,R3,R13
RESP_0233,C1,1,R1,R2,R4,R10,R1,R4
RESP_0233,C2,2,R2,R3,R5,R11,R2,R11
RESP_0233,C3,3,R3,R4,R6,R12,R3,R4
RESP_0233,C4,4,R4,R5,R7,R13,R5,R13
RESP_0233,C5,5,R5,R6,R8,R1,R6,R8
RESP_0233,C6,6,R6,R7,R9,R2,R6,R7
RESP_0233,C7,7,R7,R8,R10,R3,R7,R10
RESP_0233,C8,8,R8,R9,R11,R4,R8,R4
RESP_0233,C9,9,R9,R10,R12,R5,R9,R5
RESP_0233,C10,10,R10,R11,R13,R6,R6,R11
RESP_0233,C11,11,R11,R12,R1,R7,R7,R11
RESP_0233,C12,12,R12,R13,R2,R8,R2,R12
RESP_0233,C13,13,R13,R1,R3,R9,R1,R9
RESP_0234,C1,1,R1,R2,R4,R10,R1,R10
RESP_0234,C2,2,R2,R3,R5,R11,R3,R5
RESP_0234,C3,3,R3,R4,R6,R12,R4,R12
RESP_0234,C4,4,R4,R5,R7,R13,R5,R7
RESP_0234,C5,5,R5,R6,R8,R1,R6,R8
RESP_0234,C6,6,R6,R7,R9,R2,R7,R9
RESP_0234,C7,7,R7,R8,R10,R3,R7,R10
RESP_0234,C8,8,R8,R9,R11,R4,R4,R9
RESP_0234,C9,9,R9,R10,R12,R5,R5,R9
RESP_0234,C10,10,R10,R11,R13,R6,R6,R10
RESP_0234,C11,11,R11,R12,R1,R7,R1,R12
RESP_0234,C12,12,R12,R13,R2,R8,R12,R13
RESP_0234,C13,13,R13,R1,R3,R9,R3,R13
RESP_0235,C1,1,R1,R2,R4,R10,R4,R10
RESP_0235,C2,2,R2,R3,R5,R11,R5,R11
RESP_0235,C3,3,R3,R4,R6,R12,R4,R12
RESP_0235,C4,4,R4,R5,R7,R13,R5,R4
RESP_0235,C5,5,R5,R6,R8,R1,R6,R8
RESP_0235,C6,6,R6,R7,R9,R2,R2,R9
RESP_0235,C7,7,R7,R8,R10,R3,R8,R10
RESP_0235,C8,8,R8,R9,R11,R4,R11,R4
RESP_0235,C9,9,R9,R10,R12,R5,R9,R10
RESP_0235,C10,10,R10,R11,R13,R6,R13,R11
RESP_0235,C11,11,R11,R12,R1,R7,R1,R11
RESP_0235,C12,12,R12,R13,R2,R8,R2,R13
RESP_0235,C13,13,R13,R1,R3,R9,R1,R13
RESP_0236,C1,1,R1,R2,R4,R10,R2,R4
RESP_0236,C2,2,R2,R3,R5,R11,R5,R3
RESP_0236,C3,3,R3,R4,R6,R12,R3,R12
RESP_0236,C4,4,R4,R5,R7,R13,R13,R7
RESP_0236,C5,5,R5,R6,R8,R1,R5,R1
RESP_0236,C6,6,R6,R7,R9,R2,R7,R9
RESP_0236,C7,7,R7,R8,R10,R3,R8,R10
RESP_0236,C8,8,R8,R9,R11,R4,R11,R8
RESP_0236,C9,9,R9,R10,R12,R5,R9,R12
RESP_0236,C10,10,R10,R11,R13,R6,R10,R11
RESP_0236,C11,11,R11,R12,R1,R7,R12,R1
RESP_0236,C12,12,R12,R13,R2,R8,R2,R13
RESP_0236,C13,13,R13,R1,R3,R9,R13,R9
RESP_0237,C1,1,R1,R2,R4,R10,R1,R2
RESP_0237,C2,2,R2,R3,R5,R11,R2,R11
RESP_0237,C3,3,R3,R4,R6,R12,R4,R3
RESP_0237,C4,4,R4,R5,R7,R13,R5,R4
RESP_0237,C5,5,R5,R6,R8,R1,R5,R8
RESP_0237,C6,6,R6,R7,R9,R2,R9,R7
RESP_0237,C7,7,R7,R8,R10,R3,R10,R8
RESP_0237,C8,8,R8,R9,R11,R4,R11,R9
RESP_0237,C9,9,R9,R10,R12,R5,R10,R9
RESP_0237,C10,10,R10,R11,R13,R6,R13,R10
RESP_0237,C11,11,R11,R12,R1,R7,R12,R7
RESP_0237,C12,12,R12,R13,R2,R8,R12,R8
RESP_0237,C13,13,R13,R1,R3,R9,R1,R9
RESP_0238,C1,1,R1,R2,R4,R10,R4,R1
RESP_0238,C2,2,R2,R3,R5,R11,R11,R2
RESP_0238,C3,3,R3,R4,R6,R12,R4,R6
RESP_0238,C4,4,R4,R5,R7,R13,R4,R13
RESP_0238,C5,5,R5,R6,R8,R1,R6,R8
RESP_0238,C6,6,R6,R7,R9,R2,R2,R9
RESP_0238,C7,7,R7,R8,R10,R3,R8,R10
RESP_0238,C8,8,R8,R9,R11,R4,R9,R4
RESP_0238,C9,9,R9,R10,R12,R5,R10,R9
RESP_0238,C10,10,R10,R11,R13,R6,R6,R13
RESP_0238,C11,11,R11,R12,R1,R7,R1,R11
RESP_0238,C12,12,R12,R13,R2,R8,R8,R13
RESP_0238,C13,13,R13,R1,R3,R9,R9,R3
RESP_0239,C1,1,R1,R2,R4,R10,R2,R4
RESP_0239,C2,2,R2,R3,R5,R11,R2,R3
RESP_0239,C3,3,R3,R4,R6,R12,R6,R4
RESP_0239,C4,4,R4,R5,R7,R13,R7,R13
RESP_0239,C5,5,R5,R6,R8,R1,R1,R6
RESP_0239,C6,6,R6,R7,R9,R2,R6,R9
RESP_0239,C7,7,R7,R8,R10,R3,R7,R8
RESP_0239,C8,8,R8,R9,R11,R4,R8,R9
RESP_0239,C9,9,R9,R10,R12,R5,R5,R9
RESP_0239,C10,10,R10,R11,R13,R6,R6,R13
RESP_0239,C11,11,R11,R12,R1,R7,R7,R12
RESP_0239,C12,12,R12,R13,R2,R8,R8,R12
RESP_0239,C13,13,R13,R1,R3,R9,R3,R9
RESP_0240,C1,1,R1,R2,R4,R10,R1,R4
RESP_0240,C2,2,R2,R3,R5,R11,R2,R11
RESP_0240,C3,3,R3,R4,R6,R12,R3,R12
RESP_0240,C4,4,R4,R5,R7,R13,R5,R13
RESP_0240,C5,5,R5,R6,R8,R1,R5,R8
RESP_0240,C6,6,R6,R7,R9,R2,R7,R9
RESP_0240,C7,7,R7,R8,R10,R3,R3,R7
RESP_0240,C8,8,R8,R9,R11,R4,R11,R4
RESP_0240,C9,9,R9,R10,R12,R5,R5,R9
RESP_0240,C10,10,R10,R11,R13,R6,R6,R11
RESP_0240,C11,11,R11,R12,R1,R7,R1,R11
RESP_0240,C12,12,R12,R13,R2,R8,R8,R12
RESP_0240,C13,13,R13,R1,R3,R9,R1,R9
RESP_0241,C1,1,R1,R2,R4,R10,R1,R10
RESP_0241,C2,2,R2,R3,R5,R11,R5,R3
RESP_0241,C3,3,R3,R4,R6,R12,R6,R4
RESP_0241,C4,4,R4,R5,R7,R13,R7,R5
RESP_0241,C5,5,R5,R6,R8,R1,R1,R6
RESP_0241,C6,6,R6,R7,R9,R2,R6,R2
RESP_0241,C7,7,R7,R8,R10,R3,R10,R7
RESP_0241,C8,8,R8,R9,R11,R4,R11,R9
RESP_0241,C9,9,R9,R10,R12,R5,R5,R9
RESP_0241,C10,10,R10,R11,R13,R6,R13,R11
RESP_0241,C11,11,R11,R12,R1,R7,R1,R12
RESP_0241,C12,12,R12,R13,R2,R8,R12,R2
RESP_0241,C13,13,R13,R1,R3,R9,R1,R9
RESP_0242,C1,1,R1,R2,R4,R10,R10,R4
RESP_0242,C2,2,R2,R3,R5,R11,R5,R11
RESP_0242,C3,3,R3,R4,R6,R12,R6,R4
RESP_0242,C4,4,R4,R5,R7,R13,R13,R4
RESP_0242,C5,5,R5,R6,R8,R1,R6,R8
RESP_0242,C6,6,R6,R7,R9,R2,R7,R9
RESP_0242,C7,7,R7,R8,R10,R3,R8,R3
RESP_0242,C8,8,R8,R9,R11,R4,R11,R9
RESP_0242,C9,9,R9,R10,R12,R5,R9,R12
RESP_0242,C10,10,R10,R11,R13,R6,R6,R10
RESP_0242,C11,11,R11,R12,R1,R7,R7,R11
RESP_0242,C12,12,R12,R13,R2,R8,R12,R8
RESP_0242,C13,13,R13,R1,R3,R9,R3,R13
RESP_0243,C1,1,R1,R2,R4,R10,R2,R4
RESP_0243,C2,2,R2,R3,R5,R11,R3,R11
RESP_0243,C3,3,R3,R4,R6,R12,R4,R12
RESP_0243,C4,4,R4,R5,R7,R13,R7,R13
RESP_0243,C5,5,R5,R6,R8,R1,R5,R8
RESP_0243,C6,6,R6,R7,R9,R2,R7,R9
RESP_0243,C7,7,R7,R8,R10,R3,R7,R8
RESP_0243,C8,8,R8,R9,R11,R4,R11,R8
RESP_0243,C9,9,R9,R10,R12,R5,R5,R12
RESP_0243,C10,10,R10,R11,R13,R6,R11,R13
RESP_0243,C11,11,R11,R12,R1,R7,R7,R11
RESP_0243,C12,12,R12,R13,R2,R8,R8,R13
RESP_0243,C13,13,R13,R1,R3,R9,R3,R13
RESP_0244,C1,1,R1,R2,R4,R10,R4,R10
RESP_0244,C2,2,R2,R3,R5,R11,R3,R2
RESP_0244,C3,3,R3,R4,R6,R12,R3,R6
RESP_0244,C4,4,R4,R5,R7,R13,R4,R13
RESP_0244,C5,5,R5,R6,R8,R1,R5,R8
RESP_0244,C6,6,R6,R7,R9,R2,R9,R6
RESP_0244,C7,7,R7,R8,R10,R3,R7,R10
RESP_0244,C8,8,R8,R9,R11,R4,R4,R9
RESP_0244,C9,9,R9,R10,R12,R5,R5,R12
RESP_0244,C10,10,R10,R11,R13,R6,R6,R11
RESP_0244,C11,11,R11,R12,R1,R7,R1,R12
RESP_0244,C12,12,R12,R13,R2,R8,R2,R13
RESP_0244,C13,13,R13,R1,R3,R9,R1,R13
RESP_0245,C1,1,R1,R2,R4,R10,R2,R10
RESP_0245,C2,2,R2,R3,R5,R11,R5,R11
RESP_0245,C3,3,R3,R4,R6,R12,R3,R4
RESP_0245,C4,4,R4,R5,R7,R13,R5,R13
RESP_0245,C5,5,R5,R6,R8,R1,R8,R1
RESP_0245,C6,6,R6,R7,R9,R2,R6,R9
RESP_0245,C7,7,R7,R8,R10,R3,R7,R10
RESP_0245,C8,8,R8,R9,R11,R4,R8,R11
RESP_0245,C9,9,R9,R10,R12,R5,R5,R10
RESP_0245,C10,10,R10,R11,R13,R6,R6,R10
RESP_0245,C11,11,R11,R12,R1,R7,R7,R12
RESP_0245,C12,12,R12,R13,R2,R8,R8,R13
RESP_0245,C13,13,R13,R1,R3,R9,R3,R13
RESP_0246,C1,1,R1,R2,R4,R10,R2,R4
RESP_0246,C2,2,R2,R3,R5,R11,R3,R2
RESP_0246,C3,3,R3,R4,R6,R12,R3,R12
RESP_0246,C4,4,R4,R5,R7,R13,R7,R13
RESP_0246,C5,5,R5,R6,R8,R1,R5,R8
RESP_0246,C6,6,R6,R7,R9,R2,R6,R2
RESP_0246,C7,7,R7,R8,R10,R3,R8,R10
RESP_0246,C8,8,R8,R9,R11,R4,R8,R11
RESP_0246,C9,9,R9,R10,R12,R5,R10,R9
RESP_0246,C10,10,R10,R11,R13,R6,R6,R11
RESP_0246,C11,11,R11,R12,R1,R7,R1,R11
RESP_0246,C12,12,R12,R13,R2,R8,R2,R13
RESP_0246,C13,13,R13,R1,R3,R9,R9,R3
RESP_0247,C1,1,R1,R2,R4,R10,R4,R1
RESP_0247,C2,2,R2,R3,R5,R11,R11,R3
RESP_0247,C3,3,R3,R4,R6,R12,R6,R12
RESP_0247,C4,4,R4,R5,R7,R13,R5,R7
RESP_0247,C5,5,R5,R6,R8,R1,R1,R6
RESP_0247,C6,6,R6,R7,R9,R2,R2,R9
RESP_0247,C7,7,R7,R8,R10,R3,R7,R10
RESP_0247,C8,8,R8,R9,R11,R4,R8,R4
RESP_0247,C9,9,R9,R10,R12,R5,R5,R9
RESP_0247,C10,10,R10,R11,R13,R6,R6,R10
RESP_0247,C11,11,R11,R12,R1,R7,R7,R11
RESP_0247,C12,12,R12,R13,R2,R8,R8,R13
RESP_0247,C13,13,R13,R1,R3,R9,R9,R13
RESP_0248,C1,1,R1,R2,R4,R10,R2,R10
RESP_0248,C2,2,R2,R3,R5,R11,R3,R11
RESP_0248,C3,3,R3,R4,R6,R12,R6,R12
RESP_0248,C4,4,R4,R5,R7,R13,R5,R13
RESP_0248,C5,5,R5,R6,R8,R1,R1,R5
RESP_0248,C6,6,R6,R7,R9,R2,R7,R9
RESP_0248,C7,7,R7,R8,R10,R3,R8,R10
RESP_0248,C8,8,R8,R9,R11,R4,R8,R11
RESP_0248,C9,9,R9,R10,R12,R5,R9,R12
RESP_0248,C10,10,R10,R11,R13,R6,R6,R10
RESP_0248,C11,11,R11,R12,R1,R7,R1,R12
RESP_0248,C12,12,R12,R13,R2,R8,R2,R13
RESP_0248,C13,13,R13,R1,R3,R9,R1,R13
RESP_0249,C1,1,R1,R2,R4,R10,R1,R2
RESP_0249,C2,2,R2,R3,R5,R11,R5,R11
RESP_0249,C3,3,R3,R4,R6,R12,R3,R6
RESP_0249,C4,4,R4,R5,R7,R13,R5,R7
RESP_0249,C5,5,R5,R6,R8,R1,R5,R6
RESP_0249,C6,6,R6,R7,R9,R2,R7,R9
RESP_0249,C7,7,R7,R8,R10,R3,R10,R3
RESP_0249,C8,8,R8,R9,R11,R4,R4,R9
RESP_0249,C9,9,R9,R10,R12,R5,R5,R10
RESP_0249,C10,10,R10,R11,R13,R6,R11,R13
RESP_0249,C11,11,R11,R12,R1,R7,R7,R12
RESP_0249,C12,12,R12,R13,R2,R8,R2,R12
RESP_0249,C13,13,R13,R1,R3,R9,R3,R13
RESP_0250,C1,1,R1,R2,R4,R10,R4,R10
RESP_0250,C2,2,R2,R3,R5,R11,R5,R11
RESP_0250,C3,3,R3,R4,R6,R12,R6,R3
RESP_0250,C4,4,R4,R5,R7,R13,R4,R13
RESP_0250,C5,5,R5,R6,R8,R1,R6,R1
RESP_0250,C6,6,R6,R7,R9,R2,R6,R9
RESP_0250,C7,7,R7,R8,R10,R3,R3,R10
RESP_0250,C8,8,R8,R9,R11,R4,R9,R8
RESP_0250,C9,9,R9,R10,R12,R5,R5,R10
RESP_0250,C10,10,R10,R11,R13,R6,R6,R13
RESP_0250,C11,11,R11,R12,R1,R7,R12,R11
RESP_0250,C12,12,R12,R13,R2,R8,R8,R12
RESP_0250,C13,13,R13,R1,R3,R9,R13,R9
RESP_0251,C1,1,R1,R2,R4,R10,R2,R10
RESP_0251,C2,2,R2,R3,R5,R11,R2,R5
RESP_0251,C3,3,R3,R4,R6,R12,R6,R12
RESP_0251,C4,4,R4,R5,R7,R13,R4,R13
RESP_0251,C5,5,R5,R6,R8,R1,R5,R6
RESP_0251,C6,6,R6,R7,R9,R2,R2,R6
RESP_0251,C7,7,R7,R8,R10,R3,R7,R10
RESP_0251,C8,8,R8,R9,R11,R4,R4,R11
RESP_0251,C9,9,R9,R10,R12,R5,R10,R12
RESP_0251,C10,10,R10,R11,R13,R6,R6,R11
RESP_0251,C11,11,R11,R12,R1,R7,R1,R12
RESP_0251,C12,12,R12,R13,R2,R8,R2,R12
RESP_0251,C13,13,R13,R1,R3,R9,R3,R9
RESP_0252,C1,1,R1,R2,R4,R10,R10,R2
RESP_0252,C2,2,R2,R3,R5,R11,R2,R11
RESP_0252,C3,3,R3,R4,R6,R12,R6,R3
RESP_0252,C4,4,R4,R5,R7,R13,R5,R13
RESP_0252,C5,5,R5,R6,R8,R1,R5,R8
RESP_0252,C6,6,R6,R7,R9,R2,R6,R9
RESP_0252,C7,7,R7,R8,R10,R3,R3,R7
RESP_0252,C8,8,R8,R9,R11,R4,R8,R11
RESP_0252,C9,9,R9,R10,R12,R5,R9,R10
RESP_0252,C10,10,R10,R11,R13,R6,R6,R11
RESP_0252,C11,11,R11,R12,R1,R7,R7,R11
RESP_0252,C12,12,R12,R13,R2,R8,R8,R12
RESP_0252,C13,13,R13,R1,R3,R9,R1,R9
RESP_0253,C1,1,R1,R2,R4,R10,R1,R10
RESP_0253,C2,2,R2,R3,R5,R11,R5,R11
RESP_0253,C3,3,R3,R4,R6,R12,R12,R4
RESP_0253,C4,4,R4,R5,R7,R13,R5,R13
RESP_0253,C5,5,R5,R6,R8,R1,R8,R6
RESP_0253,C6,6,R6,R7,R9,R2,R6,R2
RESP_0253,C7,7,R7,R8,R10,R3,R7,R8
RESP_0253,C8,8,R8,R9,R11,R4,R4,R9
RESP_0253,C9,9,R9,R10,R12,R5,R5,R9
RESP_0253,C10,10,R10,R11,R13,R6,R6,R10
RESP_0253,C11,11,R11,R12,R1,R7,R7,R12
RESP_0253,C12,12,R12,R13,R2,R8,R2,R13
RESP_0253,C13,13,R13,R1,R3,R9,R3,R9
RESP_0254,C1,1,R1,R2,R4,R10,R1,R4
RESP_0254,C2,2,R2,R3,R5,R11,R5,R11
RESP_0254,C3,3,R3,R4,R6,R12,R3,R12
RESP_0254,C4,4,R4,R5,R7,R13,R7,R4
RESP_0254,C5,5,R5,R6,R8,R1,R5,R6
RESP_0254,C6,6,R6,R7,R9,R2,R9,R2
RESP_0254,C7,7,R7,R8,R10,R3,R8,R7
RESP_0254,C8,8,R8,R9,R11,R4,R8,R11
RESP_0254,C9,9,R9,R10,R12,R5,R12,R10
RESP_0254,C10,10,R10,R11,R13,R6,R11,R10
RESP_0254,C11,11,R11,R12,R1,R7,R11,R12
RESP_0254,C12,12,R12,R13,R2,R8,R2,R12
RESP_0254,C13,13,R13,R1,R3,R9,R3,R13
RESP_0255,C1,1,R1,R2,R4,R10,R1,R4
RESP_0255,C2,2,R2,R3,R5,R11,R5,R11
RESP_0255,C3,3,R3,R4,R6,R12,R6,R12
RESP_0255,C4,4,R4,R5,R7,R13,R7,R13
RESP_0255,C5,5,R5,R6,R8,R1,R1,R8
RESP_0255,C6,6,R6,R7,R9,R2,R2,R9
RESP_0255,C7,7,R7,R8,R10,R3,R3,R7
RESP_0255,C8,8,R8,R9,R11,R4,R9,R8
RESP_0255,C9,9,R9,R10,R12,R5,R12,R10
RESP_0255,C10,10,R10,R11,R13,R6,R10,R13
RESP_0255,C11,11,R11,R12,R1,R7,R1,R11
RESP_0255,C12,12,R12,R13,R2,R8,R8,R12
RESP_0255,C13,13,R13,R1,R3,R9,R3,R9
RESP_0256,C1,1,R1,R2,R4,R10,R1,R10
RESP_0256,C2,2,R2,R3,R5,R11,R5,R3
RESP_0256,C3,3,R3,R4,R6,R12,R3,R12
RESP_0256,C4,4,R4,R5,R7,R13,R5,R4
RESP_0256,C5,5,R5,R6,R8,R1,R8,R6
RESP_0256,C6,6,R6,R7,R9,R2,R2,R6
RESP_0256,C7,7,R7,R8,R10,R3,R3,R7
RESP_0256,C8,8,R8,R9,R11,R4,R8,R9
RESP_0256,C9,9,R9,R10,R12,R5,R10,R9
RESP_0256,C10,10,R10,R11,R13,R6,R13,R11
RESP_0256,C11,11,R11,R12,R1,R7,R7,R12
RESP_0256,C12,12,R12,R13,R2,R8,R2,R13
RESP_0256,C13,13,R13,R1,R3,R9,R1,R3
RESP_0257,C1,1,R1,R2,R4,R10,R10,R4
RESP_0257,C2,2,R2,R3,R5,R11,R2,R11
RESP_0257,C3,3,R3,R4,R6,R12,R12,R3
RESP_0257,C4,4,R4,R5,R7,R13,R5,R13
RESP_0257,C5,5,R5,R6,R8,R1,R1,R8
RESP_0257,C6,6,R6,R7,R9,R2,R7,R9
RESP_0257,C7,7,R7,R8,R10,R3,R7,R8
RESP_0257,C8,8,R8,R9,R11,R4,R11,R9
RESP_0257,C9,9,R9,R10,R12,R5,R12,R10
RESP_0257,C10,10,R10,R11,R13,R6,R6,R10
RESP_0257,C11,11,R11,R12,R1,R7,R7,R12
RESP_0257,C12,12,R12,R13,R2,R8,R8,R2
RESP_0257,C13,13,R13,R1,R3,R9,R1,R13
RESP_0258,C1,1,R1,R2,R4,R10,R1,R4
RESP_0258,C2,2,R2,R3,R5,R11,R11,R3
RESP_0258,C3,3,R3,R4,R6,R12,R3,R6
RESP_0258,C4,4,R4,R5,R7,R13,R13,R4
RESP_0258,C5,5,R5,R6,R8,R1,R8,R1
RESP_0258,C6,6,R6,R7,R9,R2,R6,R7
RESP_0258,C7,7,R7,R8,R10,R3,R3,R7
RESP_0258,C8,8,R8,R9,R11,R4,R4,R9
RESP_0258,C9,9,R9,R10,R12,R5,R5,R9
RESP_0258,C10,10,R10,R11,R13,R6,R11,R6
RESP_0258,C11,11,R11,R12,R1,R7,R1,R11
RESP_0258,C12,12,R12,R13,R2,R8,R2,R12
RESP_0258,C13,13,R13,R1,R3,R9,R3,R9
RESP_0259,C1,1,R1,R2,R4,R10,R2,R4
RESP_0259,C2,2,R2,R3,R5,R11,R3,R2
RESP_0259,C3,3,R3,R4,R6,R12,R3,R4
RESP_0259,C4,4,R4,R5,R7,R13,R13,R7
RESP_0259,C5,5,R5,R6,R8,R1,R1,R8
RESP_0259,C6,6,R6,R7,R9,R2,R6,R9
RESP_0259,C7,7,R7,R8,R10,R3,R3,R10
RESP_0259,C8,8,R8,R9,R11,R4,R11,R8
RESP_0259,C9,9,R9,R10,R12,R5,R10,R9
RESP_0259,C10,10,R10,R11,R13,R6,R11,R13
RESP_0259,C11,11,R11,R12,R1,R7,R12,R11
RESP_0259,C12,12,R12,R13,R2,R8,R12,R13
RESP_0259,C13,13,R13,R1,R3,R9,R1,R9
RESP_0260,C1,1,R1,R2,R4,R10,R2,R4
RESP_0260,C2,2,R2,R3,R5,R11,R5,R11
RESP_0260,C3,3,R3,R4,R6,R12,R3,R4
RESP_0260,C4,4,R4,R5,R7,R13,R4,R7
RESP_0260,C5,5,R5,R6,R8,R1,R5,R1
RESP_0260,C6,6,R6,R7,R9,R2,R2,R9
RESP_0260,C7,7,R7,R8,R10,R3,R3,R7
RESP_0260,C8,8,R8,R9,R11,R4,R8,R11
RESP_0260,C9,9,R9,R10,R12,R5,R10,R9
RESP_0260,C10,10,R10,R11,R13,R6,R10,R13
RESP_0260,C11,11,R11,R12,R1,R7,R1,R7
RESP_0260,C12,12,R12,R13,R2,R8,R12,R8
RESP_0260,C13,13,R13,R1,R3,R9,R3,R9
RESP_0261,C1,1,R1,R2,R4,R10,R2,R4
RESP_0261,C2,2,R2,R3,R5,R11,R3,R11
RESP_0261,C3,3,R3,R4,R6,R12,R3,R4
RESP_0261,C4,4,R4,R5,R7,R13,R4,R13
RESP_0261,C5,5,R5,R6,R8,R1,R6,R8
RESP_0261,C6,6,R6,R7,R9,R2,R2,R9
RESP_0261,C7,7,R7,R8,R10,R3,R7,R10
RESP_0261,C8,8,R8,R9,R11,R4,R8,R9
RESP_0261,C9,9,R9,R10,R12,R5,R10,R9
RESP_0261,C10,10,R10,R11,R13,R6,R6,R10
RESP_0261,C11,11,R11,R12,R1,R7,R12,R1
RESP_0261,C12,12,R12,R13,R2,R8,R8,R12
RESP_0261,C13,13,R13,R1,R3,R9,R3,R9
RESP_0262,C1,1,R1,R2,R4,R10,R4,R2
RESP_0262,C2,2,R2,R3,R5,R11,R5,R11
RESP_0262,C3,3,R3,R4,R6,R12,R12,R4
RESP_0262,C4,4,R4,R5,R7,R13,R5,R4
RESP_0262,C5,5,R5,R6,R8,R1,R5,R1
RESP_0262,C6,6,R6,R7,R9,R2,R9,R2
RESP_0262,C7,7,R7,R8,R10,R3,R7,R8
RESP_0262,C8,8,R8,R9,R11,R4,R9,R4
RESP_0262,C9,9,R9,R10,R12,R5,R5,R9
RESP_0262,C10,10,R10,R11,R13,R6,R6,R13
RESP_0262,C11,11,R11,R12,R1,R7,R12,R11
RESP_0262,C12,12,R12,R13,R2,R8,R2,R12
RESP_0262,C13,13,R13,R1,R3,R9,R1,R9
RESP_0263,C1,1,R1,R2,R4,R10,R2,R4
RESP_0263,C2,2,R2,R3,R5,R11,R5,R11
RESP_0263,C3,3,R3,R4,R6,R12,R6,R12
RESP_0263,C4,4,R4,R5,R7,R13,R5,R13
RESP_0263,C5,5,R5,R6,R8,R1,R6,R5
RESP_0263,C6,6,R6,R7,R9,R2,R2,R7
RESP_0263,C7,7,R7,R8,R10,R3,R7,R10
RESP_0263,C8,8,R8,R9,R11,R4,R8,R9
RESP_0263,C9,9,R9,R10,R12,R5,R10,R9
RESP_0263,C10,10,R10,R11,R13,R6,R6,R10
RESP_0263,C11,11,R11,R12,R1,R7,R1,R11
RESP_0263,C12,12,R12,R13,R2,R8,R8,R12
RESP_0263,C13,13,R13,R1,R3,R9,R1,R9
RESP_0264,C1,1,R1,R2,R4,R10,R1,R4
RESP_0264,C2,2,R2,R3,R5,R11,R5,R2
RESP_0264,C3,3,R3,R4,R6,R12,R12,R4
RESP_0264,C4,4,R4,R5,R7,R13,R4,R13
RESP_0264,C5,5,R5,R6,R8,R1,R6,R1
RESP_0264,C6,6,R6,R7,R9,R2,R2,R7
RESP_0264,C7,7,R7,R8,R10,R3,R3,R10
RESP_0264,C8,8,R8,R9,R11,R4,R8,R11
RESP_0264,C9,9,R9,R10,R12,R5,R5,R9
RESP_0264,C10,10,R10,R11,R13,R6,R6,R13
RESP_0264,C11,11,R11,R12,R1,R7,R11,R7
RESP_0264,C12,12,R12,R13,R2,R8,R12,R13
RESP_0264,C13,13,R13,R1,R3,R9,R3,R9
RESP_0265,C1,1,R1,R2,R4,R10,R10,R2
RESP_0265,C2,2,R2,R3,R5,R11,R11,R2
RESP_0265,C3,3,R3,R4,R6,R12,R4,R3
RESP_0265,C4,4,R4,R5,R7,R13,R5,R7
RESP_0265,C5,5,R5,R6,R8,R1,R1,R8
RESP_0265,C6,6,R6,R7,R9,R2,R6,R9
RESP_0265,C7,7,R7,R8,R10,R3,R8,R7
RESP_0265,C8,8,R8,R9,R11,R4,R4,R11
RESP_0265,C9,9,R9,R10,R12,R5,R10,R12
RESP_0265,C10,10,R10,R11,R13,R6,R6,R11
RESP_0265,C11,11,R11,R12,R1,R7,R12,R11
RESP_0265,C12,12,R12,R13,R2,R8,R13,R8
RESP_0265,C13,13,R13,R1,R3,R9,R13,R9
RESP_0266,C1,1,R1,R2,R4,R10,R2,R1
RESP_0266,C2,2,R2,R3,R5,R11,R2,R3
RESP_0266,C3,3,R3,R4,R6,R12,R3,R12
RESP_0266,C4,4,R4,R5,R7,R13,R5,R7
RESP_0266,C5,5,R5,R6,R8,R1,R6,R8
RESP_0266,C6,6,R6,R7,R9,R2,R7,R9
RESP_0266,C7,7,R7,R8,R10,R3,R8,R7
RESP_0266,C8,8,R8,R9,R11,R4,R8,R9
RESP_0266,C9,9,R9,R10,R12,R5,R5,R9
RESP_0266,C10,10,R10,R11,R13,R6,R10,R11
RESP_0266,C11,11,R11,R12,R1,R7,R12,R11
RESP_0266,C12,12,R12,R13,R2,R8,R2,R12
RESP_0266,C13,13,R13,R1,R3,R9,R13,R3
RESP_0267,C1,1,R1,R2,R4,R10,R4,R10
RESP_0267,C2,2,R2,R3,R5,R11,R5,R3
RESP_0267,C3,3,R3,R4,R6,R12,R3,R4
RESP_0267,C4,4,R4,R5,R7,R13,R5,R7
RESP_0267,C5,5,R5,R6,R8,R1,R5,R1
RESP_0267,C6,6,R6,R7,R9,R2,R9,R6
RESP_0267,C7,7,R7,R8,R10,R3,R10,R8
RESP_0267,C8,8,R8,R9,R11,R4,R8,R4
RESP_0267,C9,9,R9,R10,R12,R5,R12,R9
RESP_0267,C10,10,R10,R11,R13,R6,R11,R10
RESP_0267,C11,11,R11,R12,R1,R7,R1,R11
RESP_0267,C12,12,R12,R13,R2,R8,R12,R13
RESP_0267,C13,13,R13,R1,R3,R9,R1,R13
RESP_0268,C1,1,R1,R2,R4,R10,R1,R10
RESP_0268,C2,2,R2,R3,R5,R11,R2,R11
RESP_0268,C3,3,R3,R4,R6,R12,R6,R12
RESP_0268,C4,4,R4,R5,R7,R13,R7,R13
RESP_0268,C5,5,R5,R6,R8,R1,R8,R5
RESP_0268,C6,6,R6,R7,R9,R2,R6,R9
RESP_0268,C7,7,R7,R8,R10,R3,R8,R10
RESP_0268,C8,8,R8,R9,R11,R4,R4,R9
RESP_0268,C9,9,R9,R10,R12,R5,R10,R12
RESP_0268,C10,10,R10,R11,R13,R6,R6,R11
RESP_0268,C11,11,R11,R12,R1,R7,R1,R12
RESP_0268,C12,12,R12,R13,R2,R8,R2,R13
RESP_0268,C13,13,R13,R1,R3,R9,R1,R3
RESP_0269,C1,1,R1,R2,R4,R10,R1,R10
RESP_0269,C2,2,R2,R3,R5,R11,R5,R11
RESP_0269,C3,3,R3,R4,R6,R12,R12,R4
RESP_0269,C4,4,R4,R5,R7,R13,R4,R7
RESP_0269,C5,5,R5,R6,R8,R1,R6,R5
RESP_0269,C6,6,R6,R7,R9,R2,R6,R9
RESP_0269,C7,7,R7,R8,R10,R3,R7,R3
RESP_0269,C8,8,R8,R9,R11,R4,R8,R11
RESP_0269,C9,9,R9,R10,R12,R5,R12,R9
RESP_0269,C10,10,R10,R11,R13,R6,R13,R11
RESP_0269,C11,11,R11,R12,R1,R7,R12,R11
RESP_0269,C12,12,R12,R13,R2,R8,R8,R13
RESP_0269,C13,13,R13,R1,R3,R9,R1,R9
RESP_0270,C1,1,R1,R2,R4,R10,R10,R2
RESP_0270,C2,2,R2,R3,R5,R11,R2,R11
RESP_0270,C3,3,R3,R4,R6,R12,R6,R3
RESP_0270,C4,4,R4,R5,R7,R13,R4,R13
RESP_0270,C5,5,R5,R6,R8,R1,R8,R1
RESP_0270,C6,6,R6,R7,R9,R2,R7,R9
RESP_0270,C7,7,R7,R8,R10,R3,R7,R8
RESP_0270,C8,8,R8,R9,R11,R4,R9,R4
RESP_0270,C9,9,R9,R10,R12,R5,R5,R9
RESP_0270,C10,10,R10,R11,R13,R6,R6,R11
RESP_0270,C11,11,R11,R12,R1,R7,R1,R12
RESP_0270,C12,12,R12,R13,R2,R8,R2,R13
RESP_0270,C13,13,R13,R1,R3,R9,R1,R9
RESP_0271,C1,1,R1,R2,R4,R10,R4,R10
RESP_0271,C2,2,R2,R3,R5,R11,R5,R11
RESP_0271,C3,3,R3,R4,R6,R12,R3,R12
RESP_0271,C4,4,R4,R5,R7,R13,R5,R13
RESP_0271,C5,5,R5,R6,R8,R1,R1,R8
RESP_0271,C6,6,R6,R7,R9,R2,R2,R9
RESP_0271,C7,7,R7,R8,R10,R3,R3,R8
RESP_0271,C8,8,R8,R9,R11,R4,R8,R9
RESP_0271,C9,9,R9,R10,R12,R5,R12,R10
RESP_0271,C10,10,R10,R11,R13,R6,R6,R10
RESP_0271,C11,11,R11,R12,R1,R7,R1,R12
RESP_0271,C12,12,R12,R13,R2,R8,R13,R2
RESP_0271,C13,13,R13,R1,R3,R9,R13,R9
RESP_0272,C1,1,R1,R2,R4,R10,R2,R10
RESP_0272,C2,2,R2,R3,R5,R11,R3,R11
RESP_0272,C3,3,R3,R4,R6,R12,R6,R12
RESP_0272,C4,4,R4,R5,R7,R13,R5,R7
RESP_0272,C5,5,R5,R6,R8,R1,R5,R1
RESP_0272,C6,6,R6,R7,R9,R2,R9,R7
RESP_0272,C7,7,R7,R8,R10,R3,R3,R8
RESP_0272,C8,8,R8,R9,R11,R4,R8,R9
RESP_0272,C9,9,R9,R10,R12,R5,R9,R10
RESP_0272,C10,10,R10,R11,R13,R6,R11,R10
RESP_0272,C11,11,R11,R12,R1,R7,R1,R11
RESP_0272,C12,12,R12,R13,R2,R8,R13,R2
RESP_0272,C13,13,R13,R1,R3,R9,R1,R13
RESP_0273,C1,1,R1,R2,R4,R10,R1,R4
RESP_0273,C2,2,R2,R3,R5,R11,R2,R5
RESP_0273,C3,3,R3,R4,R6,R12,R12,R4
RESP_0273,C4,4,R4,R5,R7,R13,R5,R7
RESP_0273,C5,5,R5,R6,R8,R1,R8,R6
RESP_0273,C6,6,R6,R7,R9,R2,R7,R2
RESP_0273,C7,7,R7,R8,R10,R3,R7,R3
RESP_0273,C8,8,R8,R9,R11,R4,R8,R9
RESP_0273,C9,9,R9,R10,R12,R5,R9,R12
RESP_0273,C10,10,R10,R11,R13,R6,R10,R13
RESP_0273,C11,11,R11,R12,R1,R7,R1,R7
RESP_0273,C12,12,R12,R13,R2,R8,R2,R13
RESP_0273,C13,13,R13,R1,R3,R9,R13,R9
RESP_0274,C1,1,R1,R2,R4,R10,R1,R4
RESP_0274,C2,2,R2,R3,R5,R11,R5,R11
RESP_0274,C3,3,R3,R4,R6,R12,R3,R6
RESP_0274,C4,4,R4,R5,R7,R13,R4,R7
RESP_0274,C5,5,R5,R6,R8,R1,R1,R8
RESP_0274,C6,6,R6,R7,R9,R2,R2,R7
RESP_0274,C7,7,R7,R8,R10,R3,R7,R8
RESP_0274,C8,8,R8,R9,R11,R4,R9,R11
RESP_0274,C9,9,R9,R10,R12,R5,R5,R12
RESP_0274,C10,10,R10,R11,R13,R6,R6,R11
RESP_0274,C11,11,R11,R12,R1,R7,R12,R7
RESP_0274,C12,12,R12,R13,R2,R8,R12,R13
RESP_0274,C13,13,R13,R1,R3,R9,R3,R9
RESP_0275,C1,1,R1,R2,R4,R10,R4,R2
RESP_0275,C2,2,R2,R3,R5,R11,R3,R2
RESP_0275,C3,3,R3,R4,R6,R12,R12,R4
RESP_0275,C4,4,R4,R5,R7,R13,R5,R4
RESP_0275,C5,5,R5,R6,R8,R1,R5,R6
RESP_0275,C6,6,R6,R7,R9,R2,R6,R9
RESP_0275,C7,7,R7,R8,R10,R3,R8,R3
RESP_0275,C8,8,R8,R9,R11,R4,R9,R4
RESP_0275,C9,9,R9,R10,R12,R5,R10,R12
RESP_0275,C10,10,R10,R11,R13,R6,R13,R10
RESP_0275,C11,11,R11,R12,R1,R7,R7,R11
RESP_0275,C12,12,R12,R13,R2,R8,R8,R12
RESP_0275,C13,13,R13,R1,R3,R9,R13,R9
RESP_0276,C1,1,R1,R2,R4,R10,R10,R4
RESP_0276,C2,2,R2,R3,R5,R11,R2,R3
RESP_0276,C3,3,R3,R4,R6,R12,R6,R3
RESP_0276,C4,4,R4,R5,R7,R13,R7,R4
RESP_0276,C5,5,R5,R6,R8,R1,R1,R5
RESP_0276,C6,6,R6,R7,R9,R2,R7,R9
RESP_0276,C7,7,R7,R8,R10,R3,R10,R8
RESP_0276,C8,8,R8,R9,R11,R4,R11,R9
RESP_0276,C9,9,R9,R10,R12,R5,R5,R10
RESP_0276,C10,10,R10,R11,R13,R6,R6,R11
RESP_0276,C11,11,R11,R12,R1,R7,R11,R7
RESP_0276,C12,12,R12,R13,R2,R8,R2,R8
RESP_0276,C13,13,R13,R1,R3,R9,R1,R9
RESP_0277,C1,1,R1,R2,R4,R10,R2,R1
RESP_0277,C2,2,R2,R3,R5,R11,R3,R11
RESP_0277,C3,3,R3,R4,R6,R12,R4,R12
RESP_0277,C4,4,R4,R5,R7,R13,R5,R7
RESP_0277,C5,5,R5,R6,R8,R1,R1,R8
RESP_0277,C6,6,R6,R7,R9,R2,R7,R9
RESP_0277,C7,7,R7,R8,R10,R3,R8,R10
RESP_0277,C8,8,R8,R9,R11,R4,R9,R4
RESP_0277,C9,9,R9,R10,R12,R5,R5,R9
RESP_0277,C10,10,R10,R11,R13,R6,R11,R10
RESP_0277,C11,11,R11,R12,R1,R7,R1,R7
RESP_0277,C12,12,R12,R13,R2,R8,R2,R13
RESP_0277,C13,13,R13,R1,R3,R9,R1,R9
RESP_0278,C1,1,R1,R2,R4,R10,R2,R10
RESP_0278,C2,2,R2,R3,R5,R11,R5,R11
RESP_0278,C3,3,R3,R4,R6,R12,R6,R4
RESP_0278,C4,4,R4,R5,R7,R13,R5,R4
RESP_0278,C5,5,R5,R6,R8,R1,R5,R1
RESP_0278,C6,6,R6,R7,R9,R2,R6,R9
RESP_0278,C7,7,R7,R8,R10,R3,R7,R3
RESP_0278,C8,8,R8,R9,R11,R4,R11,R9
RESP_0278,C9,9,R9,R10,R12,R5,R5,R9
RESP_0278,C10,10,R10,R11,R13,R6,R11,R13
RESP_0278,C11,11,R11,R12,R1,R7,R1,R11
RESP_0278,C12,12,R12,R13,R2,R8,R8,R12
RESP_0278,C13,13,R13,R1,R3,R9,R9,R3
RESP_0279,C1,1,R1,R2,R4,R10,R1,R10
RESP_0279,C2,2,R2,R3,R5,R11,R2,R3
RESP_0279,C3,3,R3,R4,R6,R12,R12,R6
RESP_0279,C4,4,R4,R5,R7,R13,R5,R4
RESP_0279,C5,5,R5,R6,R8,R1,R1,R6
RESP_0279,C6,6,R6,R7,R9,R2,R7,R2
RESP_0279,C7,7,R7,R8,R10,R3,R3,R10
RESP_0279,C8,8,R8,R9,R11,R4,R9,R11
RESP_0279,C9,9,R9,R10,R12,R5,R5,R10
RESP_0279,C10,10,R10,R11,R13,R6,R13,R10
RESP_0279,C11,11,R11,R12,R1,R7,R11,R7
RESP_0279,C12,12,R12,R13,R2,R8,R12,R13
RESP_0279,C13,13,R13,R1,R3,R9,R1,R13
RESP_0280,C1,1,R1,R2,R4,R10,R10,R2
RESP_0280,C2,2,R2,R3,R5,R11,R3,R2
RESP_0280,C3,3,R3,R4,R6,R12,R4,R12
RESP_0280,C4,4,R4,R5,R7,R13,R7,R13
RESP_0280,C5,5,R5,R6,R8,R1,R5,R8
RESP_0280,C6,6,R6,R7,R9,R2,R9,R7
RESP_0280,C7,7,R7,R8,R10,R3,R3,R10
RESP_0280,C8,8,R8,R9,R11,R4,R11,R8
RESP_0280,C9,9,R9,R10,R12,R5,R5,R9
RESP_0280,C10,10,R10,R11,R13,R6,R10,R11
RESP_0280,C11,11,R11,R12,R1,R7,R7,R11
RESP_0280,C12,12,R12,R13,R2,R8,R12,R13
RESP_0280,C13,13,R13,R1,R3,R9,R9,R3
RESP_0281,C1,1,R1,R2,R4,R10,R2,R4
RESP_0281,C2,2,R2,R3,R5,R11,R11,R5
RESP_0281,C3,3,R3,R4,R6,R12,R12,R4
RESP_0281,C4,4,R4,R5,R7,R13,R5,R4
RESP_0281,C5,5,R5,R6,R8,R1,R6,R5
RESP_0281,C6,6,R6,R7,R9,R2,R6,R7
RESP_0281,C7,7,R7,R8,R10,R3,R3,R10
RESP_0281,C8,8,R8,R9,R11,R4,R11,R4
RESP_0281,C9,9,R9,R10,R12,R5,R12,R9
RESP_0281,C10,10,R10,R11,R13,R6,R13,R11
RESP_0281,C11,11,R11,R12,R1,R7,R1,R12
RESP_0281,C12,12,R12,R13,R2,R8,R12,R13
RESP_0281,C13,13,R13,R1,R3,R9,R9,R1
RESP_0282,C1,1,R1,R2,R4,R10,R1,R10
RESP_0282,C2,2,R2,R3,R5,R11,R2,R11
RESP_0282,C3,3,R3,R4,R6,R12,R3,R4
RESP_0282,C4,4,R4,R5,R7,R13,R5,R7
RESP_0282,C5,5,R5,R6,R8,R1,R1,R5
RESP_0282,C6,6,R6,R7,R9,R2,R2,R7
RESP_0282,C7,7,R7,R8,R10,R3,R3,R7
RESP_0282,C8,8,R8,R9,R11,R4,R8,R9
RESP_0282,C9,9,R9,R10,R12,R5,R10,R9
RESP_0282,C10,10,R10,R11,R13,R6,R11,R10
RESP_0282,C11,11,R11,R12,R1,R7,R12,R11
RESP_0282,C12,12,R12,R13,R2,R8,R12,R13
RESP_0282,C13,13,R13,R1,R3,R9,R9,R13
RESP_0283,C1,1,R1,R2,R4,R10,R10,R4
RESP_0283,C2,2,R2,R3,R5,R11,R2,R5
RESP_0283,C3,3,R3,R4,R6,R12,R12,R6
RESP_0283,C4,4,R4,R5,R7,R13,R4,R13
RESP_0283,C5,5,R5,R6,R8,R1,R8,R6
RESP_0283,C6,6,R6,R7,R9,R2,R6,R9
RESP_0283,C7,7,R7,R8,R10,R3,R7,R10
RESP_0283,C8,8,R8,R9,R11,R4,R4,R8
RESP_0283,C9,9,R9,R10,R12,R5,R12,R9
RESP_0283,C10,10,R10,R11,R13,R6,R13,R10
RESP_0283,C11,11,R11,R12,R1,R7,R1,R11
RESP_0283,C12,12,R12,R13,R2,R8,R2,R8
RESP_0283,C13,13,R13,R1,R3,R9,R3,R9
RESP_0284,C1,1,R1,R2,R4,R10,R2,R10
RESP_0284,C2,2,R2,R3,R5,R11,R5,R11
RESP_0284,C3,3,R3,R4,R6,R12,R6,R12
RESP_0284,C4,4,R4,R5,R7,R13,R7,R13
RESP_0284,C5,5,R5,R6,R8,R1,R8,R5
RESP_0284,C6,6,R6,R7,R9,R2,R6,R9
RESP_0284,C7,7,R7,R8,R10,R3,R3,R10
RESP_0284,C8,8,R8,R9,R11,R4,R4,R11
RESP_0284,C9,9,R9,R10,R12,R5,R12,R9
RESP_0284,C10,10,R10,R11,R13,R6,R6,R10
RESP_0284,C11,11,R11,R12,R1,R7,R1,R12
RESP_0284,C12,12,R12,R13,R2,R8,R8,R12
RESP_0284,C13,13,R13,R1,R3,R9,R3,R13
RESP_0285,C1,1,R1,R2,R4,R10,R4,R10
RESP_0285,C2,2,R2,R3,R5,R11,R2,R11
RESP_0285,C3,3,R3,R4,R6,R12,R12,R6
RESP_0285,C4,4,R4,R5,R7,R13,R5,R13
RESP_0285,C5,5,R5,R6,R8,R1,R1,R5
RESP_0285,C6,6,R6,R7,R9,R2,R6,R7
RESP_0285,C7,7,R7,R8,R10,R3,R10,R3
RESP_0285,C8,8,R8,R9,R11,R4,R8,R9
RESP_0285,C9,9,R9,R10,R12,R5,R9,R12
RESP_0285,C10,10,R10,R11,R13,R6,R6,R10
RESP_0285,C11,11,R11,R12,R1,R7,R1,R12
RESP_0285,C12,12,R12,R13,R2,R8,R2,R12
RESP_0285,C13,13,R13,R1,R3,R9,R1,R3
RESP_0286,C1,1,R1,R2,R4,R10,R1,R4
RESP_0286,C2,2,R2,R3,R5,R11,R3,R5
RESP_0286,C3,3,R3,R4,R6,R12,R6,R3
RESP_0286,C4,4,R4,R5,R7,R13,R5,R7
RESP_0286,C5,5,R5,R6,R8,R1,R8,R1
RESP_0286,C6,6,R6,R7,R9,R2,R2,R7
RESP_0286,C7,7,R7,R8,R10,R3,R7,R8
RESP_0286,C8,8,R8,R9,R11,R4,R11,R4
RESP_0286,C9,9,R9,R10,R12,R5,R12,R9
RESP_0286,C10,10,R10,R11,R13,R6,R10,R13
RESP_0286,C11,11,R11,R12,R1,R7,R7,R11
RESP_0286,C12,12,R12,R13,R2,R8,R2,R13
RESP_0286,C13,13,R13,R1,R3,R9,R3,R9
RESP_0287,C1,1,R1,R2,R4,R10,R2,R10
RESP_0287,C2,2,R2,R3,R5,R11,R2,R11
RESP_0287,C3,3,R3,R4,R6,R12,R4,R12
RESP_0287,C4,4,R4,R5,R7,R13,R7,R13
RESP_0287,C5,5,R5,R6,R8,R1,R5,R8
RESP_0287,C6,6,R6,R7,R9,R2,R2,R9
RESP_0287,C7,7,R7,R8,R10,R3,R8,R3
RESP_0287,C8,8,R8,R9,R11,R4,R9,R11
RESP_0287,C9,9,R9,R10,R12,R5,R9,R10
RESP_0287,C10,10,R10,R11,R13,R6,R6,R13
RESP_0287,C11,11,R11,R12,R1,R7,R7,R11
RESP_0287,C12,12,R12,R13,R2,R8,R12,R8
RESP_0287,C13,13,R13,R1,R3,R9,R1,R13
RESP_0288,C1,1,R1,R2,R4,R10,R1,R10
RESP_0288,C2,2,R2,R3,R5,R11,R2,R11
RESP_0288,C3,3,R3,R4,R6,R12,R3,R12
RESP_0288,C4,4,R4,R5,R7,R13,R5,R13
RESP_0288,C5,5,R5,R6,R8,R1,R6,R8
RESP_0288,C6,6,R6,R7,R9,R2,R2,R7
RESP_0288,C7,7,R7,R8,R10,R3,R3,R7
RESP_0288,C8,8,R8,R9,R11,R4,R8,R9
RESP_0288,C9,9,R9,R10,R12,R5,R5,R9
RESP_0288,C10,10,R10,R11,R13,R6,R11,R13
RESP_0288,C11,11,R11,R12,R1,R7,R12,R7
RESP_0288,C12,12,R12,R13,R2,R8,R12,R8
RESP_0288,C13,13,R13,R1,R3,R9,R1,R9
RESP_0289,C1,1,R1,R2,R4,R10,R1,R10
RESP_0289,C2,2,R2,R3,R5,R11,R3,R11
RESP_0289,C3,3,R3,R4,R6,R12,R3,R12
RESP_0289,C4,4,R4,R5,R7,R13,R5,R13
RESP_0289,C5,5,R5,R6,R8,R1,R1,R5
RESP_0289,C6,6,R6,R7,R9,R2,R7,R2
RESP_0289,C7,7,R7,R8,R10,R3,R3,R7
RESP_0289,C8,8,R8,R9,R11,R4,R9,R11
RESP_0289,C9,9,R9,R10,R12,R5,R9,R12
RESP_0289,C10,10,R10,R11,R13,R6,R6,R13
RESP_0289,C11,11,R11,R12,R1,R7,R12,R11
RESP_0289,C12,12,R12,R13,R2,R8,R8,R12
RESP_0289,C13,13,R13,R1,R3,R9,R3,R9
RESP_0290,C1,1,R1,R2,R4,R10,R1,R2
RESP_0290,C2,2,R2,R3,R5,R11,R3,R11
RESP_0290,C3,3,R3,R4,R6,R12,R6,R12
RESP_0290,C4,4,R4,R5,R7,R13,R7,R13
RESP_0290,C5,5,R5,R6,R8,R1,R1,R5
RESP_0290,C6,6,R6,R7,R9,R2,R6,R9
RESP_0290,C7,7,R7,R8,R10,R3,R3,R7
RESP_0290,C8,8,R8,R9,R11,R4,R4,R11
RESP_0290,C9,9,R9,R10,R12,R5,R5,R10
RESP_0290,C10,10,R10,R11,R13,R6,R11,R13
RESP_0290,C11,11,R11,R12,R1,R7,R7,R12
RESP_0290,C12,12,R12,R13,R2,R8,R2,R13
RESP_0290,C13,13,R13,R1,R3,R9,R9,R13
RESP_0291,C1,1,R1,R2,R4,R10,R1,R4
RESP_0291,C2,2,R2,R3,R5,R11,R5,R11
RESP_0291,C3,3,R3,R4,R6,R12,R6,R4
RESP_0291,C4,4,R4,R5,R7,R13,R5,R4
RESP_0291,C5,5,R5,R6,R8,R1,R1,R6
RESP_0291,C6,6,R6,R7,R9,R2,R2,R7
RESP_0291,C7,7,R7,R8,R10,R3,R8,R10
RESP_0291,C8,8,R8,R9,R11,R4,R11,R4
RESP_0291,C9,9,R9,R10,R12,R5,R9,R12
RESP_0291,C10,10,R10,R11,R13,R6,R11,R13
RESP_0291,C11,11,R11,R12,R1,R7,R12,R1
RESP_0291,C12,12,R12,R13,R2,R8,R2,R13
RESP_0291,C13,13,R13,R1,R3,R9,R13,R9
RESP_0292,C1,1,R1,R2,R4,R10,R1,R4
RESP_0292,C2,2,R2,R3,R5,R11,R5,R2
RESP_0292,C3,3,R3,R4,R6,R12,R12,R3
RESP_0292,C4,4,R4,R5,R7,R13,R4,R13
RESP_0292,C5,5,R5,R6,R8,R1,R5,R6
RESP_0292,C6,6,R6,R7,R9,R2,R6,R9
RESP_0292,C7,7,R7,R8,R10,R3,R8,R3
RESP_0292,C8,8,R8,R9,R11,R4,R4,R9
RESP_0292,C9,9,R9,R10,R12,R5,R5,R12
RESP_0292,C10,10,R10,R11,R13,R6,R10,R11
RESP_0292,C11,11,R11,R12,R1,R7,R7,R11
RESP_0292,C12,12,R12,R13,R2,R8,R8,R12
RESP_0292,C13,13,R13,R1,R3,R9,R9,R13
RESP_0293,C1,1,R1,R2,R4,R10,R4,R10
RESP_0293,C2,2,R2,R3,R5,R11,R2,R11
RESP_0293,C3,3,R3,R4,R6,R12,R4,R3
RESP_0293,C4,4,R4,R5,R7,R13,R13,R4
RESP_0293,C5,5,R5,R6,R8,R1,R8,R5
RESP_0293,C6,6,R6,R7,R9,R2,R7,R6
RESP_0293,C7,7,R7,R8,R10,R3,R3,R10
RESP_0293,C8,8,R8,R9,R11,R4,R9,R4
RESP_0293,C9,9,R9,R10,R12,R5,R10,R9
RESP_0293,C10,10,R10,R11,R13,R6,R6,R13
RESP_0293,C11,11,R11,R12,R1,R7,R7,R11
RESP_0293,C12,12,R12,R13,R2,R8,R12,R8
RESP_0293,C13,13,R13,R1,R3,R9,R3,R9
RESP_0294,C1,1,R1,R2,R4,R10,R1,R10
RESP_0294,C2,2,R2,R3,R5,R11,R2,R11
RESP_0294,C3,3,R3,R4,R6,R12,R6,R12
RESP_0294,C4,4,R4,R5,R7,R13,R5,R13
RESP_0294,C5,5,R5,R6,R8,R1,R1,R8
RESP_0294,C6,6,R6,R7,R9,R2,R9,R7
RESP_0294,C7,7,R7,R8,R10,R3,R7,R10
RESP_0294,C8,8,R8,R9,R11,R4,R9,R4
RESP_0294,C9,9,R9,R10,R12,R5,R10,R12
RESP_0294,C10,10,R10,R11,R13,R6,R6,R11
RESP_0294,C11,11,R11,R12,R1,R7,R7,R12
RESP_0294,C12,12,R12,R13,R2,R8,R8,R13
RESP_0294,C13,13,R13,R1,R3,R9,R1,R13
RESP_0295,C1,1,R1,R2,R4,R10,R1,R2
RESP_0295,C2,2,R2,R3,R5,R11,R5,R2
RESP_0295,C3,3,R3,R4,R6,R12,R6,R3
RESP_0295,C4,4,R4,R5,R7,R13,R7,R13
RESP_0295,C5,5,R5,R6,R8,R1,R8,R1
RESP_0295,C6,6,R6,R7,R9,R2,R7,R9
RESP_0295,C7,7,R7,R8,R10,R3,R7,R8
RESP_0295,C8,8,R8,R9,R11,R4,R11,R9
RESP_0295,C9,9,R9,R10,R12,R5,R5,R9
RESP_0295,C10,10,R10,R11,R13,R6,R13,R6
RESP_0295,C11,11,R11,R12,R1,R7,R1,R11
RESP_0295,C12,12,R12,R13,R2,R8,R13,R8
RESP_0295,C13,13,R13,R1,R3,R9,R3,R13
RESP_0296,C1,1,R1,R2,R4,R10,R1,R10
RESP_0296,C2,2,R2,R3,R5,R11,R3,R11
RESP_0296,C3,3,R3,R4,R6,R12,R3,R12
RESP_0296,C4,4,R4,R5,R7,R13,R7,R13
RESP_0296,C5,5,R5,R6,R8,R1,R6,R8
RESP_0296,C6,6,R6,R7,R9,R2,R7,R6
RESP_0296,C7,7,R7,R8,R10,R3,R8,R3
RESP_0296,C8,8,R8,R9,R11,R4,R4,R11
RESP_0296,C9,9,R9,R10,R12,R5,R5,R10
RESP_0296,C10,10,R10,R11,R13,R6,R6,R13
RESP_0296,C11,11,R11,R12,R1,R7,R7,R12
RESP_0296,C12,12,R12,R13,R2,R8,R8,R12
RESP_0296,C13,13,R13,R1,R3,R9,R3,R13
RESP_0297,C1,1,R1,R2,R4,R10,R1,R10
RESP_0297,C2,2,R2,R3,R5,R11,R3,R11
RESP_0297,C3,3,R3,R4,R6,R12,R6,R4
RESP_0297,C4,4,R4,R5,R7,R13,R13,R4
RESP_0297,C5,5,R5,R6,R8,R1,R6,R1
RESP_0297,C6,6,R6,R7,R9,R2,R6,R7
RESP_0297,C7,7,R7,R8,R10,R3,R10,R8
RESP_0297,C8,8,R8,R9,R11,R4,R11,R9
RESP_0297,C9,9,R9,R10,R12,R5,R10,R12
RESP_0297,C10,10,R10,R11,R13,R6,R6,R13
RESP_0297,C11,11,R11,R12,R1,R7,R12,R11
RESP_0297,C12,12,R12,R13,R2,R8,R12,R13
RESP_0297,C13,13,R13,R1,R3,R9,R13,R9
RESP_0298,C1,1,R1,R2,R4,R10,R1,R10
RESP_0298,C2,2,R2,R3,R5,R11,R5,R11
RESP_0298,C3,3,R3,R4,R6,R12,R3,R6
RESP_0298,C4,4,R4,R5,R7,R13,R5,R13
RESP_0298,C5,5,R5,R6,R8,R1,R1,R6
RESP_0298,C6,6,R6,R7,R9,R2,R6,R9
RESP_0298,C7,7,R7,R8,R10,R3,R3,R10
RESP_0298,C8,8,R8,R9,R11,R4,R11,R9
RESP_0298,C9,9,R9,R10,R12,R5,R9,R10
RESP_0298,C10,10,R10,R11,R13,R6,R13,R10
RESP_0298,C11,11,R11,R12,R1,R7,R11,R1
RESP_0298,C12,12,R12,R13,R2,R8,R8,R13
RESP_0298,C13,13,R13,R1,R3,R9,R1,R9
RESP_0299,C1,1,R1,R2,R4,R10,R4,R10
RESP_0299,C2,2,R2,R3,R5,R11,R11,R3
RESP_0299,C3,3,R3,R4,R6,R12,R6,R12
RESP_0299,C4,4,R4,R5,R7,R13,R13,R7
RESP_0299,C5,5,R5,R6,R8,R1,R1,R5
RESP_0299,C6,6,R6,R7,R9,R2,R6,R2
RESP_0299,C7,7,R7,R8,R10,R3,R8,R10
RESP_0299,C8,8,R8,R9,R11,R4,R4,R9
RESP_0299,C9,9,R9,R10,R12,R5,R10,R9
RESP_0299,C10,10,R10,R11,R13,R6,R10,R11
RESP_0299,C11,11,R11,R12,R1,R7,R12,R11
RESP_0299,C12,12,R12,R13,R2,R8,R13,R12
RESP_0299,C13,13,R13,R1,R3,R9,R3,R13
RESP_0300,C1,1,R1,R2,R4,R10,R4,R10
RESP_0300,C2,2,R2,R3,R5,R11,R5,R3
RESP_0300,C3,3,R3,R4,R6,R12,R4,R12
RESP_0300,C4,4,R4,R5,R7,R13,R4,R7
RESP_0300,C5,5,R5,R6,R8,R1,R8,R6
RESP_0300,C6,6,R6,R7,R9,R2,R9,R7
RESP_0300,C7,7,R7,R8,R10,R3,R3,R7
RESP_0300,C8,8,R8,R9,R11,R4,R11,R8
RESP_0300,C9,9,R9,R10,R12,R5,R5,R12
RESP_0300,C10,10,R10,R11,R13,R6,R10,R13
RESP_0300,C11,11,R11,R12,R1,R7,R11,R7
RESP_0300,C12,12,R12,R13,R2,R8,R2,R13
RESP_0300,C13,13,R13,R1,R3,R9,R13,R9
RESP_0301,C1,1,R1,R2,R4,R10,R2,R4
RESP_0301,C2,2,R2,R3,R5,R11,R5,R2
RESP_0301,C3,3,R3,R4,R6,R12,R4,R3
RESP_0301,C4,4,R4,R5,R7,R13,R7,R13
RESP_0301,C5,5,R5,R6,R8,R1,R5,R1
RESP_0301,C6,6,R6,R7,R9,R2,R2,R7
RESP_0301,C7,7,R7,R8,R10,R3,R10,R8
RESP_0301,C8,8,R8,R9,R11,R4,R8,R9
RESP_0301,C9,9,R9,R10,R12,R5,R9,R10
RESP_0301,C10,10,R10,R11,R13,R6,R13,R11
RESP_0301,C11,11,R11,R12,R1,R7,R1,R11
RESP_0301,C12,12,R12,R13,R2,R8,R2,R12
RESP_0301,C13,13,R13,R1,R3,R9,R3,R1
RESP_0302,C1,1,R1,R2,R4,R10,R4,R10
RESP_0302,C2,2,R2,R3,R5,R11,R5,R11
RESP_0302,C3,3,R3,R4,R6,R12,R3,R12
RESP_0302,C4,4,R4,R5,R7,R13,R5,R13
RESP_0302,C5,5,R5,R6,R8,R1,R1,R8
RESP_0302,C6,6,R6,R7,R9,R2,R6,R9
RESP_0302,C7,7,R7,R8,R10,R3,R7,R10
RESP_0302,C8,8,R8,R9,R11,R4,R9,R11
RESP_0302,C9,9,R9,R10,R12,R5,R12,R10
RESP_0302,C10,10,R10,R11,R13,R6,R6,R10
RESP_0302,C11,11,R11,R12,R1,R7,R1,R12
RESP_0302,C12,12,R12,R13,R2,R8,R8,R13
RESP_0302,C13,13,R13,R1,R3,R9,R1,R13
RESP_0303,C1,1,R1,R2,R4,R10,R1,R4
RESP_0303,C2,2,R2,R3,R5,R11,R2,R11
RESP_0303,C3,3,R3,R4,R6,R12,R6,R4
RESP_0303,C4,4,R4,R5,R7,R13,R5,R13
RESP_0303,C5,5,R5,R6,R8,R1,R5,R8
RESP_0303,C6,6,R6,R7,R9,R2,R9,R7
RESP_0303,C7,7,R7,R8,R10,R3,R10,R8
RESP_0303,C8,8,R8,R9,R11,R4,R8,R9
RESP_0303,C9,9,R9,R10,R12,R5,R5,R9
RESP_0303,C10,10,R10,R11,R13,R6,R10,R13
RESP_0303,C11,11,R11,R12,R1,R7,R1,R7
RESP_0303,C12,12,R12,R13,R2,R8,R8,R13
RESP_0303,C13,13,R13,R1,R3,R9,R1,R3
RESP_0304,C1,1,R1,R2,R4,R10,R1,R2
RESP_0304,C2,2,R2,R3,R5,R11,R11,R3
RESP_0304,C3,3,R3,R4,R6,R12,R6,R12
RESP_0304,C4,4,R4,R5,R7,R13,R5,R4
RESP_0304,C5,5,R5,R6,R8,R1,R6,R1
RESP_0304,C6,6,R6,R7,R9,R2,R2,R9
RESP_0304,C7,7,R7,R8,R10,R3,R10,R8
RESP_0304,C8,8,R8,R9,R11,R4,R8,R9
RESP_0304,C9,9,R9,R10,R12,R5,R5,R9
RESP_0304,C10,10,R10,R11,R13,R6,R6,R10
RESP_0304,C11,11,R11,R12,R1,R7,R7,R12
RESP_0304,C12,12,R12,R13,R2,R8,R12,R13
RESP_0304,C13,13,R13,R1,R3,R9,R1,R9
RESP_0305,C1,1,R1,R2,R4,R10,R2,R10
RESP_0305,C2,2,R2,R3,R5,R11,R3,R11
RESP_0305,C3,3,R3,R4,R6,R12,R3,R6
RESP_0305,C4,4,R4,R5,R7,R13,R5,R13
RESP_0305,C5,5,R5,R6,R8,R1,R1,R8
RESP_0305,C6,6,R6,R7,R9,R2,R9,R6
RESP_0305,C7,7,R7,R8,R10,R3,R3,R7
RESP_0305,C8,8,R8,R9,R11,R4,R8,R11
RESP_0305,C9,9,R9,R10,R12,R5,R5,R12
RESP_0305,C10,10,R10,R11,R13,R6,R6,R11
RESP_0305,C11,11,R11,R12,R1,R7,R7,R12
RESP_0305,C12,12,R12,R13,R2,R8,R8,R12
RESP_0305,C13,13,R13,R1,R3,R9,R9,R3
RESP_0306,C1,1,R1,R2,R4,R10,R10,R4
RESP_0306,C2,2,R2,R3,R5,R11,R5,R11
RESP_0306,C3,3,R3,R4,R6,R12,R12,R6
RESP_0306,C4,4,R4,R5,R7,R13,R4,R7
RESP_0306,C5,5,R5,R6,R8,R1,R5,R6
RESP_0306,C6,6,R6,R7,R9,R2,R2,R9
RESP_0306,C7,7,R7,R8,R10,R3,R8,R7
RESP_0306,C8,8,R8,R9,R11,R4,R8,R4
RESP_0306,C9,9,R9,R10,R12,R5,R10,R12
RESP_0306,C10,10,R10,R11,R13,R6,R6,R11
RESP_0306,C11,11,R11,R12,R1,R7,R1,R7
RESP_0306,C12,12,R12,R13,R2,R8,R2,R13
RESP_0306,C13,13,R13,R1,R3,R9,R1,R13
RESP_0307,C1,1,R1,R2,R4,R10,R10,R2
RESP_0307,C2,2,R2,R3,R5,R11,R11,R2
RESP_0307,C3,3,R3,R4,R6,R12,R3,R12
RESP_0307,C4,4,R4,R5,R7,R13,R7,R4
RESP_0307,C5,5,R5,R6,R8,R1,R5,R8
RESP_0307,C6,6,R6,R7,R9,R2,R7,R9
RESP_0307,C7,7,R7,R8,R10,R3,R8,R7
RESP_0307,C8,8,R8,R9,R11,R4,R4,R9
RESP_0307,C9,9,R9,R10,R12,R5,R5,R9
RESP_0307,C10,10,R10,R11,R13,R6,R11,R10
RESP_0307,C11,11,R11,R12,R1,R7,R11,R12
RESP_0307,C12,12,R12,R13,R2,R8,R2,R8
RESP_0307,C13,13,R13,R1,R3,R9,R1,R9
RESP_0308,C1,1,R1,R2,R4,R10,R4,R10
RESP_0308,C2,2,R2,R3,R5,R11,R2,R11
RESP_0308,C3,3,R3,R4,R6,R12,R12,R4
RESP_0308,C4,4,R4,R5,R7,R13,R5,R7
RESP_0308,C5,5,R5,R6,R8,R1,R1,R6
RESP_0308,C6,6,R6,R7,R9,R2,R7,R9
RESP_0308,C7,7,R7,R8,R10,R3,R10,R3
RESP_0308,C8,8,R8,R9,R11,R4,R9,R4
RESP_0308,C9,9,R9,R10,R12,R5,R9,R12
RESP_0308,C10,10,R10,R11,R13,R6,R10,R13
RESP_0308,C11,11,R11,R12,R1,R7,R1,R12
RESP_0308,C12,12,R12,R13,R2,R8,R12,R13
RESP_0308,C13,13,R13,R1,R3,R9,R9,R3
RESP_0309,C1,1,R1,R2,R4,R10,R2,R4
RESP_0309,C2,2,R2,R3,R5,R11,R3,R11
RESP_0309,C3,3,R3,R4,R6,R12,R6,R4
RESP_0309,C4,4,R4,R5,R7,R13,R7,R4
RESP_0309,C5,5,R5,R6,R8,R1,R5,R8
RESP_0309,C6,6,R6,R7,R9,R2,R6,R7
RESP_0309,C7,7,R7,R8,R10,R3,R8,R7
RESP_0309,C8,8,R8,R9,R11,R4,R9,R4
RESP_0309,C9,9,R9,R10,R12,R5,R5,R9
RESP_0309,C10,10,R10,R11,R13,R6,R6,R10
RESP_0309,C11,11,R11,R12,R1,R7,R7,R11
RESP_0309,C12,12,R12,R13,R2,R8,R12,R13
RESP_0309,C13,13,R13,R1,R3,R9,R3,R13
RESP_0310,C1,1,R1,R2,R4,R10,R2,R4
RESP_0310,C2,2,R2,R3,R5,R11,R5,R11
RESP_0310,C3,3,R3,R4,R6,R12,R12,R3
RESP_0310,C4,4,R4,R5,R7,R13,R4,R5
RESP_0310,C5,5,R5,R6,R8,R1,R5,R8
RESP_0310,C6,6,R6,R7,R9,R2,R2,R9
RESP_0310,C7,7,R7,R8,R10,R3,R7,R10
RESP_0310,C8,8,R8,R9,R11,R4,R9,R8
RESP_0310,C9,9,R9,R10,R12,R5,R5,R12
RESP_0310,C10,10,R10,R11,R13,R6,R11,R13
RESP_0310,C11,11,R11,R12,R1,R7,R1,R7
RESP_0310,C12,12,R12,R13,R2,R8,R2,R8
RESP_0310,C13,13,R13,R1,R3,R9,R3,R9
RESP_0311,C1,1,R1,R2,R4,R10,R1,R10
RESP_0311,C2,2,R2,R3,R5,R11,R5,R3
RESP_0311,C3,3,R3,R4,R6,R12,R12,R3
RESP_0311,C4,4,R4,R5,R7,R13,R7,R4
RESP_0311,C5,5,R5,R6,R8,R1,R5,R8
RESP_0311,C6,6,R6,R7,R9,R2,R2,R7
RESP_0311,C7,7,R7,R8,R10,R3,R8,R10
RESP_0311,C8,8,R8,R9,R11,R4,R8,R4
RESP_0311,C9,9,R9,R10,R12,R5,R9,R10
RESP_0311,C10,10,R10,R11,R13,R6,R10,R11
RESP_0311,C11,11,R11,R12,R1,R7,R1,R12
RESP_0311,C12,12,R12,R13,R2,R8,R8,R13
RESP_0311,C13,13,R13,R1,R3,R9,R3,R13
RESP_0312,C1,1,R1,R2,R4,R10,R4,R2
RESP_0312,C2,2,R2,R3,R5,R11,R11,R5
RESP_0312,C3,3,R3,R4,R6,R12,R6,R4
RESP_0312,C4,4,R4,R5,R7,R13,R5,R4
RESP_0312,C5,5,R5,R6,R8,R1,R8,R6
RESP_0312,C6,6,R6,R7,R9,R2,R6,R7
RESP_0312,C7,7,R7,R8,R10,R3,R3,R10
RESP_0312,C8,8,R8,R9,R11,R4,R9,R4
RESP_0312,C9,9,R9,R10,R12,R5,R10,R5
RESP_0312,C10,10,R10,R11,R13,R6,R11,R10
RESP_0312,C11,11,R11,R12,R1,R7,R1,R11
RESP_0312,C12,12,R12,R13,R2,R8,R12,R8
RESP_0312,C13,13,R13,R1,R3,R9,R9,R1
RESP_0313,C1,1,R1,R2,R4,R10,R2,R1
RESP_0313,C2,2,R2,R3,R5,R11,R5,R11
RESP_0313,C3,3,R3,R4,R6,R12,R6,R12
RESP_0313,C4,4,R4,R5,R7,R13,R5,R7
RESP_0313,C5,5,R5,R6,R8,R1,R5,R6
RESP_0313,C6,6,R6,R7,R9,R2,R2,R6
RESP_0313,C7,7,R7,R8,R10,R3,R8,R3
RESP_0313,C8,8,R8,R9,R11,R4,R8,R9
RESP_0313,C9,9,R9,R10,R12,R5,R10,R9
RESP_0313,C10,10,R10,R11,R13,R6,R6,R11
RESP_0313,C11,11,R11,R12,R1,R7,R11,R12
RESP_0313,C12,12,R12,R13,R2,R8,R8,R13
RESP_0313,C13,13,R13,R1,R3,R9,R1,R3
RESP_0314,C1,1,R1,R2,R4,R10,R4,R2
RESP_0314,C2,2,R2,R3,R5,R11,R5,R11
RESP_0314,C3,3,R3,R4,R6,R12,R12,R4
RESP_0314,C4,4,R4,R5,R7,R13,R4,R13
RESP_0314,C5,5,R5,R6,R8,R1,R8,R6
RESP_0314,C6,6,R6,R7,R9,R2,R9,R6
RESP_0314,C7,7,R7,R8,R10,R3,R10,R7
RESP_0314,C8,8,R8,R9,R11,R4,R8,R9
RESP_0314,C9,9,R9,R10,R12,R5,R10,R12
RESP_0314,C10,10,R10,R11,R13,R6,R13,R6
RESP_0314,C11,11,R11,R12,R1,R7,R11,R7
RESP_0314,C12,12,R12,R13,R2,R8,R8,R13
RESP_0314,C13,13,R13,R1,R3,R9,R3,R9
RESP_0315,C1,1,R1,R2,R4,R10,R1,R10
RESP_0315,C2,2,R2,R3,R5,R11,R3,R11
RESP_0315,C3,3,R3,R4,R6,R12,R6,R4
RESP_0315,C4,4,R4,R5,R7,R13,R7,R13
RESP_0315,C5,5,R5,R6,R8,R1,R1,R5
RESP_0315,C6,6,R6,R7,R9,R2,R6,R9
RESP_0315,C7,7,R7,R8,R10,R3,R8,R3
RESP_0315,C8,8,R8,R9,R11,R4,R8,R11
RESP_0315,C9,9,R9,R10,R12,R5,R10,R12
RESP_0315,C10,10,R10,R11,R13,R6,R6,R11
RESP_0315,C11,11,R11,R12,R1,R7,R1,R11
RESP_0315,C12,12,R12,R13,R2,R8,R8,R13
RESP_0315,C13,13,R13,R1,R3,R9,R3,R9
RESP_0316,C1,1,R1,R2,R4,R10,R1,R10
RESP_0316,C2,2,R2,R3,R5,R11,R3,R11
RESP_0316,C3,3,R3,R4,R6,R12,R6,R4
RESP_0316,C4,4,R4,R5,R7,R13,R4,R13
RESP_0316,C5,5,R5,R6,R8,R1,R1,R8
RESP_0316,C6,6,R6,R7,R9,R2,R6,R2
RESP_0316,C7,7,R7,R8,R10,R3,R10,R7
RESP_0316,C8,8,R8,R9,R11,R4,R8,R9
RESP_0316,C9,9,R9,R10,R12,R5,R5,R9
RESP_0316,C10,10,R10,R11,R13,R6,R6,R10
RESP_0316,C11,11,R11,R12,R1,R7,R1,R7
RESP_0316,C12,12,R12,R13,R2,R8,R2,R12
RESP_0316,C13,13,R13,R1,R3,R9,R9,R1
RESP_0317,C1,1,R1,R2,R4,R10,R4,R10
RESP_0317,C2,2,R2,R3,R5,R11,R11,R2
RESP_0317,C3,3,R3,R4,R6,R12,R6,R12
RESP_0317,C4,4,R4,R5,R7,R13,R4,R13
RESP_0317,C5,5,R5,R6,R8,R1,R1,R8
RESP_0317,C6,6,R6,R7,R9,R2,R6,R7
RESP_0317,C7,7,R7,R8,R10,R3,R10,R3
RESP_0317,C8,8,R8,R9,R11,R4,R8,R9
RESP_0317,C9,9,R9,R10,R12,R5,R5,R10
RESP_0317,C10,10,R10,R11,R13,R6,R6,R13
RESP_0317,C11,11,R11,R12,R1,R7,R7,R12
RESP_0317,C12,12,R12,R13,R2,R8,R12,R2
RESP_0317,C13,13,R13,R1,R3,R9,R1,R13
RESP_0318,C1,1,R1,R2,R4,R10,R1,R10
RESP_0318,C2,2,R2,R3,R5,R11,R2,R3
RESP_0318,C3,3,R3,R4,R6,R12,R3,R4
RESP_0318,C4,4,R4,R5,R7,R13,R5,R7
RESP_0318,C5,5,R5,R6,R8,R1,R5,R8
RESP_0318,C6,6,R6,R7,R9,R2,R6,R9
RESP_0318,C7,7,R7,R8,R10,R3,R8,R10
RESP_0318,C8,8,R8,R9,R11,R4,R8,R9
RESP_0318,C9,9,R9,R10,R12,R5,R5,R9
RESP_0318,C10,10,R10,R11,R13,R6,R6,R10
RESP_0318,C11,11,R11,R12,R1,R7,R12,R11
RESP_0318,C12,12,R12,R13,R2,R8,R2,R12
RESP_0318,C13,13,R13,R1,R3,R9,R3,R9
RESP_0319,C1,1,R1,R2,R4,R10,R4,R10
RESP_0319,C2,2,R2,R3,R5,R11,R5,R3
RESP_0319,C3,3,R3,R4,R6,R12,R12,R4
RESP_0319,C4,4,R4,R5,R7,R13,R13,R4
RESP_0319,C5,5,R5,R6,R8,R1,R8,R5
RESP_0319,C6,6,R6,R7,R9,R2,R2,R9
RESP_0319,C7,7,R7,R8,R10,R3,R3,R10
RESP_0319,C8,8,R8,R9,R11,R4,R11,R4
RESP_0319,C9,9,R9,R10,R12,R5,R12,R5
RESP_0319,C10,10,R10,R11,R13,R6,R13,R10
RESP_0319,C11,11,R11,R12,R1,R7,R7,R11
RESP_0319,C12,12,R12,R13,R2,R8,R8,R13
RESP_0319,C13,13,R13,R1,R3,R9,R3,R9
RESP_0320,C1,1,R1,R2,R4,R10,R2,R4
RESP_0320,C2,2,R2,R3,R5,R11,R11,R2
RESP_0320,C3,3,R3,R4,R6,R12,R12,R3
RESP_0320,C4,4,R4,R5,R7,R13,R5,R13
RESP_0320,C5,5,R5,R6,R8,R1,R5,R1
RESP_0320,C6,6,R6,R7,R9,R2,R6,R9
RESP_0320,C7,7,R7,R8,R10,R3,R10,R7
RESP_0320,C8,8,R8,R9,R11,R4,R11,R9
RESP_0320,C9,9,R9,R10,R12,R5,R5,R10
RESP_0320,C10,10,R10,R11,R13,R6,R11,R13
RESP_0320,C11,11,R11,R12,R1,R7,R1,R12
RESP_0320,C12,12,R12,R13,R2,R8,R13,R8
RESP_0320,C13,13,R13,R1,R3,R9,R3,R9
RESP_0321,C1,1,R1,R2,R4,R10,R10,R4
RESP_0321,C2,2,R2,R3,R5,R11,R2,R11
RESP_0321,C3,3,R3,R4,R6,R12,R6,R4
RESP_0321,C4,4,R4,R5,R7,R13,R7,R4
RESP_0321,C5,5,R5,R6,R8,R1,R5,R1
RESP_0321,C6,6,R6,R7,R9,R2,R7,R2
RESP_0321,C7,7,R7,R8,R10,R3,R7,R3
RESP_0321,C8,8,R8,R9,R11,R4,R8,R9
RESP_0321,C9,9,R9,R10,R12,R5,R12,R9
RESP_0321,C10,10,R10,R11,R13,R6,R10,R13
RESP_0321,C11,11,R11,R12,R1,R7,R11,R7
RESP_0321,C12,12,R12,R13,R2,R8,R12,R2
RESP_0321,C13,13,R13,R1,R3,R9,R3,R1
RESP_0322,C1,1,R1,R2,R4,R10,R2,R4
RESP_0322,C2,2,R2,R3,R5,R11,R5,R11
RESP_0322,C3,3,R3,R4,R6,R12,R6,R12
RESP_0322,C4,4,R4,R5,R7,R13,R13,R7
RESP_0322,C5,5,R5,R6,R8,R1,R6,R5
RESP_0322,C6,6,R6,R7,R9,R2,R6,R9
RESP_0322,C7,7,R7,R8,R10,R3,R10,R8
RESP_0322,C8,8,R8,R9,R11,R4,R8,R9
RESP_0322,C9,9,R9,R10,R12,R5,R5,R10
RESP_0322,C10,10,R10,R11,R13,R6,R11,R13
RESP_0322,C11,11,R11,R12,R1,R7,R12,R7
RESP_0322,C12,12,R12,R13,R2,R8,R13,R2
RESP_0322,C13,13,R13,R1,R3,R9,R1,R9
RESP_0323,C1,1,R1,R2,R4,R10,R1,R10
RESP_0323,C2,2,R2,R3,R5,R11,R3,R5
RESP_0323,C3,3,R3,R4,R6,R12,R4,R3
RESP_0323,C4,4,R4,R5,R7,R13,R7,R13
RESP_0323,C5,5,R5,R6,R8,R1,R1,R8
RESP_0323,C6,6,R6,R7,R9,R2,R2,R9
RESP_0323,C7,7,R7,R8,R10,R3,R8,R7
RESP_0323,C8,8,R8,R9,R11,R4,R4,R11
RESP_0323,C9,9,R9,R10,R12,R5,R10,R9
RESP_0323,C10,10,R10,R11,R13,R6,R6,R10
RESP_0323,C11,11,R11,R12,R1,R7,R11,R12
RESP_0323,C12,12,R12,R13,R2,R8,R2,R8
RESP_0323,C13,13,R13,R1,R3,R9,R13,R1
RESP_0324,C1,1,R1,R2,R4,R10,R4,R1
RESP_0324,C2,2,R2,R3,R5,R11,R5,R11
RESP_0324,C3,3,R3,R4,R6,R12,R12,R3
RESP_0324,C4,4,R4,R5,R7,R13,R4,R7
RESP_0324,C5,5,R5,R6,R8,R1,R1,R6
RESP_0324,C6,6,R6,R7,R9,R2,R2,R7
RESP_0324,C7,7,R7,R8,R10,R3,R8,R10
RESP_0324,C8,8,R8,R9,R11,R4,R4,R9
RESP_0324,C9,9,R9,R10,R12,R5,R5,R9
RESP_0324,C10,10,R10,R11,R13,R6,R6,R13
RESP_0324,C11,11,R11,R12,R1,R7,R7,R12
RESP_0324,C12,12,R12,R13,R2,R8,R13,R8
RESP_0324,C13,13,R13,R1,R3,R9,R1,R9
RESP_0325,C1,1,R1,R2,R4,R10,R2,R1
RESP_0325,C2,2,R2,R3,R5,R11,R11,R5
RESP_0325,C3,3,R3,R4,R6,R12,R4,R6
RESP_0325,C4,4,R4,R5,R7,R13,R7,R13
RESP_0325,C5,5,R5,R6,R8,R1,R5,R8
RESP_0325,C6,6,R6,R7,R9,R2,R7,R2
RESP_0325,C7,7,R7,R8,R10,R3,R3,R7
RESP_0325,C8,8,R8,R9,R11,R4,R8,R4
RESP_0325,C9,9,R9,R10,R12,R5,R5,R9
RESP_0325,C10,10,R10,R11,R13,R6,R11,R13
RESP_0325,C11,11,R11,R12,R1,R7,R1,R11
RESP_0325,C12,12,R12,R13,R2,R8,R8,R12
RESP_0325,C13,13,R13,R1,R3,R9,R1,R3
RESP_0326,C1,1,R1,R2,R4,R10,R2,R10
RESP_0326,C2,2,R2,R3,R5,R11,R5,R3
RESP_0326,C3,3,R3,R4,R6,R12,R3,R12
RESP_0326,C4,4,R4,R5,R7,R13,R4,R13
RESP_0326,C5,5,R5,R6,R8,R1,R6,R8
RESP_0326,C6,6,R6,R7,R9,R2,R2,R9
RESP_0326,C7,7,R7,R8,R10,R3,R8,R10
RESP_0326,C8,8,R8,R9,R11,R4,R4,R11
RESP_0326,C9,9,R9,R10,R12,R5,R9,R12
RESP_0326,C10,10,R10,R11,R13,R6,R6,R10
RESP_0326,C11,11,R11,R12,R1,R7,R12,R11
RESP_0326,C12,12,R12,R13,R2,R8,R8,R13
RESP_0326,C13,13,R13,R1,R3,R9,R1,R13
RESP_0327,C1,1,R1,R2,R4,R10,R1,R10
RESP_0327,C2,2,R2,R3,R5,R11,R5,R3
RESP_0327,C3,3,R3,R4,R6,R12,R3,R12
RESP_0327,C4,4,R4,R5,R7,R13,R5,R7
RESP_0327,C5,5,R5,R6,R8,R1,R1,R6
RESP_0327,C6,6,R6,R7,R9,R2,R6,R9
RESP_0327,C7,7,R7,R8,R10,R3,R10,R8
RESP_0327,C8,8,R8,R9,R11,R4,R11,R9
RESP_0327,C9,9,R9,R10,R12,R5,R5,R10
RESP_0327,C10,10,R10,R11,R13,R6,R11,R10
RESP_0327,C11,11,R11,R12,R1,R7,R11,R12
RESP_0327,C12,12,R12,R13,R2,R8,R13,R12
RESP_0327,C13,13,R13,R1,R3,R9,R1,R9
RESP_0328,C1,1,R1,R2,R4,R10,R2,R10
RESP_0328,C2,2,R2,R3,R5,R11,R5,R11
RESP_0328,C3,3,R3,R4,R6,R12,R4,R3
RESP_0328,C4,4,R4,R5,R7,R13,R5,R13
RESP_0328,C5,5,R5,R6,R8,R1,R5,R8
RESP_0328,C6,6,R6,R7,R9,R2,R6,R9
RESP_0328,C7,7,R7,R8,R10,R3,R8,R10
RESP_0328,C8,8,R8,R9,R11,R4,R8,R11
RESP_0328,C9,9,R9,R10,R12,R5,R12,R10
RESP_0328,C10,10,R10,R11,R13,R6,R6,R13
RESP_0328,C11,11,R11,R12,R1,R7,R1,R11
RESP_0328,C12,12,R12,R13,R2,R8,R2,R13
RESP_0328,C13,13,R13,R1,R3,R9,R3,R9
RESP_0329,C1,1,R1,R2,R4,R10,R1,R4
RESP_0329,C2,2,R2,R3,R5,R11,R3,R11
RESP_0329,C3,3,R3,R4,R6,R12,R3,R6
RESP_0329,C4,4,R4,R5,R7,R13,R5,R13
RESP_0329,C5,5,R5,R6,R8,R1,R1,R8
RESP_0329,C6,6,R6,R7,R9,R2,R6,R7
RESP_0329,C7,7,R7,R8,R10,R3,R7,R8
RESP_0329,C8,8,R8,R9,R11,R4,R4,R11
RESP_0329,C9,9,R9,R10,R12,R5,R12,R10
RESP_0329,C10,10,R10,R11,R13,R6,R13,R11
RESP_0329,C11,11,R11,R12,R1,R7,R1,R12
RESP_0329,C12,12,R12,R13,R2,R8,R8,R13
RESP_0329,C13,13,R13,R1,R3,R9,R9,R13
RESP_0330,C1,1,R1,R2,R4,R10,R1,R4
RESP_0330,C2,2,R2,R3,R5,R11,R11,R3
RESP_0330,C3,3,R3,R4,R6,R12,R3,R6
RESP_0330,C4,4,R4,R5,R7,R13,R4,R13
RESP_0330,C5,5,R5,R6,R8,R1,R6,R5
RESP_0330,C6,6,R6,R7,R9,R2,R2,R9
RESP_0330,C7,7,R7,R8,R10,R3,R10,R8
RESP_0330,C8,8,R8,R9,R11,R4,R9,R11
RESP_0330,C9,9,R9,R10,R12,R5,R5,R10
RESP_0330,C10,10,R10,R11,R13,R6,R6,R11
RESP_0330,C11,11,R11,R12,R1,R7,R11,R12
RESP_0330,C12,12,R12,R13,R2,R8,R2,R13
RESP_0330,C13,13,R13,R1,R3,R9,R3,R13
RESP_0331,C1,1,R1,R2,R4,R10,R1,R10
RESP_0331,C2,2,R2,R3,R5,R11,R5,R2
RESP_0331,C3,3,R3,R4,R6,R12,R6,R3
RESP_0331,C4,4,R4,R5,R7,R13,R4,R13
RESP_0331,C5,5,R5,R6,R8,R1,R5,R1
RESP_0331,C6,6,R6,R7,R9,R2,R6,R7
RESP_0331,C7,7,R7,R8,R10,R3,R8,R7
RESP_0331,C8,8,R8,R9,R11,R4,R9,R11
RESP_0331,C9,9,R9,R10,R12,R5,R5,R10
RESP_0331,C10,10,R10,R11,R13,R6,R6,R13
RESP_0331,C11,11,R11,R12,R1,R7,R1,R12
RESP_0331,C12,12,R12,R13,R2,R8,R13,R8
RESP_0331,C13,13,R13,R1,R3,R9,R1,R9
RESP_0332,C1,1,R1,R2,R4,R10,R4,R1
RESP_0332,C2,2,R2,R3,R5,R11,R2,R3
RESP_0332,C3,3,R3,R4,R6,R12,R12,R3
RESP_0332,C4,4,R4,R5,R7,R13,R5,R13
RESP_0332,C5,5,R5,R6,R8,R1,R5,R6
RESP_0332,C6,6,R6,R7,R9,R2,R7,R2
RESP_0332,C7,7,R7,R8,R10,R3,R3,R10
RESP_0332,C8,8,R8,R9,R11,R4,R11,R4
RESP_0332,C9,9,R9,R10,R12,R5,R12,R9
RESP_0332,C10,10,R10,R11,R13,R6,R6,R13
RESP_0332,C11,11,R11,R12,R1,R7,R1,R12
RESP_0332,C12,12,R12,R13,R2,R8,R2,R8
RESP_0332,C13,13,R13,R1,R3,R9,R1,R13
RESP_0333,C1,1,R1,R2,R4,R10,R2,R10
RESP_0333,C2,2,R2,R3,R5,R11,R3,R11
RESP_0333,C3,3,R3,R4,R6,R12,R3,R6
RESP_0333,C4,4,R4,R5,R7,R13,R5,R13
RESP_0333,C5,5,R5,R6,R8,R1,R1,R8
RESP_0333,C6,6,R6,R7,R9,R2,R2,R7
RESP_0333,C7,7,R7,R8,R10,R3,R3,R7
RESP_0333,C8,8,R8,R9,R11,R4,R9,R8
RESP_0333,C9,9,R9,R10,R12,R5,R10,R9
RESP_0333,C10,10,R10,R11,R13,R6,R6,R13
RESP_0333,C11,11,R11,R12,R1,R7,R1,R7
RESP_0333,C12,12,R12,R13,R2,R8,R2,R12
RESP_0333,C13,13,R13,R1,R3,R9,R1,R9
RESP_0334,C1,1,R1,R2,R4,R10,R2,R10
RESP_0334,C2,2,R2,R3,R5,R11,R5,R3
RESP_0334,C3,3,R3,R4,R6,R12,R4,R12
RESP_0334,C4,4,R4,R5,R7,R13,R5,R13
RESP_0334,C5,5,R5,R6,R8,R1,R5,R8
RESP_0334,C6,6,R6,R7,R9,R2,R7,R6
RESP_0334,C7,7,R7,R8,R10,R3,R3,R8
RESP_0334,C8,8,R8,R9,R11,R4,R4,R11
RESP_0334,C9,9,R9,R10,R12,R5,R5,R9
RESP_0334,C10,10,R10,R11,R13,R6,R10,R11
RESP_0334,C11,11,R11,R12,R1,R7,R11,R12
RESP_0334,C12,12,R12,R13,R2,R8,R13,R12
RESP_0334,C13,13,R13,R1,R3,R9,R3,R9
RESP_0335,C1,1,R1,R2,R4,R10,R1,R10
RESP_0335,C2,2,R2,R3,R5,R11,R2,R5
RESP_0335,C3,3,R3,R4,R6,R12,R4,R12
RESP_0335,C4,4,R4,R5,R7,R13,R7,R13
RESP_0335,C5,5,R5,R6,R8,R1,R1,R6
RESP_0335,C6,6,R6,R7,R9,R2,R6,R7
RESP_0335,C7,7,R7,R8,R10,R3,R3,R10
RESP_0335,C8,8,R8,R9,R11,R4,R8,R4
RESP_0335,C9,9,R9,R10,R12,R5,R5,R12
RESP_0335,C10,10,R10,R11,R13,R6,R11,R10
RESP_0335,C11,11,R11,R12,R1,R7,R7,R12
RESP_0335,C12,12,R12,R13,R2,R8,R12,R13
RESP_0335,C13,13,R13,R1,R3,R9,R1,R9
RESP_0336,C1,1,R1,R2,R4,R10,R4,R10
RESP_0336,C2,2,R2,R3,R5,R11,R5,R11
RESP_0336,C3,3,R3,R4,R6,R12,R4,R3
RESP_0336,C4,4,R4,R5,R7,R13,R5,R13
RESP_0336,C5,5,R5,R6,R8,R1,R5,R8
RESP_0336,C6,6,R6,R7,R9,R2,R6,R9
RESP_0336,C7,7,R7,R8,R10,R3,R8,R10
RESP_0336,C8,8,R8,R9,R11,R4,R4,R11
RESP_0336,C9,9,R9,R10,R12,R5,R5,R12
RESP_0336,C10,10,R10,R11,R13,R6,R6,R11
RESP_0336,C11,11,R11,R12,R1,R7,R7,R12
RESP_0336,C12,12,R12,R13,R2,R8,R13,R2
RESP_0336,C13,13,R13,R1,R3,R9,R1,R13
RESP_0337,C1,1,R1,R2,R4,R10,R2,R4
RESP_0337,C2,2,R2,R3,R5,R11,R5,R11
RESP_0337,C3,3,R3,R4,R6,R12,R3,R12
RESP_0337,C4,4,R4,R5,R7,R13,R5,R4
RESP_0337,C5,5,R5,R6,R8,R1,R8,R6
RESP_0337,C6,6,R6,R7,R9,R2,R6,R2
RESP_0337,C7,7,R7,R8,R10,R3,R3,R7
RESP_0337,C8,8,R8,R9,R11,R4,R9,R8
RESP_0337,C9,9,R9,R10,R12,R5,R10,R12
RESP_0337,C10,10,R10,R11,R13,R6,R13,R11
RESP_0337,C11,11,R11,R12,R1,R7,R1,R12
RESP_0337,C12,12,R12,R13,R2,R8,R12,R8
RESP_0337,C13,13,R13,R1,R3,R9,R1,R3
RESP_0338,C1,1,R1,R2,R4,R10,R1,R4
RESP_0338,C2,2,R2,R3,R5,R11,R3,R5
RESP_0338,C3,3,R3,R4,R6,R12,R4,R3
RESP_0338,C4,4,R4,R5,R7,R13,R7,R13
RESP_0338,C5,5,R5,R6,R8,R1,R5,R8
RESP_0338,C6,6,R6,R7,R9,R2,R6,R9
RESP_0338,C7,7,R7,R8,R10,R3,R8,R10
RESP_0338,C8,8,R8,R9,R11,R4,R4,R11
RESP_0338,C9,9,R9,R10,R12,R5,R5,R12
RESP_0338,C10,10,R10,R11,R13,R6,R6,R10
RESP_0338,C11,11,R11,R12,R1,R7,R7,R12
RESP_0338,C12,12,R12,R13,R2,R8,R13,R2
RESP_0338,C13,13,R13,R1,R3,R9,R1,R9
RESP_0339,C1,1,R1,R2,R4,R10,R2,R10
RESP_0339,C2,2,R2,R3,R5,R11,R3,R5
RESP_0339,C3,3,R3,R4,R6,R12,R3,R12
RESP_0339,C4,4,R4,R5,R7,R13,R5,R7
RESP_0339,C5,5,R5,R6,R8,R1,R1,R6
RESP_0339,C6,6,R6,R7,R9,R2,R2,R9
RESP_0339,C7,7,R7,R8,R10,R3,R10,R8
RESP_0339,C8,8,R8,R9,R11,R4,R4,R11
RESP_0339,C9,9,R9,R10,R12,R5,R5,R10
RESP_0339,C10,10,R10,R11,R13,R6,R6,R11
RESP_0339,C11,11,R11,R12,R1,R7,R11,R12
RESP_0339,C12,12,R12,R13,R2,R8,R13,R8
RESP_0339,C13,13,R13,R1,R3,R9,R1,R9
RESP_0340,C1,1,R1,R2,R4,R10,R2,R1
RESP_0340,C2,2,R2,R3,R5,R11,R5,R11
RESP_0340,C3,3,R3,R4,R6,R12,R6,R12
RESP_0340,C4,4,R4,R5,R7,R13,R5,R4
RESP_0340,C5,5,R5,R6,R8,R1,R6,R8
RESP_0340,C6,6,R6,R7,R9,R2,R7,R2
RESP_0340,C7,7,R7,R8,R10,R3,R8,R3
RESP_0340,C8,8,R8,R9,R11,R4,R8,R11
RESP_0340,C9,9,R9,R10,R12,R5,R9,R10
RESP_0340,C10,10,R10,R11,R13,R6,R6,R11
RESP_0340,C11,11,R11,R12,R1,R7,R1,R11
RESP_0340,C12,12,R12,R13,R2,R8,R2,R12
RESP_0340,C13,13,R13,R1,R3,R9,R3,R13
RESP_0341,C1,1,R1,R2,R4,R10,R10,R4
RESP_0341,C2,2,R2,R3,R5,R11,R2,R3
RESP_0341,C3,3,R3,R4,R6,R12,R6,R4
RESP_0341,C4,4,R4,R5,R7,R13,R5,R13
RESP_0341,C5,5,R5,R6,R8,R1,R8,R1
RESP_0341,C6,6,R6,R7,R9,R2,R6,R9
RESP_0341,C7,7,R7,R8,R10,R3,R8,R7
RESP_0341,C8,8,R8,R9,R11,R4,R11,R9
RESP_0341,C9,9,R9,R10,R12,R5,R5,R12
RESP_0341,C10,10,R10,R11,R13,R6,R13,R10
RESP_0341,C11,11,R11,R12,R1,R7,R11,R1
RESP_0341,C12,12,R12,R13,R2,R8,R2,R12
RESP_0341,C13,13,R13,R1,R3,R9,R3,R9
RESP_0342,C1,1,R1,R2,R4,R10,R2,R4
RESP_0342,C2,2,R2,R3,R5,R11,R5,R3
RESP_0342,C3,3,R3,R4,R6,R12,R4,R12
RESP_0342,C4,4,R4,R5,R7,R13,R5,R4
RESP_0342,C5,5,R5,R6,R8,R1,R5,R6
RESP_0342,C6,6,R6,R7,R9,R2,R7,R9
RESP_0342,C7,7,R7,R8,R10,R3,R3,R10
RESP_0342,C8,8,R8,R9,R11,R4,R4,R9
RESP_0342,C9,9,R9,R10,R12,R5,R5,R9
RESP_0342,C10,10,R10,R11,R13,R6,R6,R10
RESP_0342,C11,11,R11,R12,R1,R7,R12,R7
RESP_0342,C12,12,R12,R13,R2,R8,R2,R12
RESP_0342,C13,13,R13,R1,R3,R9,R1,R9
RESP_0343,C1,1,R1,R2,R4,R10,R2,R1
RESP_0343,C2,2,R2,R3,R5,R11,R3,R2
RESP_0343,C3,3,R3,R4,R6,R12,R4,R3
RESP_0343,C4,4,R4,R5,R7,R13,R5,R13
RESP_0343,C5,5,R5,R6,R8,R1,R6,R8
RESP_0343,C6,6,R6,R7,R9,R2,R6,R7
RESP_0343,C7,7,R7,R8,R10,R3,R7,R10
RESP_0343,C8,8,R8,R9,R11,R4,R11,R9
RESP_0343,C9,9,R9,R10,R12,R5,R5,R9
RESP_0343,C10,10,R10,R11,R13,R6,R6,R11
RESP_0343,C11,11,R11,R12,R1,R7,R1,R11
RESP_0343,C12,12,R12,R13,R2,R8,R13,R8
RESP_0343,C13,13,R13,R1,R3,R9,R1,R13
RESP_0344,C1,1,R1,R2,R4,R10,R4,R10
RESP_0344,C2,2,R2,R3,R5,R11,R5,R11
RESP_0344,C3,3,R3,R4,R6,R12,R6,R12
RESP_0344,C4,4,R4,R5,R7,R13,R4,R7
RESP_0344,C5,5,R5,R6,R8,R1,R5,R6
RESP_0344,C6,6,R6,R7,R9,R2,R9,R2
RESP_0344,C7,7,R7,R8,R10,R3,R7,R3
RESP_0344,C8,8,R8,R9,R11,R4,R8,R9
RESP_0344,C9,9,R9,R10,R12,R5,R5,R10
RESP_0344,C10,10,R10,R11,R13,R6,R11,R13
RESP_0344,C11,11,R11,R12,R1,R7,R1,R11
RESP_0344,C12,12,R12,R13,R2,R8,R13,R2
RESP_0344,C13,13,R13,R1,R3,R9,R13,R9
RESP_0345,C1,1,R1,R2,R4,R10,R1,R4
RESP_0345,C2,2,R2,R3,R5,R11,R2,R11
RESP_0345,C3,3,R3,R4,R6,R12,R12,R4
RESP_0345,C4,4,R4,R5,R7,R13,R5,R4
RESP_0345,C5,5,R5,R6,R8,R1,R8,R6
RESP_0345,C6,6,R6,R7,R9,R2,R6,R2
RESP_0345,C7,7,R7,R8,R10,R3,R10,R7
RESP_0345,C8,8,R8,R9,R11,R4,R4,R8
RESP_0345,C9,9,R9,R10,R12,R5,R10,R12
RESP_0345,C10,10,R10,R11,R13,R6,R11,R13
RESP_0345,C11,11,R11,R12,R1,R7,R1,R11
RESP_0345,C12,12,R12,R13,R2,R8,R2,R8
RESP_0345,C13,13,R13,R1,R3,R9,R1,R9
RESP_0346,C1,1,R1,R2,R4,R10,R4,R10
RESP_0346,C2,2,R2,R3,R5,R11,R11,R3
RESP_0346,C3,3,R3,R4,R6,R12,R4,R12
RESP_0346,C4,4,R4,R5,R7,R13,R13,R4
RESP_0346,C5,5,R5,R6,R8,R1,R6,R8
RESP_0346,C6,6,R6,R7,R9,R2,R2,R6
RESP_0346,C7,7,R7,R8,R10,R3,R8,R10
RESP_0346,C8,8,R8,R9,R11,R4,R9,R11
RESP_0346,C9,9,R9,R10,R12,R5,R5,R10
RESP_0346,C10,10,R10,R11,R13,R6,R10,R11
RESP_0346,C11,11,R11,R12,R1,R7,R11,R7
RESP_0346,C12,12,R12,R13,R2,R8,R8,R2
RESP_0346,C13,13,R13,R1,R3,R9,R1,R13
RESP_0347,C1,1,R1,R2,R4,R10,R1,R10
RESP_0347,C2,2,R2,R3,R5,R11,R5,R11
RESP_0347,C3,3,R3,R4,R6,R12,R3,R4
RESP_0347,C4,4,R4,R5,R7,R13,R13,R4
RESP_0347,C5,5,R5,R6,R8,R1,R1,R6
RESP_0347,C6,6,R6,R7,R9,R2,R6,R7
RESP_0347,C7,7,R7,R8,R10,R3,R3,R10
RESP_0347,C8,8,R8,R9,R11,R4,R8,R9
RESP_0347,C9,9,R9,R10,R12,R5,R5,R9
RESP_0347,C10,10,R10,R11,R13,R6,R6,R11
RESP_0347,C11,11,R11,R12,R1,R7,R7,R1
RESP_0347,C12,12,R12,R13,R2,R8,R13,R12
RESP_0347,C13,13,R13,R1,R3,R9,R3,R1
RESP_0348,C1,1,R1,R2,R4,R10,R4,R10
RESP_0348,C2,2,R2,R3,R5,R11,R3,R11
RESP_0348,C3,3,R3,R4,R6,R12,R6,R3
RESP_0348,C4,4,R4,R5,R7,R13,R4,R5
RESP_0348,C5,5,R5,R6,R8,R1,R1,R5
RESP_0348,C6,6,R6,R7,R9,R2,R2,R7
RESP_0348,C7,7,R7,R8,R10,R3,R3,R10
RESP_0348,C8,8,R8,R9,R11,R4,R8,R9
RESP_0348,C9,9,R9,R10,R12,R5,R10,R9
RESP_0348,C10,10,R10,R11,R13,R6,R6,R13
RESP_0348,C11,11,R11,R12,R1,R7,R12,R7
RESP_0348,C12,12,R12,R13,R2,R8,R2,R13
RESP_0348,C13,13,R13,R1,R3,R9,R3,R1
RESP_0349,C1,1,R1,R2,R4,R10,R4,R10
RESP_0349,C2,2,R2,R3,R5,R11,R5,R3
RESP_0349,C3,3,R3,R4,R6,R12,R6,R12
RESP_0349,C4,4,R4,R5,R7,R13,R13,R4
RESP_0349,C5,5,R5,R6,R8,R1,R1,R5
RESP_0349,C6,6,R6,R7,R9,R2,R2,R7
RESP_0349,C7,7,R7,R8,R10,R3,R7,R10
RESP_0349,C8,8,R8,R9,R11,R4,R4,R9
RESP_0349,C9,9,R9,R10,R12,R5,R9,R12
RESP_0349,C10,10,R10,R11,R13,R6,R13,R10
RESP_0349,C11,11,R11,R12,R1,R7,R1,R11
RESP_0349,C12,12,R12,R13,R2,R8,R12,R8
RESP_0349,C13,13,R13,R1,R3,R9,R1,R9
RESP_0350,C1,1,R1,R2,R4,R10,R4,R2
RESP_0350,C2,2,R2,R3,R5,R11,R11,R5
RESP_0350,C3,3,R3,R4,R6,R12,R3,R12
RESP_0350,C4,4,R4,R5,R7,R13,R5,R4
RESP_0350,C5,5,R5,R6,R8,R1,R5,R1
RESP_0350,C6,6,R6,R7,R9,R2,R2,R9
RESP_0350,C7,7,R7,R8,R10,R3,R3,R10
RESP_0350,C8,8,R8,R9,R11,R4,R8,R9
RESP_0350,C9,9,R9,R10,R12,R5,R5,R9
RESP_0350,C10,10,R10,R11,R13,R6,R6,R13
RESP_0350,C11,11,R11,R12,R1,R7,R11,R7
RESP_0350,C12,12,R12,R13,R2,R8,R12,R13
RESP_0350,C13,13,R13,R1,R3,R9,R3,R13
RESP_0351,C1,1,R1,R2,R4,R10,R2,R10
RESP_0351,C2,2,R2,R3,R5,R11,R11,R3
RESP_0351,C3,3,R3,R4,R6,R12,R3,R6
RESP_0351,C4,4,R4,R5,R7,R13,R4,R13
RESP_0351,C5,5,R5,R6,R8,R1,R1,R5
RESP_0351,C6,6,R6,R7,R9,R2,R2,R9
RESP_0351,C7,7,R7,R8,R10,R3,R3,R10
RESP_0351,C8,8,R8,R9,R11,R4,R11,R9
RESP_0351,C9,9,R9,R10,R12,R5,R5,R9
RESP_0351,C10,10,R10,R11,R13,R6,R6,R11
RESP_0351,C11,11,R11,R12,R1,R7,R1,R12
RESP_0351,C12,12,R12,R13,R2,R8,R2,R13
RESP_0351,C13,13,R13,R1,R3,R9,R13,R9
RESP_0352,C1,1,R1,R2,R4,R10,R2,R10
RESP_0352,C2,2,R2,R3,R5,R11,R2,R3
RESP_0352,C3,3,R3,R4,R6,R12,R4,R6
RESP_0352,C4,4,R4,R5,R7,R13,R7,R5
RESP_0352,C5,5,R5,R6,R8,R1,R8,R1
RESP_0352,C6,6,R6,R7,R9,R2,R7,R6
RESP_0352,C7,7,R7,R8,R10,R3,R8,R10
RESP_0352,C8,8,R8,R9,R11,R4,R9,R11
RESP_0352,C9,9,R9,R10,R12,R5,R5,R12
RESP_0352,C10,10,R10,R11,R13,R6,R11,R13
RESP_0352,C11,11,R11,R12,R1,R7,R12,R7
RESP_0352,C12,12,R12,R13,R2,R8,R13,R8
RESP_0352,C13,13,R13,R1,R3,R9,R3,R1
RESP_0353,C1,1,R1,R2,R4,R10,R1,R4
RESP_0353,C2,2,R2,R3,R5,R11,R3,R11
RESP_0353,C3,3,R3,R4,R6,R12,R6,R12
RESP_0353,C4,4,R4,R5,R7,R13,R7,R4
RESP_0353,C5,5,R5,R6,R8,R1,R5,R6
RESP_0353,C6,6,R6,R7,R9,R2,R2,R7
RESP_0353,C7,7,R7,R8,R10,R3,R10,R7
RESP_0353,C8,8,R8,R9,R11,R4,R8,R11
RESP_0353,C9,9,R9,R10,R12,R5,R12,R10
RESP_0353,C10,10,R10,R11,R13,R6,R10,R13
RESP_0353,C11,11,R11,R12,R1,R7,R11,R12
RESP_0353,C12,12,R12,R13,R2,R8,R2,R13
RESP_0353,C13,13,R13,R1,R3,R9,R1,R9
RESP_0354,C1,1,R1,R2,R4,R10,R2,R4
RESP_0354,C2,2,R2,R3,R5,R11,R2,R11
RESP_0354,C3,3,R3,R4,R6,R12,R4,R6
RESP_0354,C4,4,R4,R5,R7,R13,R5,R13
RESP_0354,C5,5,R5,R6,R8,R1,R1,R5
RESP_0354,C6,6,R6,R7,R9,R2,R7,R6
RESP_0354,C7,7,R7,R8,R10,R3,R8,R3
RESP_0354,C8,8,R8,R9,R11,R4,R9,R11
RESP_0354,C9,9,R9,R10,R12,R5,R10,R12
RESP_0354,C10,10,R10,R11,R13,R6,R6,R13
RESP_0354,C11,11,R11,R12,R1,R7,R1,R11
RESP_0354,C12,12,R12,R13,R2,R8,R2,R12
RESP_0354,C13,13,R13,R1,R3,R9,R13,R9
RESP_0355,C1,1,R1,R2,R4,R10,R1,R4
RESP_0355,C2,2,R2,R3,R5,R11,R3,R11
RESP_0355,C3,3,R3,R4,R6,R12,R4,R12
RESP_0355,C4,4,R4,R5,R7,R13,R5,R13
RESP_0355,C5,5,R5,R6,R8,R1,R5,R6
RESP_0355,C6,6,R6,R7,R9,R2,R2,R9
RESP_0355,C7,7,R7,R8,R10,R3,R3,R10
RESP_0355,C8,8,R8,R9,R11,R4,R4,R9
RESP_0355,C9,9,R9,R10,R12,R5,R9,R12
RESP_0355,C10,10,R10,R11,R13,R6,R11,R6
RESP_0355,C11,11,R11,R12,R1,R7,R7,R12
RESP_0355,C12,12,R12,R13,R2,R8,R13,R8
RESP_0355,C13,13,R13,R1,R3,R9,R1,R9
RESP_0356,C1,1,R1,R2,R4,R10,R2,R10
RESP_0356,C2,2,R2,R3,R5,R11,R5,R11
RESP_0356,C3,3,R3,R4,R6,R12,R6,R12
RESP_0356,C4,4,R4,R5,R7,R13,R4,R13
RESP_0356,C5,5,R5,R6,R8,R1,R6,R5
RESP_0356,C6,6,R6,R7,R9,R2,R6,R9
RESP_0356,C7,7,R7,R8,R10,R3,R7,R10
RESP_0356,C8,8,R8,R9,R11,R4,R8,R4
RESP_0356,C9,9,R9,R10,R12,R5,R5,R9
RESP_0356,C10,10,R10,R11,R13,R6,R6,R10
RESP_0356,C11,11,R11,R12,R1,R7,R7,R12
RESP_0356,C12,12,R12,R13,R2,R8,R12,R13
RESP_0356,C13,13,R13,R1,R3,R9,R1,R13
RESP_0357,C1,1,R1,R2,R4,R10,R4,R2
RESP_0357,C2,2,R2,R3,R5,R11,R5,R3
RESP_0357,C3,3,R3,R4,R6,R12,R3,R12
RESP_0357,C4,4,R4,R5,R7,R13,R7,R13
RESP_0357,C5,5,R5,R6,R8,R1,R1,R8
RESP_0357,C6,6,R6,R7,R9,R2,R2,R9
RESP_0357,C7,7,R7,R8,R10,R3,R3,R10
RESP_0357,C8,8,R8,R9,R11,R4,R4,R11
RESP_0357,C9,9,R9,R10,R12,R5,R9,R10
RESP_0357,C10,10,R10,R11,R13,R6,R13,R10
RESP_0357,C11,11,R11,R12,R1,R7,R1,R12
RESP_0357,C12,12,R12,R13,R2,R8,R12,R13
RESP_0357,C13,13,R13,R1,R3,R9,R3,R9
RESP_0358,C1,1,R1,R2,R4,R10,R4,R10
RESP_0358,C2,2,R2,R3,R5,R11,R2,R3
RESP_0358,C3,3,R3,R4,R6,R12,R3,R4
RESP_0358,C4,4,R4,R5,R7,R13,R5,R13
RESP_0358,C5,5,R5,R6,R8,R1,R5,R8
RESP_0358,C6,6,R6,R7,R9,R2,R9,R7
RESP_0358,C7,7,R7,R8,R10,R3,R8,R10
RESP_0358,C8,8,R8,R9,R11,R4,R11,R9
RESP_0358,C9,9,R9,R10,R12,R5,R5,R12
RESP_0358,C10,10,R10,R11,R13,R6,R13,R10
RESP_0358,C11,11,R11,R12,R1,R7,R11,R12
RESP_0358,C12,12,R12,R13,R2,R8,R8,R12
RESP_0358,C13,13,R13,R1,R3,R9,R9,R13
RESP_0359,C1,1,R1,R2,R4,R10,R4,R10
RESP_0359,C2,2,R2,R3,R5,R11,R3,R11
RESP_0359,C3,3,R3,R4,R6,R12,R12,R4
RESP_0359,C4,4,R4,R5,R7,R13,R4,R5
RESP_0359,C5,5,R5,R6,R8,R1,R6,R1
RESP_0359,C6,6,R6,R7,R9,R2,R7,R9
RESP_0359,C7,7,R7,R8,R10,R3,R7,R3
RESP_0359,C8,8,R8,R9,R11,R4,R8,R9
RESP_0359,C9,9,R9,R10,R12,R5,R12,R10
RESP_0359,C10,10,R10,R11,R13,R6,R10,R6
RESP_0359,C11,11,R11,R12,R1,R7,R11,R12
RESP_0359,C12,12,R12,R13,R2,R8,R12,R2
RESP_0359,C13,13,R13,R1,R3,R9,R1,R13
RESP_0360,C1,1,R1,R2,R4,R10,R1,R4
RESP_0360,C2,2,R2,R3,R5,R11,R3,R5
RESP_0360,C3,3,R3,R4,R6,R12,R6,R12
RESP_0360,C4,4,R4,R5,R7,R13,R5,R7
RESP_0360,C5,5,R5,R6,R8,R1,R5,R6
RESP_0360,C6,6,R6,R7,R9,R2,R6,R9
RESP_0360,C7,7,R7,R8,R10,R3,R8,R10
RESP_0360,C8,8,R8,R9,R11,R4,R4,R8
RESP_0360,C9,9,R9,R10,R12,R5,R5,R9
RESP_0360,C10,10,R10,R11,R13,R6,R6,R11
RESP_0360,C11,11,R11,R12,R1,R7,R7,R1
RESP_0360,C12,12,R12,R13,R2,R8,R2,R12
RESP_0360,C13,13,R13,R1,R3,R9,R1,R13
RESP_0361,C1,1,R1,R2,R4,R10,R2,R4
RESP_0361,C2,2,R2,R3,R5,R11,R5,R11
RESP_0361,C3,3,R3,R4,R6,R12,R4,R6
RESP_0361,C4,4,R4,R5,R7,R13,R4,R13
RESP_0361,C5,5,R5,R6,R8,R1,R8,R6
RESP_0361,C6,6,R6,R7,R9,R2,R6,R7
RESP_0361,C7,7,R7,R8,R10,R3,R8,R10
RESP_0361,C8,8,R8,R9,R11,R4,R11,R9
RESP_0361,C9,9,R9,R10,R12,R5,R5,R9
RESP_0361,C10,10,R10,R11,R13,R6,R6,R10
RESP_0361,C11,11,R11,R12,R1,R7,R1,R11
RESP_0361,C12,12,R12,R13,R2,R8,R12,R13
RESP_0361,C13,13,R13,R1,R3,R9,R1,R9
RESP_0362,C1,1,R1,R2,R4,R10,R1,R10
RESP_0362,C2,2,R2,R3,R5,R11,R5,R11
RESP_0362,C3,3,R3,R4,R6,R12,R4,R12
RESP_0362,C4,4,R4,R5,R7,R13,R4,R13
RESP_0362,C5,5,R5,R6,R8,R1,R8,R5
RESP_0362,C6,6,R6,R7,R9,R2,R6,R9
RESP_0362,C7,7,R7,R8,R10,R3,R8,R7
RESP_0362,C8,8,R8,R9,R11,R4,R4,R9
RESP_0362,C9,9,R9,R10,R12,R5,R5,R9
RESP_0362,C10,10,R10,R11,R13,R6,R6,R11
RESP_0362,C11,11,R11,R12,R1,R7,R12,R11
RESP_0362,C12,12,R12,R13,R2,R8,R2,R12
RESP_0362,C13,13,R13,R1,R3,R9,R3,R13
RESP_0363,C1,1,R1,R2,R4,R10,R1,R4
RESP_0363,C2,2,R2,R3,R5,R11,R2,R11
RESP_0363,C3,3,R3,R4,R6,R12,R4,R12
RESP_0363,C4,4,R4,R5,R7,R13,R4,R5
RESP_0363,C5,5,R5,R6,R8,R1,R5,R1
RESP_0363,C6,6,R6,R7,R9,R2,R2,R9
RESP_0363,C7,7,R7,R8,R10,R3,R10,R8
RESP_0363,C8,8,R8,R9,R11,R4,R11,R9
RESP_0363,C9,9,R9,R10,R12,R5,R5,R12
RESP_0363,C10,10,R10,R11,R13,R6,R11,R6
RESP_0363,C11,11,R11,R12,R1,R7,R7,R11
RESP_0363,C12,12,R12,R13,R2,R8,R12,R13
RESP_0363,C13,13,R13,R1,R3,R9,R3,R1
RESP_0364,C1,1,R1,R2,R4,R10,R1,R4
RESP_0364,C2,2,R2,R3,R5,R11,R3,R2
RESP_0364,C3,3,R3,R4,R6,R12,R3,R4
RESP_0364,C4,4,R4,R5,R7,R13,R4,R13
RESP_0364,C5,5,R5,R6,R8,R1,R6,R1
RESP_0364,C6,6,R6,R7,R9,R2,R9,R6
RESP_0364,C7,7,R7,R8,R10,R3,R8,R10
RESP_0364,C8,8,R8,R9,R11,R4,R4,R9
RESP_0364,C9,9,R9,R10,R12,R5,R12,R9
RESP_0364,C10,10,R10,R11,R13,R6,R11,R13
RESP_0364,C11,11,R11,R12,R1,R7,R7,R11
RESP_0364,C12,12,R12,R13,R2,R8,R12,R8
RESP_0364,C13,13,R13,R1,R3,R9,R1,R13
RESP_0365,C1,1,R1,R2,R4,R10,R1,R2
RESP_0365,C2,2,R2,R3,R5,R11,R3,R5
RESP_0365,C3,3,R3,R4,R6,R12,R6,R4
RESP_0365,C4,4,R4,R5,R7,R13,R4,R7
RESP_0365,C5,5,R5,R6,R8,R1,R1,R6
RESP_0365,C6,6,R6,R7,R9,R2,R2,R9
RESP_0365,C7,7,R7,R8,R10,R3,R3,R10
RESP_0365,C8,8,R8,R9,R11,R4,R11,R9
RESP_0365,C9,9,R9,R10,R12,R5,R5,R10
RESP_0365,C10,10,R10,R11,R13,R6,R6,R13
RESP_0365,C11,11,R11,R12,R1,R7,R11,R1
RESP_0365,C12,12,R12,R13,R2,R8,R2,R12
RESP_0365,C13,13,R13,R1,R3,R9,R3,R13
RESP_0366,C1,1,R1,R2,R4,R10,R1,R10
RESP_0366,C2,2,R2,R3,R5,R11,R5,R11
RESP_0366,C3,3,R3,R4,R6,R12,R4,R3
RESP_0366,C4,4,R4,R5,R7,R13,R5,R7
RESP_0366,C5,5,R5,R6,R8,R1,R5,R6
RESP_0366,C6,6,R6,R7,R9,R2,R2,R9
RESP_0366,C7,7,R7,R8,R10,R3,R3,R10
RESP_0366,C8,8,R8,R9,R11,R4,R8,R11
RESP_0366,C9,9,R9,R10,R12,R5,R12,R10
RESP_0366,C10,10,R10,R11,R13,R6,R6,R11
RESP_0366,C11,11,R11,R12,R1,R7,R12,R11
RESP_0366,C12,12,R12,R13,R2,R8,R2,R13
RESP_0366,C13,13,R13,R1,R3,R9,R1,R9
RESP_0367,C1,1,R1,R2,R4,R10,R10,R1
RESP_0367,C2,2,R2,R3,R5,R11,R5,R11
RESP_0367,C3,3,R3,R4,R6,R12,R6,R12
RESP_0367,C4,4,R4,R5,R7,R13,R4,R13
RESP_0367,C5,5,R5,R6,R8,R1,R6,R5
RESP_0367,C6,6,R6,R7,R9,R2,R6,R9
RESP_0367,C7,7,R7,R8,R10,R3,R3,R10
RESP_0367,C8,8,R8,R9,R11,R4,R8,R9
RESP_0367,C9,9,R9,R10,R12,R5,R5,R10
RESP_0367,C10,10,R10,R11,R13,R6,R6,R13
RESP_0367,C11,11,R11,R12,R1,R7,R7,R11
RESP_0367,C12,12,R12,R13,R2,R8,R13,R12
RESP_0367,C13,13,R13,R1,R3,R9,R3,R9
RESP_0368,C1,1,R1,R2,R4,R10,R1,R4
RESP_0368,C2,2,R2,R3,R5,R11,R11,R2
RESP_0368,C3,3,R3,R4,R6,R12,R12,R3
RESP_0368,C4,4,R4,R5,R7,R13,R5,R13
RESP_0368,C5,5,R5,R6,R8,R1,R1,R6
RESP_0368,C6,6,R6,R7,R9,R2,R2,R7
RESP_0368,C7,7,R7,R8,R10,R3,R7,R3
RESP_0368,C8,8,R8,R9,R11,R4,R11,R8
RESP_0368,C9,9,R9,R10,R12,R5,R5,R9
RESP_0368,C10,10,R10,R11,R13,R6,R13,R11
RESP_0368,C11,11,R11,R12,R1,R7,R1,R7
RESP_0368,C12,12,R12,R13,R2,R8,R13,R8
RESP_0368,C13,13,R13,R1,R3,R9,R1,R9
RESP_0369,C1,1,R1,R2,R4,R10,R10,R4
RESP_0369,C2,2,R2,R3,R5,R11,R5,R3
RESP_0369,C3,3,R3,R4,R6,R12,R3,R12
RESP_0369,C4,4,R4,R5,R7,R13,R5,R13
RESP_0369,C5,5,R5,R6,R8,R1,R1,R6
RESP_0369,C6,6,R6,R7,R9,R2,R6,R7
RESP_0369,C7,7,R7,R8,R10,R3,R3,R8
RESP_0369,C8,8,R8,R9,R11,R4,R11,R8
RESP_0369,C9,9,R9,R10,R12,R5,R5,R12
RESP_0369,C10,10,R10,R11,R13,R6,R6,R10
RESP_0369,C11,11,R11,R12,R1,R7,R1,R7
RESP_0369,C12,12,R12,R13,R2,R8,R8,R13
RESP_0369,C13,13,R13,R1,R3,R9,R3,R9
RESP_0370,C1,1,R1,R2,R4,R10,R1,R10
RESP_0370,C2,2,R2,R3,R5,R11,R3,R2
RESP_0370,C3,3,R3,R4,R6,R12,R6,R3
RESP_0370,C4,4,R4,R5,R7,R13,R5,R7
RESP_0370,C5,5,R5,R6,R8,R1,R1,R5
RESP_0370,C6,6,R6,R7,R9,R2,R6,R9
RESP_0370,C7,7,R7,R8,R10,R3,R8,R7
RESP_0370,C8,8,R8,R9,R11,R4,R8,R9
RESP_0370,C9,9,R9,R10,R12,R5,R12,R10
RESP_0370,C10,10,R10,R11,R13,R6,R6,R10
RESP_0370,C11,11,R11,R12,R1,R7,R1,R11
RESP_0370,C12,12,R12,R13,R2,R8,R2,R13
RESP_0370,C13,13,R13,R1,R3,R9,R3,R13
RESP_0371,C1,1,R1,R2,R4,R10,R1,R10
RESP_0371,C2,2,R2,R3,R5,R11,R5,R11
RESP_0371,C3,3,R3,R4,R6,R12,R3,R4
RESP_0371,C4,4,R4,R5,R7,R13,R4,R13
RESP_0371,C5,5,R5,R6,R8,R1,R8,R6
RESP_0371,C6,6,R6,R7,R9,R2,R6,R9
RESP_0371,C7,7,R7,R8,R10,R3,R8,R3
RESP_0371,C8,8,R8,R9,R11,R4,R11,R9
RESP_0371,C9,9,R9,R10,R12,R5,R10,R12
RESP_0371,C10,10,R10,R11,R13,R6,R13,R6
RESP_0371,C11,11,R11,R12,R1,R7,R11,R7
RESP_0371,C12,12,R12,R13,R2,R8,R8,R12
RESP_0371,C13,13,R13,R1,R3,R9,R13,R1
RESP_0372,C1,1,R1,R2,R4,R10,R10,R4
RESP_0372,C2,2,R2,R3,R5,R11,R11,R2
RESP_0372,C3,3,R3,R4,R6,R12,R12,R4
RESP_0372,C4,4,R4,R5,R7,R13,R7,R13
RESP_0372,C5,5,R5,R6,R8,R1,R8,R5
RESP_0372,C6,6,R6,R7,R9,R2,R7,R2
RESP_0372,C7,7,R7,R8,R10,R3,R3,R10
RESP_0372,C8,8,R8,R9,R11,R4,R11,R4
RESP_0372,C9,9,R9,R10,R12,R5,R5,R9
RESP_0372,C10,10,R10,R11,R13,R6,R6,R13
RESP_0372,C11,11,R11,R12,R1,R7,R1,R11
RESP_0372,C12,12,R12,R13,R2,R8,R8,R2
RESP_0372,C13,13,R13,R1,R3,R9,R9,R13
RESP_0373,C1,1,R1,R2,R4,R10,R2,R10
RESP_0373,C2,2,R2,R3,R5,R11,R2,R3
RESP_0373,C3,3,R3,R4,R6,R12,R4,R6
RESP_0373,C4,4,R4,R5,R7,R13,R4,R7
RESP_0373,C5,5,R5,R6,R8,R1,R6,R5
RESP_0373,C6,6,R6,R7,R9,R2,R7,R9
RESP_0373,C7,7,R7,R8,R10,R3,R7,R10
RESP_0373,C8,8,R8,R9,R11,R4,R8,R9
RESP_0373,C9,9,R9,R10,R12,R5,R5,R9
RESP_0373,C10,10,R10,R11,R13,R6,R10,R6
RESP_0373,C11,11,R11,R12,R1,R7,R12,R1
RESP_0373,C12,12,R12,R13,R2,R8,R12,R13
RESP_0373,C13,13,R13,R1,R3,R9,R13,R3
RESP_0374,C1,1,R1,R2,R4,R10,R2,R4
RESP_0374,C2,2,R2,R3,R5,R11,R2,R3
RESP_0374,C3,3,R3,R4,R6,R12,R12,R6
RESP_0374,C4,4,R4,R5,R7,R13,R4,R7
RESP_0374,C5,5,R5,R6,R8,R1,R8,R1
RESP_0374,C6,6,R6,R7,R9,R2,R9,R6
RESP_0374,C7,7,R7,R8,R10,R3,R8,R10
RESP_0374,C8,8,R8,R9,R11,R4,R4,R9
RESP_0374,C9,9,R9,R10,R12,R5,R5,R10
RESP_0374,C10,10,R10,R11,R13,R6,R10,R6
RESP_0374,C11,11,R11,R12,R1,R7,R7,R11
RESP_0374,C12,12,R12,R13,R2,R8,R13,R12
RESP_0374,C13,13,R13,R1,R3,R9,R1,R13
RESP_0375,C1,1,R1,R2,R4,R10,R10,R1
RESP_0375,C2,2,R2,R3,R5,R11,R2,R11
RESP_0375,C3,3,R3,R4,R6,R12,R6,R4
RESP_0375,C4,4,R4,R5,R7,R13,R5,R13
RESP_0375,C5,5,R5,R6,R8,R1,R1,R6
RESP_0375,C6,6,R6,R7,R9,R2,R2,R9
RESP_0375,C7,7,R7,R8,R10,R3,R3,R10
RESP_0375,C8,8,R8,R9,R11,R4,R9,R11
RESP_0375,C9,9,R9,R10,R12,R5,R9,R10
RESP_0375,C10,10,R10,R11,R13,R6,R11,R13
RESP_0375,C11,11,R11,R12,R1,R7,R7,R11
RESP_0375,C12,12,R12,R13,R2,R8,R2,R12
RESP_0375,C13,13,R13,R1,R3,R9,R13,R9
RESP_0376,C1,1,R1,R2,R4,R10,R10,R2
RESP_0376,C2,2,R2,R3,R5,R11,R3,R11
RESP_0376,C3,3,R3,R4,R6,R12,R6,R12
RESP_0376,C4,4,R4,R5,R7,R13,R5,R13
RESP_0376,C5,5,R5,R6,R8,R1,R5,R8
RESP_0376,C6,6,R6,R7,R9,R2,R9,R6
RESP_0376,C7,7,R7,R8,R10,R3,R7,R3
RESP_0376,C8,8,R8,R9,R11,R4,R4,R11
RESP_0376,C9,9,R9,R10,R12,R5,R5,R10
RESP_0376,C10,10,R10,R11,R13,R6,R11,R10
RESP_0376,C11,11,R11,R12,R1,R7,R7,R11
RESP_0376,C12,12,R12,R13,R2,R8,R2,R8
RESP_0376,C13,13,R13,R1,R3,R9,R3,R13
RESP_0377,C1,1,R1,R2,R4,R10,R1,R10
RESP_0377,C2,2,R2,R3,R5,R11,R5,R11
RESP_0377,C3,3,R3,R4,R6,R12,R3,R12
RESP_0377,C4,4,R4,R5,R7,R13,R4,R13
RESP_0377,C5,5,R5,R6,R8,R1,R6,R1
RESP_0377,C6,6,R6,R7,R9,R2,R7,R9
RESP_0377,C7,7,R7,R8,R10,R3,R3,R7
RESP_0377,C8,8,R8,R9,R11,R4,R4,R9
RESP_0377,C9,9,R9,R10,R12,R5,R12,R9
RESP_0377,C10,10,R10,R11,R13,R6,R10,R11
RESP_0377,C11,11,R11,R12,R1,R7,R7,R11
RESP_0377,C12,12,R12,R13,R2,R8,R12,R13
RESP_0377,C13,13,R13,R1,R3,R9,R3,R1
RESP_0378,C1,1,R1,R2,R4,R10,R1,R2
RESP_0378,C2,2,R2,R3,R5,R11,R11,R2
RESP_0378,C3,3,R3,R4,R6,R12,R3,R4
RESP_0378,C4,4,R4,R5,R7,R13,R7,R4
RESP_0378,C5,5,R5,R6,R8,R1,R8,R1
RESP_0378,C6,6,R6,R7,R9,R2,R6,R7
RESP_0378,C7,7,R7,R8,R10,R3,R8,R3
RESP_0378,C8,8,R8,R9,R11,R4,R8,R11
RESP_0378,C9,9,R9,R10,R12,R5,R9,R10
RESP_0378,C10,10,R10,R11,R13,R6,R6,R10
RESP_0378,C11,11,R11,R12,R1,R7,R11,R7
RESP_0378,C12,12,R12,R13,R2,R8,R2,R13
RESP_0378,C13,13,R13,R1,R3,R9,R1,R3
RESP_0379,C1,1,R1,R2,R4,R10,R2,R4
RESP_0379,C2,2,R2,R3,R5,R11,R5,R11
RESP_0379,C3,3,R3,R4,R6,R12,R6,R12
RESP_0379,C4,4,R4,R5,R7,R13,R4,R13
RESP_0379,C5,5,R5,R6,R8,R1,R1,R6
RESP_0379,C6,6,R6,R7,R9,R2,R7,R9
RESP_0379,C7,7,R7,R8,R10,R3,R3,R10
RESP_0379,C8,8,R8,R9,R11,R4,R4,R9
RESP_0379,C9,9,R9,R10,R12,R5,R5,R10
RESP_0379,C10,10,R10,R11,R13,R6,R11,R13
RESP_0379,C11,11,R11,R12,R1,R7,R1,R11
RESP_0379,C12,12,R12,R13,R2,R8,R2,R13
RESP_0379,C13,13,R13,R1,R3,R9,R1,R9
RESP_0380,C1,1,R1,R2,R4,R10,R10,R2
RESP_0380,C2,2,R2,R3,R5,R11,R2,R11
RESP_0380,C3,3,R3,R4,R6,R12,R12,R4
RESP_0380,C4,4,R4,R5,R7,R13,R7,R13
RESP_0380,C5,5,R5,R6,R8,R1,R5,R8
RESP_0380,C6,6,R6,R7,R9,R2,R2,R6
RESP_0380,C7,7,R7,R8,R10,R3,R8,R10
RESP_0380,C8,8,R8,R9,R11,R4,R8,R9
RESP_0380,C9,9,R9,R10,R12,R5,R12,R10
RESP_0380,C10,10,R10,R11,R13,R6,R6,R13
RESP_0380,C11,11,R11,R12,R1,R7,R11,R7
RESP_0380,C12,12,R12,R13,R2,R8,R8,R12
RESP_0380,C13,13,R13,R1,R3,R9,R1,R13
RESP_0381,C1,1,R1,R2,R4,R10,R1,R4
RESP_0381,C2,2,R2,R3,R5,R11,R5,R11
RESP_0381,C3,3,R3,R4,R6,R12,R6,R4
RESP_0381,C4,4,R4,R5,R7,R13,R13,R4
RESP_0381,C5,5,R5,R6,R8,R1,R6,R1
RESP_0381,C6,6,R6,R7,R9,R2,R7,R9
RESP_0381,C7,7,R7,R8,R10,R3,R3,R10
RESP_0381,C8,8,R8,R9,R11,R4,R4,R9
RESP_0381,C9,9,R9,R10,R12,R5,R5,R9
RESP_0381,C10,10,R10,R11,R13,R6,R6,R11
RESP_0381,C11,11,R11,R12,R1,R7,R11,R12
RESP_0381,C12,12,R12,R13,R2,R8,R8,R12
RESP_0381,C13,13,R13,R1,R3,R9,R1,R3
RESP_0382,C1,1,R1,R2,R4,R10,R10,R4
RESP_0382,C2,2,R2,R3,R5,R11,R11,R3
RESP_0382,C3,3,R3,R4,R6,R12,R6,R4
RESP_0382,C4,4,R4,R5,R7,R13,R7,R13
RESP_0382,C5,5,R5,R6,R8,R1,R6,R8
RESP_0382,C6,6,R6,R7,R9,R2,R9,R7
RESP_0382,C7,7,R7,R8,R10,R3,R10,R3
RESP_0382,C8,8,R8,R9,R11,R4,R8,R9
RESP_0382,C9,9,R9,R10,R12,R5,R5,R12
RESP_0382,C10,10,R10,R11,R13,R6,R6,R11
RESP_0382,C11,11,R11,R12,R1,R7,R11,R12
RESP_0382,C12,12,R12,R13,R2,R8,R13,R12
RESP_0382,C13,13,R13,R1,R3,R9,R9,R1
RESP_0383,C1,1,R1,R2,R4,R10,R1,R10
RESP_0383,C2,2,R2,R3,R5,R11,R5,R2
RESP_0383,C3,3,R3,R4,R6,R12,R6,R4
RESP_0383,C4,4,R4,R5,R7,R13,R13,R7
RESP_0383,C5,5,R5,R6,R8,R1,R5,R8
RESP_0383,C6,6,R6,R7,R9,R2,R6,R9
RESP_0383,C7,7,R7,R8,R10,R3,R8,R10
RESP_0383,C8,8,R8,R9,R11,R4,R11,R4
RESP_0383,C9,9,R9,R10,R12,R5,R10,R5
RESP_0383,C10,10,R10,R11,R13,R6,R11,R13
RESP_0383,C11,11,R11,R12,R1,R7,R1,R7
RESP_0383,C12,12,R12,R13,R2,R8,R8,R12
RESP_0383,C13,13,R13,R1,R3,R9,R3,R9
RESP_0384,C1,1,R1,R2,R4,R10,R2,R4
RESP_0384,C2,2,R2,R3,R5,R11,R5,R11
RESP_0384,C3,3,R3,R4,R6,R12,R3,R4
RESP_0384,C4,4,R4,R5,R7,R13,R5,R13
RESP_0384,C5,5,R5,R6,R8,R1,R6,R8
RESP_0384,C6,6,R6,R7,R9,R2,R7,R9
RESP_0384,C7,7,R7,R8,R10,R3,R10,R7
RESP_0384,C8,8,R8,R9,R11,R4,R9,R11
RESP_0384,C9,9,R9,R10,R12,R5,R5,R9
RESP_0384,C10,10,R10,R11,R13,R6,R6,R13
RESP_0384,C11,11,R11,R12,R1,R7,R7,R11
RESP_0384,C12,12,R12,R13,R2,R8,R2,R13
RESP_0384,C13,13,R13,R1,R3,R9,R1,R3
RESP_0385,C1,1,R1,R2,R4,R10,R10,R2
RESP_0385,C2,2,R2,R3,R5,R11,R5,R11
RESP_0385,C3,3,R3,R4,R6,R12,R6,R12
RESP_0385,C4,4,R4,R5,R7,R13,R5,R13
RESP_0385,C5,5,R5,R6,R8,R1,R5,R6
RESP_0385,C6,6,R6,R7,R9,R2,R7,R6
RESP_0385,C7,7,R7,R8,R10,R3,R3,R7
RESP_0385,C8,8,R8,R9,R11,R4,R9,R11
RESP_0385,C9,9,R9,R10,R12,R5,R5,R9
RESP_0385,C10,10,R10,R11,R13,R6,R6,R13
RESP_0385,C11,11,R11,R12,R1,R7,R1,R12
RESP_0385,C12,12,R12,R13,R2,R8,R8,R13
RESP_0385,C13,13,R13,R1,R3,R9,R1,R9
RESP_0386,C1,1,R1,R2,R4,R10,R2,R4
RESP_0386,C2,2,R2,R3,R5,R11,R2,R3
RESP_0386,C3,3,R3,R4,R6,R12,R3,R4
RESP_0386,C4,4,R4,R5,R7,R13,R5,R13
RESP_0386,C5,5,R5,R6,R8,R1,R8,R6
RESP_0386,C6,6,R6,R7,R9,R2,R2,R7
RESP_0386,C7,7,R7,R8,R10,R3,R3,R8
RESP_0386,C8,8,R8,R9,R11,R4,R8,R9
RESP_0386,C9,9,R9,R10,R12,R5,R10,R12
RESP_0386,C10,10,R10,R11,R13,R6,R6,R11
RESP_0386,C11,11,R11,R12,R1,R7,R1,R12
RESP_0386,C12,12,R12,R13,R2,R8,R12,R8
RESP_0386,C13,13,R13,R1,R3,R9,R3,R9
RESP_0387,C1,1,R1,R2,R4,R10,R2,R4
RESP_0387,C2,2,R2,R3,R5,R11,R3,R11
RESP_0387,C3,3,R3,R4,R6,R12,R3,R4
RESP_0387,C4,4,R4,R5,R7,R13,R4,R13
RESP_0387,C5,5,R5,R6,R8,R1,R6,R1
RESP_0387,C6,6,R6,R7,R9,R2,R2,R9
RESP_0387,C7,7,R7,R8,R10,R3,R3,R7
RESP_0387,C8,8,R8,R9,R11,R4,R4,R11
RESP_0387,C9,9,R9,R10,R12,R5,R9,R10
RESP_0387,C10,10,R10,R11,R13,R6,R6,R13
RESP_0387,C11,11,R11,R12,R1,R7,R1,R12
RESP_0387,C12,12,R12,R13,R2,R8,R2,R13
RESP_0387,C13,13,R13,R1,R3,R9,R3,R13
RESP_0388,C1,1,R1,R2,R4,R10,R10,R2
RESP_0388,C2,2,R2,R3,R5,R11,R2,R11
RESP_0388,C3,3,R3,R4,R6,R12,R12,R4
RESP_0388,C4,4,R4,R5,R7,R13,R13,R4
RESP_0388,C5,5,R5,R6,R8,R1,R5,R8
RESP_0388,C6,6,R6,R7,R9,R2,R7,R9
RESP_0388,C7,7,R7,R8,R10,R3,R8,R10
RESP_0388,C8,8,R8,R9,R11,R4,R8,R9
RESP_0388,C9,9,R9,R10,R12,R5,R10,R9
RESP_0388,C10,10,R10,R11,R13,R6,R10,R11
RESP_0388,C11,11,R11,R12,R1,R7,R12,R11
RESP_0388,C12,12,R12,R13,R2,R8,R8,R13
RESP_0388,C13,13,R13,R1,R3,R9,R3,R9
RESP_0389,C1,1,R1,R2,R4,R10,R2,R4
RESP_0389,C2,2,R2,R3,R5,R11,R5,R2
RESP_0389,C3,3,R3,R4,R6,R12,R3,R12
RESP_0389,C4,4,R4,R5,R7,R13,R5,R13
RESP_0389,C5,5,R5,R6,R8,R1,R8,R5
RESP_0389,C6,6,R6,R7,R9,R2,R2,R9
RESP_0389,C7,7,R7,R8,R10,R3,R8,R10
RESP_0389,C8,8,R8,R9,R11,R4,R4,R9
RESP_0389,C9,9,R9,R10,R12,R5,R5,R9
RESP_0389,C10,10,R10,R11,R13,R6,R6,R13
RESP_0389,C11,11,R11,R12,R1,R7,R1,R11
RESP_0389,C12,12,R12,R13,R2,R8,R12,R13
RESP_0389,C13,13,R13,R1,R3,R9,R13,R9
RESP_0390,C1,1,R1,R2,R4,R10,R2,R1
RESP_0390,C2,2,R2,R3,R5,R11,R2,R3
RESP_0390,C3,3,R3,R4,R6,R12,R3,R4
RESP_0390,C4,4,R4,R5,R7,R13,R7,R13
RESP_0390,C5,5,R5,R6,R8,R1,R6,R8
RESP_0390,C6,6,R6,R7,R9,R2,R9,R2
RESP_0390,C7,7,R7,R8,R10,R3,R10,R7
RESP_0390,C8,8,R8,R9,R11,R4,R8,R9
RESP_0390,C9,9,R9,R10,R12,R5,R12,R9
RESP_0390,C10,10,R10,R11,R13,R6,R13,R11
RESP_0390,C11,11,R11,R12,R1,R7,R12,R11
RESP_0390,C12,12,R12,R13,R2,R8,R12,R13
RESP_0390,C13,13,R13,R1,R3,R9,R1,R9
RESP_0391,C1,1,R1,R2,R4,R10,R1,R2
RESP_0391,C2,2,R2,R3,R5,R11,R3,R5
RESP_0391,C3,3,R3,R4,R6,R12,R6,R3
RESP_0391,C4,4,R4,R5,R7,R13,R7,R4
RESP_0391,C5,5,R5,R6,R8,R1,R1,R8
RESP_0391,C6,6,R6,R7,R9,R2,R6,R7
RESP_0391,C7,7,R7,R8,R10,R3,R3,R8
RESP_0391,C8,8,R8,R9,R11,R4,R8,R9
RESP_0391,C9,9,R9,R10,R12,R5,R10,R12
RESP_0391,C10,10,R10,R11,R13,R6,R10,R13
RESP_0391,C11,11,R11,R12,R1,R7,R1,R12
RESP_0391,C12,12,R12,R13,R2,R8,R2,R13
RESP_0391,C13,13,R13,R1,R3,R9,R9,R3
RESP_0392,C1,1,R1,R2,R4,R10,R2,R10
RESP_0392,C2,2,R2,R3,R5,R11,R5,R11
RESP_0392,C3,3,R3,R4,R6,R12,R3,R12
RESP_0392,C4,4,R4,R5,R7,R13,R7,R5
RESP_0392,C5,5,R5,R6,R8,R1,R6,R5
RESP_0392,C6,6,R6,R7,R9,R2,R7,R2
RESP_0392,C7,7,R7,R8,R10,R3,R3,R10
RESP_0392,C8,8,R8,R9,R11,R4,R8,R9
RESP_0392,C9,9,R9,R10,R12,R5,R10,R12
RESP_0392,C10,10,R10,R11,R13,R6,R10,R11
RESP_0392,C11,11,R11,R12,R1,R7,R11,R7
RESP_0392,C12,12,R12,R13,R2,R8,R2,R12
RESP_0392,C13,13,R13,R1,R3,R9,R1,R13
RESP_0393,C1,1,R1,R2,R4,R10,R1,R10
RESP_0393,C2,2,R2,R3,R5,R11,R11,R3
RESP_0393,C3,3,R3,R4,R6,R12,R12,R4
RESP_0393,C4,4,R4,R5,R7,R13,R5,R7
RESP_0393,C5,5,R5,R6,R8,R1,R1,R8
RESP_0393,C6,6,R6,R7,R9,R2,R2,R6
RESP_0393,C7,7,R7,R8,R10,R3,R8,R7
RESP_0393,C8,8,R8,R9,R11,R4,R8,R9
RESP_0393,C9,9,R9,R10,R12,R5,R9,R10
RESP_0393,C10,10,R10,R11,R13,R6,R6,R11
RESP_0393,C11,11,R11,R12,R1,R7,R1,R7
RESP_0393,C12,12,R12,R13,R2,R8,R2,R13
RESP_0393,C13,13,R13,R1,R3,R9,R3,R9
RESP_0394,C1,1,R1,R2,R4,R10,R1,R10
RESP_0394,C2,2,R2,R3,R5,R11,R3,R5
RESP_0394,C3,3,R3,R4,R6,R12,R3,R12
RESP_0394,C4,4,R4,R5,R7,R13,R7,R13
RESP_0394,C5,5,R5,R6,R8,R1,R5,R1
RESP_0394,C6,6,R6,R7,R9,R2,R2,R9
RESP_0394,C7,7,R7,R8,R10,R3,R7,R10
RESP_0394,C8,8,R8,R9,R11,R4,R8,R11
RESP_0394,C9,9,R9,R10,R12,R5,R5,R12
RESP_0394,C10,10,R10,R11,R13,R6,R13,R11
RESP_0394,C11,11,R11,R12,R1,R7,R1,R12
RESP_0394,C12,12,R12,R13,R2,R8,R13,R2
RESP_0394,C13,13,R13,R1,R3,R9,R1,R13
RESP_0395,C1,1,R1,R2,R4,R10,R4,R2
RESP_0395,C2,2,R2,R3,R5,R11,R5,R3
RESP_0395,C3,3,R3,R4,R6,R12,R6,R4
RESP_0395,C4,4,R4,R5,R7,R13,R4,R13
RESP_0395,C5,5,R5,R6,R8,R1,R1,R8
RESP_0395,C6,6,R6,R7,R9,R2,R6,R9
RESP_0395,C7,7,R7,R8,R10,R3,R3,R10
RESP_0395,C8,8,R8,R9,R11,R4,R8,R4
RESP_0395,C9,9,R9,R10,R12,R5,R10,R9
RESP_0395,C10,10,R10,R11,R13,R6,R6,R11
RESP_0395,C11,11,R11,R12,R1,R7,R1,R11
RESP_0395,C12,12,R12,R13,R2,R8,R2,R13
RESP_0395,C13,13,R13,R1,R3,R9,R9,R13
RESP_0396,C1,1,R1,R2,R4,R10,R1,R10
RESP_0396,C2,2,R2,R3,R5,R11,R5,R11
RESP_0396,C3,3,R3,R4,R6,R12,R3,R6
RESP_0396,C4,4,R4,R5,R7,R13,R5,R7
RESP_0396,C5,5,R5,R6,R8,R1,R6,R8
RESP_0396,C6,6,R6,R7,R9,R2,R6,R9
RESP_0396,C7,7,R7,R8,R10,R3,R3,R10
RESP_0396,C8,8,R8,R9,R11,R4,R8,R9
RESP_0396,C9,9,R9,R10,R12,R5,R5,R9
RESP_0396,C10,10,R10,R11,R13,R6,R6,R13
RESP_0396,C11,11,R11,R12,R1,R7,R1,R11
RESP_0396,C12,12,R12,R13,R2,R8,R2,R13
RESP_0396,C13,13,R13,R1,R3,R9,R1,R9
RESP_0397,C1,1,R1,R2,R4,R10,R1,R10
RESP_0397,C2,2,R2,R3,R5,R11,R11,R2
RESP_0397,C3,3,R3,R4,R6,R12,R3,R4
RESP_0397,C4,4,R4,R5,R7,R13,R5,R4
RESP_0397,C5,5,R5,R6,R8,R1,R1,R8
RESP_0397,C6,6,R6,R7,R9,R2,R7,R6
RESP_0397,C7,7,R7,R8,R10,R3,R3,R10
RESP_0397,C8,8,R8,R9,R11,R4,R4,R9
RESP_0397,C9,9,R9,R10,R12,R5,R9,R12
RESP_0397,C10,10,R10,R11,R13,R6,R11,R10
RESP_0397,C11,11,R11,R12,R1,R7,R1,R11
RESP_0397,C12,12,R12,R13,R2,R8,R12,R13
RESP_0397,C13,13,R13,R1,R3,R9,R3,R13
RESP_0398,C1,1,R1,R2,R4,R10,R2,R4
RESP_0398,C2,2,R2,R3,R5,R11,R3,R5
RESP_0398,C3,3,R3,R4,R6,R12,R6,R4
RESP_0398,C4,4,R4,R5,R7,R13,R5,R7
RESP_0398,C5,5,R5,R6,R8,R1,R6,R5
RESP_0398,C6,6,R6,R7,R9,R2,R2,R9
RESP_0398,C7,7,R7,R8,R10,R3,R10,R3
RESP_0398,C8,8,R8,R9,R11,R4,R8,R11
RESP_0398,C9,9,R9,R10,R12,R5,R5,R10
RESP_0398,C10,10,R10,R11,R13,R6,R6,R13
RESP_0398,C11,11,R11,R12,R1,R7,R11,R1
RESP_0398,C12,12,R12,R13,R2,R8,R13,R12
RESP_0398,C13,13,R13,R1,R3,R9,R1,R9
RESP_0399,C1,1,R1,R2,R4,R10,R4,R10
RESP_0399,C2,2,R2,R3,R5,R11,R11,R5
RESP_0399,C3,3,R3,R4,R6,R12,R6,R12
RESP_0399,C4,4,R4,R5,R7,R13,R4,R7
RESP_0399,C5,5,R5,R6,R8,R1,R8,R6
RESP_0399,C6,6,R6,R7,R9,R2,R6,R7
RESP_0399,C7,7,R7,R8,R10,R3,R8,R10
RESP_0399,C8,8,R8,R9,R11,R4,R4,R9
RESP_0399,C9,9,R9,R10,R12,R5,R9,R10
RESP_0399,C10,10,R10,R11,R13,R6,R11,R13
RESP_0399,C11,11,R11,R12,R1,R7,R7,R11
RESP_0399,C12,12,R12,R13,R2,R8,R13,R8
RESP_0399,C13,13,R13,R1,R3,R9,R3,R9
RESP_0400,C1,1,R1,R2,R4,R10,R1,R4
RESP_0400,C2,2,R2,R3,R5,R11,R3,R11
RESP_0400,C3,3,R3,R4,R6,R12,R6,R12
RESP_0400,C4,4,R4,R5,R7,R13,R4,R13
RESP_0400,C5,5,R5,R6,R8,R1,R6,R8
RESP_0400,C6,6,R6,R7,R9,R2,R7,R9
RESP_0400,C7,7,R7,R8,R10,R3,R8,R10
RESP_0400,C8,8,R8,R9,R11,R4,R4,R9
RESP_0400,C9,9,R9,R10,R12,R5,R12,R5
RESP_0400,C10,10,R10,R11,R13,R6,R10,R13
RESP_0400,C11,11,R11,R12,R1,R7,R7,R11
RESP_0400,C12,12,R12,R13,R2,R8,R2,R13
RESP_0400,C13,13,R13,R1,R3,R9,R3,R13
RESP_0401,C1,1,R1,R2,R4,R10,R1,R2
RESP_0401,C2,2,R2,R3,R5,R11,R5,R11
RESP_0401,C3,3,R3,R4,R6,R12,R4,R3
RESP_0401,C4,4,R4,R5,R7,R13,R5,R4
RESP_0401,C5,5,R5,R6,R8,R1,R1,R8
RESP_0401,C6,6,R6,R7,R9,R2,R2,R9
RESP_0401,C7,7,R7,R8,R10,R3,R8,R7
RESP_0401,C8,8,R8,R9,R11,R4,R11,R9
RESP_0401,C9,9,R9,R10,R12,R5,R5,R9
RESP_0401,C10,10,R10,R11,R13,R6,R6,R11
RESP_0401,C11,11,R11,R12,R1,R7,R1,R12
RESP_0401,C12,12,R12,R13,R2,R8,R12,R13
RESP_0401,C13,13,R13,R1,R3,R9,R1,R13
RESP_0402,C1,1,R1,R2,R4,R10,R1,R10
RESP_0402,C2,2,R2,R3,R5,R11,R11,R5
RESP_0402,C3,3,R3,R4,R6,R12,R6,R4
RESP_0402,C4,4,R4,R5,R7,R13,R5,R4
RESP_0402,C5,5,R5,R6,R8,R1,R1,R8
RESP_0402,C6,6,R6,R7,R9,R2,R9,R7
RESP_0402,C7,7,R7,R8,R10,R3,R3,R7
RESP_0402,C8,8,R8,R9,R11,R4,R4,R11
RESP_0402,C9,9,R9,R10,R12,R5,R9,R10
RESP_0402,C10,10,R10,R11,R13,R6,R6,R10
RESP_0402,C11,11,R11,R12,R1,R7,R1,R12
RESP_0402,C12,12,R12,R13,R2,R8,R12,R13
RESP_0402,C13,13,R13,R1,R3,R9,R9,R3
RESP_0403,C1,1,R1,R2,R4,R10,R2,R10
RESP_0403,C2,2,R2,R3,R5,R11,R11,R2
RESP_0403,C3,3,R3,R4,R6,R12,R3,R12
RESP_0403,C4,4,R4,R5,R7,R13,R5,R4
RESP_0403,C5,5,R5,R6,R8,R1,R1,R8
RESP_0403,C6,6,R6,R7,R9,R2,R6,R2
RESP_0403,C7,7,R7,R8,R10,R3,R3,R8
RESP_0403,C8,8,R8,R9,R11,R4,R4,R9
RESP_0403,C9,9,R9,R10,R12,R5,R12,R9
RESP_0403,C10,10,R10,R11,R13,R6,R6,R11
RESP_0403,C11,11,R11,R12,R1,R7,R7,R11
RESP_0403,C12,12,R12,R13,R2,R8,R8,R13
RESP_0403,C13,13,R13,R1,R3,R9,R3,R13
RESP_0404,C1,1,R1,R2,R4,R10,R2,R10
RESP_0404,C2,2,R2,R3,R5,R11,R2,R11
RESP_0404,C3,3,R3,R4,R6,R12,R4,R12
RESP_0404,C4,4,R4,R5,R7,R13,R13,R7
RESP_0404,C5,5,R5,R6,R8,R1,R6,R5
RESP_0404,C6,6,R6,R7,R9,R2,R9,R7
RESP_0404,C7,7,R7,R8,R10,R3,R7,R10
RESP_0404,C8,8,R8,R9,R11,R4,R4,R8
RESP_0404,C9,9,R9,R10,R12,R5,R5,R9
RESP_0404,C10,10,R10,R11,R13,R6,R6,R10
RESP_0404,C11,11,R11,R12,R1,R7,R1,R11
RESP_0404,C12,12,R12,R13,R2,R8,R8,R13
RESP_0404,C13,13,R13,R1,R3,R9,R3,R13
RESP_0405,C1,1,R1,R2,R4,R10,R2,R1
RESP_0405,C2,2,R2,R3,R5,R11,R11,R3
RESP_0405,C3,3,R3,R4,R6,R12,R3,R4
RESP_0405,C4,4,R4,R5,R7,R13,R7,R13
RESP_0405,C5,5,R5,R6,R8,R1,R5,R8
RESP_0405,C6,6,R6,R7,R9,R2,R7,R9
RESP_0405,C7,7,R7,R8,R10,R3,R7,R10
RESP_0405,C8,8,R8,R9,R11,R4,R8,R9
RESP_0405,C9,9,R9,R10,R12,R5,R5,R9
RESP_0405,C10,10,R10,R11,R13,R6,R6,R13
RESP_0405,C11,11,R11,R12,R1,R7,R11,R7
RESP_0405,C12,12,R12,R13,R2,R8,R13,R8
RESP_0405,C13,13,R13,R1,R3,R9,R3,R9
RESP_0406,C1,1,R1,R2,R4,R10,R10,R4
RESP_0406,C2,2,R2,R3,R5,R11,R3,R2
RESP_0406,C3,3,R3,R4,R6,R12,R6,R12
RESP_0406,C4,4,R4,R5,R7,R13,R7,R13
RESP_0406,C5,5,R5,R6,R8,R1,R5,R1
RESP_0406,C6,6,R6,R7,R9,R2,R6,R9
RESP_0406,C7,7,R7,R8,R10,R3,R3,R7
RESP_0406,C8,8,R8,R9,R11,R4,R4,R9
RESP_0406,C9,9,R9,R10,R12,R5,R12,R5
RESP_0406,C10,10,R10,R11,R13,R6,R13,R11
RESP_0406,C11,11,R11,R12,R1,R7,R12,R11
RESP_0406,C12,12,R12,R13,R2,R8,R12,R8
RESP_0406,C13,13,R13,R1,R3,R9,R9,R1
RESP_0407,C1,1,R1,R2,R4,R10,R1,R10
RESP_0407,C2,2,R2,R3,R5,R11,R3,R2
RESP_0407,C3,3,R3,R4,R6,R12,R12,R4
RESP_0407,C4,4,R4,R5,R7,R13,R5,R7
RESP_0407,C5,5,R5,R6,R8,R1,R8,R1
RESP_0407,C6,6,R6,R7,R9,R2,R6,R9
RESP_0407,C7,7,R7,R8,R10,R3,R7,R8
RESP_0407,C8,8,R8,R9,R11,R4,R8,R4
RESP_0407,C9,9,R9,R10,R12,R5,R10,R9
RESP_0407,C10,10,R10,R11,R13,R6,R6,R13
RESP_0407,C11,11,R11,R12,R1,R7,R1,R12
RESP_0407,C12,12,R12,R13,R2,R8,R13,R8
RESP_0407,C13,13,R13,R1,R3,R9,R1,R13
RESP_0408,C1,1,R1,R2,R4,R10,R1,R4
RESP_0408,C2,2,R2,R3,R5,R11,R2,R11
RESP_0408,C3,3,R3,R4,R6,R12,R3,R4
RESP_0408,C4,4,R4,R5,R7,R13,R5,R4
RESP_0408,C5,5,R5,R6,R8,R1,R6,R8
RESP_0408,C6,6,R6,R7,R9,R2,R7,R9
RESP_0408,C7,7,R7,R8,R10,R3,R7,R3
RESP_0408,C8,8,R8,R9,R11,R4,R11,R9
RESP_0408,C9,9,R9,R10,R12,R5,R5,R12
RESP_0408,C10,10,R10,R11,R13,R6,R6,R10
RESP_0408,C11,11,R11,R12,R1,R7,R1,R11
RESP_0408,C12,12,R12,R13,R2,R8,R2,R12
RESP_0408,C13,13,R13,R1,R3,R9,R1,R13
RESP_0409,C1,1,R1,R2,R4,R10,R2,R10
RESP_0409,C2,2,R2,R3,R5,R11,R2,R11
RESP_0409,C3,3,R3,R4,R6,R12,R6,R12
RESP_0409,C4,4,R4,R5,R7,R13,R7,R4
RESP_0409,C5,5,R5,R6,R8,R1,R1,R5
RESP_0409,C6,6,R6,R7,R9,R2,R2,R9
RESP_0409,C7,7,R7,R8,R10,R3,R3,R10
RESP_0409,C8,8,R8,R9,R11,R4,R4,R11
RESP_0409,C9,9,R9,R10,R12,R5,R5,R10
RESP_0409,C10,10,R10,R11,R13,R6,R13,R10
RESP_0409,C11,11,R11,R12,R1,R7,R7,R11
RESP_0409,C12,12,R12,R13,R2,R8,R2,R13
RESP_0409,C13,13,R13,R1,R3,R9,R3,R9
RESP_0410,C1,1,R1,R2,R4,R10,R1,R2
RESP_0410,C2,2,R2,R3,R5,R11,R5,R11
RESP_0410,C3,3,R3,R4,R6,R12,R6,R12
RESP_0410,C4,4,R4,R5,R7,R13,R4,R13
RESP_0410,C5,5,R5,R6,R8,R1,R1,R5
RESP_0410,C6,6,R6,R7,R9,R2,R9,R2
RESP_0410,C7,7,R7,R8,R10,R3,R7,R3
RESP_0410,C8,8,R8,R9,R11,R4,R8,R9
RESP_0410,C9,9,R9,R10,R12,R5,R5,R12
RESP_0410,C10,10,R10,R11,R13,R6,R11,R13
RESP_0410,C11,11,R11,R12,R1,R7,R7,R1
RESP_0410,C12,12,R12,R13,R2,R8,R8,R13
RESP_0410,C13,13,R13,R1,R3,R9,R3,R1
RESP_0411,C1,1,R1,R2,R4,R10,R1,R10
RESP_0411,C2,2,R2,R3,R5,R11,R3,R5
RESP_0411,C3,3,R3,R4,R6,R12,R3,R6
RESP_0411,C4,4,R4,R5,R7,R13,R13,R4
RESP_0411,C5,5,R5,R6,R8,R1,R1,R6
RESP_0411,C6,6,R6,R7,R9,R2,R2,R9
RESP_0411,C7,7,R7,R8,R10,R3,R7,R10
RESP_0411,C8,8,R8,R9,R11,R4,R8,R9
RESP_0411,C9,9,R9,R10,R12,R5,R5,R10
RESP_0411,C10,10,R10,R11,R13,R6,R11,R13
RESP_0411,C11,11,R11,R12,R1,R7,R7,R11
RESP_0411,C12,12,R12,R13,R2,R8,R2,R13
RESP_0411,C13,13,R13,R1,R3,R9,R1,R3
RESP_0412,C1,1,R1,R2,R4,R10,R4,R2
RESP_0412,C2,2,R2,R3,R5,R11,R5,R11
RESP_0412,C3,3,R3,R4,R6,R12,R12,R6
RESP_0412,C4,4,R4,R5,R7,R13,R5,R13
RESP_0412,C5,5,R5,R6,R8,R1,R1,R8
RESP_0412,C6,6,R6,R7,R9,R2,R2,R7
RESP_0412,C7,7,R7,R8,R10,R3,R8,R7
RESP_0412,C8,8,R8,R9,R11,R4,R11,R8
RESP_0412,C9,9,R9,R10,R12,R5,R5,R12
RESP_0412,C10,10,R10,R11,R13,R6,R6,R13
RESP_0412,C11,11,R11,R12,R1,R7,R1,R12
RESP_0412,C12,12,R12,R13,R2,R8,R2,R13
RESP_0412,C13,13,R13,R1,R3,R9,R1,R9
RESP_0413,C1,1,R1,R2,R4,R10,R1,R4
RESP_0413,C2,2,R2,R3,R5,R11,R5,R11
RESP_0413,C3,3,R3,R4,R6,R12,R12,R4
RESP_0413,C4,4,R4,R5,R7,R13,R4,R13
RESP_0413,C5,5,R5,R6,R8,R1,R1,R8
RESP_0413,C6,6,R6,R7,R9,R2,R6,R7
RESP_0413,C7,7,R7,R8,R10,R3,R8,R10
RESP_0413,C8,8,R8,R9,R11,R4,R11,R9
RESP_0413,C9,9,R9,R10,R12,R5,R5,R9
RESP_0413,C10,10,R10,R11,R13,R6,R13,R11
RESP_0413,C11,11,R11,R12,R1,R7,R1,R11
RESP_0413,C12,12,R12,R13,R2,R8,R8,R13
RESP_0413,C13,13,R13,R1,R3,R9,R1,R13
RESP_0414,C1,1,R1,R2,R4,R10,R2,R4
RESP_0414,C2,2,R2,R3,R5,R11,R3,R5
RESP_0414,C3,3,R3,R4,R6,R12,R3,R12
RESP_0414,C4,4,R4,R5,R7,R13,R5,R7
RESP_0414,C5,5,R5,R6,R8,R1,R5,R8
RESP_0414,C6,6,R6,R7,R9,R2,R6,R2
RESP_0414,C7,7,R7,R8,R10,R3,R8,R10
RESP_0414,C8,8,R8,R9,R11,R4,R4,R9
RESP_0414,C9,9,R9,R10,R12,R5,R10,R12
RESP_0414,C10,10,R10,R11,R13,R6,R13,R10
RESP_0414,C11,11,R11,R12,R1,R7,R7,R11
RESP_0414,C12,12,R12,R13,R2,R8,R2,R12
RESP_0414,C13,13,R13,R1,R3,R9,R3,R13
RESP_0415,C1,1,R1,R2,R4,R10,R4,R2
RESP_0415,C2,2,R2,R3,R5,R11,R5,R11
RESP_0415,C3,3,R3,R4,R6,R12,R6,R4
RESP_0415,C4,4,R4,R5,R7,R13,R5,R7
RESP_0415,C5,5,R5,R6,R8,R1,R5,R8
RESP_0415,C6,6,R6,R7,R9,R2,R7,R9
RESP_0415,C7,7,R7,R8,R10,R3,R7,R3
RESP_0415,C8,8,R8,R9,R11,R4,R8,R11
RESP_0415,C9,9,R9,R10,R12,R5,R9,R12
RESP_0415,C10,10,R10,R11,R13,R6,R6,R10
RESP_0415,C11,11,R11,R12,R1,R7,R1,R7
RESP_0415,C12,12,R12,R13,R2,R8,R8,R13
RESP_0415,C13,13,R13,R1,R3,R9,R1,R13
RESP_0416,C1,1,R1,R2,R4,R10,R1,R4
RESP_0416,C2,2,R2,R3,R5,R11,R3,R11
RESP_0416,C3,3,R3,R4,R6,R12,R3,R6
RESP_0416,C4,4,R4,R5,R7,R13,R4,R7
RESP_0416,C5,5,R5,R6,R8,R1,R1,R8
RESP_0416,C6,6,R6,R7,R9,R2,R2,R7
RESP_0416,C7,7,R7,R8,R10,R3,R3,R10
RESP_0416,C8,8,R8,R9,R11,R4,R11,R8
RESP_0416,C9,9,R9,R10,R12,R5,R10,R9
RESP_0416,C10,10,R10,R11,R13,R6,R6,R10
RESP_0416,C11,11,R11,R12,R1,R7,R7,R11
RESP_0416,C12,12,R12,R13,R2,R8,R8,R13
RESP_0416,C13,13,R13,R1,R3,R9,R3,R9
RESP_0417,C1,1,R1,R2,R4,R10,R1,R4
RESP_0417,C2,2,R2,R3,R5,R11,R2,R11
RESP_0417,C3,3,R3,R4,R6,R12,R4,R6
RESP_0417,C4,4,R4,R5,R7,R13,R7,R13
RESP_0417,C5,5,R5,R6,R8,R1,R8,R6
RESP_0417,C6,6,R6,R7,R9,R2,R9,R2
RESP_0417,C7,7,R7,R8,R10,R3,R3,R7
RESP_0417,C8,8,R8,R9,R11,R4,R4,R9
RESP_0417,C9,9,R9,R10,R12,R5,R5,R10
RESP_0417,C10,10,R10,R11,R13,R6,R13,R11
RESP_0417,C11,11,R11,R12,R1,R7,R12,R11
RESP_0417,C12,12,R12,R13,R2,R8,R2,R12
RESP_0417,C13,13,R13,R1,R3,R9,R3,R9
RESP_0418,C1,1,R1,R2,R4,R10,R1,R2
RESP_0418,C2,2,R2,R3,R5,R11,R11,R5
RESP_0418,C3,3,R3,R4,R6,R12,R3,R12
RESP_0418,C4,4,R4,R5,R7,R13,R4,R13
RESP_0418,C5,5,R5,R6,R8,R1,R5,R8
RESP_0418,C6,6,R6,R7,R9,R2,R7,R9
RESP_0418,C7,7,R7,R8,R10,R3,R8,R3
RESP_0418,C8,8,R8,R9,R11,R4,R8,R11
RESP_0418,C9,9,R9,R10,R12,R5,R5,R9
RESP_0418,C10,10,R10,R11,R13,R6,R6,R10
RESP_0418,C11,11,R11,R12,R1,R7,R12,R1
RESP_0418,C12,12,R12,R13,R2,R8,R8,R13
RESP_0418,C13,13,R13,R1,R3,R9,R3,R9
RESP_0419,C1,1,R1,R2,R4,R10,R2,R10
RESP_0419,C2,2,R2,R3,R5,R11,R2,R11
RESP_0419,C3,3,R3,R4,R6,R12,R4,R12
RESP_0419,C4,4,R4,R5,R7,R13,R13,R4
RESP_0419,C5,5,R5,R6,R8,R1,R1,R5
RESP_0419,C6,6,R6,R7,R9,R2,R6,R9
RESP_0419,C7,7,R7,R8,R10,R3,R7,R10
RESP_0419,C8,8,R8,R9,R11,R4,R4,R9
RESP_0419,C9,9,R9,R10,R12,R5,R5,R10
RESP_0419,C10,10,R10,R11,R13,R6,R10,R6
RESP_0419,C11,11,R11,R12,R1,R7,R12,R11
RESP_0419,C12,12,R12,R13,R2,R8,R2,R8
RESP_0419,C13,13,R13,R1,R3,R9,R9,R13
RESP_0420,C1,1,R1,R2,R4,R10,R1,R4
RESP_0420,C2,2,R2,R3,R5,R11,R5,R3
RESP_0420,C3,3,R3,R4,R6,R12,R4,R12
RESP_0420,C4,4,R4,R5,R7,R13,R5,R4
RESP_0420,C5,5,R5,R6,R8,R1,R1,R8
RESP_0420,C6,6,R6,R7,R9,R2,R2,R7
RESP_0420,C7,7,R7,R8,R10,R3,R7,R3
RESP_0420,C8,8,R8,R9,R11,R4,R11,R4
RESP_0420,C9,9,R9,R10,R12,R5,R5,R12
RESP_0420,C10,10,R10,R11,R13,R6,R6,R10
RESP_0420,C11,11,R11,R12,R1,R7,R1,R12
RESP_0420,C12,12,R12,R13,R2,R8,R8,R13
RESP_0420,C13,13,R13,R1,R3,R9,R3,R9
RESP_0421,C1,1,R1,R2,R4,R10,R2,R1
RESP_0421,C2,2,R2,R3,R5,R11,R5,R3
RESP_0421,C3,3,R3,R4,R6,R12,R3,R4
RESP_0421,C4,4,R4,R5,R7,R13,R5,R13
RESP_0421,C5,5,R5,R6,R8,R1,R5,R8
RESP_0421,C6,6,R6,R7,R9,R2,R6,R2
RESP_0421,C7,7,R7,R8,R10,R3,R3,R8
RESP_0421,C8,8,R8,R9,R11,R4,R4,R11
RESP_0421,C9,9,R9,R10,R12,R5,R12,R9
RESP_0421,C10,10,R10,R11,R13,R6,R11,R13
RESP_0421,C11,11,R11,R12,R1,R7,R1,R7
RESP_0421,C12,12,R12,R13,R2,R8,R2,R13
RESP_0421,C13,13,R13,R1,R3,R9,R3,R9
RESP_0422,C1,1,R1,R2,R4,R10,R10,R4
RESP_0422,C2,2,R2,R3,R5,R11,R3,R11
RESP_0422,C3,3,R3,R4,R6,R12,R3,R12
RESP_0422,C4,4,R4,R5,R7,R13,R7,R13
RESP_0422,C5,5,R5,R6,R8,R1,R6,R5
RESP_0422,C6,6,R6,R7,R9,R2,R2,R9
RESP_0422,C7,7,R7,R8,R10,R3,R8,R10
RESP_0422,C8,8,R8,R9,R11,R4,R4,R11
RESP_0422,C9,9,R9,R10,R12,R5,R5,R10
RESP_0422,C10,10,R10,R11,R13,R6,R6,R10
RESP_0422,C11,11,R11,R12,R1,R7,R1,R11
RESP_0422,C12,12,R12,R13,R2,R8,R2,R12
RESP_0422,C13,13,R13,R1,R3,R9,R1,R13
RESP_0423,C1,1,R1,R2,R4,R10,R4,R10
RESP_0423,C2,2,R2,R3,R5,R11,R11,R2
RESP_0423,C3,3,R3,R4,R6,R12,R6,R4
RESP_0423,C4,4,R4,R5,R7,R13,R5,R13
RESP_0423,C5,5,R5,R6,R8,R1,R5,R1
RESP_0423,C6,6,R6,R7,R9,R2,R2,R9
RESP_0423,C7,7,R7,R8,R10,R3,R8,R10
RESP_0423,C8,8,R8,R9,R11,R4,R8,R11
RESP_0423,C9,9,R9,R10,R12,R5,R12,R10
RESP_0423,C10,10,R10,R11,R13,R6,R10,R13
RESP_0423,C11,11,R11,R12,R1,R7,R7,R12
RESP_0423,C12,12,R12,R13,R2,R8,R8,R2
RESP_0423,C13,13,R13,R1,R3,R9,R1,R13
RESP_0424,C1,1,R1,R2,R4,R10,R1,R4
RESP_0424,C2,2,R2,R3,R5,R11,R11,R3
RESP_0424,C3,3,R3,R4,R6,R12,R3,R4
RESP_0424,C4,4,R4,R5,R7,R13,R4,R13
RESP_0424,C5,5,R5,R6,R8,R1,R1,R5
RESP_0424,C6,6,R6,R7,R9,R2,R7,R9
RESP_0424,C7,7,R7,R8,R10,R3,R8,R7
RESP_0424,C8,8,R8,R9,R11,R4,R4,R9
RESP_0424,C9,9,R9,R10,R12,R5,R5,R9
RESP_0424,C10,10,R10,R11,R13,R6,R11,R13
RESP_0424,C11,11,R11,R12,R1,R7,R1,R11
RESP_0424,C12,12,R12,R13,R2,R8,R12,R13
RESP_0424,C13,13,R13,R1,R3,R9,R1,R9
RESP_0425,C1,1,R1,R2,R4,R10,R2,R10
RESP_0425,C2,2,R2,R3,R5,R11,R11,R3
RESP_0425,C3,3,R3,R4,R6,R12,R12,R6
RESP_0425,C4,4,R4,R5,R7,R13,R7,R13
RESP_0425,C5,5,R5,R6,R8,R1,R1,R8
RESP_0425,C6,6,R6,R7,R9,R2,R9,R2
RESP_0425,C7,7,R7,R8,R10,R3,R10,R8
RESP_0425,C8,8,R8,R9,R11,R4,R8,R4
RESP_0425,C9,9,R9,R10,R12,R5,R5,R9
RESP_0425,C10,10,R10,R11,R13,R6,R6,R13
RESP_0425,C11,11,R11,R12,R1,R7,R7,R11
RESP_0425,C12,12,R12,R13,R2,R8,R13,R12
RESP_0425,C13,13,R13,R1,R3,R9,R9,R13
RESP_0426,C1,1,R1,R2,R4,R10,R2,R4
RESP_0426,C2,2,R2,R3,R5,R11,R3,R11
RESP_0426,C3,3,R3,R4,R6,R12,R3,R12
RESP_0426,C4,4,R4,R5,R7,R13,R4,R5
RESP_0426,C5,5,R5,R6,R8,R1,R5,R6
RESP_0426,C6,6,R6,R7,R9,R2,R2,R6
RESP_0426,C7,7,R7,R8,R10,R3,R10,R3
RESP_0426,C8,8,R8,R9,R11,R4,R11,R8
RESP_0426,C9,9,R9,R10,R12,R5,R10,R9
RESP_0426,C10,10,R10,R11,R13,R6,R10,R13
RESP_0426,C11,11,R11,R12,R1,R7,R1,R11
RESP_0426,C12,12,R12,R13,R2,R8,R8,R12
RESP_0426,C13,13,R13,R1,R3,R9,R1,R9
RESP_0427,C1,1,R1,R2,R4,R10,R2,R10
RESP_0427,C2,2,R2,R3,R5,R11,R3,R11
RESP_0427,C3,3,R3,R4,R6,R12,R4,R12
RESP_0427,C4,4,R4,R5,R7,R13,R7,R13
RESP_0427,C5,5,R5,R6,R8,R1,R6,R8
RESP_0427,C6,6,R6,R7,R9,R2,R9,R7
RESP_0427,C7,7,R7,R8,R10,R3,R3,R7
RESP_0427,C8,8,R8,R9,R11,R4,R8,R11
RESP_0427,C9,9,R9,R10,R12,R5,R5,R9
RESP_0427,C10,10,R10,R11,R13,R6,R6,R13
RESP_0427,C11,11,R11,R12,R1,R7,R1,R12
RESP_0427,C12,12,R12,R13,R2,R8,R8,R12
RESP_0427,C13,13,R13,R1,R3,R9,R3,R13
RESP_0428,C1,1,R1,R2,R4,R10,R4,R10
RESP_0428,C2,2,R2,R3,R5,R11,R2,R3
RESP_0428,C3,3,R3,R4,R6,R12,R3,R12
RESP_0428,C4,4,R4,R5,R7,R13,R13,R7
RESP_0428,C5,5,R5,R6,R8,R1,R5,R8
RESP_0428,C6,6,R6,R7,R9,R2,R2,R9
RESP_0428,C7,7,R7,R8,R10,R3,R3,R10
RESP_0428,C8,8,R8,R9,R11,R4,R11,R9
RESP_0428,C9,9,R9,R10,R12,R5,R5,R12
RESP_0428,C10,10,R10,R11,R13,R6,R6,R13
RESP_0428,C11,11,R11,R12,R1,R7,R11,R7
RESP_0428,C12,12,R12,R13,R2,R8,R13,R8
RESP_0428,C13,13,R13,R1,R3,R9,R3,R9
RESP_0429,C1,1,R1,R2,R4,R10,R1,R2
RESP_0429,C2,2,R2,R3,R5,R11,R5,R3
RESP_0429,C3,3,R3,R4,R6,R12,R4,R12
RESP_0429,C4,4,R4,R5,R7,R13,R4,R13
RESP_0429,C5,5,R5,R6,R8,R1,R1,R5
RESP_0429,C6,6,R6,R7,R9,R2,R9,R7
RESP_0429,C7,7,R7,R8,R10,R3,R8,R7
RESP_0429,C8,8,R8,R9,R11,R4,R8,R11
RESP_0429,C9,9,R9,R10,R12,R5,R5,R9
RESP_0429,C10,10,R10,R11,R13,R6,R6,R13
RESP_0429,C11,11,R11,R12,R1,R7,R12,R7
RESP_0429,C12,12,R12,R13,R2,R8,R2,R12
RESP_0429,C13,13,R13,R1,R3,R9,R3,R9
RESP_0430,C1,1,R1,R2,R4,R10,R1,R4
RESP_0430,C2,2,R2,R3,R5,R11,R3,R11
RESP_0430,C3,3,R3,R4,R6,R12,R4,R6
RESP_0430,C4,4,R4,R5,R7,R13,R5,R13
RESP_0430,C5,5,R5,R6,R8,R1,R1,R8
RESP_0430,C6,6,R6,R7,R9,R2,R2,R9
RESP_0430,C7,7,R7,R8,R10,R3,R8,R10
RESP_0430,C8,8,R8,R9,R11,R4,R4,R9
RESP_0430,C9,9,R9,R10,R12,R5,R5,R9
RESP_0430,C10,10,R10,R11,R13,R6,R10,R11
RESP_0430,C11,11,R11,R12,R1,R7,R11,R7
RESP_0430,C12,12,R12,R13,R2,R8,R13,R12
RESP_0430,C13,13,R13,R1,R3,R9,R3,R9
RESP_0431,C1,1,R1,R2,R4,R10,R10,R4
RESP_0431,C2,2,R2,R3,R5,R11,R5,R2
RESP_0431,C3,3,R3,R4,R6,R12,R12,R4
RESP_0431,C4,4,R4,R5,R7,R13,R13,R7
RESP_0431,C5,5,R5,R6,R8,R1,R8,R1
RESP_0431,C6,6,R6,R7,R9,R2,R6,R9
RESP_0431,C7,7,R7,R8,R10,R3,R7,R8
RESP_0431,C8,8,R8,R9,R11,R4,R8,R11
RESP_0431,C9,9,R9,R10,R12,R5,R12,R10
RESP_0431,C10,10,R10,R11,R13,R6,R11,R13
RESP_0431,C11,11,R11,R12,R1,R7,R1,R12
RESP_0431,C12,12,R12,R13,R2,R8,R8,R12
RESP_0431,C13,13,R13,R1,R3,R9,R9,R13
RESP_0432,C1,1,R1,R2,R4,R10,R1,R4
RESP_0432,C2,2,R2,R3,R5,R11,R5,R11
RESP_0432,C3,3,R3,R4,R6,R12,R6,R3
RESP_0432,C4,4,R4,R5,R7,R13,R5,R4
RESP_0432,C5,5,R5,R6,R8,R1,R8,R1
RESP_0432,C6,6,R6,R7,R9,R2,R6,R7
RESP_0432,C7,7,R7,R8,R10,R3,R10,R3
RESP_0432,C8,8,R8,R9,R11,R4,R9,R11
RESP_0432,C9,9,R9,R10,R12,R5,R5,R10
RESP_0432,C10,10,R10,R11,R13,R6,R6,R10
RESP_0432,C11,11,R11,R12,R1,R7,R1,R11
RESP_0432,C12,12,R12,R13,R2,R8,R8,R12
RESP_0432,C13,13,R13,R1,R3,R9,R13,R9
RESP_0433,C1,1,R1,R2,R4,R10,R10,R2
RESP_0433,C2,2,R2,R3,R5,R11,R2,R11
RESP_0433,C3,3,R3,R4,R6,R12,R6,R12
RESP_0433,C4,4,R4,R5,R7,R13,R5,R4
RESP_0433,C5,5,R5,R6,R8,R1,R5,R1
RESP_0433,C6,6,R6,R7,R9,R2,R9,R7
RESP_0433,C7,7,R7,R8,R10,R3,R7,R10
RESP_0433,C8,8,R8,R9,R11,R4,R11,R4
RESP_0433,C9,9,R9,R10,R12,R5,R5,R12
RESP_0433,C10,10,R10,R11,R13,R6,R6,R11
RESP_0433,C11,11,R11,R12,R1,R7,R11,R12
RESP_0433,C12,12,R12,R13,R2,R8,R12,R13
RESP_0433,C13,13,R13,R1,R3,R9,R3,R9
RESP_0434,C1,1,R1,R2,R4,R10,R2,R4
RESP_0434,C2,2,R2,R3,R5,R11,R5,R11
RESP_0434,C3,3,R3,R4,R6,R12,R12,R4
RESP_0434,C4,4,R4,R5,R7,R13,R4,R13
RESP_0434,C5,5,R5,R6,R8,R1,R5,R6
RESP_0434,C6,6,R6,R7,R9,R2,R6,R9
RESP_0434,C7,7,R7,R8,R10,R3,R3,R10
RESP_0434,C8,8,R8,R9,R11,R4,R4,R8
RESP_0434,C9,9,R9,R10,R12,R5,R5,R10
RESP_0434,C10,10,R10,R11,R13,R6,R10,R6
RESP_0434,C11,11,R11,R12,R1,R7,R1,R11
RESP_0434,C12,12,R12,R13,R2,R8,R13,R8
RESP_0434,C13,13,R13,R1,R3,R9,R3,R13
RESP_0435,C1,1,R1,R2,R4,R10,R1,R4
RESP_0435,C2,2,R2,R3,R5,R11,R3,R11
RESP_0435,C3,3,R3,R4,R6,R12,R6,R3
RESP_0435,C4,4,R4,R5,R7,R13,R5,R13
RESP_0435,C5,5,R5,R6,R8,R1,R8,R6
RESP_0435,C6,6,R6,R7,R9,R2,R7,R9
RESP_0435,C7,7,R7,R8,R10,R3,R3,R7
RESP_0435,C8,8,R8,R9,R11,R4,R8,R9
RESP_0435,C9,9,R9,R10,R12,R5,R12,R10
RESP_0435,C10,10,R10,R11,R13,R6,R6,R11
RESP_0435,C11,11,R11,R12,R1,R7,R1,R12
RESP_0435,C12,12,R12,R13,R2,R8,R8,R13
RESP_0435,C13,13,R13,R1,R3,R9,R3,R9
RESP_0436,C1,1,R1,R2,R4,R10,R10,R4
RESP_0436,C2,2,R2,R3,R5,R11,R11,R5
RESP_0436,C3,3,R3,R4,R6,R12,R6,R12
RESP_0436,C4,4,R4,R5,R7,R13,R5,R4
RESP_0436,C5,5,R5,R6,R8,R1,R6,R8
RESP_0436,C6,6,R6,R7,R9,R2,R6,R9
RESP_0436,C7,7,R7,R8,R10,R3,R8,R7
RESP_0436,C8,8,R8,R9,R11,R4,R9,R11
RESP_0436,C9,9,R9,R10,R12,R5,R10,R12
RESP_0436,C10,10,R10,R11,R13,R6,R6,R13
RESP_0436,C11,11,R11,R12,R1,R7,R11,R7
RESP_0436,C12,12,R12,R13,R2,R8,R2,R12
RESP_0436,C13,13,R13,R1,R3,R9,R3,R13
RESP_0437,C1,1,R1,R2,R4,R10,R1,R10
RESP_0437,C2,2,R2,R3,R5,R11,R5,R11
RESP_0437,C3,3,R3,R4,R6,R12,R6,R4
RESP_0437,C4,4,R4,R5,R7,R13,R7,R4
RESP_0437,C5,5,R5,R6,R8,R1,R5,R6
RESP_0437,C6,6,R6,R7,R9,R2,R9,R7
RESP_0437,C7,7,R7,R8,R10,R3,R3,R10
RESP_0437,C8,8,R8,R9,R11,R4,R8,R4
RESP_0437,C9,9,R9,R10,R12,R5,R9,R12
RESP_0437,C10,10,R10,R11,R13,R6,R13,R11
RESP_0437,C11,11,R11,R12,R1,R7,R1,R11
RESP_0437,C12,12,R12,R13,R2,R8,R8,R13
RESP_0437,C13,13,R13,R1,R3,R9,R1,R9
RESP_0438,C1,1,R1,R2,R4,R10,R4,R2
RESP_0438,C2,2,R2,R3,R5,R11,R3,R11
RESP_0438,C3,3,R3,R4,R6,R12,R3,R6
RESP_0438,C4,4,R4,R5,R7,R13,R7,R4
RESP_0438,C5,5,R5,R6,R8,R1,R1,R6
RESP_0438,C6,6,R6,R7,R9,R2,R2,R9
RESP_0438,C7,7,R7,R8,R10,R3,R8,R10
RESP_0438,C8,8,R8,R9,R11,R4,R4,R9
RESP_0438,C9,9,R9,R10,R12,R5,R12,R10
RESP_0438,C10,10,R10,R11,R13,R6,R6,R13
RESP_0438,C11,11,R11,R12,R1,R7,R12,R11
RESP_0438,C12,12,R12,R13,R2,R8,R13,R12
RESP_0438,C13,13,R13,R1,R3,R9,R1,R9
RESP_0439,C1,1,R1,R2,R4,R10,R4,R10
RESP_0439,C2,2,R2,R3,R5,R11,R5,R2
RESP_0439,C3,3,R3,R4,R6,R12,R3,R4
RESP_0439,C4,4,R4,R5,R7,R13,R5,R7
RESP_0439,C5,5,R5,R6,R8,R1,R1,R6
RESP_0439,C6,6,R6,R7,R9,R2,R6,R7
RESP_0439,C7,7,R7,R8,R10,R3,R8,R7
RESP_0439,C8,8,R8,R9,R11,R4,R4,R11
RESP_0439,C9,9,R9,R10,R12,R5,R5,R10
RESP_0439,C10,10,R10,R11,R13,R6,R6,R10
RESP_0439,C11,11,R11,R12,R1,R7,R1,R7
RESP_0439,C12,12,R12,R13,R2,R8,R8,R12
RESP_0439,C13,13,R13,R1,R3,R9,R1,R9
RESP_0440,C1,1,R1,R2,R4,R10,R10,R2
RESP_0440,C2,2,R2,R3,R5,R11,R2,R11
RESP_0440,C3,3,R3,R4,R6,R12,R3,R6
RESP_0440,C4,4,R4,R5,R7,R13,R5,R4
RESP_0440,C5,5,R5,R6,R8,R1,R1,R8
RESP_0440,C6,6,R6,R7,R9,R2,R6,R9
RESP_0440,C7,7,R7,R8,R10,R3,R8,R3
RESP_0440,C8,8,R8,R9,R11,R4,R9,R11
RESP_0440,C9,9,R9,R10,R12,R5,R5,R10
RESP_0440,C10,10,R10,R11,R13,R6,R6,R13
RESP_0440,C11,11,R11,R12,R1,R7,R7,R11
RESP_0440,C12,12,R12,R13,R2,R8,R13,R8
RESP_0440,C13,13,R13,R1,R3,R9,R3,R13
RESP_0441,C1,1,R1,R2,R4,R10,R2,R1
RESP_0441,C2,2,R2,R3,R5,R11,R5,R2
RESP_0441,C3,3,R3,R4,R6,R12,R6,R12
RESP_0441,C4,4,R4,R5,R7,R13,R5,R13
RESP_0441,C5,5,R5,R6,R8,R1,R6,R8
RESP_0441,C6,6,R6,R7,R9,R2,R9,R7
RESP_0441,C7,7,R7,R8,R10,R3,R8,R7
RESP_0441,C8,8,R8,R9,R11,R4,R8,R9
RESP_0441,C9,9,R9,R10,R12,R5,R9,R5
RESP_0441,C10,10,R10,R11,R13,R6,R6,R13
RESP_0441,C11,11,R11,R12,R1,R7,R1,R11
RESP_0441,C12,12,R12,R13,R2,R8,R13,R12
RESP_0441,C13,13,R13,R1,R3,R9,R3,R1
RESP_0442,C1,1,R1,R2,R4,R10,R10,R1
RESP_0442,C2,2,R2,R3,R5,R11,R3,R2
RESP_0442,C3,3,R3,R4,R6,R12,R12,R3
RESP_0442,C4,4,R4,R5,R7,R13,R4,R13
RESP_0442,C5,5,R5,R6,R8,R1,R1,R8
RESP_0442,C6,6,R6,R7,R9,R2,R6,R9
RESP_0442,C7,7,R7,R8,R10,R3,R3,R7
RESP_0442,C8,8,R8,R9,R11,R4,R4,R11
RESP_0442,C9,9,R9,R10,R12,R5,R5,R9
RESP_0442,C10,10,R10,R11,R13,R6,R13,R11
RESP_0442,C11,11,R11,R12,R1,R7,R1,R11
RESP_0442,C12,12,R12,R13,R2,R8,R2,R13
RESP_0442,C13,13,R13,R1,R3,R9,R1,R3
RESP_0443,C1,1,R1,R2,R4,R10,R2,R4
RESP_0443,C2,2,R2,R3,R5,R11,R3,R2
RESP_0443,C3,3,R3,R4,R6,R12,R3,R4
RESP_0443,C4,4,R4,R5,R7,R13,R5,R7
RESP_0443,C5,5,R5,R6,R8,R1,R6,R1
RESP_0443,C6,6,R6,R7,R9,R2,R6,R9
RESP_0443,C7,7,R7,R8,R10,R3,R8,R3
RESP_0443,C8,8,R8,R9,R11,R4,R4,R11
RESP_0443,C9,9,R9,R10,R12,R5,R10,R12
RESP_0443,C10,10,R10,R11,R13,R6,R10,R13
RESP_0443,C11,11,R11,R12,R1,R7,R11,R1
RESP_0443,C12,12,R12,R13,R2,R8,R2,R12
RESP_0443,C13,13,R13,R1,R3,R9,R3,R9
RESP_0444,C1,1,R1,R2,R4,R10,R1,R10
RESP_0444,C2,2,R2,R3,R5,R11,R2,R11
RESP_0444,C3,3,R3,R4,R6,R12,R4,R3
RESP_0444,C4,4,R4,R5,R7,R13,R4,R7
RESP_0444,C5,5,R5,R6,R8,R1,R1,R6
RESP_0444,C6,6,R6,R7,R9,R2,R7,R9
RESP_0444,C7,7,R7,R8,R10,R3,R7,R10
RESP_0444,C8,8,R8,R9,R11,R4,R11,R4
RESP_0444,C9,9,R9,R10,R12,R5,R5,R9
RESP_0444,C10,10,R10,R11,R13,R6,R6,R13
RESP_0444,C11,11,R11,R12,R1,R7,R1,R11
RESP_0444,C12,12,R12,R13,R2,R8,R8,R13
RESP_0444,C13,13,R13,R1,R3,R9,R1,R13
RESP_0445,C1,1,R1,R2,R4,R10,R2,R10
RESP_0445,C2,2,R2,R3,R5,R11,R5,R11
RESP_0445,C3,3,R3,R4,R6,R12,R6,R12
RESP_0445,C4,4,R4,R5,R7,R13,R7,R13
RESP_0445,C5,5,R5,R6,R8,R1,R6,R8
RESP_0445,C6,6,R6,R7,R9,R2,R7,R6
RESP_0445,C7,7,R7,R8,R10,R3,R3,R10
RESP_0445,C8,8,R8,R9,R11,R4,R4,R11
RESP_0445,C9,9,R9,R10,R12,R5,R5,R10
RESP_0445,C10,10,R10,R11,R13,R6,R6,R10
RESP_0445,C11,11,R11,R12,R1,R7,R1,R12
RESP_0445,C12,12,R12,R13,R2,R8,R2,R13
RESP_0445,C13,13,R13,R1,R3,R9,R1,R13
RESP_0446,C1,1,R1,R2,R4,R10,R4,R10
RESP_0446,C2,2,R2,R3,R5,R11,R3,R2
RESP_0446,C3,3,R3,R4,R6,R12,R6,R4
RESP_0446,C4,4,R4,R5,R7,R13,R4,R13
RESP_0446,C5,5,R5,R6,R8,R1,R8,R6
RESP_0446,C6,6,R6,R7,R9,R2,R6,R9
RESP_0446,C7,7,R7,R8,R10,R3,R7,R10
RESP_0446,C8,8,R8,R9,R11,R4,R8,R9
RESP_0446,C9,9,R9,R10,R12,R5,R5,R10
RESP_0446,C10,10,R10,R11,R13,R6,R10,R13
RESP_0446,C11,11,R11,R12,R1,R7,R12,R11
RESP_0446,C12,12,R12,R13,R2,R8,R13,R2
RESP_0446,C13,13,R13,R1,R3,R9,R1,R9
RESP_0447,C1,1,R1,R2,R4,R10,R10,R4
RESP_0447,C2,2,R2,R3,R5,R11,R3,R11
RESP_0447,C3,3,R3,R4,R6,R12,R4,R12
RESP_0447,C4,4,R4,R5,R7,R13,R4,R13
RESP_0447,C5,5,R5,R6,R8,R1,R5,R6
RESP_0447,C6,6,R6,R7,R9,R2,R6,R9
RESP_0447,C7,7,R7,R8,R10,R3,R3,R10
RESP_0447,C8,8,R8,R9,R11,R4,R4,R9
RESP_0447,C9,9,R9,R10,R12,R5,R12,R9
RESP_0447,C10,10,R10,R11,R13,R6,R6,R10
RESP_0447,C11,11,R11,R12,R1,R7,R1,R7
RESP_0447,C12,12,R12,R13,R2,R8,R2,R13
RESP_0447,C13,13,R13,R1,R3,R9,R9,R13
RESP_0448,C1,1,R1,R2,R4,R10,R1,R4
RESP_0448,C2,2,R2,R3,R5,R11,R2,R11
RESP_0448,C3,3,R3,R4,R6,R12,R4,R3
RESP_0448,C4,4,R4,R5,R7,R13,R5,R13
RESP_0448,C5,5,R5,R6,R8,R1,R5,R8
RESP_0448,C6,6,R6,R7,R9,R2,R2,R9
RESP_0448,C7,7,R7,R8,R10,R3,R3,R10
RESP_0448,C8,8,R8,R9,R11,R4,R8,R9
RESP_0448,C9,9,R9,R10,R12,R5,R10,R5
RESP_0448,C10,10,R10,R11,R13,R6,R6,R11
RESP_0448,C11,11,R11,R12,R1,R7,R7,R11
RESP_0448,C12,12,R12,R13,R2,R8,R8,R12
RESP_0448,C13,13,R13,R1,R3,R9,R3,R1
RESP_0449,C1,1,R1,R2,R4,R10,R10,R1
RESP_0449,C2,2,R2,R3,R5,R11,R11,R2
RESP_0449,C3,3,R3,R4,R6,R12,R3,R12
RESP_0449,C4,4,R4,R5,R7,R13,R5,R7
RESP_0449,C5,5,R5,R6,R8,R1,R6,R1
RESP_0449,C6,6,R6,R7,R9,R2,R7,R9
RESP_0449,C7,7,R7,R8,R10,R3,R8,R7
RESP_0449,C8,8,R8,R9,R11,R4,R4,R11
RESP_0449,C9,9,R9,R10,R12,R5,R5,R9
RESP_0449,C10,10,R10,R11,R13,R6,R11,R13
RESP_0449,C11,11,R11,R12,R1,R7,R1,R12
RESP_0449,C12,12,R12,R13,R2,R8,R2,R13
RESP_0449,C13,13,R13,R1,R3,R9,R1,R3
RESP_0450,C1,1,R1,R2,R4,R10,R10,R2
RESP_0450,C2,2,R2,R3,R5,R11,R3,R11
RESP_0450,C3,3,R3,R4,R6,R12,R3,R4
RESP_0450,C4,4,R4,R5,R7,R13,R4,R13
RESP_0450,C5,5,R5,R6,R8,R1,R1,R6
RESP_0450,C6,6,R6,R7,R9,R2,R6,R9
RESP_0450,C7,7,R7,R8,R10,R3,R10,R3
RESP_0450,C8,8,R8,R9,R11,R4,R4,R9
RESP_0450,C9,9,R9,R10,R12,R5,R5,R12
RESP_0450,C10,10,R10,R11,R13,R6,R6,R11
RESP_0450,C11,11,R11,R12,R1,R7,R7,R11
RESP_0450,C12,12,R12,R13,R2,R8,R12,R13
RESP_0450,C13,13,R13,R1,R3,R9,R9,R13
RESP_0451,C1,1,R1,R2,R4,R10,R4,R2
RESP_0451,C2,2,R2,R3,R5,R11,R2,R5
RESP_0451,C3,3,R3,R4,R6,R12,R12,R6
RESP_0451,C4,4,R4,R5,R7,R13,R5,R13
RESP_0451,C5,5,R5,R6,R8,R1,R8,R5
RESP_0451,C6,6,R6,R7,R9,R2,R6,R9
RESP_0451,C7,7,R7,R8,R10,R3,R8,R7
RESP_0451,C8,8,R8,R9,R11,R4,R9,R11
RESP_0451,C9,9,R9,R10,R12,R5,R12,R9
RESP_0451,C10,10,R10,R11,R13,R6,R13,R11
RESP_0451,C11,11,R11,R12,R1,R7,R1,R11
RESP_0451,C12,12,R12,R13,R2,R8,R8,R13
RESP_0451,C13,13,R13,R1,R3,R9,R3,R13
RESP_0452,C1,1,R1,R2,R4,R10,R2,R4
RESP_0452,C2,2,R2,R3,R5,R11,R11,R3
RESP_0452,C3,3,R3,R4,R6,R12,R4,R12
RESP_0452,C4,4,R4,R5,R7,R13,R13,R4
RESP_0452,C5,5,R5,R6,R8,R1,R6,R8
RESP_0452,C6,6,R6,R7,R9,R2,R2,R7
RESP_0452,C7,7,R7,R8,R10,R3,R3,R10
RESP_0452,C8,8,R8,R9,R11,R4,R8,R9
RESP_0452,C9,9,R9,R10,R12,R5,R9,R5
RESP_0452,C10,10,R10,R11,R13,R6,R6,R10
RESP_0452,C11,11,R11,R12,R1,R7,R12,R7
RESP_0452,C12,12,R12,R13,R2,R8,R13,R8
RESP_0452,C13,13,R13,R1,R3,R9,R3,R9
RESP_0453,C1,1,R1,R2,R4,R10,R4,R10
RESP_0453,C2,2,R2,R3,R5,R11,R11,R5
RESP_0453,C3,3,R3,R4,R6,R12,R12,R3
RESP_0453,C4,4,R4,R5,R7,R13,R5,R7
RESP_0453,C5,5,R5,R6,R8,R1,R5,R6
RESP_0453,C6,6,R6,R7,R9,R2,R7,R9
RESP_0453,C7,7,R7,R8,R10,R3,R7,R3
RESP_0453,C8,8,R8,R9,R11,R4,R4,R11
RESP_0453,C9,9,R9,R10,R12,R5,R12,R10
RESP_0453,C10,10,R10,R11,R13,R6,R6,R13
RESP_0453,C11,11,R11,R12,R1,R7,R1,R12
RESP_0453,C12,12,R12,R13,R2,R8,R2,R13
RESP_0453,C13,13,R13,R1,R3,R9,R1,R13
RESP_0454,C1,1,R1,R2,R4,R10,R2,R10
RESP_0454,C2,2,R2,R3,R5,R11,R2,R11
RESP_0454,C3,3,R3,R4,R6,R12,R4,R12
RESP_0454,C4,4,R4,R5,R7,R13,R5,R13
RESP_0454,C5,5,R5,R6,R8,R1,R5,R6
RESP_0454,C6,6,R6,R7,R9,R2,R6,R9
RESP_0454,C7,7,R7,R8,R10,R3,R7,R8
RESP_0454,C8,8,R8,R9,R11,R4,R9,R8
RESP_0454,C9,9,R9,R10,R12,R5,R12,R9
RESP_0454,C10,10,R10,R11,R13,R6,R13,R6
RESP_0454,C11,11,R11,R12,R1,R7,R1,R12
RESP_0454,C12,12,R12,R13,R2,R8,R2,R13
RESP_0454,C13,13,R13,R1,R3,R9,R1,R13
RESP_0455,C1,1,R1,R2,R4,R10,R2,R1
RESP_0455,C2,2,R2,R3,R5,R11,R5,R11
RESP_0455,C3,3,R3,R4,R6,R12,R4,R12
RESP_0455,C4,4,R4,R5,R7,R13,R4,R7
RESP_0455,C5,5,R5,R6,R8,R1,R1,R6
RESP_0455,C6,6,R6,R7,R9,R2,R2,R9
RESP_0455,C7,7,R7,R8,R10,R3,R10,R7
RESP_0455,C8,8,R8,R9,R11,R4,R9,R4
RESP_0455,C9,9,R9,R10,R12,R5,R10,R5
RESP_0455,C10,10,R10,R11,R13,R6,R10,R13
RESP_0455,C11,11,R11,R12,R1,R7,R7,R12
RESP_0455,C12,12,R12,R13,R2,R8,R12,R13
RESP_0455,C13,13,R13,R1,R3,R9,R9,R13
RESP_0456,C1,1,R1,R2,R4,R10,R10,R4
RESP_0456,C2,2,R2,R3,R5,R11,R11,R3
RESP_0456,C3,3,R3,R4,R6,R12,R6,R3
RESP_0456,C4,4,R4,R5,R7,R13,R5,R4
RESP_0456,C5,5,R5,R6,R8,R1,R5,R6
RESP_0456,C6,6,R6,R7,R9,R2,R2,R7
RESP_0456,C7,7,R7,R8,R10,R3,R7,R8
RESP_0456,C8,8,R8,R9,R11,R4,R4,R9
RESP_0456,C9,9,R9,R10,R12,R5,R10,R12
RESP_0456,C10,10,R10,R11,R13,R6,R6,R10
RESP_0456,C11,11,R11,R12,R1,R7,R1,R11
RESP_0456,C12,12,R12,R13,R2,R8,R13,R8
RESP_0456,C13,13,R13,R1,R3,R9,R3,R9
RESP_0457,C1,1,R1,R2,R4,R10,R1,R4
RESP_0457,C2,2,R2,R3,R5,R11,R3,R11
RESP_0457,C3,3,R3,R4,R6,R12,R12,R6
RESP_0457,C4,4,R4,R5,R7,R13,R7,R13
RESP_0457,C5,5,R5,R6,R8,R1,R5,R8
RESP_0457,C6,6,R6,R7,R9,R2,R2,R6
RESP_0457,C7,7,R7,R8,R10,R3,R7,R3
RESP_0457,C8,8,R8,R9,R11,R4,R4,R9
RESP_0457,C9,9,R9,R10,R12,R5,R5,R9
RESP_0457,C10,10,R10,R11,R13,R6,R10,R11
RESP_0457,C11,11,R11,R12,R1,R7,R7,R1
RESP_0457,C12,12,R12,R13,R2,R8,R2,R13
RESP_0457,C13,13,R13,R1,R3,R9,R1,R9
RESP_0458,C1,1,R1,R2,R4,R10,R4,R10
RESP_0458,C2,2,R2,R3,R5,R11,R2,R5
RESP_0458,C3,3,R3,R4,R6,R12,R6,R12
RESP_0458,C4,4,R4,R5,R7,R13,R5,R7
RESP_0458,C5,5,R5,R6,R8,R1,R1,R6
RESP_0458,C6,6,R6,R7,R9,R2,R7,R9
RESP_0458,C7,7,R7,R8,R10,R3,R3,R7
RESP_0458,C8,8,R8,R9,R11,R4,R4,R9
RESP_0458,C9,9,R9,R10,R12,R5,R5,R10
RESP_0458,C10,10,R10,R11,R13,R6,R13,R10
RESP_0458,C11,11,R11,R12,R1,R7,R1,R12
RESP_0458,C12,12,R12,R13,R2,R8,R8,R13
RESP_0458,C13,13,R13,R1,R3,R9,R1,R13
RESP_0459,C1,1,R1,R2,R4,R10,R2,R4
RESP_0459,C2,2,R2,R3,R5,R11,R5,R3
RESP_0459,C3,3,R3,R4,R6,R12,R6,R12
RESP_0459,C4,4,R4,R5,R7,R13,R4,R5
RESP_0459,C5,5,R5,R6,R8,R1,R1,R8
RESP_0459,C6,6,R6,R7,R9,R2,R7,R9
RESP_0459,C7,7,R7,R8,R10,R3,R7,R8
RESP_0459,C8,8,R8,R9,R11,R4,R11,R9
RESP_0459,C9,9,R9,R10,R12,R5,R5,R9
RESP_0459,C10,10,R10,R11,R13,R6,R11,R13
RESP_0459,C11,11,R11,R12,R1,R7,R12,R1
RESP_0459,C12,12,R12,R13,R2,R8,R13,R2
RESP_0459,C13,13,R13,R1,R3,R9,R9,R3
RESP_0460,C1,1,R1,R2,R4,R10,R1,R10
RESP_0460,C2,2,R2,R3,R5,R11,R3,R11
RESP_0460,C3,3,R3,R4,R6,R12,R6,R4
RESP_0460,C4,4,R4,R5,R7,R13,R4,R7
RESP_0460,C5,5,R5,R6,R8,R1,R6,R8
RESP_0460,C6,6,R6,R7,R9,R2,R2,R7
RESP_0460,C7,7,R7,R8,R10,R3,R3,R10
RESP_0460,C8,8,R8,R9,R11,R4,R8,R11
RESP_0460,C9,9,R9,R10,R12,R5,R5,R12
RESP_0460,C10,10,R10,R11,R13,R6,R10,R13
RESP_0460,C11,11,R11,R12,R1,R7,R1,R12
RESP_0460,C12,12,R12,R13,R2,R8,R8,R13
RESP_0460,C13,13,R13,R1,R3,R9,R3,R9
RESP_0461,C1,1,R1,R2,R4,R10,R1,R4
RESP_0461,C2,2,R2,R3,R5,R11,R2,R11
RESP_0461,C3,3,R3,R4,R6,R12,R3,R12
RESP_0461,C4,4,R4,R5,R7,R13,R5,R4
RESP_0461,C5,5,R5,R6,R8,R1,R1,R6
RESP_0461,C6,6,R6,R7,R9,R2,R6,R7
RESP_0461,C7,7,R7,R8,R10,R3,R3,R7
RESP_0461,C8,8,R8,R9,R11,R4,R11,R9
RESP_0461,C9,9,R9,R10,R12,R5,R5,R10
RESP_0461,C10,10,R10,R11,R13,R6,R6,R13
RESP_0461,C11,11,R11,R12,R1,R7,R1,R12
RESP_0461,C12,12,R12,R13,R2,R8,R8,R13
RESP_0461,C13,13,R13,R1,R3,R9,R1,R13
RESP_0462,C1,1,R1,R2,R4,R10,R1,R10
RESP_0462,C2,2,R2,R3,R5,R11,R5,R3
RESP_0462,C3,3,R3,R4,R6,R12,R3,R12
RESP_0462,C4,4,R4,R5,R7,R13,R7,R13
RESP_0462,C5,5,R5,R6,R8,R1,R1,R8
RESP_0462,C6,6,R6,R7,R9,R2,R7,R9
RESP_0462,C7,7,R7,R8,R10,R3,R8,R7
RESP_0462,C8,8,R8,R9,R11,R4,R11,R9
RESP_0462,C9,9,R9,R10,R12,R5,R10,R12
RESP_0462,C10,10,R10,R11,R13,R6,R11,R10
RESP_0462,C11,11,R11,R12,R1,R7,R12,R11
RESP_0462,C12,12,R12,R13,R2,R8,R8,R13
RESP_0462,C13,13,R13,R1,R3,R9,R13,R1
RESP_0463,C1,1,R1,R2,R4,R10,R4,R10
RESP_0463,C2,2,R2,R3,R5,R11,R11,R3
RESP_0463,C3,3,R3,R4,R6,R12,R6,R3
RESP_0463,C4,4,R4,R5,R7,R13,R4,R13
RESP_0463,C5,5,R5,R6,R8,R1,R1,R6
RESP_0463,C6,6,R6,R7,R9,R2,R6,R7
RESP_0463,C7,7,R7,R8,R10,R3,R8,R7
RESP_0463,C8,8,R8,R9,R11,R4,R4,R8
RESP_0463,C9,9,R9,R10,R12,R5,R5,R9
RESP_0463,C10,10,R10,R11,R13,R6,R6,R10
RESP_0463,C11,11,R11,R12,R1,R7,R1,R11
RESP_0463,C12,12,R12,R13,R2,R8,R2,R13
RESP_0463,C13,13,R13,R1,R3,R9,R1,R9
RESP_0464,C1,1,R1,R2,R4,R10,R2,R10
RESP_0464,C2,2,R2,R3,R5,R11,R5,R3
RESP_0464,C3,3,R3,R4,R6,R12,R6,R4
RESP_0464,C4,4,R4,R5,R7,R13,R5,R4
RESP_0464,C5,5,R5,R6,R8,R1,R1,R6
RESP_0464,C6,6,R6,R7,R9,R2,R6,R9
RESP_0464,C7,7,R7,R8,R10,R3,R3,R8
RESP_0464,C8,8,R8,R9,R11,R4,R4,R11
RESP_0464,C9,9,R9,R10,R12,R5,R5,R10
RESP_0464,C10,10,R10,R11,R13,R6,R6,R13
RESP_0464,C11,11,R11,R12,R1,R7,R12,R11
RESP_0464,C12,12,R12,R13,R2,R8,R8,R13
RESP_0464,C13,13,R13,R1,R3,R9,R13,R3
RESP_0465,C1,1,R1,R2,R4,R10,R2,R10
RESP_0465,C2,2,R2,R3,R5,R11,R5,R11
RESP_0465,C3,3,R3,R4,R6,R12,R3,R12
RESP_0465,C4,4,R4,R5,R7,R13,R4,R13
RESP_0465,C5,5,R5,R6,R8,R1,R8,R6
RESP_0465,C6,6,R6,R7,R9,R2,R2,R9
RESP_0465,C7,7,R7,R8,R10,R3,R8,R10
RESP_0465,C8,8,R8,R9,R11,R4,R4,R11
RESP_0465,C9,9,R9,R10,R12,R5,R10,R9
RESP_0465,C10,10,R10,R11,R13,R6,R6,R10
RESP_0465,C11,11,R11,R12,R1,R7,R1,R11
RESP_0465,C12,12,R12,R13,R2,R8,R2,R13
RESP_0465,C13,13,R13,R1,R3,R9,R1,R9
RESP_0466,C1,1,R1,R2,R4,R10,R4,R10
RESP_0466,C2,2,R2,R3,R5,R11,R3,R11
RESP_0466,C3,3,R3,R4,R6,R12,R12,R6
RESP_0466,C4,4,R4,R5,R7,R13,R5,R13
RESP_0466,C5,5,R5,R6,R8,R1,R5,R8
RESP_0466,C6,6,R6,R7,R9,R2,R2,R9
RESP_0466,C7,7,R7,R8,R10,R3,R7,R10
RESP_0466,C8,8,R8,R9,R11,R4,R11,R9
RESP_0466,C9,9,R9,R10,R12,R5,R5,R9
RESP_0466,C10,10,R10,R11,R13,R6,R6,R10
RESP_0466,C11,11,R11,R12,R1,R7,R1,R7
RESP_0466,C12,12,R12,R13,R2,R8,R2,R12
RESP_0466,C13,13,R13,R1,R3,R9,R1,R13
RESP_0467,C1,1,R1,R2,R4,R10,R4,R10
RESP_0467,C2,2,R2,R3,R5,R11,R2,R3
RESP_0467,C3,3,R3,R4,R6,R12,R3,R6
RESP_0467,C4,4,R4,R5,R7,R13,R5,R7
RESP_0467,C5,5,R5,R6,R8,R1,R6,R8
RESP_0467,C6,6,R6,R7,R9,R2,R6,R7
RESP_0467,C7,7,R7,R8,R10,R3,R3,R10
RESP_0467,C8,8,R8,R9,R11,R4,R4,R11
RESP_0467,C9,9,R9,R10,R12,R5,R12,R5
RESP_0467,C10,10,R10,R11,R13,R6,R10,R13
RESP_0467,C11,11,R11,R12,R1,R7,R7,R11
RESP_0467,C12,12,R12,R13,R2,R8,R8,R13
RESP_0467,C13,13,R13,R1,R3,R9,R1,R13
RESP_0468,C1,1,R1,R2,R4,R10,R1,R10
RESP_0468,C2,2,R2,R3,R5,R11,R3,R11
RESP_0468,C3,3,R3,R4,R6,R12,R6,R4
RESP_0468,C4,4,R4,R5,R7,R13,R5,R7
RESP_0468,C5,5,R5,R6,R8,R1,R5,R6
RESP_0468,C6,6,R6,R7,R9,R2,R6,R9
RESP_0468,C7,7,R7,R8,R10,R3,R3,R8
RESP_0468,C8,8,R8,R9,R11,R4,R8,R11
RESP_0468,C9,9,R9,R10,R12,R5,R5,R12
RESP_0468,C10,10,R10,R11,R13,R6,R6,R10
RESP_0468,C11,11,R11,R12,R1,R7,R1,R7
RESP_0468,C12,12,R12,R13,R2,R8,R2,R12
RESP_0468,C13,13,R13,R1,R3,R9,R3,R9
RESP_0469,C1,1,R1,R2,R4,R10,R4,R10
RESP_0469,C2,2,R2,R3,R5,R11,R2,R3
RESP_0469,C3,3,R3,R4,R6,R12,R6,R12
RESP_0469,C4,4,R4,R5,R7,R13,R7,R13
RESP_0469,C5,5,R5,R6,R8,R1,R6,R8
RESP_0469,C6,6,R6,R7,R9,R2,R6,R9
RESP_0469,C7,7,R7,R8,R10,R3,R3,R10
RESP_0469,C8,8,R8,R9,R11,R4,R4,R8
RESP_0469,C9,9,R9,R10,R12,R5,R9,R10
RESP_0469,C10,10,R10,R11,R13,R6,R6,R11
RESP_0469,C11,11,R11,R12,R1,R7,R1,R12
RESP_0469,C12,12,R12,R13,R2,R8,R8,R13
RESP_0469,C13,13,R13,R1,R3,R9,R1,R13
RESP_0470,C1,1,R1,R2,R4,R10,R2,R4
RESP_0470,C2,2,R2,R3,R5,R11,R2,R5
RESP_0470,C3,3,R3,R4,R6,R12,R12,R4
RESP_0470,C4,4,R4,R5,R7,R13,R13,R4
RESP_0470,C5,5,R5,R6,R8,R1,R5,R8
RESP_0470,C6,6,R6,R7,R9,R2,R2,R9
RESP_0470,C7,7,R7,R8,R10,R3,R3,R8
RESP_0470,C8,8,R8,R9,R11,R4,R9,R11
RESP_0470,C9,9,R9,R10,R12,R5,R10,R9
RESP_0470,C10,10,R10,R11,R13,R6,R10,R13
RESP_0470,C11,11,R11,R12,R1,R7,R12,R1
RESP_0470,C12,12,R12,R13,R2,R8,R13,R12
RESP_0470,C13,13,R13,R1,R3,R9,R1,R9
RESP_0471,C1,1,R1,R2,R4,R10,R1,R4
RESP_0471,C2,2,R2,R3,R5,R11,R5,R11
RESP_0471,C3,3,R3,R4,R6,R12,R3,R12
RESP_0471,C4,4,R4,R5,R7,R13,R5,R13
RESP_0471,C5,5,R5,R6,R8,R1,R5,R1
RESP_0471,C6,6,R6,R7,R9,R2,R9,R7
RESP_0471,C7,7,R7,R8,R10,R3,R3,R7
RESP_0471,C8,8,R8,R9,R11,R4,R9,R11
RESP_0471,C9,9,R9,R10,R12,R5,R5,R9
RESP_0471,C10,10,R10,R11,R13,R6,R6,R11
RESP_0471,C11,11,R11,R12,R1,R7,R11,R7
RESP_0471,C12,12,R12,R13,R2,R8,R2,R12
RESP_0471,C13,13,R13,R1,R3,R9,R1,R9
RESP_0472,C1,1,R1,R2,R4,R10,R4,R10
RESP_0472,C2,2,R2,R3,R5,R11,R2,R11
RESP_0472,C3,3,R3,R4,R6,R12,R6,R12
RESP_0472,C4,4,R4,R5,R7,R13,R5,R4
RESP_0472,C5,5,R5,R6,R8,R1,R5,R6
RESP_0472,C6,6,R6,R7,R9,R2,R7,R9
RESP_0472,C7,7,R7,R8,R10,R3,R8,R7
RESP_0472,C8,8,R8,R9,R11,R4,R4,R11
RESP_0472,C9,9,R9,R10,R12,R5,R9,R12
RESP_0472,C10,10,R10,R11,R13,R6,R6,R13
RESP_0472,C11,11,R11,R12,R1,R7,R1,R12
RESP_0472,C12,12,R12,R13,R2,R8,R2,R8
RESP_0472,C13,13,R13,R1,R3,R9,R1,R9
RESP_0473,C1,1,R1,R2,R4,R10,R2,R10
RESP_0473,C2,2,R2,R3,R5,R11,R2,R3
RESP_0473,C3,3,R3,R4,R6,R12,R12,R6
RESP_0473,C4,4,R4,R5,R7,R13,R4,R13
RESP_0473,C5,5,R5,R6,R8,R1,R5,R8
RESP_0473,C6,6,R6,R7,R9,R2,R7,R9
RESP_0473,C7,7,R7,R8,R10,R3,R7,R10
RESP_0473,C8,8,R8,R9,R11,R4,R8,R11
RESP_0473,C9,9,R9,R10,R12,R5,R12,R9
RESP_0473,C10,10,R10,R11,R13,R6,R10,R13
RESP_0473,C11,11,R11,R12,R1,R7,R12,R11
RESP_0473,C12,12,R12,R13,R2,R8,R13,R12
RESP_0473,C13,13,R13,R1,R3,R9,R1,R13
RESP_0474,C1,1,R1,R2,R4,R10,R2,R4
RESP_0474,C2,2,R2,R3,R5,R11,R2,R11
RESP_0474,C3,3,R3,R4,R6,R12,R12,R4
RESP_0474,C4,4,R4,R5,R7,R13,R4,R7
RESP_0474,C5,5,R5,R6,R8,R1,R6,R8
RESP_0474,C6,6,R6,R7,R9,R2,R7,R9
RESP_0474,C7,7,R7,R8,R10,R3,R7,R10
RESP_0474,C8,8,R8,R9,R11,R4,R8,R4
RESP_0474,C9,9,R9,R10,R12,R5,R10,R12
RESP_0474,C10,10,R10,R11,R13,R6,R6,R13
RESP_0474,C11,11,R11,R12,R1,R7,R11,R7
RESP_0474,C12,12,R12,R13,R2,R8,R13,R2
RESP_0474,C13,13,R13,R1,R3,R9,R1,R9
RESP_0475,C1,1,R1,R2,R4,R10,R4,R10
RESP_0475,C2,2,R2,R3,R5,R11,R11,R2
RESP_0475,C3,3,R3,R4,R6,R12,R4,R3
RESP_0475,C4,4,R4,R5,R7,R13,R5,R7
RESP_0475,C5,5,R5,R6,R8,R1,R1,R5
RESP_0475,C6,6,R6,R7,R9,R2,R2,R7
RESP_0475,C7,7,R7,R8,R10,R3,R8,R10
RESP_0475,C8,8,R8,R9,R11,R4,R8,R9
RESP_0475,C9,9,R9,R10,R12,R5,R5,R12
RESP_0475,C10,10,R10,R11,R13,R6,R6,R13
RESP_0475,C11,11,R11,R12,R1,R7,R7,R12
RESP_0475,C12,12,R12,R13,R2,R8,R8,R2
RESP_0475,C13,13,R13,R1,R3,R9,R3,R9
RESP_0476,C1,1,R1,R2,R4,R10,R1,R2
RESP_0476,C2,2,R2,R3,R5,R11,R3,R2
RESP_0476,C3,3,R3,R4,R6,R12,R3,R12
RESP_0476,C4,4,R4,R5,R7,R13,R7,R13
RESP_0476,C5,5,R5,R6,R8,R1,R6,R8
RESP_0476,C6,6,R6,R7,R9,R2,R6,R9
RESP_0476,C7,7,R7,R8,R10,R3,R8,R7
RESP_0476,C8,8,R8,R9,R11,R4,R9,R8
RESP_0476,C9,9,R9,R10,R12,R5,R12,R10
RESP_0476,C10,10,R10,R11,R13,R6,R6,R11
RESP_0476,C11,11,R11,R12,R1,R7,R1,R7
RESP_0476,C12,12,R12,R13,R2,R8,R8,R13
RESP_0476,C13,13,R13,R1,R3,R9,R1,R13
RESP_0477,C1,1,R1,R2,R4,R10,R10,R4
RESP_0477,C2,2,R2,R3,R5,R11,R11,R2
RESP_0477,C3,3,R3,R4,R6,R12,R6,R12
RESP_0477,C4,4,R4,R5,R7,R13,R7,R13
RESP_0477,C5,5,R5,R6,R8,R1,R6,R1
RESP_0477,C6,6,R6,R7,R9,R2,R6,R9
RESP_0477,C7,7,R7,R8,R10,R3,R7,R8
RESP_0477,C8,8,R8,R9,R11,R4,R8,R4
RESP_0477,C9,9,R9,R10,R12,R5,R12,R10
RESP_0477,C10,10,R10,R11,R13,R6,R10,R13
RESP_0477,C11,11,R11,R12,R1,R7,R1,R11
RESP_0477,C12,12,R12,R13,R2,R8,R8,R12
RESP_0477,C13,13,R13,R1,R3,R9,R3,R13
RESP_0478,C1,1,R1,R2,R4,R10,R4,R10
RESP_0478,C2,2,R2,R3,R5,R11,R3,R5
RESP_0478,C3,3,R3,R4,R6,R12,R12,R4
RESP_0478,C4,4,R4,R5,R7,R13,R4,R7
RESP_0478,C5,5,R5,R6,R8,R1,R5,R1
RESP_0478,C6,6,R6,R7,R9,R2,R6,R9
RESP_0478,C7,7,R7,R8,R10,R3,R7,R3
RESP_0478,C8,8,R8,R9,R11,R4,R9,R11
RESP_0478,C9,9,R9,R10,R12,R5,R5,R12
RESP_0478,C10,10,R10,R11,R13,R6,R6,R13
RESP_0478,C11,11,R11,R12,R1,R7,R1,R11
RESP_0478,C12,12,R12,R13,R2,R8,R2,R13
RESP_0478,C13,13,R13,R1,R3,R9,R13,R1
RESP_0479,C1,1,R1,R2,R4,R10,R1,R10
RESP_0479,C2,2,R2,R3,R5,R11,R3,R11
RESP_0479,C3,3,R3,R4,R6,R12,R6,R4
RESP_0479,C4,4,R4,R5,R7,R13,R7,R13
RESP_0479,C5,5,R5,R6,R8,R1,R6,R8
RESP_0479,C6,6,R6,R7,R9,R2,R6,R9
RESP_0479,C7,7,R7,R8,R10,R3,R3,R10
RESP_0479,C8,8,R8,R9,R11,R4,R8,R9
RESP_0479,C9,9,R9,R10,R12,R5,R12,R10
RESP_0479,C10,10,R10,R11,R13,R6,R13,R10
RESP_0479,C11,11,R11,R12,R1,R7,R1,R11
RESP_0479,C12,12,R12,R13,R2,R8,R13,R12
RESP_0479,C13,13,R13,R1,R3,R9,R3,R9
RESP_0480,C1,1,R1,R2,R4,R10,R2,R4
RESP_0480,C2,2,R2,R3,R5,R11,R3,R11
RESP_0480,C3,3,R3,R4,R6,R12,R6,R4
RESP_0480,C4,4,R4,R5,R7,R13,R7,R13
RESP_0480,C5,5,R5,R6,R8,R1,R8,R6
RESP_0480,C6,6,R6,R7,R9,R2,R2,R9
RESP_0480,C7,7,R7,R8,R10,R3,R7,R10
RESP_0480,C8,8,R8,R9,R11,R4,R8,R11
RESP_0480,C9,9,R9,R10,R12,R5,R5,R10
RESP_0480,C10,10,R10,R11,R13,R6,R6,R11
RESP_0480,C11,11,R11,R12,R1,R7,R1,R11
RESP_0480,C12,12,R12,R13,R2,R8,R2,R12
RESP_0480,C13,13,R13,R1,R3,R9,R9,R13
RESP_0481,C1,1,R1,R2,R4,R10,R2,R4
RESP_0481,C2,2,R2,R3,R5,R11,R2,R11
RESP_0481,C3,3,R3,R4,R6,R12,R3,R12
RESP_0481,C4,4,R4,R5,R7,R13,R13,R4
RESP_0481,C5,5,R5,R6,R8,R1,R5,R8
RESP_0481,C6,6,R6,R7,R9,R2,R7,R9
RESP_0481,C7,7,R7,R8,R10,R3,R3,R7
RESP_0481,C8,8,R8,R9,R11,R4,R9,R11
RESP_0481,C9,9,R9,R10,R12,R5,R5,R9
RESP_0481,C10,10,R10,R11,R13,R6,R6,R13
RESP_0481,C11,11,R11,R12,R1,R7,R1,R11
RESP_0481,C12,12,R12,R13,R2,R8,R8,R13
RESP_0481,C13,13,R13,R1,R3,R9,R1,R9
RESP_0482,C1,1,R1,R2,R4,R10,R10,R1
RESP_0482,C2,2,R2,R3,R5,R11,R11,R3
RESP_0482,C3,3,R3,R4,R6,R12,R3,R12
RESP_0482,C4,4,R4,R5,R7,R13,R4,R7
RESP_0482,C5,5,R5,R6,R8,R1,R5,R6
RESP_0482,C6,6,R6,R7,R9,R2,R6,R2
RESP_0482,C7,7,R7,R8,R10,R3,R3,R7
RESP_0482,C8,8,R8,R9,R11,R4,R9,R11
RESP_0482,C9,9,R9,R10,R12,R5,R5,R9
RESP_0482,C10,10,R10,R11,R13,R6,R6,R10
RESP_0482,C11,11,R11,R12,R1,R7,R7,R11
RESP_0482,C12,12,R12,R13,R2,R8,R8,R12
RESP_0482,C13,13,R13,R1,R3,R9,R3,R9
RESP_0483,C1,1,R1,R2,R4,R10,R1,R4
RESP_0483,C2,2,R2,R3,R5,R11,R5,R11
RESP_0483,C3,3,R3,R4,R6,R12,R6,R4
RESP_0483,C4,4,R4,R5,R7,R13,R5,R13
RESP_0483,C5,5,R5,R6,R8,R1,R6,R1
RESP_0483,C6,6,R6,R7,R9,R2,R6,R7
RESP_0483,C7,7,R7,R8,R10,R3,R10,R3
RESP_0483,C8,8,R8,R9,R11,R4,R4,R11
RESP_0483,C9,9,R9,R10,R12,R5,R5,R10
RESP_0483,C10,10,R10,R11,R13,R6,R6,R13
RESP_0483,C11,11,R11,R12,R1,R7,R1,R12
RESP_0483,C12,12,R12,R13,R2,R8,R13,R12
RESP_0483,C13,13,R13,R1,R3,R9,R3,R9
RESP_0484,C1,1,R1,R2,R4,R10,R2,R4
RESP_0484,C2,2,R2,R3,R5,R11,R5,R3
RESP_0484,C3,3,R3,R4,R6,R12,R12,R3
RESP_0484,C4,4,R4,R5,R7,R13,R13,R7
RESP_0484,C5,5,R5,R6,R8,R1,R1,R6
RESP_0484,C6,6,R6,R7,R9,R2,R6,R9
RESP_0484,C7,7,R7,R8,R10,R3,R7,R3
RESP_0484,C8,8,R8,R9,R11,R4,R4,R9
RESP_0484,C9,9,R9,R10,R12,R5,R5,R9
RESP_0484,C10,10,R10,R11,R13,R6,R11,R10
RESP_0484,C11,11,R11,R12,R1,R7,R1,R12
RESP_0484,C12,12,R12,R13,R2,R8,R12,R8
RESP_0484,C13,13,R13,R1,R3,R9,R3,R9
RESP_0485,C1,1,R1,R2,R4,R10,R1,R10
RESP_0485,C2,2,R2,R3,R5,R11,R2,R5
RESP_0485,C3,3,R3,R4,R6,R12,R12,R6
RESP_0485,C4,4,R4,R5,R7,R13,R13,R7
RESP_0485,C5,5,R5,R6,R8,R1,R8,R6
RESP_0485,C6,6,R6,R7,R9,R2,R6,R9
RESP_0485,C7,7,R7,R8,R10,R3,R8,R10
RESP_0485,C8,8,R8,R9,R11,R4,R8,R9
RESP_0485,C9,9,R9,R10,R12,R5,R5,R9
RESP_0485,C10,10,R10,R11,R13,R6,R11,R13
RESP_0485,C11,11,R11,R12,R1,R7,R1,R12
RESP_0485,C12,12,R12,R13,R2,R8,R2,R13
RESP_0485,C13,13,R13,R1,R3,R9,R1,R13
RESP_0486,C1,1,R1,R2,R4,R10,R4,R10
RESP_0486,C2,2,R2,R3,R5,R11,R2,R5
RESP_0486,C3,3,R3,R4,R6,R12,R3,R12
RESP_0486,C4,4,R4,R5,R7,R13,R7,R13
RESP_0486,C5,5,R5,R6,R8,R1,R6,R5
RESP_0486,C6,6,R6,R7,R9,R2,R6,R9
RESP_0486,C7,7,R7,R8,R10,R3,R3,R10
RESP_0486,C8,8,R8,R9,R11,R4,R8,R4
RESP_0486,C9,9,R9,R10,R12,R5,R10,R9
RESP_0486,C10,10,R10,R11,R13,R6,R11,R10
RESP_0486,C11,11,R11,R12,R1,R7,R7,R11
RESP_0486,C12,12,R12,R13,R2,R8,R13,R12
RESP_0486,C13,13,R13,R1,R3,R9,R1,R13
RESP_0487,C1,1,R1,R2,R4,R10,R2,R4
RESP_0487,C2,2,R2,R3,R5,R11,R11,R5
RESP_0487,C3,3,R3,R4,R6,R12,R4,R12
RESP_0487,C4,4,R4,R5,R7,R13,R7,R4
RESP_0487,C5,5,R5,R6,R8,R1,R6,R8
RESP_0487,C6,6,R6,R7,R9,R2,R2,R7
RESP_0487,C7,7,R7,R8,R10,R3,R7,R8
RESP_0487,C8,8,R8,R9,R11,R4,R4,R11
RESP_0487,C9,9,R9,R10,R12,R5,R5,R10
RESP_0487,C10,10,R10,R11,R13,R6,R10,R13
RESP_0487,C11,11,R11,R12,R1,R7,R7,R11
RESP_0487,C12,12,R12,R13,R2,R8,R13,R2
RESP_0487,C13,13,R13,R1,R3,R9,R9,R13
RESP_0488,C1,1,R1,R2,R4,R10,R1,R4
RESP_0488,C2,2,R2,R3,R5,R11,R5,R11
RESP_0488,C3,3,R3,R4,R6,R12,R4,R12
RESP_0488,C4,4,R4,R5,R7,R13,R7,R4
RESP_0488,C5,5,R5,R6,R8,R1,R5,R6
RESP_0488,C6,6,R6,R7,R9,R2,R6,R9
RESP_0488,C7,7,R7,R8,R10,R3,R7,R10
RESP_0488,C8,8,R8,R9,R11,R4,R4,R11
RESP_0488,C9,9,R9,R10,R12,R5,R12,R10
RESP_0488,C10,10,R10,R11,R13,R6,R6,R13
RESP_0488,C11,11,R11,R12,R1,R7,R1,R12
RESP_0488,C12,12,R12,R13,R2,R8,R13,R2
RESP_0488,C13,13,R13,R1,R3,R9,R1,R9
RESP_0489,C1,1,R1,R2,R4,R10,R2,R10
RESP_0489,C2,2,R2,R3,R5,R11,R3,R11
RESP_0489,C3,3,R3,R4,R6,R12,R6,R12
RESP_0489,C4,4,R4,R5,R7,R13,R13,R4
RESP_0489,C5,5,R5,R6,R8,R1,R6,R8
RESP_0489,C6,6,R6,R7,R9,R2,R6,R9
RESP_0489,C7,7,R7,R8,R10,R3,R7,R3
RESP_0489,C8,8,R8,R9,R11,R4,R9,R11
RESP_0489,C9,9,R9,R10,R12,R5,R12,R10
RESP_0489,C10,10,R10,R11,R13,R6,R6,R11
RESP_0489,C11,11,R11,R12,R1,R7,R1,R12
RESP_0489,C12,12,R12,R13,R2,R8,R8,R12
RESP_0489,C13,13,R13,R1,R3,R9,R1,R3
RESP_0490,C1,1,R1,R2,R4,R10,R1,R10
RESP_0490,C2,2,R2,R3,R5,R11,R3,R2
RESP_0490,C3,3,R3,R4,R6,R12,R6,R12
RESP_0490,C4,4,R4,R5,R7,R13,R4,R13
RESP_0490,C5,5,R5,R6,R8,R1,R8,R1
RESP_0490,C6,6,R6,R7,R9,R2,R6,R9
RESP_0490,C7,7,R7,R8,R10,R3,R3,R10
RESP_0490,C8,8,R8,R9,R11,R4,R8,R4
RESP_0490,C9,9,R9,R10,R12,R5,R12,R10
RESP_0490,C10,10,R10,R11,R13,R6,R6,R11
RESP_0490,C11,11,R11,R12,R1,R7,R1,R11
RESP_0490,C12,12,R12,R13,R2,R8,R8,R13
RESP_0490,C13,13,R13,R1,R3,R9,R3,R13
RESP_0491,C1,1,R1,R2,R4,R10,R2,R10
RESP_0491,C2,2,R2,R3,R5,R11,R5,R11
RESP_0491,C3,3,R3,R4,R6,R12,R6,R3
RESP_0491,C4,4,R4,R5,R7,R13,R13,R4
RESP_0491,C5,5,R5,R6,R8,R1,R1,R8
RESP_0491,C6,6,R6,R7,R9,R2,R6,R2
RESP_0491,C7,7,R7,R8,R10,R3,R8,R7
RESP_0491,C8,8,R8,R9,R11,R4,R8,R11
RESP_0491,C9,9,R9,R10,R12,R5,R5,R12
RESP_0491,C10,10,R10,R11,R13,R6,R6,R11
RESP_0491,C11,11,R11,R12,R1,R7,R12,R7
RESP_0491,C12,12,R12,R13,R2,R8,R8,R12
RESP_0491,C13,13,R13,R1,R3,R9,R1,R9
RESP_0492,C1,1,R1,R2,R4,R10,R2,R4
RESP_0492,C2,2,R2,R3,R5,R11,R11,R3
RESP_0492,C3,3,R3,R4,R6,R12,R6,R12
RESP_0492,C4,4,R4,R5,R7,R13,R5,R13
RESP_0492,C5,5,R5,R6,R8,R1,R1,R5
RESP_0492,C6,6,R6,R7,R9,R2,R2,R9
RESP_0492,C7,7,R7,R8,R10,R3,R3,R10
RESP_0492,C8,8,R8,R9,R11,R4,R8,R9
RESP_0492,C9,9,R9,R10,R12,R5,R5,R9
RESP_0492,C10,10,R10,R11,R13,R6,R10,R11
RESP_0492,C11,11,R11,R12,R1,R7,R7,R11
RESP_0492,C12,12,R12,R13,R2,R8,R2,R13
RESP_0492,C13,13,R13,R1,R3,R9,R3,R9
RESP_0493,C1,1,R1,R2,R4,R10,R2,R10
RESP_0493,C2,2,R2,R3,R5,R11,R5,R11
RESP_0493,C3,3,R3,R4,R6,R12,R6,R3
RESP_0493,C4,4,R4,R5,R7,R13,R7,R13
RESP_0493,C5,5,R5,R6,R8,R1,R5,R8
RESP_0493,C6,6,R6,R7,R9,R2,R2,R7
RESP_0493,C7,7,R7,R8,R10,R3,R3,R10
RESP_0493,C8,8,R8,R9,R11,R4,R9,R11
RESP_0493,C9,9,R9,R10,R12,R5,R10,R9
RESP_0493,C10,10,R10,R11,R13,R6,R6,R13
RESP_0493,C11,11,R11,R12,R1,R7,R1,R12
RESP_0493,C12,12,R12,R13,R2,R8,R12,R13
RESP_0493,C13,13,R13,R1,R3,R9,R3,R9
RESP_0494,C1,1,R1,R2,R4,R10,R4,R10
RESP_0494,C2,2,R2,R3,R5,R11,R11,R2
RESP_0494,C3,3,R3,R4,R6,R12,R6,R3
RESP_0494,C4,4,R4,R5,R7,R13,R5,R4
RESP_0494,C5,5,R5,R6,R8,R1,R6,R8
RESP_0494,C6,6,R6,R7,R9,R2,R6,R2
RESP_0494,C7,7,R7,R8,R10,R3,R7,R10
RESP_0494,C8,8,R8,R9,R11,R4,R8,R9
RESP_0494,C9,9,R9,R10,R12,R5,R9,R12
RESP_0494,C10,10,R10,R11,R13,R6,R10,R13
RESP_0494,C11,11,R11,R12,R1,R7,R7,R11
RESP_0494,C12,12,R12,R13,R2,R8,R12,R2
RESP_0494,C13,13,R13,R1,R3,R9,R3,R13
RESP_0495,C1,1,R1,R2,R4,R10,R4,R2
RESP_0495,C2,2,R2,R3,R5,R11,R3,R11
RESP_0495,C3,3,R3,R4,R6,R12,R4,R3
RESP_0495,C4,4,R4,R5,R7,R13,R7,R5
RESP_0495,C5,5,R5,R6,R8,R1,R6,R8
RESP_0495,C6,6,R6,R7,R9,R2,R2,R6
RESP_0495,C7,7,R7,R8,R10,R3,R7,R3
RESP_0495,C8,8,R8,R9,R11,R4,R8,R9
RESP_0495,C9,9,R9,R10,R12,R5,R10,R9
RESP_0495,C10,10,R10,R11,R13,R6,R10,R13
RESP_0495,C11,11,R11,R12,R1,R7,R1,R11
RESP_0495,C12,12,R12,R13,R2,R8,R2,R13
RESP_0495,C13,13,R13,R1,R3,R9,R9,R3
RESP_0496,C1,1,R1,R2,R4,R10,R10,R4
RESP_0496,C2,2,R2,R3,R5,R11,R2,R11
RESP_0496,C3,3,R3,R4,R6,R12,R3,R12
RESP_0496,C4,4,R4,R5,R7,R13,R7,R13
RESP_0496,C5,5,R5,R6,R8,R1,R8,R1
RESP_0496,C6,6,R6,R7,R9,R2,R6,R9
RESP_0496,C7,7,R7,R8,R10,R3,R7,R10
RESP_0496,C8,8,R8,R9,R11,R4,R4,R11
RESP_0496,C9,9,R9,R10,R12,R5,R5,R12
RESP_0496,C10,10,R10,R11,R13,R6,R6,R13
RESP_0496,C11,11,R11,R12,R1,R7,R1,R11
RESP_0496,C12,12,R12,R13,R2,R8,R12,R13
RESP_0496,C13,13,R13,R1,R3,R9,R1,R9
RESP_0497,C1,1,R1,R2,R4,R10,R2,R4
RESP_0497,C2,2,R2,R3,R5,R11,R3,R5
RESP_0497,C3,3,R3,R4,R6,R12,R3,R6
RESP_0497,C4,4,R4,R5,R7,R13,R5,R13
RESP_0497,C5,5,R5,R6,R8,R1,R8,R6
RESP_0497,C6,6,R6,R7,R9,R2,R2,R9
RESP_0497,C7,7,R7,R8,R10,R3,R3,R10
RESP_0497,C8,8,R8,R9,R11,R4,R8,R9
RESP_0497,C9,9,R9,R10,R12,R5,R12,R9
RESP_0497,C10,10,R10,R11,R13,R6,R11,R10
RESP_0497,C11,11,R11,R12,R1,R7,R11,R12
RESP_0497,C12,12,R12,R13,R2,R8,R12,R8
RESP_0497,C13,13,R13,R1,R3,R9,R3,R13
RESP_0498,C1,1,R1,R2,R4,R10,R4,R10
RESP_0498,C2,2,R2,R3,R5,R11,R2,R5
RESP_0498,C3,3,R3,R4,R6,R12,R6,R4
RESP_0498,C4,4,R4,R5,R7,R13,R5,R13
RESP_0498,C5,5,R5,R6,R8,R1,R8,R1
RESP_0498,C6,6,R6,R7,R9,R2,R2,R9
RESP_0498,C7,7,R7,R8,R10,R3,R8,R10
RESP_0498,C8,8,R8,R9,R11,R4,R4,R9
RESP_0498,C9,9,R9,R10,R12,R5,R5,R10
RESP_0498,C10,10,R10,R11,R13,R6,R10,R11
RESP_0498,C11,11,R11,R12,R1,R7,R11,R12
RESP_0498,C12,12,R12,R13,R2,R8,R8,R13
RESP_0498,C13,13,R13,R1,R3,R9,R13,R9
RESP_0499,C1,1,R1,R2,R4,R10,R1,R4
RESP_0499,C2,2,R2,R3,R5,R11,R5,R11
RESP_0499,C3,3,R3,R4,R6,R12,R6,R4
RESP_0499,C4,4,R4,R5,R7,R13,R4,R7
RESP_0499,C5,5,R5,R6,R8,R1,R6,R1
RESP_0499,C6,6,R6,R7,R9,R2,R6,R9
RESP_0499,C7,7,R7,R8,R10,R3,R8,R10
RESP_0499,C8,8,R8,R9,R11,R4,R11,R9
RESP_0499,C9,9,R9,R10,R12,R5,R5,R12
RESP_0499,C10,10,R10,R11,R13,R6,R10,R11
RESP_0499,C11,11,R11,R12,R1,R7,R1,R11
RESP_0499,C12,12,R12,R13,R2,R8,R8,R13
RESP_0499,C13,13,R13,R1,R3,R9,R1,R13
RESP_0500,C1,1,R1,R2,R4,R10,R10,R4
RESP_0500,C2,2,R2,R3,R5,R11,R3,R2
RESP_0500,C3,3,R3,R4,R6,R12,R6,R4
RESP_0500,C4,4,R4,R5,R7,R13,R5,R13
RESP_0500,C5,5,R5,R6,R8,R1,R5,R1
RESP_0500,C6,6,R6,R7,R9,R2,R2,R9
RESP_0500,C7,7,R7,R8,R10,R3,R3,R8
RESP_0500,C8,8,R8,R9,R11,R4,R8,R11
RESP_0500,C9,9,R9,R10,R12,R5,R5,R9
RESP_0500,C10,10,R10,R11,R13,R6,R6,R11
RESP_0500,C11,11,R11,R12,R1,R7,R12,R7
RESP_0500,C12,12,R12,R13,R2,R8,R13,R12
RESP_0500,C13,13,R13,R1,R3,R9,R9,R13
RESP_0501,C1,1,R1,R2,R4,R10,R1,R10
RESP_0501,C2,2,R2,R3,R5,R11,R3,R11
RESP_0501,C3,3,R3,R4,R6,R12,R3,R4
RESP_0501,C4,4,R4,R5,R7,R13,R7,R13
RESP_0501,C5,5,R5,R6,R8,R1,R5,R1
RESP_0501,C6,6,R6,R7,R9,R2,R7,R9
RESP_0501,C7,7,R7,R8,R10,R3,R10,R7
RESP_0501,C8,8,R8,R9,R11,R4,R8,R11
RESP_0501,C9,9,R9,R10,R12,R5,R5,R10
RESP_0501,C10,10,R10,R11,R13,R6,R6,R13
RESP_0501,C11,11,R11,R12,R1,R7,R7,R11
RESP_0501,C12,12,R12,R13,R2,R8,R12,R13
RESP_0501,C13,13,R13,R1,R3,R9,R1,R13
RESP_0502,C1,1,R1,R2,R4,R10,R1,R4
RESP_0502,C2,2,R2,R3,R5,R11,R3,R5
RESP_0502,C3,3,R3,R4,R6,R12,R4,R3
RESP_0502,C4,4,R4,R5,R7,R13,R7,R13
RESP_0502,C5,5,R5,R6,R8,R1,R1,R6
RESP_0502,C6,6,R6,R7,R9,R2,R6,R7
RESP_0502,C7,7,R7,R8,R10,R3,R8,R10
RESP_0502,C8,8,R8,R9,R11,R4,R8,R11
RESP_0502,C9,9,R9,R10,R12,R5,R9,R12
RESP_0502,C10,10,R10,R11,R13,R6,R10,R11
RESP_0502,C11,11,R11,R12,R1,R7,R11,R7
RESP_0502,C12,12,R12,R13,R2,R8,R13,R8
RESP_0502,C13,13,R13,R1,R3,R9,R1,R9
RESP_0503,C1,1,R1,R2,R4,R10,R2,R10
RESP_0503,C2,2,R2,R3,R5,R11,R5,R11
RESP_0503,C3,3,R3,R4,R6,R12,R4,R12
RESP_0503,C4,4,R4,R5,R7,R13,R5,R13
RESP_0503,C5,5,R5,R6,R8,R1,R5,R8
RESP_0503,C6,6,R6,R7,R9,R2,R2,R9
RESP_0503,C7,7,R7,R8,R10,R3,R8,R10
RESP_0503,C8,8,R8,R9,R11,R4,R8,R11
RESP_0503,C9,9,R9,R10,R12,R5,R5,R10
RESP_0503,C10,10,R10,R11,R13,R6,R6,R11
RESP_0503,C11,11,R11,R12,R1,R7,R1,R11
RESP_0503,C12,12,R12,R13,R2,R8,R12,R13
RESP_0503,C13,13,R13,R1,R3,R9,R3,R9
RESP_0504,C1,1,R1,R2,R4,R10,R4,R10
RESP_0504,C2,2,R2,R3,R5,R11,R11,R5
RESP_0504,C3,3,R3,R4,R6,R12,R3,R4
RESP_0504,C4,4,R4,R5,R7,R13,R5,R7
RESP_0504,C5,5,R5,R6,R8,R1,R1,R5
RESP_0504,C6,6,R6,R7,R9,R2,R2,R9
RESP_0504,C7,7,R7,R8,R10,R3,R3,R10
RESP_0504,C8,8,R8,R9,R11,R4,R4,R11
RESP_0504,C9,9,R9,R10,R12,R5,R10,R9
RESP_0504,C10,10,R10,R11,R13,R6,R6,R10
RESP_0504,C11,11,R11,R12,R1,R7,R11,R7
RESP_0504,C12,12,R12,R13,R2,R8,R2,R13
RESP_0504,C13,13,R13,R1,R3,R9,R3,R9
RESP_0505,C1,1,R1,R2,R4,R10,R4,R10
RESP_0505,C2,2,R2,R3,R5,R11,R5,R2
RESP_0505,C3,3,R3,R4,R6,R12,R4,R3
RESP_0505,C4,4,R4,R5,R7,R13,R5,R13
RESP_0505,C5,5,R5,R6,R8,R1,R5,R8
RESP_0505,C6,6,R6,R7,R9,R2,R2,R9
RESP_0505,C7,7,R7,R8,R10,R3,R8,R7
RESP_0505,C8,8,R8,R9,R11,R4,R9,R4
RESP_0505,C9,9,R9,R10,R12,R5,R5,R9
RESP_0505,C10,10,R10,R11,R13,R6,R6,R10
RESP_0505,C11,11,R11,R12,R1,R7,R7,R12
RESP_0505,C12,12,R12,R13,R2,R8,R8,R12
RESP_0505,C13,13,R13,R1,R3,R9,R3,R13
RESP_0506,C1,1,R1,R2,R4,R10,R10,R4
RESP_0506,C2,2,R2,R3,R5,R11,R2,R11
RESP_0506,C3,3,R3,R4,R6,R12,R3,R6
RESP_0506,C4,4,R4,R5,R7,R13,R5,R13
RESP_0506,C5,5,R5,R6,R8,R1,R8,R5
RESP_0506,C6,6,R6,R7,R9,R2,R2,R6
RESP_0506,C7,7,R7,R8,R10,R3,R8,R10
RESP_0506,C8,8,R8,R9,R11,R4,R4,R11
RESP_0506,C9,9,R9,R10,R12,R5,R12,R9
RESP_0506,C10,10,R10,R11,R13,R6,R6,R11
RESP_0506,C11,11,R11,R12,R1,R7,R1,R12
RESP_0506,C12,12,R12,R13,R2,R8,R2,R12
RESP_0506,C13,13,R13,R1,R3,R9,R3,R13
RESP_0507,C1,1,R1,R2,R4,R10,R1,R2
RESP_0507,C2,2,R2,R3,R5,R11,R3,R5
RESP_0507,C3,3,R3,R4,R6,R12,R3,R4
RESP_0507,C4,4,R4,R5,R7,R13,R13,R4
RESP_0507,C5,5,R5,R6,R8,R1,R1,R5
RESP_0507,C6,6,R6,R7,R9,R2,R7,R9
RESP_0507,C7,7,R7,R8,R10,R3,R8,R10
RESP_0507,C8,8,R8,R9,R11,R4,R8,R9
RESP_0507,C9,9,R9,R10,R12,R5,R5,R10
RESP_0507,C10,10,R10,R11,R13,R6,R6,R11
RESP_0507,C11,11,R11,R12,R1,R7,R11,R12
RESP_0507,C12,12,R12,R13,R2,R8,R2,R13
RESP_0507,C13,13,R13,R1,R3,R9,R3,R9
RESP_0508,C1,1,R1,R2,R4,R10,R4,R10
RESP_0508,C2,2,R2,R3,R5,R11,R5,R2
RESP_0508,C3,3,R3,R4,R6,R12,R6,R12
RESP_0508,C4,4,R4,R5,R7,R13,R5,R7
RESP_0508,C5,5,R5,R6,R8,R1,R5,R8
RESP_0508,C6,6,R6,R7,R9,R2,R7,R2
RESP_0508,C7,7,R7,R8,R10,R3,R7,R3
RESP_0508,C8,8,R8,R9,R11,R4,R4,R11
RESP_0508,C9,9,R9,R10,R12,R5,R5,R9
RESP_0508,C10,10,R10,R11,R13,R6,R6,R13
RESP_0508,C11,11,R11,R12,R1,R7,R1,R12
RESP_0508,C12,12,R12,R13,R2,R8,R13,R8
RESP_0508,C13,13,R13,R1,R3,R9,R3,R9
RESP_0509,C1,1,R1,R2,R4,R10,R2,R10
RESP_0509,C2,2,R2,R3,R5,R11,R2,R5
RESP_0509,C3,3,R3,R4,R6,R12,R12,R4
RESP_0509,C4,4,R4,R5,R7,R13,R7,R4
RESP_0509,C5,5,R5,R6,R8,R1,R6,R1
RESP_0509,C6,6,R6,R7,R9,R2,R9,R2
RESP_0509,C7,7,R7,R8,R10,R3,R8,R7
RESP_0509,C8,8,R8,R9,R11,R4,R8,R11
RESP_0509,C9,9,R9,R10,R12,R5,R5,R9
RESP_0509,C10,10,R10,R11,R13,R6,R11,R13
RESP_0509,C11,11,R11,R12,R1,R7,R7,R11
RESP_0509,C12,12,R12,R13,R2,R8,R2,R13
RESP_0509,C13,13,R13,R1,R3,R9,R13,R1
RESP_0510,C1,1,R1,R2,R4,R10,R1,R10
RESP_0510,C2,2,R2,R3,R5,R11,R2,R5
RESP_0510,C3,3,R3,R4,R6,R12,R3,R12
RESP_0510,C4,4,R4,R5,R7,R13,R4,R13
RESP_0510,C5,5,R5,R6,R8,R1,R6,R8
RESP_0510,C6,6,R6,R7,R9,R2,R2,R9
RESP_0510,C7,7,R7,R8,R10,R3,R8,R10
RESP_0510,C8,8,R8,R9,R11,R4,R9,R11
RESP_0510,C9,9,R9,R10,R12,R5,R5,R9
RESP_0510,C10,10,R10,R11,R13,R6,R6,R13
RESP_0510,C11,11,R11,R12,R1,R7,R7,R11
RESP_0510,C12,12,R12,R13,R2,R8,R13,R12
RESP_0510,C13,13,R13,R1,R3,R9,R9,R13
RESP_0511,C1,1,R1,R2,R4,R10,R2,R4
RESP_0511,C2,2,R2,R3,R5,R11,R5,R11
RESP_0511,C3,3,R3,R4,R6,R12,R6,R12
RESP_0511,C4,4,R4,R5,R7,R13,R4,R7
RESP_0511,C5,5,R5,R6,R8,R1,R1,R8
RESP_0511,C6,6,R6,R7,R9,R2,R6,R9
RESP_0511,C7,7,R7,R8,R10,R3,R3,R10
RESP_0511,C8,8,R8,R9,R11,R4,R4,R9
RESP_0511,C9,9,R9,R10,R12,R5,R10,R9
RESP_0511,C10,10,R10,R11,R13,R6,R10,R13
RESP_0511,C11,11,R11,R12,R1,R7,R7,R11
RESP_0511,C12,12,R12,R13,R2,R8,R13,R8
RESP_0511,C13,13,R13,R1,R3,R9,R3,R1
RESP_0512,C1,1,R1,R2,R4,R10,R1,R10
RESP_0512,C2,2,R2,R3,R5,R11,R3,R11
RESP_0512,C3,3,R3,R4,R6,R12,R6,R4
RESP_0512,C4,4,R4,R5,R7,R13,R5,R13
RESP_0512,C5,5,R5,R6,R8,R1,R6,R8
RESP_0512,C6,6,R6,R7,R9,R2,R6,R9
RESP_0512,C7,7,R7,R8,R10,R3,R8,R3
RESP_0512,C8,8,R8,R9,R11,R4,R4,R11
RESP_0512,C9,9,R9,R10,R12,R5,R5,R9
RESP_0512,C10,10,R10,R11,R13,R6,R11,R13
RESP_0512,C11,11,R11,R12,R1,R7,R1,R12
RESP_0512,C12,12,R12,R13,R2,R8,R8,R12
RESP_0512,C13,13,R13,R1,R3,R9,R13,R9
RESP_0513,C1,1,R1,R2,R4,R10,R2,R10
RESP_0513,C2,2,R2,R3,R5,R11,R5,R11
RESP_0513,C3,3,R3,R4,R6,R12,R12,R3
RESP_0513,C4,4,R4,R5,R7,R13,R7,R4
RESP_0513,C5,5,R5,R6,R8,R1,R5,R1
RESP_0513,C6,6,R6,R7,R9,R2,R6,R7
RESP_0513,C7,7,R7,R8,R10,R3,R3,R10
RESP_0513,C8,8,R8,R9,R11,R4,R9,R4
RESP_0513,C9,9,R9,R10,R12,R5,R10,R12
RESP_0513,C10,10,R10,R11,R13,R6,R10,R13
RESP_0513,C11,11,R11,R12,R1,R7,R11,R12
RESP_0513,C12,12,R12,R13,R2,R8,R2,R12
RESP_0513,C13,13,R13,R1,R3,R9,R3,R9
RESP_0514,C1,1,R1,R2,R4,R10,R10,R4
RESP_0514,C2,2,R2,R3,R5,R11,R2,R3
RESP_0514,C3,3,R3,R4,R6,R12,R3,R4
RESP_0514,C4,4,R4,R5,R7,R13,R7,R13
RESP_0514,C5,5,R5,R6,R8,R1,R1,R8
RESP_0514,C6,6,R6,R7,R9,R2,R2,R9
RESP_0514,C7,7,R7,R8,R10,R3,R3,R7
RESP_0514,C8,8,R8,R9,R11,R4,R4,R9
RESP_0514,C9,9,R9,R10,R12,R5,R12,R9
RESP_0514,C10,10,R10,R11,R13,R6,R13,R10
RESP_0514,C11,11,R11,R12,R1,R7,R11,R1
RESP_0514,C12,12,R12,R13,R2,R8,R2,R13
RESP_0514,C13,13,R13,R1,R3,R9,R3,R13
RESP_0515,C1,1,R1,R2,R4,R10,R10,R4
RESP_0515,C2,2,R2,R3,R5,R11,R5,R2
RESP_0515,C3,3,R3,R4,R6,R12,R4,R6
RESP_0515,C4,4,R4,R5,R7,R13,R13,R5
RESP_0515,C5,5,R5,R6,R8,R1,R5,R1
RESP_0515,C6,6,R6,R7,R9,R2,R7,R9
RESP_0515,C7,7,R7,R8,R10,R3,R3,R10
RESP_0515,C8,8,R8,R9,R11,R4,R11,R9
RESP_0515,C9,9,R9,R10,R12,R5,R10,R12
RESP_0515,C10,10,R10,R11,R13,R6,R6,R10
RESP_0515,C11,11,R11,R12,R1,R7,R1,R11
RESP_0515,C12,12,R12,R13,R2,R8,R2,R12
RESP_0515,C13,13,R13,R1,R3,R9,R9,R1
RESP_0516,C1,1,R1,R2,R4,R10,R4,R10
RESP_0516,C2,2,R2,R3,R5,R11,R5,R11
RESP_0516,C3,3,R3,R4,R6,R12,R6,R3
RESP_0516,C4,4,R4,R5,R7,R13,R5,R13
RESP_0516,C5,5,R5,R6,R8,R1,R5,R1
RESP_0516,C6,6,R6,R7,R9,R2,R2,R9
RESP_0516,C7,7,R7,R8,R10,R3,R10,R3
RESP_0516,C8,8,R8,R9,R11,R4,R4,R11
RESP_0516,C9,9,R9,R10,R12,R5,R9,R12
RESP_0516,C10,10,R10,R11,R13,R6,R6,R13
RESP_0516,C11,11,R11,R12,R1,R7,R11,R12
RESP_0516,C12,12,R12,R13,R2,R8,R2,R13
RESP_0516,C13,13,R13,R1,R3,R9,R3,R9
RESP_0517,C1,1,R1,R2,R4,R10,R4,R10
RESP_0517,C2,2,R2,R3,R5,R11,R5,R11
RESP_0517,C3,3,R3,R4,R6,R12,R3,R12
RESP_0517,C4,4,R4,R5,R7,R13,R5,R13
RESP_0517,C5,5,R5,R6,R8,R1,R5,R1
RESP_0517,C6,6,R6,R7,R9,R2,R7,R9
RESP_0517,C7,7,R7,R8,R10,R3,R8,R10
RESP_0517,C8,8,R8,R9,R11,R4,R11,R9
RESP_0517,C9,9,R9,R10,R12,R5,R5,R9
RESP_0517,C10,10,R10,R11,R13,R6,R6,R13
RESP_0517,C11,11,R11,R12,R1,R7,R1,R11
RESP_0517,C12,12,R12,R13,R2,R8,R8,R12
RESP_0517,C13,13,R13,R1,R3,R9,R3,R13
RESP_0518,C1,1,R1,R2,R4,R10,R1,R10
RESP_0518,C2,2,R2,R3,R5,R11,R2,R11
RESP_0518,C3,3,R3,R4,R6,R12,R3,R6
RESP_0518,C4,4,R4,R5,R7,R13,R13,R7
RESP_0518,C5,5,R5,R6,R8,R1,R1,R5
RESP_0518,C6,6,R6,R7,R9,R2,R2,R7
RESP_0518,C7,7,R7,R8,R10,R3,R7,R10
RESP_0518,C8,8,R8,R9,R11,R4,R4,R11
RESP_0518,C9,9,R9,R10,R12,R5,R9,R12
RESP_0518,C10,10,R10,R11,R13,R6,R6,R10
RESP_0518,C11,11,R11,R12,R1,R7,R1,R12
RESP_0518,C12,12,R12,R13,R2,R8,R2,R13
RESP_0518,C13,13,R13,R1,R3,R9,R1,R9
RESP_0519,C1,1,R1,R2,R4,R10,R2,R1
RESP_0519,C2,2,R2,R3,R5,R11,R5,R11
RESP_0519,C3,3,R3,R4,R6,R12,R4,R3
RESP_0519,C4,4,R4,R5,R7,R13,R7,R4
RESP_0519,C5,5,R5,R6,R8,R1,R1,R5
RESP_0519,C6,6,R6,R7,R9,R2,R2,R9
RESP_0519,C7,7,R7,R8,R10,R3,R7,R3
RESP_0519,C8,8,R8,R9,R11,R4,R11,R4
RESP_0519,C9,9,R9,R10,R12,R5,R10,R12
RESP_0519,C10,10,R10,R11,R13,R6,R11,R13
RESP_0519,C11,11,R11,R12,R1,R7,R1,R12
RESP_0519,C12,12,R12,R13,R2,R8,R8,R12
RESP_0519,C13,13,R13,R1,R3,R9,R13,R9
RESP_0520,C1,1,R1,R2,R4,R10,R2,R4
RESP_0520,C2,2,R2,R3,R5,R11,R5,R11
RESP_0520,C3,3,R3,R4,R6,R12,R3,R4
RESP_0520,C4,4,R4,R5,R7,R13,R4,R7
RESP_0520,C5,5,R5,R6,R8,R1,R6,R1
RESP_0520,C6,6,R6,R7,R9,R2,R2,R7
RESP_0520,C7,7,R7,R8,R10,R3,R3,R8
RESP_0520,C8,8,R8,R9,R11,R4,R8,R11
RESP_0520,C9,9,R9,R10,R12,R5,R9,R12
RESP_0520,C10,10,R10,R11,R13,R6,R11,R6
RESP_0520,C11,11,R11,R12,R1,R7,R1,R11
RESP_0520,C12,12,R12,R13,R2,R8,R12,R8
RESP_0520,C13,13,R13,R1,R3,R9,R1,R13
RESP_0521,C1,1,R1,R2,R4,R10,R2,R10
RESP_0521,C2,2,R2,R3,R5,R11,R2,R3
RESP_0521,C3,3,R3,R4,R6,R12,R4,R12
RESP_0521,C4,4,R4,R5,R7,R13,R7,R13
RESP_0521,C5,5,R5,R6,R8,R1,R5,R1
RESP_0521,C6,6,R6,R7,R9,R2,R2,R7
RESP_0521,C7,7,R7,R8,R10,R3,R10,R8
RESP_0521,C8,8,R8,R9,R11,R4,R8,R11
RESP_0521,C9,9,R9,R10,R12,R5,R5,R12
RESP_0521,C10,10,R10,R11,R13,R6,R11,R10
RESP_0521,C11,11,R11,R12,R1,R7,R7,R12
RESP_0521,C12,12,R12,R13,R2,R8,R13,R2
RESP_0521,C13,13,R13,R1,R3,R9,R3,R1
RESP_0522,C1,1,R1,R2,R4,R10,R1,R2
RESP_0522,C2,2,R2,R3,R5,R11,R11,R2
RESP_0522,C3,3,R3,R4,R6,R12,R4,R12
RESP_0522,C4,4,R4,R5,R7,R13,R5,R4
RESP_0522,C5,5,R5,R6,R8,R1,R1,R8
RESP_0522,C6,6,R6,R7,R9,R2,R2,R9
RESP_0522,C7,7,R7,R8,R10,R3,R8,R10
RESP_0522,C8,8,R8,R9,R11,R4,R9,R8
RESP_0522,C9,9,R9,R10,R12,R5,R10,R12
RESP_0522,C10,10,R10,R11,R13,R6,R10,R13
RESP_0522,C11,11,R11,R12,R1,R7,R7,R12
RESP_0522,C12,12,R12,R13,R2,R8,R12,R13
RESP_0522,C13,13,R13,R1,R3,R9,R13,R9
RESP_0523,C1,1,R1,R2,R4,R10,R2,R4
RESP_0523,C2,2,R2,R3,R5,R11,R2,R3
RESP_0523,C3,3,R3,R4,R6,R12,R12,R6
RESP_0523,C4,4,R4,R5,R7,R13,R5,R13
RESP_0523,C5,5,R5,R6,R8,R1,R5,R8
RESP_0523,C6,6,R6,R7,R9,R2,R2,R7
RESP_0523,C7,7,R7,R8,R10,R3,R3,R7
RESP_0523,C8,8,R8,R9,R11,R4,R4,R9
RESP_0523,C9,9,R9,R10,R12,R5,R5,R10
RESP_0523,C10,10,R10,R11,R13,R6,R11,R10
RESP_0523,C11,11,R11,R12,R1,R7,R7,R12
RESP_0523,C12,12,R12,R13,R2,R8,R13,R2
RESP_0523,C13,13,R13,R1,R3,R9,R1,R13
RESP_0524,C1,1,R1,R2,R4,R10,R2,R1
RESP_0524,C2,2,R2,R3,R5,R11,R3,R5
RESP_0524,C3,3,R3,R4,R6,R12,R6,R12
RESP_0524,C4,4,R4,R5,R7,R13,R7,R13
RESP_0524,C5,5,R5,R6,R8,R1,R8,R5
RESP_0524,C6,6,R6,R7,R9,R2,R2,R6
RESP_0524,C7,7,R7,R8,R10,R3,R3,R10
RESP_0524,C8,8,R8,R9,R11,R4,R9,R11
RESP_0524,C9,9,R9,R10,R12,R5,R5,R10
RESP_0524,C10,10,R10,R11,R13,R6,R11,R13
RESP_0524,C11,11,R11,R12,R1,R7,R7,R11
RESP_0524,C12,12,R12,R13,R2,R8,R13,R12
RESP_0524,C13,13,R13,R1,R3,R9,R3,R9
RESP_0525,C1,1,R1,R2,R4,R10,R10,R4
RESP_0525,C2,2,R2,R3,R5,R11,R5,R11
RESP_0525,C3,3,R3,R4,R6,R12,R4,R3
RESP_0525,C4,4,R4,R5,R7,R13,R7,R4
RESP_0525,C5,5,R5,R6,R8,R1,R5,R6
RESP_0525,C6,6,R6,R7,R9,R2,R6,R9
RESP_0525,C7,7,R7,R8,R10,R3,R8,R10
RESP_0525,C8,8,R8,R9,R11,R4,R9,R8
RESP_0525,C9,9,R9,R10,R12,R5,R5,R12
RESP_0525,C10,10,R10,R11,R13,R6,R6,R11
RESP_0525,C11,11,R11,R12,R1,R7,R12,R11
RESP_0525,C12,12,R12,R13,R2,R8,R8,R12
RESP_0525,C13,13,R13,R1,R3,R9,R3,R13
RESP_0526,C1,1,R1,R2,R4,R10,R1,R2
RESP_0526,C2,2,R2,R3,R5,R11,R5,R2
RESP_0526,C3,3,R3,R4,R6,R12,R12,R3
RESP_0526,C4,4,R4,R5,R7,R13,R13,R7
RESP_0526,C5,5,R5,R6,R8,R1,R6,R8
RESP_0526,C6,6,R6,R7,R9,R2,R2,R9
RESP_0526,C7,7,R7,R8,R10,R3,R7,R8
RESP_0526,C8,8,R8,R9,R11,R4,R4,R11
RESP_0526,C9,9,R9,R10,R12,R5,R5,R9
RESP_0526,C10,10,R10,R11,R13,R6,R11,R10
RESP_0526,C11,11,R11,R12,R1,R7,R11,R7
RESP_0526,C12,12,R12,R13,R2,R8,R2,R8
RESP_0526,C13,13,R13,R1,R3,R9,R13,R9
RESP_0527,C1,1,R1,R2,R4,R10,R1,R2
RESP_0527,C2,2,R2,R3,R5,R11,R5,R11
RESP_0527,C3,3,R3,R4,R6,R12,R12,R3
RESP_0527,C4,4,R4,R5,R7,R13,R5,R13
RESP_0527,C5,5,R5,R6,R8,R1,R8,R1
RESP_0527,C6,6,R6,R7,R9,R2,R2,R9
RESP_0527,C7,7,R7,R8,R10,R3,R8,R10
RESP_0527,C8,8,R8,R9,R11,R4,R4,R11
RESP_0527,C9,9,R9,R10,R12,R5,R9,R12
RESP_0527,C10,10,R10,R11,R13,R6,R6,R13
RESP_0527,C11,11,R11,R12,R1,R7,R7,R12
RESP_0527,C12,12,R12,R13,R2,R8,R13,R12
RESP_0527,C13,13,R13,R1,R3,R9,R13,R9
RESP_0528,C1,1,R1,R2,R4,R10,R2,R10
RESP_0528,C2,2,R2,R3,R5,R11,R2,R11
RESP_0528,C3,3,R3,R4,R6,R12,R6,R12
RESP_0528,C4,4,R4,R5,R7,R13,R5,R13
RESP_0528,C5,5,R5,R6,R8,R1,R6,R5
RESP_0528,C6,6,R6,R7,R9,R2,R2,R9
RESP_0528,C7,7,R7,R8,R10,R3,R3,R10
RESP_0528,C8,8,R8,R9,R11,R4,R8,R9
RESP_0528,C9,9,R9,R10,R12,R5,R5,R10
RESP_0528,C10,10,R10,R11,R13,R6,R6,R13
RESP_0528,C11,11,R11,R12,R1,R7,R1,R7
RESP_0528,C12,12,R12,R13,R2,R8,R8,R13
RESP_0528,C13,13,R13,R1,R3,R9,R1,R13
RESP_0529,C1,1,R1,R2,R4,R10,R1,R10
RESP_0529,C2,2,R2,R3,R5,R11,R5,R3
RESP_0529,C3,3,R3,R4,R6,R12,R12,R3
RESP_0529,C4,4,R4,R5,R7,R13,R5,R7
RESP_0529,C5,5,R5,R6,R8,R1,R5,R1
RESP_0529,C6,6,R6,R7,R9,R2,R6,R9
RESP_0529,C7,7,R7,R8,R10,R3,R3,R7
RESP_0529,C8,8,R8,R9,R11,R4,R8,R11
RESP_0529,C9,9,R9,R10,R12,R5,R12,R9
RESP_0529,C10,10,R10,R11,R13,R6,R13,R10
RESP_0529,C11,11,R11,R12,R1,R7,R11,R7
RESP_0529,C12,12,R12,R13,R2,R8,R13,R12
RESP_0529,C13,13,R13,R1,R3,R9,R1,R13
RESP_0530,C1,1,R1,R2,R4,R10,R1,R10
RESP_0530,C2,2,R2,R3,R5,R11,R2,R11
RESP_0530,C3,3,R3,R4,R6,R12,R6,R12
RESP_0530,C4,4,R4,R5,R7,R13,R13,R7
RESP_0530,C5,5,R5,R6,R8,R1,R5,R6
RESP_0530,C6,6,R6,R7,R9,R2,R2,R7
RESP_0530,C7,7,R7,R8,R10,R3,R3,R7
RESP_0530,C8,8,R8,R9,R11,R4,R4,R11
RESP_0530,C9,9,R9,R10,R12,R5,R5,R12
RESP_0530,C10,10,R10,R11,R13,R6,R6,R10
RESP_0530,C11,11,R11,R12,R1,R7,R1,R12
RESP_0530,C12,12,R12,R13,R2,R8,R8,R13
RESP_0530,C13,13,R13,R1,R3,R9,R1,R3
RESP_0531,C1,1,R1,R2,R4,R10,R1,R4
RESP_0531,C2,2,R2,R3,R5,R11,R5,R11
RESP_0531,C3,3,R3,R4,R6,R12,R3,R4
RESP_0531,C4,4,R4,R5,R7,R13,R13,R4
RESP_0531,C5,5,R5,R6,R8,R1,R8,R6
RESP_0531,C6,6,R6,R7,R9,R2,R6,R9
RESP_0531,C7,7,R7,R8,R10,R3,R8,R10
RESP_0531,C8,8,R8,R9,R11,R4,R8,R4
RESP_0531,C9,9,R9,R10,R12,R5,R5,R10
RESP_0531,C10,10,R10,R11,R13,R6,R11,R6
RESP_0531,C11,11,R11,R12,R1,R7,R1,R7
RESP_0531,C12,12,R12,R13,R2,R8,R8,R13
RESP_0531,C13,13,R13,R1,R3,R9,R9,R3
RESP_0532,C1,1,R1,R2,R4,R10,R2,R10
RESP_0532,C2,2,R2,R3,R5,R11,R2,R11
RESP_0532,C3,3,R3,R4,R6,R12,R6,R12
RESP_0532,C4,4,R4,R5,R7,R13,R4,R7
RESP_0532,C5,5,R5,R6,R8,R1,R5,R8
RESP_0532,C6,6,R6,R7,R9,R2,R6,R9
RESP_0532,C7,7,R7,R8,R10,R3,R7,R8
RESP_0532,C8,8,R8,R9,R11,R4,R4,R9
RESP_0532,C9,9,R9,R10,R12,R5,R5,R9
RESP_0532,C10,10,R10,R11,R13,R6,R13,R10
RESP_0532,C11,11,R11,R12,R1,R7,R7,R11
RESP_0532,C12,12,R12,R13,R2,R8,R2,R12
RESP_0532,C13,13,R13,R1,R3,R9,R9,R13
RESP_0533,C1,1,R1,R2,R4,R10,R2,R4
RESP_0533,C2,2,R2,R3,R5,R11,R3,R11
RESP_0533,C3,3,R3,R4,R6,R12,R4,R12
RESP_0533,C4,4,R4,R5,R7,R13,R5,R13
RESP_0533,C5,5,R5,R6,R8,R1,R1,R5
RESP_0533,C6,6,R6,R7,R9,R2,R2,R9
RESP_0533,C7,7,R7,R8,R10,R3,R10,R7
RESP_0533,C8,8,R8,R9,R11,R4,R4,R9
RESP_0533,C9,9,R9,R10,R12,R5,R5,R9
RESP_0533,C10,10,R10,R11,R13,R6,R10,R13
RESP_0533,C11,11,R11,R12,R1,R7,R1,R12
RESP_0533,C12,12,R12,R13,R2,R8,R12,R8
RESP_0533,C13,13,R13,R1,R3,R9,R3,R9
RESP_0534,C1,1,R1,R2,R4,R10,R1,R10
RESP_0534,C2,2,R2,R3,R5,R11,R11,R3
RESP_0534,C3,3,R3,R4,R6,R12,R6,R12
RESP_0534,C4,4,R4,R5,R7,R13,R5,R13
RESP_0534,C5,5,R5,R6,R8,R1,R1,R5
RESP_0534,C6,6,R6,R7,R9,R2,R9,R6
RESP_0534,C7,7,R7,R8,R10,R3,R10,R8
RESP_0534,C8,8,R8,R9,R11,R4,R11,R4
RESP_0534,C9,9,R9,R10,R12,R5,R5,R10
RESP_0534,C10,10,R10,R11,R13,R6,R11,R13
RESP_0534,C11,11,R11,R12,R1,R7,R1,R7
RESP_0534,C12,12,R12,R13,R2,R8,R12,R13
RESP_0534,C13,13,R13,R1,R3,R9,R3,R13
RESP_0535,C1,1,R1,R2,R4,R10,R2,R10
RESP_0535,C2,2,R2,R3,R5,R11,R2,R11
RESP_0535,C3,3,R3,R4,R6,R12,R4,R12
RESP_0535,C4,4,R4,R5,R7,R13,R5,R4
RESP_0535,C5,5,R5,R6,R8,R1,R6,R8
RESP_0535,C6,6,R6,R7,R9,R2,R2,R9
RESP_0535,C7,7,R7,R8,R10,R3,R3,R10
RESP_0535,C8,8,R8,R9,R11,R4,R4,R11
RESP_0535,C9,9,R9,R10,R12,R5,R9,R10
RESP_0535,C10,10,R10,R11,R13,R6,R6,R10
RESP_0535,C11,11,R11,R12,R1,R7,R1,R11
RESP_0535,C12,12,R12,R13,R2,R8,R2,R12
RESP_0535,C13,13,R13,R1,R3,R9,R3,R9
RESP_0536,C1,1,R1,R2,R4,R10,R4,R10
RESP_0536,C2,2,R2,R3,R5,R11,R2,R11
RESP_0536,C3,3,R3,R4,R6,R12,R3,R4
RESP_0536,C4,4,R4,R5,R7,R13,R5,R13
RESP_0536,C5,5,R5,R6,R8,R1,R6,R5
RESP_0536,C6,6,R6,R7,R9,R2,R9,R7
RESP_0536,C7,7,R7,R8,R10,R3,R8,R7
RESP_0536,C8,8,R8,R9,R11,R4,R8,R4
RESP_0536,C9,9,R9,R10,R12,R5,R10,R9
RESP_0536,C10,10,R10,R11,R13,R6,R13,R11
RESP_0536,C11,11,R11,R12,R1,R7,R7,R11
RESP_0536,C12,12,R12,R13,R2,R8,R8,R13
RESP_0536,C13,13,R13,R1,R3,R9,R3,R13
RESP_0537,C1,1,R1,R2,R4,R10,R10,R4
RESP_0537,C2,2,R2,R3,R5,R11,R5,R11
RESP_0537,C3,3,R3,R4,R6,R12,R4,R12
RESP_0537,C4,4,R4,R5,R7,R13,R4,R13
RESP_0537,C5,5,R5,R6,R8,R1,R6,R8
RESP_0537,C6,6,R6,R7,R9,R2,R7,R9
RESP_0537,C7,7,R7,R8,R10,R3,R7,R3
RESP_0537,C8,8,R8,R9,R11,R4,R9,R11
RESP_0537,C9,9,R9,R10,R12,R5,R5,R10
RESP_0537,C10,10,R10,R11,R13,R6,R13,R6
RESP_0537,C11,11,R11,R12,R1,R7,R1,R11
RESP_0537,C12,12,R12,R13,R2,R8,R13,R12
RESP_0537,C13,13,R13,R1,R3,R9,R9,R13
RESP_0538,C1,1,R1,R2,R4,R10,R1,R2
RESP_0538,C2,2,R2,R3,R5,R11,R5,R3
RESP_0538,C3,3,R3,R4,R6,R12,R6,R3
RESP_0538,C4,4,R4,R5,R7,R13,R5,R13
RESP_0538,C5,5,R5,R6,R8,R1,R5,R8
RESP_0538,C6,6,R6,R7,R9,R2,R6,R9
RESP_0538,C7,7,R7,R8,R10,R3,R7,R3
RESP_0538,C8,8,R8,R9,R11,R4,R11,R9
RESP_0538,C9,9,R9,R10,R12,R5,R5,R10
RESP_0538,C10,10,R10,R11,R13,R6,R6,R13
RESP_0538,C11,11,R11,R12,R1,R7,R1,R11
RESP_0538,C12,12,R12,R13,R2,R8,R8,R13
RESP_0538,C13,13,R13,R1,R3,R9,R9,R13
RESP_0539,C1,1,R1,R2,R4,R10,R2,R1
RESP_0539,C2,2,R2,R3,R5,R11,R5,R11
RESP_0539,C3,3,R3,R4,R6,R12,R6,R3
RESP_0539,C4,4,R4,R5,R7,R13,R5,R7
RESP_0539,C5,5,R5,R6,R8,R1,R1,R8
RESP_0539,C6,6,R6,R7,R9,R2,R7,R6
RESP_0539,C7,7,R7,R8,R10,R3,R3,R8
RESP_0539,C8,8,R8,R9,R11,R4,R8,R9
RESP_0539,C9,9,R9,R10,R12,R5,R10,R9
RESP_0539,C10,10,R10,R11,R13,R6,R10,R13
RESP_0539,C11,11,R11,R12,R1,R7,R12,R11
RESP_0539,C12,12,R12,R13,R2,R8,R13,R12
RESP_0539,C13,13,R13,R1,R3,R9,R3,R13
RESP_0540,C1,1,R1,R2,R4,R10,R1,R4
RESP_0540,C2,2,R2,R3,R5,R11,R5,R11
RESP_0540,C3,3,R3,R4,R6,R12,R6,R4
RESP_0540,C4,4,R4,R5,R7,R13,R5,R7
RESP_0540,C5,5,R5,R6,R8,R1,R8,R5
RESP_0540,C6,6,R6,R7,R9,R2,R6,R9
RESP_0540,C7,7,R7,R8,R10,R3,R7,R3
RESP_0540,C8,8,R8,R9,R11,R4,R4,R11
RESP_0540,C9,9,R9,R10,R12,R5,R12,R10
RESP_0540,C10,10,R10,R11,R13,R6,R10,R13
RESP_0540,C11,11,R11,R12,R1,R7,R11,R12
RESP_0540,C12,12,R12,R13,R2,R8,R12,R13
RESP_0540,C13,13,R13,R1,R3,R9,R3,R13
RESP_0541,C1,1,R1,R2,R4,R10,R1,R10
RESP_0541,C2,2,R2,R3,R5,R11,R5,R11
RESP_0541,C3,3,R3,R4,R6,R12,R6,R12
RESP_0541,C4,4,R4,R5,R7,R13,R5,R13
RESP_0541,C5,5,R5,R6,R8,R1,R1,R8
RESP_0541,C6,6,R6,R7,R9,R2,R9,R7
RESP_0541,C7,7,R7,R8,R10,R3,R7,R10
RESP_0541,C8,8,R8,R9,R11,R4,R8,R11
RESP_0541,C9,9,R9,R10,R12,R5,R9,R10
RESP_0541,C10,10,R10,R11,R13,R6,R6,R13
RESP_0541,C11,11,R11,R12,R1,R7,R1,R12
RESP_0541,C12,12,R12,R13,R2,R8,R2,R12
RESP_0541,C13,13,R13,R1,R3,R9,R1,R13
RESP_0542,C1,1,R1,R2,R4,R10,R1,R4
RESP_0542,C2,2,R2,R3,R5,R11,R5,R3
RESP_0542,C3,3,R3,R4,R6,R12,R12,R4
RESP_0542,C4,4,R4,R5,R7,R13,R5,R4
RESP_0542,C5,5,R5,R6,R8,R1,R1,R8
RESP_0542,C6,6,R6,R7,R9,R2,R6,R7
RESP_0542,C7,7,R7,R8,R10,R3,R7,R10
RESP_0542,C8,8,R8,R9,R11,R4,R8,R11
RESP_0542,C9,9,R9,R10,R12,R5,R5,R12
RESP_0542,C10,10,R10,R11,R13,R6,R11,R10
RESP_0542,C11,11,R11,R12,R1,R7,R12,R7
RESP_0542,C12,12,R12,R13,R2,R8,R12,R13
RESP_0542,C13,13,R13,R1,R3,R9,R1,R13
RESP_0543,C1,1,R1,R2,R4,R10,R2,R4
RESP_0543,C2,2,R2,R3,R5,R11,R2,R11
RESP_0543,C3,3,R3,R4,R6,R12,R6,R3
RESP_0543,C4,4,R4,R5,R7,R13,R5,R13
RESP_0543,C5,5,R5,R6,R8,R1,R6,R1
RESP_0543,C6,6,R6,R7,R9,R2,R2,R7
RESP_0543,C7,7,R7,R8,R10,R3,R3,R8
RESP_0543,C8,8,R8,R9,R11,R4,R8,R9
RESP_0543,C9,9,R9,R10,R12,R5,R5,R9
RESP_0543,C10,10,R10,R11,R13,R6,R10,R11
RESP_0543,C11,11,R11,R12,R1,R7,R1,R11
RESP_0543,C12,12,R12,R13,R2,R8,R8,R12
RESP_0543,C13,13,R13,R1,R3,R9,R1,R13
RESP_0544,C1,1,R1,R2,R4,R10,R1,R2
RESP_0544,C2,2,R2,R3,R5,R11,R11,R5
RESP_0544,C3,3,R3,R4,R6,R12,R6,R3
RESP_0544,C4,4,R4,R5,R7,R13,R7,R4
RESP_0544,C5,5,R5,R6,R8,R1,R6,R5
RESP_0544,C6,6,R6,R7,R9,R2,R2,R7
RESP_0544,C7,7,R7,R8,R10,R3,R10,R3
RESP_0544,C8,8,R8,R9,R11,R4,R11,R9
RESP_0544,C9,9,R9,R10,R12,R5,R5,R12
RESP_0544,C10,10,R10,R11,R13,R6,R6,R10
RESP_0544,C11,11,R11,R12,R1,R7,R1,R11
RESP_0544,C12,12,R12,R13,R2,R8,R12,R8
RESP_0544,C13,13,R13,R1,R3,R9,R1,R9
RESP_0545,C1,1,R1,R2,R4,R10,R2,R10
RESP_0545,C2,2,R2,R3,R5,R11,R2,R11
RESP_0545,C3,3,R3,R4,R6,R12,R4,R3
RESP_0545,C4,4,R4,R5,R7,R13,R7,R13
RESP_0545,C5,5,R5,R6,R8,R1,R6,R8
RESP_0545,C6,6,R6,R7,R9,R2,R2,R7
RESP_0545,C7,7,R7,R8,R10,R3,R10,R8
RESP_0545,C8,8,R8,R9,R11,R4,R8,R11
RESP_0545,C9,9,R9,R10,R12,R5,R5,R9
RESP_0545,C10,10,R10,R11,R13,R6,R6,R10
RESP_0545,C11,11,R11,R12,R1,R7,R1,R12
RESP_0545,C12,12,R12,R13,R2,R8,R12,R2
RESP_0545,C13,13,R13,R1,R3,R9,R1,R9
RESP_0546,C1,1,R1,R2,R4,R10,R1,R10
RESP_0546,C2,2,R2,R3,R5,R11,R3,R11
RESP_0546,C3,3,R3,R4,R6,R12,R4,R12
RESP_0546,C4,4,R4,R5,R7,R13,R5,R4
RESP_0546,C5,5,R5,R6,R8,R1,R5,R1
RESP_0546,C6,6,R6,R7,R9,R2,R7,R9
RESP_0546,C7,7,R7,R8,R10,R3,R8,R7
RESP_0546,C8,8,R8,R9,R11,R4,R11,R9
RESP_0546,C9,9,R9,R10,R12,R5,R12,R10
RESP_0546,C10,10,R10,R11,R13,R6,R6,R13
RESP_0546,C11,11,R11,R12,R1,R7,R1,R11
RESP_0546,C12,12,R12,R13,R2,R8,R8,R13
RESP_0546,C13,13,R13,R1,R3,R9,R1,R13
RESP_0547,C1,1,R1,R2,R4,R10,R2,R10
RESP_0547,C2,2,R2,R3,R5,R11,R3,R11
RESP_0547,C3,3,R3,R4,R6,R12,R3,R12
RESP_0547,C4,4,R4,R5,R7,R13,R5,R4
RESP_0547,C5,5,R5,R6,R8,R1,R6,R1
RESP_0547,C6,6,R6,R7,R9,R2,R6,R2
RESP_0547,C7,7,R7,R8,R10,R3,R8,R10
RESP_0547,C8,8,R8,R9,R11,R4,R9,R11
RESP_0547,C9,9,R9,R10,R12,R5,R5,R10
RESP_0547,C10,10,R10,R11,R13,R6,R13,R11
RESP_0547,C11,11,R11,R12,R1,R7,R1,R12
RESP_0547,C12,12,R12,R13,R2,R8,R13,R12
RESP_0547,C13,13,R13,R1,R3,R9,R9,R13
RESP_0548,C1,1,R1,R2,R4,R10,R2,R4
RESP_0548,C2,2,R2,R3,R5,R11,R11,R2
RESP_0548,C3,3,R3,R4,R6,R12,R12,R3
RESP_0548,C4,4,R4,R5,R7,R13,R5,R13
RESP_0548,C5,5,R5,R6,R8,R1,R5,R8
RESP_0548,C6,6,R6,R7,R9,R2,R2,R7
RESP_0548,C7,7,R7,R8,R10,R3,R3,R10
RESP_0548,C8,8,R8,R9,R11,R4,R4,R11
RESP_0548,C9,9,R9,R10,R12,R5,R12,R10
RESP_0548,C10,10,R10,R11,R13,R6,R6,R10
RESP_0548,C11,11,R11,R12,R1,R7,R11,R7
RESP_0548,C12,12,R12,R13,R2,R8,R8,R12
RESP_0548,C13,13,R13,R1,R3,R9,R1,R3
RESP_0549,C1,1,R1,R2,R4,R10,R2,R4
RESP_0549,C2,2,R2,R3,R5,R11,R2,R11
RESP_0549,C3,3,R3,R4,R6,R12,R6,R3
RESP_0549,C4,4,R4,R5,R7,R13,R7,R13
RESP_0549,C5,5,R5,R6,R8,R1,R5,R1
RESP_0549,C6,6,R6,R7,R9,R2,R6,R2
RESP_0549,C7,7,R7,R8,R10,R3,R8,R10
RESP_0549,C8,8,R8,R9,R11,R4,R9,R11
RESP_0549,C9,9,R9,R10,R12,R5,R10,R12
RESP_0549,C10,10,R10,R11,R13,R6,R13,R11
RESP_0549,C11,11,R11,R12,R1,R7,R1,R11
RESP_0549,C12,12,R12,R13,R2,R8,R2,R13
RESP_0549,C13,13,R13,R1,R3,R9,R1,R13
RESP_0550,C1,1,R1,R2,R4,R10,R1,R2
RESP_0550,C2,2,R2,R3,R5,R11,R3,R2
RESP_0550,C3,3,R3,R4,R6,R12,R12,R6
RESP_0550,C4,4,R4,R5,R7,R13,R4,R7
RESP_0550,C5,5,R5,R6,R8,R1,R1,R6
RESP_0550,C6,6,R6,R7,R9,R2,R6,R7
RESP_0550,C7,7,R7,R8,R10,R3,R7,R10
RESP_0550,C8,8,R8,R9,R11,R4,R11,R8
RESP_0550,C9,9,R9,R10,R12,R5,R9,R5
RESP_0550,C10,10,R10,R11,R13,R6,R10,R6
RESP_0550,C11,11,R11,R12,R1,R7,R7,R11
RESP_0550,C12,12,R12,R13,R2,R8,R8,R13
RESP_0550,C13,13,R13,R1,R3,R9,R1,R9
RESP_0551,C1,1,R1,R2,R4,R10,R10,R4
RESP_0551,C2,2,R2,R3,R5,R11,R5,R2
RESP_0551,C3,3,R3,R4,R6,R12,R6,R4
RESP_0551,C4,4,R4,R5,R7,R13,R5,R4
RESP_0551,C5,5,R5,R6,R8,R1,R5,R8
RESP_0551,C6,6,R6,R7,R9,R2,R7,R2
RESP_0551,C7,7,R7,R8,R10,R3,R7,R10
RESP_0551,C8,8,R8,R9,R11,R4,R8,R9
RESP_0551,C9,9,R9,R10,R12,R5,R5,R9
RESP_0551,C10,10,R10,R11,R13,R6,R6,R11
RESP_0551,C11,11,R11,R12,R1,R7,R1,R11
RESP_0551,C12,12,R12,R13,R2,R8,R2,R8
RESP_0551,C13,13,R13,R1,R3,R9,R1,R9
RESP_0552,C1,1,R1,R2,R4,R10,R1,R10
RESP_0552,C2,2,R2,R3,R5,R11,R5,R11
RESP_0552,C3,3,R3,R4,R6,R12,R6,R12
RESP_0552,C4,4,R4,R5,R7,R13,R5,R7
RESP_0552,C5,5,R5,R6,R8,R1,R1,R8
RESP_0552,C6,6,R6,R7,R9,R2,R2,R9
RESP_0552,C7,7,R7,R8,R10,R3,R7,R8
RESP_0552,C8,8,R8,R9,R11,R4,R4,R9
RESP_0552,C9,9,R9,R10,R12,R5,R5,R9
RESP_0552,C10,10,R10,R11,R13,R6,R6,R11
RESP_0552,C11,11,R11,R12,R1,R7,R1,R11
RESP_0552,C12,12,R12,R13,R2,R8,R8,R13
RESP_0552,C13,13,R13,R1,R3,R9,R9,R13
RESP_0553,C1,1,R1,R2,R4,R10,R2,R4
RESP_0553,C2,2,R2,R3,R5,R11,R5,R2
RESP_0553,C3,3,R3,R4,R6,R12,R12,R4
RESP_0553,C4,4,R4,R5,R7,R13,R4,R13
RESP_0553,C5,5,R5,R6,R8,R1,R1,R8
RESP_0553,C6,6,R6,R7,R9,R2,R2,R9
RESP_0553,C7,7,R7,R8,R10,R3,R3,R10
RESP_0553,C8,8,R8,R9,R11,R4,R8,R4
RESP_0553,C9,9,R9,R10,R12,R5,R9,R10
RESP_0553,C10,10,R10,R11,R13,R6,R13,R11
RESP_0553,C11,11,R11,R12,R1,R7,R7,R11
RESP_0553,C12,12,R12,R13,R2,R8,R8,R2
RESP_0553,C13,13,R13,R1,R3,R9,R1,R3
RESP_0554,C1,1,R1,R2,R4,R10,R2,R10
RESP_0554,C2,2,R2,R3,R5,R11,R5,R2
RESP_0554,C3,3,R3,R4,R6,R12,R6,R3
RESP_0554,C4,4,R4,R5,R7,R13,R7,R4
RESP_0554,C5,5,R5,R6,R8,R1,R5,R8
RESP_0554,C6,6,R6,R7,R9,R2,R7,R9
RESP_0554,C7,7,R7,R8,R10,R3,R8,R10
RESP_0554,C8,8,R8,R9,R11,R4,R8,R4
RESP_0554,C9,9,R9,R10,R12,R5,R12,R9
RESP_0554,C10,10,R10,R11,R13,R6,R11,R10
RESP_0554,C11,11,R11,R12,R1,R7,R7,R12
RESP_0554,C12,12,R12,R13,R2,R8,R8,R12
RESP_0554,C13,13,R13,R1,R3,R9,R9,R13
RESP_0555,C1,1,R1,R2,R4,R10,R1,R2
RESP_0555,C2,2,R2,R3,R5,R11,R2,R11
RESP_0555,C3,3,R3,R4,R6,R12,R3,R12
RESP_0555,C4,4,R4,R5,R7,R13,R7,R13
RESP_0555,C5,5,R5,R6,R8,R1,R1,R8
RESP_0555,C6,6,R6,R7,R9,R2,R2,R7
RESP_0555,C7,7,R7,R8,R10,R3,R8,R10
RESP_0555,C8,8,R8,R9,R11,R4,R8,R11
RESP_0555,C9,9,R9,R10,R12,R5,R12,R10
RESP_0555,C10,10,R10,R11,R13,R6,R11,R13
RESP_0555,C11,11,R11,R12,R1,R7,R7,R11
RESP_0555,C12,12,R12,R13,R2,R8,R8,R13
RESP_0555,C13,13,R13,R1,R3,R9,R3,R13
RESP_0556,C1,1,R1,R2,R4,R10,R1,R10
RESP_0556,C2,2,R2,R3,R5,R11,R3,R11
RESP_0556,C3,3,R3,R4,R6,R12,R6,R12
RESP_0556,C4,4,R4,R5,R7,R13,R5,R13
RESP_0556,C5,5,R5,R6,R8,R1,R5,R8
RESP_0556,C6,6,R6,R7,R9,R2,R6,R9
RESP_0556,C7,7,R7,R8,R10,R3,R8,R3
RESP_0556,C8,8,R8,R9,R11,R4,R9,R11
RESP_0556,C9,9,R9,R10,R12,R5,R10,R12
RESP_0556,C10,10,R10,R11,R13,R6,R6,R11
RESP_0556,C11,11,R11,R12,R1,R7,R7,R12
RESP_0556,C12,12,R12,R13,R2,R8,R2,R13
RESP_0556,C13,13,R13,R1,R3,R9,R1,R3
RESP_0557,C1,1,R1,R2,R4,R10,R1,R10
RESP_0557,C2,2,R2,R3,R5,R11,R3,R11
RESP_0557,C3,3,R3,R4,R6,R12,R4,R12
RESP_0557,C4,4,R4,R5,R7,R13,R7,R13
RESP_0557,C5,5,R5,R6,R8,R1,R8,R1
RESP_0557,C6,6,R6,R7,R9,R2,R6,R2
RESP_0557,C7,7,R7,R8,R10,R3,R8,R7
RESP_0557,C8,8,R8,R9,R11,R4,R4,R11
RESP_0557,C9,9,R9,R10,R12,R5,R12,R10
RESP_0557,C10,10,R10,R11,R13,R6,R13,R10
RESP_0557,C11,11,R11,R12,R1,R7,R7,R11
RESP_0557,C12,12,R12,R13,R2,R8,R2,R13
RESP_0557,C13,13,R13,R1,R3,R9,R1,R13
RESP_0558,C1,1,R1,R2,R4,R10,R4,R2
RESP_0558,C2,2,R2,R3,R5,R11,R5,R11
RESP_0558,C3,3,R3,R4,R6,R12,R3,R4
RESP_0558,C4,4,R4,R5,R7,R13,R5,R13
RESP_0558,C5,5,R5,R6,R8,R1,R1,R8
RESP_0558,C6,6,R6,R7,R9,R2,R7,R9
RESP_0558,C7,7,R7,R8,R10,R3,R7,R10
RESP_0558,C8,8,R8,R9,R11,R4,R8,R9
RESP_0558,C9,9,R9,R10,R12,R5,R5,R9
RESP_0558,C10,10,R10,R11,R13,R6,R6,R13
RESP_0558,C11,11,R11,R12,R1,R7,R1,R12
RESP_0558,C12,12,R12,R13,R2,R8,R2,R8
RESP_0558,C13,13,R13,R1,R3,R9,R13,R9
RESP_0559,C1,1,R1,R2,R4,R10,R1,R4
RESP_0559,C2,2,R2,R3,R5,R11,R5,R11
RESP_0559,C3,3,R3,R4,R6,R12,R6,R3
RESP_0559,C4,4,R4,R5,R7,R13,R4,R13
RESP_0559,C5,5,R5,R6,R8,R1,R1,R8
RESP_0559,C6,6,R6,R7,R9,R2,R6,R9
RESP_0559,C7,7,R7,R8,R10,R3,R7,R10
RESP_0559,C8,8,R8,R9,R11,R4,R11,R8
RESP_0559,C9,9,R9,R10,R12,R5,R5,R12
RESP_0559,C10,10,R10,R11,R13,R6,R6,R11
RESP_0559,C11,11,R11,R12,R1,R7,R1,R11
RESP_0559,C12,12,R12,R13,R2,R8,R2,R13
RESP_0559,C13,13,R13,R1,R3,R9,R3,R13
RESP_0560,C1,1,R1,R2,R4,R10,R2,R10
RESP_0560,C2,2,R2,R3,R5,R11,R3,R11
RESP_0560,C3,3,R3,R4,R6,R12,R6,R12
RESP_0560,C4,4,R4,R5,R7,R13,R5,R4
RESP_0560,C5,5,R5,R6,R8,R1,R6,R8
RESP_0560,C6,6,R6,R7,R9,R2,R7,R9
RESP_0560,C7,7,R7,R8,R10,R3,R7,R10
RESP_0560,C8,8,R8,R9,R11,R4,R9,R8
RESP_0560,C9,9,R9,R10,R12,R5,R10,R12
RESP_0560,C10,10,R10,R11,R13,R6,R6,R13
RESP_0560,C11,11,R11,R12,R1,R7,R1,R11
RESP_0560,C12,12,R12,R13,R2,R8,R2,R13
RESP_0560,C13,13,R13,R1,R3,R9,R1,R9
RESP_0561,C1,1,R1,R2,R4,R10,R4,R10
RESP_0561,C2,2,R2,R3,R5,R11,R2,R3
RESP_0561,C3,3,R3,R4,R6,R12,R6,R3
RESP_0561,C4,4,R4,R5,R7,R13,R7,R4
RESP_0561,C5,5,R5,R6,R8,R1,R5,R1
RESP_0561,C6,6,R6,R7,R9,R2,R6,R9
RESP_0561,C7,7,R7,R8,R10,R3,R8,R10
RESP_0561,C8,8,R8,R9,R11,R4,R11,R9
RESP_0561,C9,9,R9,R10,R12,R5,R5,R9
RESP_0561,C10,10,R10,R11,R13,R6,R6,R10
RESP_0561,C11,11,R11,R12,R1,R7,R11,R7
RESP_0561,C12,12,R12,R13,R2,R8,R2,R8
RESP_0561,C13,13,R13,R1,R3,R9,R1,R9
RESP_0562,C1,1,R1,R2,R4,R10,R2,R4
RESP_0562,C2,2,R2,R3,R5,R11,R3,R5
RESP_0562,C3,3,R3,R4,R6,R12,R4,R12
RESP_0562,C4,4,R4,R5,R7,R13,R5,R4
RESP_0562,C5,5,R5,R6,R8,R1,R8,R5
RESP_0562,C6,6,R6,R7,R9,R2,R6,R9
RESP_0562,C7,7,R7,R8,R10,R3,R10,R8
RESP_0562,C8,8,R8,R9,R11,R4,R4,R8
RESP_0562,C9,9,R9,R10,R12,R5,R5,R9
RESP_0562,C10,10,R10,R11,R13,R6,R6,R13
RESP_0562,C11,11,R11,R12,R1,R7,R7,R11
RESP_0562,C12,12,R12,R13,R2,R8,R2,R13
RESP_0562,C13,13,R13,R1,R3,R9,R1,R9
RESP_0563,C1,1,R1,R2,R4,R10,R10,R4
RESP_0563,C2,2,R2,R3,R5,R11,R5,R11
RESP_0563,C3,3,R3,R4,R6,R12,R4,R12
RESP_0563,C4,4,R4,R5,R7,R13,R13,R7
RESP_0563,C5,5,R5,R6,R8,R1,R6,R8
RESP_0563,C6,6,R6,R7,R9,R2,R6,R7
RESP_0563,C7,7,R7,R8,R10,R3,R10,R3
RESP_0563,C8,8,R8,R9,R11,R4,R11,R9
RESP_0563,C9,9,R9,R10,R12,R5,R9,R10
RESP_0563,C10,10,R10,R11,R13,R6,R11,R13
RESP_0563,C11,11,R11,R12,R1,R7,R11,R7
RESP_0563,C12,12,R12,R13,R2,R8,R12,R13
RESP_0563,C13,13,R13,R1,R3,R9,R1,R9
RESP_0564,C1,1,R1,R2,R4,R10,R4,R2
RESP_0564,C2,2,R2,R3,R5,R11,R5,R2
RESP_0564,C3,3,R3,R4,R6,R12,R6,R3
RESP_0564,C4,4,R4,R5,R7,R13,R5,R13
RESP_0564,C5,5,R5,R6,R8,R1,R1,R8
RESP_0564,C6,6,R6,R7,R9,R2,R6,R7
RESP_0564,C7,7,R7,R8,R10,R3,R8,R7
RESP_0564,C8,8,R8,R9,R11,R4,R8,R11
RESP_0564,C9,9,R9,R10,R12,R5,R12,R9
RESP_0564,C10,10,R10,R11,R13,R6,R6,R11
RESP_0564,C11,11,R11,R12,R1,R7,R1,R7
RESP_0564,C12,12,R12,R13,R2,R8,R8,R13
RESP_0564,C13,13,R13,R1,R3,R9,R1,R9
RESP_0565,C1,1,R1,R2,R4,R10,R2,R4
RESP_0565,C2,2,R2,R3,R5,R11,R5,R11
RESP_0565,C3,3,R3,R4,R6,R12,R6,R4
RESP_0565,C4,4,R4,R5,R7,R13,R5,R7
RESP_0565,C5,5,R5,R6,R8,R1,R1,R8
RESP_0565,C6,6,R6,R7,R9,R2,R6,R9
RESP_0565,C7,7,R7,R8,R10,R3,R8,R3
RESP_0565,C8,8,R8,R9,R11,R4,R9,R11
RESP_0565,C9,9,R9,R10,R12,R5,R9,R5
RESP_0565,C10,10,R10,R11,R13,R6,R11,R13
RESP_0565,C11,11,R11,R12,R1,R7,R1,R11
RESP_0565,C12,12,R12,R13,R2,R8,R8,R13
RESP_0565,C13,13,R13,R1,R3,R9,R9,R13
RESP_0566,C1,1,R1,R2,R4,R10,R2,R10
RESP_0566,C2,2,R2,R3,R5,R11,R3,R11
RESP_0566,C3,3,R3,R4,R6,R12,R3,R6
RESP_0566,C4,4,R4,R5,R7,R13,R5,R7
RESP_0566,C5,5,R5,R6,R8,R1,R1,R6
RESP_0566,C6,6,R6,R7,R9,R2,R2,R6
RESP_0566,C7,7,R7,R8,R10,R3,R3,R7
RESP_0566,C8,8,R8,R9,R11,R4,R8,R11
RESP_0566,C9,9,R9,R10,R12,R5,R5,R9
RESP_0566,C10,10,R10,R11,R13,R6,R6,R11
RESP_0566,C11,11,R11,R12,R1,R7,R11,R7
RESP_0566,C12,12,R12,R13,R2,R8,R12,R2
RESP_0566,C13,13,R13,R1,R3,R9,R3,R13
RESP_0567,C1,1,R1,R2,R4,R10,R1,R10
RESP_0567,C2,2,R2,R3,R5,R11,R3,R11
RESP_0567,C3,3,R3,R4,R6,R12,R3,R4
RESP_0567,C4,4,R4,R5,R7,R13,R5,R4
RESP_0567,C5,5,R5,R6,R8,R1,R1,R8
RESP_0567,C6,6,R6,R7,R9,R2,R9,R6
RESP_0567,C7,7,R7,R8,R10,R3,R8,R7
RESP_0567,C8,8,R8,R9,R11,R4,R8,R9
RESP_0567,C9,9,R9,R10,R12,R5,R5,R10
RESP_0567,C10,10,R10,R11,R13,R6,R6,R11
RESP_0567,C11,11,R11,R12,R1,R7,R12,R7
RESP_0567,C12,12,R12,R13,R2,R8,R12,R2
RESP_0567,C13,13,R13,R1,R3,R9,R1,R13
RESP_0568,C1,1,R1,R2,R4,R10,R1,R10
RESP_0568,C2,2,R2,R3,R5,R11,R3,R5
RESP_0568,C3,3,R3,R4,R6,R12,R6,R4
RESP_0568,C4,4,R4,R5,R7,R13,R5,R13
RESP_0568,C5,5,R5,R6,R8,R1,R5,R8
RESP_0568,C6,6,R6,R7,R9,R2,R2,R9
RESP_0568,C7,7,R7,R8,R10,R3,R7,R10
RESP_0568,C8,8,R8,R9,R11,R4,R9,R8
RESP_0568,C9,9,R9,R10,R12,R5,R5,R9
RESP_0568,C10,10,R10,R11,R13,R6,R6,R13
RESP_0568,C11,11,R11,R12,R1,R7,R7,R12
RESP_0568,C12,12,R12,R13,R2,R8,R12,R2
RESP_0568,C13,13,R13,R1,R3,R9,R1,R13
RESP_0569,C1,1,R1,R2,R4,R10,R4,R10
RESP_0569,C2,2,R2,R3,R5,R11,R5,R11
RESP_0569,C3,3,R3,R4,R6,R12,R6,R4
RESP_0569,C4,4,R4,R5,R7,R13,R5,R13
RESP_0569,C5,5,R5,R6,R8,R1,R1,R6
RESP_0569,C6,6,R6,R7,R9,R2,R2,R9
RESP_0569,C7,7,R7,R8,R10,R3,R8,R10
RESP_0569,C8,8,R8,R9,R11,R4,R4,R9
RESP_0569,C9,9,R9,R10,R12,R5,R12,R10
RESP_0569,C10,10,R10,R11,R13,R6,R13,R11
RESP_0569,C11,11,R11,R12,R1,R7,R12,R11
RESP_0569,C12,12,R12,R13,R2,R8,R8,R12
RESP_0569,C13,13,R13,R1,R3,R9,R9,R13
RESP_0570,C1,1,R1,R2,R4,R10,R4,R10
RESP_0570,C2,2,R2,R3,R5,R11,R2,R11
RESP_0570,C3,3,R3,R4,R6,R12,R3,R12
RESP_0570,C4,4,R4,R5,R7,R13,R5,R4
RESP_0570,C5,5,R5,R6,R8,R1,R5,R6
RESP_0570,C6,6,R6,R7,R9,R2,R9,R7
RESP_0570,C7,7,R7,R8,R10,R3,R7,R8
RESP_0570,C8,8,R8,R9,R11,R4,R4,R9
RESP_0570,C9,9,R9,R10,R12,R5,R5,R9
RESP_0570,C10,10,R10,R11,R13,R6,R6,R13
RESP_0570,C11,11,R11,R12,R1,R7,R1,R11
RESP_0570,C12,12,R12,R13,R2,R8,R12,R8
RESP_0570,C13,13,R13,R1,R3,R9,R1,R9
RESP_0571,C1,1,R1,R2,R4,R10,R4,R2
RESP_0571,C2,2,R2,R3,R5,R11,R2,R11
RESP_0571,C3,3,R3,R4,R6,R12,R6,R3
RESP_0571,C4,4,R4,R5,R7,R13,R4,R7
RESP_0571,C5,5,R5,R6,R8,R1,R5,R8
RESP_0571,C6,6,R6,R7,R9,R2,R2,R9
RESP_0571,C7,7,R7,R8,R10,R3,R7,R10
RESP_0571,C8,8,R8,R9,R11,R4,R11,R9
RESP_0571,C9,9,R9,R10,R12,R5,R5,R10
RESP_0571,C10,10,R10,R11,R13,R6,R6,R13
RESP_0571,C11,11,R11,R12,R1,R7,R7,R12
RESP_0571,C12,12,R12,R13,R2,R8,R2,R12
RESP_0571,C13,13,R13,R1,R3,R9,R1,R9
RESP_0572,C1,1,R1,R2,R4,R10,R1,R4
RESP_0572,C2,2,R2,R3,R5,R11,R2,R11
RESP_0572,C3,3,R3,R4,R6,R12,R6,R12
RESP_0572,C4,4,R4,R5,R7,R13,R5,R13
RESP_0572,C5,5,R5,R6,R8,R1,R5,R8
RESP_0572,C6,6,R6,R7,R9,R2,R6,R7
RESP_0572,C7,7,R7,R8,R10,R3,R3,R10
RESP_0572,C8,8,R8,R9,R11,R4,R11,R9
RESP_0572,C9,9,R9,R10,R12,R5,R5,R12
RESP_0572,C10,10,R10,R11,R13,R6,R6,R10
RESP_0572,C11,11,R11,R12,R1,R7,R1,R11
RESP_0572,C12,12,R12,R13,R2,R8,R2,R13
RESP_0572,C13,13,R13,R1,R3,R9,R1,R9
RESP_0573,C1,1,R1,R2,R4,R10,R1,R10
RESP_0573,C2,2,R2,R3,R5,R11,R5,R11
RESP_0573,C3,3,R3,R4,R6,R12,R4,R12
RESP_0573,C4,4,R4,R5,R7,R13,R5,R7
RESP_0573,C5,5,R5,R6,R8,R1,R1,R8
RESP_0573,C6,6,R6,R7,R9,R2,R6,R7
RESP_0573,C7,7,R7,R8,R10,R3,R8,R10
RESP_0573,C8,8,R8,R9,R11,R4,R9,R11
RESP_0573,C9,9,R9,R10,R12,R5,R5,R10
RESP_0573,C10,10,R10,R11,R13,R6,R13,R11
RESP_0573,C11,11,R11,R12,R1,R7,R12,R11
RESP_0573,C12,12,R12,R13,R2,R8,R8,R13
RESP_0573,C13,13,R13,R1,R3,R9,R13,R9
RESP_0574,C1,1,R1,R2,R4,R10,R1,R10
RESP_0574,C2,2,R2,R3,R5,R11,R2,R11
RESP_0574,C3,3,R3,R4,R6,R12,R3,R6
RESP_0574,C4,4,R4,R5,R7,R13,R7,R4
RESP_0574,C5,5,R5,R6,R8,R1,R5,R1
RESP_0574,C6,6,R6,R7,R9,R2,R2,R9
RESP_0574,C7,7,R7,R8,R10,R3,R10,R3
RESP_0574,C8,8,R8,R9,R11,R4,R9,R4
RESP_0574,C9,9,R9,R10,R12,R5,R5,R9
RESP_0574,C10,10,R10,R11,R13,R6,R6,R11
RESP_0574,C11,11,R11,R12,R1,R7,R1,R11
RESP_0574,C12,12,R12,R13,R2,R8,R2,R13
RESP_0574,C13,13,R13,R1,R3,R9,R1,R13
RESP_0575,C1,1,R1,R2,R4,R10,R2,R4
RESP_0575,C2,2,R2,R3,R5,R11,R2,R11
RESP_0575,C3,3,R3,R4,R6,R12,R4,R12
RESP_0575,C4,4,R4,R5,R7,R13,R13,R7
RESP_0575,C5,5,R5,R6,R8,R1,R5,R8
RESP_0575,C6,6,R6,R7,R9,R2,R7,R9
RESP_0575,C7,7,R7,R8,R10,R3,R10,R7
RESP_0575,C8,8,R8,R9,R11,R4,R11,R9
RESP_0575,C9,9,R9,R10,R12,R5,R9,R12
RESP_0575,C10,10,R10,R11,R13,R6,R6,R11
RESP_0575,C11,11,R11,R12,R1,R7,R12,R11
RESP_0575,C12,12,R12,R13,R2,R8,R12,R13
RESP_0575,C13,13,R13,R1,R3,R9,R3,R13
RESP_0576,C1,1,R1,R2,R4,R10,R2,R10
RESP_0576,C2,2,R2,R3,R5,R11,R3,R2
RESP_0576,C3,3,R3,R4,R6,R12,R6,R12
RESP_0576,C4,4,R4,R5,R7,R13,R5,R13
RESP_0576,C5,5,R5,R6,R8,R1,R1,R8
RESP_0576,C6,6,R6,R7,R9,R2,R6,R9
RESP_0576,C7,7,R7,R8,R10,R3,R8,R10
RESP_0576,C8,8,R8,R9,R11,R4,R8,R9
RESP_0576,C9,9,R9,R10,R12,R5,R9,R10
RESP_0576,C10,10,R10,R11,R13,R6,R6,R10
RESP_0576,C11,11,R11,R12,R1,R7,R12,R11
RESP_0576,C12,12,R12,R13,R2,R8,R8,R12
RESP_0576,C13,13,R13,R1,R3,R9,R1,R13
RESP_0577,C1,1,R1,R2,R4,R10,R2,R4
RESP_0577,C2,2,R2,R3,R5,R11,R2,R5
RESP_0577,C3,3,R3,R4,R6,R12,R3,R6
RESP_0577,C4,4,R4,R5,R7,R13,R13,R5
RESP_0577,C5,5,R5,R6,R8,R1,R1,R5
RESP_0577,C6,6,R6,R7,R9,R2,R2,R9
RESP_0577,C7,7,R7,R8,R10,R3,R8,R10
RESP_0577,C8,8,R8,R9,R11,R4,R4,R11
RESP_0577,C9,9,R9,R10,R12,R5,R12,R10
RESP_0577,C10,10,R10,R11,R13,R6,R10,R11
RESP_0577,C11,11,R11,R12,R1,R7,R11,R7
RESP_0577,C12,12,R12,R13,R2,R8,R2,R8
RESP_0577,C13,13,R13,R1,R3,R9,R1,R9
RESP_0578,C1,1,R1,R2,R4,R10,R2,R4
RESP_0578,C2,2,R2,R3,R5,R11,R11,R5
RESP_0578,C3,3,R3,R4,R6,R12,R4,R6
RESP_0578,C4,4,R4,R5,R7,R13,R4,R7
RESP_0578,C5,5,R5,R6,R8,R1,R5,R1
RESP_0578,C6,6,R6,R7,R9,R2,R6,R2
RESP_0578,C7,7,R7,R8,R10,R3,R3,R7
RESP_0578,C8,8,R8,R9,R11,R4,R4,R9
RESP_0578,C9,9,R9,R10,R12,R5,R12,R9
RESP_0578,C10,10,R10,R11,R13,R6,R11,R10
RESP_0578,C11,11,R11,R12,R1,R7,R7,R12
RESP_0578,C12,12,R12,R13,R2,R8,R8,R13
RESP_0578,C13,13,R13,R1,R3,R9,R1,R13
RESP_0579,C1,1,R1,R2,R4,R10,R1,R10
RESP_0579,C2,2,R2,R3,R5,R11,R2,R11
RESP_0579,C3,3,R3,R4,R6,R12,R3,R12
RESP_0579,C4,4,R4,R5,R7,R13,R7,R13
RESP_0579,C5,5,R5,R6,R8,R1,R1,R8
RESP_0579,C6,6,R6,R7,R9,R2,R2,R9
RESP_0579,C7,7,R7,R8,R10,R3,R3,R10
RESP_0579,C8,8,R8,R9,R11,R4,R8,R4
RESP_0579,C9,9,R9,R10,R12,R5,R12,R9
RESP_0579,C10,10,R10,R11,R13,R6,R11,R13
RESP_0579,C11,11,R11,R12,R1,R7,R1,R11
RESP_0579,C12,12,R12,R13,R2,R8,R12,R8
RESP_0579,C13,13,R13,R1,R3,R9,R1,R13
RESP_0580,C1,1,R1,R2,R4,R10,R2,R10
RESP_0580,C2,2,R2,R3,R5,R11,R2,R11
RESP_0580,C3,3,R3,R4,R6,R12,R12,R4
RESP_0580,C4,4,R4,R5,R7,R13,R5,R4
RESP_0580,C5,5,R5,R6,R8,R1,R5,R1
RESP_0580,C6,6,R6,R7,R9,R2,R2,R9
RESP_0580,C7,7,R7,R8,R10,R3,R7,R3
RESP_0580,C8,8,R8,R9,R11,R4,R4,R9
RESP_0580,C9,9,R9,R10,R12,R5,R9,R12
RESP_0580,C10,10,R10,R11,R13,R6,R10,R13
RESP_0580,C11,11,R11,R12,R1,R7,R7,R12
RESP_0580,C12,12,R12,R13,R2,R8,R12,R13
RESP_0580,C13,13,R13,R1,R3,R9,R1,R13
RESP_0581,C1,1,R1,R2,R4,R10,R10,R4
RESP_0581,C2,2,R2,R3,R5,R11,R2,R11
RESP_0581,C3,3,R3,R4,R6,R12,R6,R4
RESP_0581,C4,4,R4,R5,R7,R13,R13,R7
RESP_0581,C5,5,R5,R6,R8,R1,R1,R8
RESP_0581,C6,6,R6,R7,R9,R2,R6,R7
RESP_0581,C7,7,R7,R8,R10,R3,R7,R10
RESP_0581,C8,8,R8,R9,R11,R4,R8,R9
RESP_0581,C9,9,R9,R10,R12,R5,R5,R9
RESP_0581,C10,10,R10,R11,R13,R6,R13,R10
RESP_0581,C11,11,R11,R12,R1,R7,R12,R7
RESP_0581,C12,12,R12,R13,R2,R8,R8,R13
RESP_0581,C13,13,R13,R1,R3,R9,R13,R9
RESP_0582,C1,1,R1,R2,R4,R10,R1,R4
RESP_0582,C2,2,R2,R3,R5,R11,R5,R11
RESP_0582,C3,3,R3,R4,R6,R12,R4,R6
RESP_0582,C4,4,R4,R5,R7,R13,R7,R13
RESP_0582,C5,5,R5,R6,R8,R1,R8,R6
RESP_0582,C6,6,R6,R7,R9,R2,R6,R9
RESP_0582,C7,7,R7,R8,R10,R3,R10,R3
RESP_0582,C8,8,R8,R9,R11,R4,R11,R9
RESP_0582,C9,9,R9,R10,R12,R5,R5,R12
RESP_0582,C10,10,R10,R11,R13,R6,R6,R10
RESP_0582,C11,11,R11,R12,R1,R7,R12,R1
RESP_0582,C12,12,R12,R13,R2,R8,R8,R13
RESP_0582,C13,13,R13,R1,R3,R9,R1,R9
RESP_0583,C1,1,R1,R2,R4,R10,R1,R4
RESP_0583,C2,2,R2,R3,R5,R11,R2,R11
RESP_0583,C3,3,R3,R4,R6,R12,R12,R4
RESP_0583,C4,4,R4,R5,R7,R13,R13,R4
RESP_0583,C5,5,R5,R6,R8,R1,R5,R1
RESP_0583,C6,6,R6,R7,R9,R2,R6,R9
RESP_0583,C7,7,R7,R8,R10,R3,R7,R10
RESP_0583,C8,8,R8,R9,R11,R4,R8,R4
RESP_0583,C9,9,R9,R10,R12,R5,R5,R12
RESP_0583,C10,10,R10,R11,R13,R6,R13,R10
RESP_0583,C11,11,R11,R12,R1,R7,R1,R12
RESP_0583,C12,12,R12,R13,R2,R8,R2,R13
RESP_0583,C13,13,R13,R1,R3,R9,R1,R13
RESP_0584,C1,1,R1,R2,R4,R10,R1,R4
RESP_0584,C2,2,R2,R3,R5,R11,R2,R11
RESP_0584,C3,3,R3,R4,R6,R12,R3,R12
RESP_0584,C4,4,R4,R5,R7,R13,R4,R13
RESP_0584,C5,5,R5,R6,R8,R1,R6,R8
RESP_0584,C6,6,R6,R7,R9,R2,R2,R9
RESP_0584,C7,7,R7,R8,R10,R3,R8,R7
RESP_0584,C8,8,R8,R9,R11,R4,R4,R11
RESP_0584,C9,9,R9,R10,R12,R5,R5,R9
RESP_0584,C10,10,R10,R11,R13,R6,R6,R10
RESP_0584,C11,11,R11,R12,R1,R7,R1,R7
RESP_0584,C12,12,R12,R13,R2,R8,R8,R13
RESP_0584,C13,13,R13,R1,R3,R9,R1,R13
RESP_0585,C1,1,R1,R2,R4,R10,R4,R10
RESP_0585,C2,2,R2,R3,R5,R11,R2,R11
RESP_0585,C3,3,R3,R4,R6,R12,R3,R4
RESP_0585,C4,4,R4,R5,R7,R13,R4,R13
RESP_0585,C5,5,R5,R6,R8,R1,R5,R8
RESP_0585,C6,6,R6,R7,R9,R2,R6,R7
RESP_0585,C7,7,R7,R8,R10,R3,R3,R10
RESP_0585,C8,8,R8,R9,R11,R4,R8,R11
RESP_0585,C9,9,R9,R10,R12,R5,R5,R9
RESP_0585,C10,10,R10,R11,R13,R6,R11,R10
RESP_0585,C11,11,R11,R12,R1,R7,R1,R7
RESP_0585,C12,12,R12,R13,R2,R8,R13,R12
RESP_0585,C13,13,R13,R1,R3,R9,R3,R9
RESP_0586,C1,1,R1,R2,R4,R10,R2,R10
RESP_0586,C2,2,R2,R3,R5,R11,R11,R3
RESP_0586,C3,3,R3,R4,R6,R12,R6,R4
RESP_0586,C4,4,R4,R5,R7,R13,R5,R4
RESP_0586,C5,5,R5,R6,R8,R1,R8,R6
RESP_0586,C6,6,R6,R7,R9,R2,R6,R7
RESP_0586,C7,7,R7,R8,R10,R3,R10,R3
RESP_0586,C8,8,R8,R9,R11,R4,R8,R4
RESP_0586,C9,9,R9,R10,R12,R5,R12,R10
RESP_0586,C10,10,R10,R11,R13,R6,R6,R13
RESP_0586,C11,11,R11,R12,R1,R7,R7,R12
RESP_0586,C12,12,R12,R13,R2,R8,R2,R8
RESP_0586,C13,13,R13,R1,R3,R9,R13,R9
RESP_0587,C1,1,R1,R2,R4,R10,R1,R10
RESP_0587,C2,2,R2,R3,R5,R11,R2,R11
RESP_0587,C3,3,R3,R4,R6,R12,R6,R12
RESP_0587,C4,4,R4,R5,R7,R13,R4,R13
RESP_0587,C5,5,R5,R6,R8,R1,R6,R8
RESP_0587,C6,6,R6,R7,R9,R2,R6,R2
RESP_0587,C7,7,R7,R8,R10,R3,R8,R3
RESP_0587,C8,8,R8,R9,R11,R4,R8,R11
RESP_0587,C9,9,R9,R10,R12,R5,R9,R10
RESP_0587,C10,10,R10,R11,R13,R6,R6,R13
RESP_0587,C11,11,R11,R12,R1,R7,R7,R12
RESP_0587,C12,12,R12,R13,R2,R8,R8,R12
RESP_0587,C13,13,R13,R1,R3,R9,R3,R9
RESP_0588,C1,1,R1,R2,R4,R10,R2,R10
RESP_0588,C2,2,R2,R3,R5,R11,R5,R11
RESP_0588,C3,3,R3,R4,R6,R12,R6,R4
RESP_0588,C4,4,R4,R5,R7,R13,R7,R13
RESP_0588,C5,5,R5,R6,R8,R1,R1,R8
RESP_0588,C6,6,R6,R7,R9,R2,R6,R7
RESP_0588,C7,7,R7,R8,R10,R3,R7,R3
RESP_0588,C8,8,R8,R9,R11,R4,R11,R9
RESP_0588,C9,9,R9,R10,R12,R5,R5,R12
RESP_0588,C10,10,R10,R11,R13,R6,R13,R10
RESP_0588,C11,11,R11,R12,R1,R7,R1,R12
RESP_0588,C12,12,R12,R13,R2,R8,R13,R12
RESP_0588,C13,13,R13,R1,R3,R9,R13,R3
RESP_0589,C1,1,R1,R2,R4,R10,R4,R2
RESP_0589,C2,2,R2,R3,R5,R11,R2,R11
RESP_0589,C3,3,R3,R4,R6,R12,R4,R12
RESP_0589,C4,4,R4,R5,R7,R13,R7,R5
RESP_0589,C5,5,R5,R6,R8,R1,R1,R5
RESP_0589,C6,6,R6,R7,R9,R2,R7,R9
RESP_0589,C7,7,R7,R8,R10,R3,R8,R7
RESP_0589,C8,8,R8,R9,R11,R4,R4,R9
RESP_0589,C9,9,R9,R10,R12,R5,R12,R10
RESP_0589,C10,10,R10,R11,R13,R6,R10,R11
RESP_0589,C11,11,R11,R12,R1,R7,R1,R11
RESP_0589,C12,12,R12,R13,R2,R8,R2,R8
RESP_0589,C13,13,R13,R1,R3,R9,R1,R9
RESP_0590,C1,1,R1,R2,R4,R10,R1,R10
RESP_0590,C2,2,R2,R3,R5,R11,R2,R11
RESP_0590,C3,3,R3,R4,R6,R12,R3,R12
RESP_0590,C4,4,R4,R5,R7,R13,R4,R7
RESP_0590,C5,5,R5,R6,R8,R1,R5,R1
RESP_0590,C6,6,R6,R7,R9,R2,R7,R9
RESP_0590,C7,7,R7,R8,R10,R3,R3,R7
RESP_0590,C8,8,R8,R9,R11,R4,R11,R8
RESP_0590,C9,9,R9,R10,R12,R5,R10,R9
RESP_0590,C10,10,R10,R11,R13,R6,R11,R10
RESP_0590,C11,11,R11,R12,R1,R7,R1,R11
RESP_0590,C12,12,R12,R13,R2,R8,R13,R12
RESP_0590,C13,13,R13,R1,R3,R9,R3,R9
RESP_0591,C1,1,R1,R2,R4,R10,R4,R1
RESP_0591,C2,2,R2,R3,R5,R11,R2,R11
RESP_0591,C3,3,R3,R4,R6,R12,R4,R12
RESP_0591,C4,4,R4,R5,R7,R13,R5,R7
RESP_0591,C5,5,R5,R6,R8,R1,R5,R6
RESP_0591,C6,6,R6,R7,R9,R2,R9,R2
RESP_0591,C7,7,R7,R8,R10,R3,R10,R7
RESP_0591,C8,8,R8,R9,R11,R4,R4,R9
RESP_0591,C9,9,R9,R10,R12,R5,R5,R10
RESP_0591,C10,10,R10,R11,R13,R6,R6,R13
RESP_0591,C11,11,R11,R12,R1,R7,R11,R12
RESP_0591,C12,12,R12,R13,R2,R8,R2,R12
RESP_0591,C13,13,R13,R1,R3,R9,R9,R13
RESP_0592,C1,1,R1,R2,R4,R10,R1,R10
RESP_0592,C2,2,R2,R3,R5,R11,R3,R5
RESP_0592,C3,3,R3,R4,R6,R12,R3,R4
RESP_0592,C4,4,R4,R5,R7,R13,R4,R13
RESP_0592,C5,5,R5,R6,R8,R1,R5,R8
RESP_0592,C6,6,R6,R7,R9,R2,R2,R9
RESP_0592,C7,7,R7,R8,R10,R3,R8,R10
RESP_0592,C8,8,R8,R9,R11,R4,R4,R8
RESP_0592,C9,9,R9,R10,R12,R5,R12,R9
RESP_0592,C10,10,R10,R11,R13,R6,R6,R13
RESP_0592,C11,11,R11,R12,R1,R7,R1,R12
RESP_0592,C12,12,R12,R13,R2,R8,R2,R13
RESP_0592,C13,13,R13,R1,R3,R9,R3,R9
RESP_0593,C1,1,R1,R2,R4,R10,R1,R2
RESP_0593,C2,2,R2,R3,R5,R11,R5,R3
RESP_0593,C3,3,R3,R4,R6,R12,R6,R3
RESP_0593,C4,4,R4,R5,R7,R13,R5,R7
RESP_0593,C5,5,R5,R6,R8,R1,R5,R8
RESP_0593,C6,6,R6,R7,R9,R2,R2,R9
RESP_0593,C7,7,R7,R8,R10,R3,R8,R3
RESP_0593,C8,8,R8,R9,R11,R4,R8,R11
RESP_0593,C9,9,R9,R10,R12,R5,R10,R12
RESP_0593,C10,10,R10,R11,R13,R6,R10,R6
RESP_0593,C11,11,R11,R12,R1,R7,R1,R12
RESP_0593,C12,12,R12,R13,R2,R8,R12,R8
RESP_0593,C13,13,R13,R1,R3,R9,R1,R9
RESP_0594,C1,1,R1,R2,R4,R10,R2,R4
RESP_0594,C2,2,R2,R3,R5,R11,R3,R11
RESP_0594,C3,3,R3,R4,R6,R12,R12,R4
RESP_0594,C4,4,R4,R5,R7,R13,R4,R5
RESP_0594,C5,5,R5,R6,R8,R1,R5,R6
RESP_0594,C6,6,R6,R7,R9,R2,R6,R7
RESP_0594,C7,7,R7,R8,R10,R3,R3,R10
RESP_0594,C8,8,R8,R9,R11,R4,R9,R11
RESP_0594,C9,9,R9,R10,R12,R5,R5,R10
RESP_0594,C10,10,R10,R11,R13,R6,R10,R11
RESP_0594,C11,11,R11,R12,R1,R7,R1,R7
RESP_0594,C12,12,R12,R13,R2,R8,R2,R12
RESP_0594,C13,13,R13,R1,R3,R9,R3,R9
RESP_0595,C1,1,R1,R2,R4,R10,R1,R10
RESP_0595,C2,2,R2,R3,R5,R11,R2,R11
RESP_0595,C3,3,R3,R4,R6,R12,R3,R4
RESP_0595,C4,4,R4,R5,R7,R13,R4,R7
RESP_0595,C5,5,R5,R6,R8,R1,R1,R8
RESP_0595,C6,6,R6,R7,R9,R2,R2,R9
RESP_0595,C7,7,R7,R8,R10,R3,R3,R7
RESP_0595,C8,8,R8,R9,R11,R4,R9,R11
RESP_0595,C9,9,R9,R10,R12,R5,R12,R10
RESP_0595,C10,10,R10,R11,R13,R6,R11,R13
RESP_0595,C11,11,R11,R12,R1,R7,R1,R11
RESP_0595,C12,12,R12,R13,R2,R8,R2,R13
RESP_0595,C13,13,R13,R1,R3,R9,R1,R9
RESP_0596,C1,1,R1,R2,R4,R10,R4,R10
RESP_0596,C2,2,R2,R3,R5,R11,R2,R11
RESP_0596,C3,3,R3,R4,R6,R12,R6,R3
RESP_0596,C4,4,R4,R5,R7,R13,R5,R13
RESP_0596,C5,5,R5,R6,R8,R1,R5,R8
RESP_0596,C6,6,R6,R7,R9,R2,R2,R7
RESP_0596,C7,7,R7,R8,R10,R3,R8,R7
RESP_0596,C8,8,R8,R9,R11,R4,R4,R9
RESP_0596,C9,9,R9,R10,R12,R5,R9,R12
RESP_0596,C10,10,R10,R11,R13,R6,R6,R13
RESP_0596,C11,11,R11,R12,R1,R7,R1,R11
RESP_0596,C12,12,R12,R13,R2,R8,R8,R12
RESP_0596,C13,13,R13,R1,R3,R9,R1,R13
RESP_0597,C1,1,R1,R2,R4,R10,R10,R4
RESP_0597,C2,2,R2,R3,R5,R11,R5,R11
RESP_0597,C3,3,R3,R4,R6,R12,R6,R12
RESP_0597,C4,4,R4,R5,R7,R13,R5,R13
RESP_0597,C5,5,R5,R6,R8,R1,R1,R8
RESP_0597,C6,6,R6,R7,R9,R2,R2,R6
RESP_0597,C7,7,R7,R8,R10,R3,R8,R10
RESP_0597,C8,8,R8,R9,R11,R4,R8,R4
RESP_0597,C9,9,R9,R10,R12,R5,R12,R9
RESP_0597,C10,10,R10,R11,R13,R6,R6,R13
RESP_0597,C11,11,R11,R12,R1,R7,R1,R12
RESP_0597,C12,12,R12,R13,R2,R8,R13,R12
RESP_0597,C13,13,R13,R1,R3,R9,R9,R13
RESP_0598,C1,1,R1,R2,R4,R10,R2,R4
RESP_0598,C2,2,R2,R3,R5,R11,R5,R11
RESP_0598,C3,3,R3,R4,R6,R12,R4,R3
RESP_0598,C4,4,R4,R5,R7,R13,R13,R4
RESP_0598,C5,5,R5,R6,R8,R1,R5,R1
RESP_0598,C6,6,R6,R7,R9,R2,R9,R7
RESP_0598,C7,7,R7,R8,R10,R3,R8,R3
RESP_0598,C8,8,R8,R9,R11,R4,R9,R4
RESP_0598,C9,9,R9,R10,R12,R5,R12,R9
RESP_0598,C10,10,R10,R11,R13,R6,R11,R13
RESP_0598,C11,11,R11,R12,R1,R7,R7,R11
RESP_0598,C12,12,R12,R13,R2,R8,R13,R2
RESP_0598,C13,13,R13,R1,R3,R9,R13,R3
RESP_0599,C1,1,R1,R2,R4,R10,R10,R4
RESP_0599,C2,2,R2,R3,R5,R11,R3,R2
RESP_0599,C3,3,R3,R4,R6,R12,R12,R3
RESP_0599,C4,4,R4,R5,R7,R13,R5,R7
RESP_0599,C5,5,R5,R6,R8,R1,R5,R1
RESP_0599,C6,6,R6,R7,R9,R2,R7,R9
RESP_0599,C7,7,R7,R8,R10,R3,R8,R7
RESP_0599,C8,8,R8,R9,R11,R4,R8,R9
RESP_0599,C9,9,R9,R10,R12,R5,R5,R12
RESP_0599,C10,10,R10,R11,R13,R6,R6,R11
RESP_0599,C11,11,R11,R12,R1,R7,R11,R12
RESP_0599,C12,12,R12,R13,R2,R8,R8,R12
RESP_0599,C13,13,R13,R1,R3,R9,R1,R3
RESP_0600,C1,1,R1,R2,R4,R10,R2,R4
RESP_0600,C2,2,R2,R3,R5,R11,R5,R11
RESP_0600,C3,3,R3,R4,R6,R12,R6,R12
RESP_0600,C4,4,R4,R5,R7,R13,R4,R13
RESP_0600,C5,5,R5,R6,R8,R1,R6,R8
RESP_0600,C6,6,R6,R7,R9,R2,R2,R9
RESP_0600,C7,7,R7,R8,R10,R3,R8,R3
RESP_0600,C8,8,R8,R9,R11,R4,R8,R11
RESP_0600,C9,9,R9,R10,R12,R5,R5,R10
RESP_0600,C10,10,R10,R11,R13,R6,R6,R11
RESP_0600,C11,11,R11,R12,R1,R7,R12,R7
RESP_0600,C12,12,R12,R13,R2,R8,R2,R12
RESP_0600,C13,13,R13,R1,R3,R9,R1,R13
