respondent_id,order_version,dce_block,channel,duration_seconds,flag_attention,flag_dominant,flag_speeder,flag_straightline,flag_duplicate,is_valid,age_group,age,gender,education,occupation,income,residual_income,daily_km,monthly_fuel_cost,home_charging,residence_ward,workplace_ward,LEZ_Residence,LEZ_Workplace,A6_news,A7_lez_knowledge,A8_lez_response,RD1,RD2,RD3,RD4,RD5,SK1,SK2,SK3,SK4,SK5,SK6,FR1,FR2,FR3,FR4,SD1,SD2,SD3,SD4,attention_check_passed,D9_attribute_non_attendance,D10_realism,D11_optout_reason,F1_support_policies,F7_max_ev_budget
RESP_0001,A,K1,online,1250,0,0,0,0,0,1,18-24,23,Nam,Đại học,Nhân viên văn phòng,7 – dưới 10 triệu,Hầu như không dư,10–20 km,1459,"Có nhưng bị hạn chế (phí, giờ, chủ nhà/ban quản lý không cho)","Phường Bến Nghé, Quận 1","Phường Cầu Kho, Quận 1",1,1,Hầu như không,Có nghe qua,Chuyển sang xe máy điện,3,2,3,4,6,3,3,4,4,3,3,5,5,3,3,3,2,3,3,1,Không bỏ qua đặc điểm nào,5,Xe xăng hiện tại vẫn còn tốt,Trợ giá của thành phố; Miễn lệ phí trước bạ; Trạm sạc tại chung cư/văn phòng,25 – dưới 35 triệu
RESP_0002,B,K2,online,1010,0,0,0,0,0,1,18-24,20,Nam,Trung cấp/Cao đẳng,Nhân viên văn phòng,Từ 30 triệu trở lên,3 – dưới 5 triệu,10–20 km,1411,Không biết,"Phường Cầu Kho, Quận 1","Phường 9, Quận 3",1,1,Vài lần mỗi tuần,Chưa biết,"Gửi xe ở rìa vùng rồi đi bộ, xe buýt hoặc metro vào trung tâm",3,2,3,4,6,4,3,3,3,3,3,4,3,4,4,4,3,3,3,1,Không bỏ qua đặc điểm nào,5,Xe xăng hiện tại vẫn còn tốt,Trợ giá của thành phố; Miễn lệ phí trước bạ; Trạm sạc tại chung cư/văn phòng,15 – dưới 25 triệu
RESP_0003,A,K3,online,1291,0,0,0,0,0,1,18-24,18,Nam,Trung cấp/Cao đẳng,Nhân viên văn phòng,20 – dưới 30 triệu,3 – dưới 5 triệu,10–20 km,573,"Có nhưng bị hạn chế (phí, giờ, chủ nhà/ban quản lý không cho)","Phường 12, Quận 3","Phường An Lợi Đông, TP Thủ Đức",1,1,Vài lần mỗi tháng,Chưa biết,Thay đổi nơi ở hoặc nơi làm việc,4,5,5,4,10,2,2,2,2,1,3,3,2,3,4,3,4,2,4,1,Không bỏ qua đặc điểm nào,3,Xe xăng hiện tại vẫn còn tốt,Trợ giá của thành phố; Miễn lệ phí trước bạ; Trạm sạc tại chung cư/văn phòng,25 – dưới 35 triệu
RESP_0004,B,K1,online,1436,0,0,0,0,0,1,18-24,23,Nữ,Đại học,"Kinh doanh, bán hàng",7 – dưới 10 triệu,1 – dưới 3 triệu,10–20 km,1026,"Có nhưng bị hạn chế (phí, giờ, chủ nhà/ban quản lý không cho)","Phường Đa Kao, Quận 1","Phường Võ Thị Sáu, Quận 3",1,1,Vài lần mỗi tháng,Có nghe qua,Thay đổi nơi ở hoặc nơi làm việc,3,3,4,3,6,3,1,3,2,3,4,3,3,4,3,3,4,3,3,1,Phụ phí LEZ,5,Xe xăng hiện tại vẫn còn tốt,Trợ giá của thành phố; Miễn lệ phí trước bạ; Trạm sạc tại chung cư/văn phòng,15 – dưới 25 triệu
RESP_0005,A,K2,online,976,0,0,0,0,0,1,25-30,26,Nam,Đại học,Nhân viên văn phòng,7 – dưới 10 triệu,3 – dưới 5 triệu,20–40 km,1113,"Có, dễ dàng","Phường Cầu Kho, Quận 1","Phường 9, Quận 3",1,1,Hầu như không,Có nghe qua,Không bị ảnh hưởng,3,3,2,4,7,3,3,2,2,3,3,4,3,3,3,4,4,3,3,1,Không bỏ qua đặc điểm nào,4,Xe xăng hiện tại vẫn còn tốt,Trợ giá của thành phố; Miễn lệ phí trước bạ; Trạm sạc tại chung cư/văn phòng,15 – dưới 25 triệu
RESP_0006,B,K3,online,1389,0,0,0,0,0,1,25-30,26,Nam,Đại học,"Kinh doanh, bán hàng",7 – dưới 10 triệu,Hầu như không dư,10–20 km,508,"Có nhưng bị hạn chế (phí, giờ, chủ nhà/ban quản lý không cho)","Phường 9, Quận 3","Phường Cầu Ông Lãnh, Quận 1",1,1,Vài lần mỗi tuần,Có nghe qua,"Gửi xe ở rìa vùng rồi đi bộ, xe buýt hoặc metro vào trung tâm",4,3,4,4,8,2,2,3,3,2,4,4,4,2,3,4,3,3,2,1,Phụ phí LEZ,4,Xe xăng hiện tại vẫn còn tốt,Trợ giá của thành phố; Miễn lệ phí trước bạ; Trạm sạc tại chung cư/văn phòng,Dưới 15 triệu
RESP_0007,A,K1,online,1255,0,0,0,0,0,1,25-30,28,Nữ,Đại học,Nhân viên văn phòng,10 – dưới 15 triệu,3 – dưới 5 triệu,10–20 km,278,"Có nhưng bị hạn chế (phí, giờ, chủ nhà/ban quản lý không cho)","Phường Cầu Kho, Quận 1","Phường Nguyễn Thái Bình, Quận 1",1,1,Hằng ngày,Chưa biết,"Gửi xe ở rìa vùng rồi đi bộ, xe buýt hoặc metro vào trung tâm",3,2,3,4,3,4,4,3,5,2,4,4,3,4,3,3,3,3,3,1,Không bỏ qua đặc điểm nào,4,Xe xăng hiện tại vẫn còn tốt,Trợ giá của thành phố; Miễn lệ phí trước bạ; Trạm sạc tại chung cư/văn phòng,25 – dưới 35 triệu
RESP_0008,B,K2,online,1042,0,0,0,0,0,1,25-30,26,Khác/Không muốn trả lời,Đại học,Nhân viên văn phòng,10 – dưới 15 triệu,Dưới 1 triệu,20–40 km,294,Không biết,"Phường An Khánh, TP Thủ Đức","Phường 3, Quận 3",1,1,Vài lần mỗi tháng,Có nghe qua,Chấp nhận nộp phụ phí và tiếp tục đi xe xăng,4,4,4,4,6,2,3,2,2,3,2,3,2,4,2,2,4,2,3,1,Phụ phí LEZ,4,Xe xăng hiện tại vẫn còn tốt,Trợ giá của thành phố; Miễn lệ phí trước bạ; Trạm sạc tại chung cư/văn phòng,15 – dưới 25 triệu
RESP_0009,A,K3,online,1452,0,0,0,0,0,1,25-30,27,Nữ,Đại học,"Kinh doanh, bán hàng",7 – dưới 10 triệu,Từ 5 triệu trở lên,10–20 km,607,"Có, dễ dàng","Phường Bến Nghé, Quận 1","Phường Cô Giang, Quận 1",1,1,Hầu như không,Có nghe qua,Chuyển sang xe máy điện,4,2,4,3,8,2,3,1,3,4,3,4,3,2,4,4,3,3,3,1,Không bỏ qua đặc điểm nào,3,Xe xăng hiện tại vẫn còn tốt,Trợ giá của thành phố; Miễn lệ phí trước bạ; Trạm sạc tại chung cư/văn phòng,Từ 35 triệu trở lên
RESP_0010,B,K1,online,1396,0,0,0,0,0,1,18-24,19,Nam,Đại học,"Kinh doanh, bán hàng",7 – dưới 10 triệu,1 – dưới 3 triệu,10–20 km,809,"Có, dễ dàng","Phường 11, Quận 3","Phường Cầu Ông Lãnh, Quận 1",1,1,Vài lần mỗi tháng,Biết rõ,Chuyển hẳn sang giao thông công cộng,5,4,4,4,10,2,1,2,3,2,2,3,3,3,4,3,3,2,4,1,Không bỏ qua đặc điểm nào,4,Xe xăng hiện tại vẫn còn tốt,Trợ giá của thành phố; Miễn lệ phí trước bạ; Trạm sạc tại chung cư/văn phòng,15 – dưới 25 triệu
RESP_0011,A,K2,online,1181,0,0,0,0,0,1,18-24,23,Nữ,Đại học,"Kinh doanh, bán hàng",7 – dưới 10 triệu,Hầu như không dư,10–20 km,1484,Không,"Phường 1, Quận 3","Phường Cầu Kho, Quận 1",1,1,Vài lần mỗi tháng,Biết rõ,Chuyển sang xe máy điện,4,4,3,3,8,4,3,4,3,4,3,3,3,3,3,3,4,3,3,1,Phụ phí LEZ,5,Xe xăng hiện tại vẫn còn tốt,Trợ giá của thành phố; Miễn lệ phí trước bạ; Trạm sạc tại chung cư/văn phòng,25 – dưới 35 triệu
RESP_0012,B,K3,online,1425,0,0,0,0,0,1,18-24,22,Nữ,Đại học,"Kinh doanh, bán hàng",15 – dưới 20 triệu,Dưới 1 triệu,10–20 km,1418,"Có nhưng bị hạn chế (phí, giờ, chủ nhà/ban quản lý không cho)","Phường An Khánh, TP Thủ Đức","Phường An Khánh, TP Thủ Đức",1,1,Hầu như không,Chưa biết,Chuyển sang xe máy điện,4,4,5,3,6,2,2,2,1,2,1,3,2,3,3,2,2,4,3,1,Phụ phí LEZ,4,Xe xăng hiện tại vẫn còn tốt,Trợ giá của thành phố; Miễn lệ phí trước bạ; Trạm sạc tại chung cư/văn phòng,Dưới 15 triệu
RESP_0013,A,K1,online,1078,0,0,0,0,0,1,18-24,24,Nam,Trung cấp/Cao đẳng,"Kinh doanh, bán hàng",Từ 30 triệu trở lên,3 – dưới 5 triệu,Trên 40 km,961,Không,"Phường 12, Quận 3","Phường 12, Quận 3",1,1,Vài lần mỗi tháng,Có nghe qua,Chuyển sang xe máy điện,5,4,5,4,8,2,3,2,2,3,3,2,2,2,3,3,3,2,3,1,Không bỏ qua đặc điểm nào,5,Xe xăng hiện tại vẫn còn tốt,Trợ giá của thành phố; Miễn lệ phí trước bạ; Trạm sạc tại chung cư/văn phòng,Từ 35 triệu trở lên
RESP_0014,B,K2,online,996,0,0,0,0,0,1,18-24,21,Nữ,Trung cấp/Cao đẳng,Nhân viên văn phòng,7 – dưới 10 triệu,1 – dưới 3 triệu,20–40 km,1213,"Có, dễ dàng","Phường Bến Nghé, Quận 1","Phường Cầu Ông Lãnh, Quận 1",1,1,Vài lần mỗi tháng,Chưa biết,Chấp nhận nộp phụ phí và tiếp tục đi xe xăng,4,4,5,4,8,3,3,4,3,4,4,2,3,2,4,3,3,2,3,1,Phụ phí LEZ,3,Xe xăng hiện tại vẫn còn tốt,Trợ giá của thành phố; Miễn lệ phí trước bạ; Trạm sạc tại chung cư/văn phòng,25 – dưới 35 triệu
RESP_0015,A,K3,online,988,0,0,0,0,0,1,25-30,27,Nữ,Đại học,Tự doanh/freelance,7 – dưới 10 triệu,3 – dưới 5 triệu,10–20 km,806,"Có, dễ dàng","Phường Võ Thị Sáu, Quận 3","Phường 14, Quận 3",1,1,Hầu như không,Biết rõ,Không bị ảnh hưởng,4,2,4,4,9,3,3,2,2,2,3,4,3,3,4,3,2,3,4,1,Không bỏ qua đặc điểm nào,4,Xe xăng hiện tại vẫn còn tốt,Trợ giá của thành phố; Miễn lệ phí trước bạ; Trạm sạc tại chung cư/văn phòng,15 – dưới 25 triệu
RESP_0016,B,K1,online,1336,0,0,0,0,0,1,25-30,26,Nam,Đại học,Nhân viên văn phòng,7 – dưới 10 triệu,1 – dưới 3 triệu,10–20 km,363,"Có nhưng bị hạn chế (phí, giờ, chủ nhà/ban quản lý không cho)","Phường 11, Quận 3","Phường 4, Quận 3",1,1,Vài lần mỗi tháng,Biết rõ,"Gửi xe ở rìa vùng rồi đi bộ, xe buýt hoặc metro vào trung tâm",5,4,3,4,8,5,4,3,3,3,3,2,3,3,1,2,3,3,3,1,Không bỏ qua đặc điểm nào,5,Xe xăng hiện tại vẫn còn tốt,Trợ giá của thành phố; Miễn lệ phí trước bạ; Trạm sạc tại chung cư/văn phòng,Dưới 15 triệu
RESP_0017,A,K2,online,1176,0,0,0,0,0,1,25-30,25,Nữ,Trung cấp/Cao đẳng,Tự doanh/freelance,15 – dưới 20 triệu,1 – dưới 3 triệu,20–40 km,931,"Có, dễ dàng","Phường Bến Nghé, Quận 1","Phường Nguyễn Cư Trinh, Quận 1",1,1,Hằng ngày,Chưa biết,Chuyển sang xe máy điện,4,4,5,2,6,3,4,3,4,3,4,4,4,2,3,4,3,2,3,1,Không bỏ qua đặc điểm nào,3,Xe xăng hiện tại vẫn còn tốt,Trợ giá của thành phố; Miễn lệ phí trước bạ; Trạm sạc tại chung cư/văn phòng,15 – dưới 25 triệu
RESP_0018,B,K3,online,1183,0,0,0,0,0,1,25-30,25,Nữ,Đại học,Kỹ thuật/sản xuất,10 – dưới 15 triệu,Dưới 1 triệu,Dưới 10 km,674,"Có nhưng bị hạn chế (phí, giờ, chủ nhà/ban quản lý không cho)","Phường An Lợi Đông, TP Thủ Đức","Phường 3, Quận 3",1,1,Hằng ngày,Có nghe qua,Chuyển hẳn sang giao thông công cộng,4,4,5,5,7,3,2,1,2,2,2,2,2,1,2,2,4,3,3,1,Không bỏ qua đặc điểm nào,4,Xe xăng hiện tại vẫn còn tốt,Trợ giá của thành phố; Miễn lệ phí trước bạ; Trạm sạc tại chung cư/văn phòng,25 – dưới 35 triệu
RESP_0019,A,K1,online,1390,0,0,0,0,0,1,25-30,28,Nữ,Đại học,Nhân viên văn phòng,15 – dưới 20 triệu,3 – dưới 5 triệu,Dưới 10 km,870,"Có, dễ dàng","Phường An Khánh, TP Thủ Đức","Phường Cô Giang, Quận 1",1,1,Vài lần mỗi tuần,Có nghe qua,Chuyển sang xe máy điện,4,4,3,2,7,3,4,3,3,4,4,3,3,3,3,4,3,2,4,1,Không bỏ qua đặc điểm nào,5,Xe xăng hiện tại vẫn còn tốt,Trợ giá của thành phố; Miễn lệ phí trước bạ; Trạm sạc tại chung cư/văn phòng,25 – dưới 35 triệu
RESP_0020,B,K2,online,1385,0,0,0,0,0,1,18-24,20,Nam,Đại học,Kỹ thuật/sản xuất,7 – dưới 10 triệu,Dưới 1 triệu,Dưới 10 km,1036,Không biết,"Phường 11, Quận 3","Phường Thủ Thiêm, TP Thủ Đức",1,1,Vài lần mỗi tháng,Có nghe qua,"Gửi xe ở rìa vùng rồi đi bộ, xe buýt hoặc metro vào trung tâm",4,4,4,4,9,4,4,3,2,3,3,4,3,3,2,3,3,3,2,1,Không bỏ qua đặc điểm nào,4,Xe xăng hiện tại vẫn còn tốt,Trợ giá của thành phố; Miễn lệ phí trước bạ; Trạm sạc tại chung cư/văn phòng,Dưới 15 triệu
RESP_0021,A,K3,online,1096,0,0,0,0,0,1,18-24,19,Nữ,Đại học,Nhân viên văn phòng,7 – dưới 10 triệu,Hầu như không dư,20–40 km,356,"Có, dễ dàng","Phường Tân Định, Quận 1","Phường An Lợi Đông, TP Thủ Đức",1,1,Vài lần mỗi tuần,Có nghe qua,Chuyển sang xe máy điện,4,3,3,4,7,4,4,3,3,3,3,3,3,3,4,3,3,4,2,1,Phụ phí LEZ,4,Xe xăng hiện tại vẫn còn tốt,Trợ giá của thành phố; Miễn lệ phí trước bạ; Trạm sạc tại chung cư/văn phòng,25 – dưới 35 triệu
RESP_0022,B,K1,online,986,0,0,0,0,0,1,18-24,23,Nam,Đại học,Nhân viên văn phòng,10 – dưới 15 triệu,3 – dưới 5 triệu,10–20 km,800,Không,"Phường Cầu Ông Lãnh, Quận 1","Phường Bến Nghé, Quận 1",1,1,Vài lần mỗi tháng,Có nghe qua,"Gửi xe ở rìa vùng rồi đi bộ, xe buýt hoặc metro vào trung tâm",3,3,3,3,6,3,3,3,2,3,3,5,4,5,4,2,4,3,5,1,Không bỏ qua đặc điểm nào,3,Xe xăng hiện tại vẫn còn tốt,Trợ giá của thành phố; Miễn lệ phí trước bạ; Trạm sạc tại chung cư/văn phòng,15 – dưới 25 triệu
RESP_0023,A,K2,online,1404,0,0,0,0,0,1,18-24,19,Nữ,Đại học,"Kinh doanh, bán hàng",10 – dưới 15 triệu,Dưới 1 triệu,Dưới 10 km,758,Không biết,"Phường 3, Quận 3","Phường 11, Quận 3",1,1,Hầu như không,Có nghe qua,Thay đổi nơi ở hoặc nơi làm việc,2,2,3,4,7,4,4,4,3,4,4,4,3,5,4,3,3,4,3,1,Phụ phí LEZ,4,Xe xăng hiện tại vẫn còn tốt,Trợ giá của thành phố; Miễn lệ phí trước bạ; Trạm sạc tại chung cư/văn phòng,25 – dưới 35 triệu
RESP_0024,B,K3,online,1176,0,0,0,0,0,1,18-24,24,Nam,Đại học,Nhân viên văn phòng,7 – dưới 10 triệu,1 – dưới 3 triệu,10–20 km,939,"Có, dễ dàng","Phường Cô Giang, Quận 1","Phường Đa Kao, Quận 1",1,1,Vài lần mỗi tuần,Có nghe qua,Chuyển hẳn sang giao thông công cộng,3,4,4,3,9,3,2,2,2,2,2,3,2,4,2,3,3,2,4,1,Không bỏ qua đặc điểm nào,4,Xe xăng hiện tại vẫn còn tốt,Trợ giá của thành phố; Miễn lệ phí trước bạ; Trạm sạc tại chung cư/văn phòng,25 – dưới 35 triệu
RESP_0025,A,K1,online,1214,0,0,0,0,0,1,25-30,30,Nữ,Trung cấp/Cao đẳng,Nhân viên văn phòng,10 – dưới 15 triệu,Từ 5 triệu trở lên,10–20 km,1042,Không,"Phường 4, Quận 3","Phường 12, Quận 3",1,1,Vài lần mỗi tuần,Chưa biết,Chuyển hẳn sang giao thông công cộng,4,4,4,3,7,3,3,4,3,3,3,4,4,4,3,2,3,3,3,1,Phụ phí LEZ,4,Xe xăng hiện tại vẫn còn tốt,Trợ giá của thành phố; Miễn lệ phí trước bạ; Trạm sạc tại chung cư/văn phòng,25 – dưới 35 triệu
RESP_0026,B,K2,online,1333,0,0,0,0,0,1,25-30,30,Nữ,Trung cấp/Cao đẳng,Nhân viên văn phòng,7 – dưới 10 triệu,3 – dưới 5 triệu,10–20 km,703,"Có nhưng bị hạn chế (phí, giờ, chủ nhà/ban quản lý không cho)","Phường An Khánh, TP Thủ Đức","Phường Nguyễn Cư Trinh, Quận 1",1,1,Vài lần mỗi tháng,Có nghe qua,Chuyển sang xe máy điện,4,3,4,4,8,3,3,4,3,3,3,2,3,2,3,4,2,4,3,1,Không bỏ qua đặc điểm nào,4,Xe xăng hiện tại vẫn còn tốt,Trợ giá của thành phố; Miễn lệ phí trước bạ; Trạm sạc tại chung cư/văn phòng,25 – dưới 35 triệu
RESP_0027,A,K3,online,1118,0,0,0,0,0,1,25-30,28,Nữ,Đại học,Nhân viên văn phòng,10 – dưới 15 triệu,1 – dưới 3 triệu,10–20 km,259,"Có, dễ dàng","Phường Nguyễn Cư Trinh, Quận 1","Phường 2, Quận 3",1,1,Hằng ngày,Chưa biết,Chấp nhận nộp phụ phí và tiếp tục đi xe xăng,4,4,5,4,8,2,3,3,3,3,2,2,3,2,3,5,4,3,2,1,Không bỏ qua đặc điểm nào,5,Xe xăng hiện tại vẫn còn tốt,Trợ giá của thành phố; Miễn lệ phí trước bạ; Trạm sạc tại chung cư/văn phòng,15 – dưới 25 triệu
RESP_0028,B,K1,online,1047,0,0,0,0,0,1,25-30,28,Nữ,Đại học,Nhân viên văn phòng,10 – dưới 15 triệu,Hầu như không dư,Dưới 10 km,1102,Không,"Phường 9, Quận 3","Phường 14, Quận 3",1,1,Vài lần mỗi tuần,Biết rõ,Chuyển sang xe máy điện,3,4,4,4,7,3,3,3,3,2,2,3,2,2,2,2,3,2,3,1,Không bỏ qua đặc điểm nào,5,Xe xăng hiện tại vẫn còn tốt,Trợ giá của thành phố; Miễn lệ phí trước bạ; Trạm sạc tại chung cư/văn phòng,Từ 35 triệu trở lên
RESP_0029,A,K2,online,1132,0,0,0,0,0,1,25-30,29,Nam,Đại học,Sinh viên có việc làm,7 – dưới 10 triệu,1 – dưới 3 triệu,Dưới 10 km,1043,"Có nhưng bị hạn chế (phí, giờ, chủ nhà/ban quản lý không cho)","Phường Võ Thị Sáu, Quận 3","Phường 1, Quận 3",1,1,Vài lần mỗi tháng,Có nghe qua,Không bị ảnh hưởng,5,4,4,4,8,3,3,4,5,4,3,4,2,3,4,3,4,2,2,1,Không bỏ qua đặc điểm nào,3,Xe xăng hiện tại vẫn còn tốt,Trợ giá của thành phố; Miễn lệ phí trước bạ; Trạm sạc tại chung cư/văn phòng,25 – dưới 35 triệu
RESP_0030,B,K3,online,1500,0,0,0,0,0,1,18-24,20,Nam,Trung cấp/Cao đẳng,Nhân viên văn phòng,7 – dưới 10 triệu,Dưới 1 triệu,10–20 km,1399,Không,"Phường Thủ Thiêm, TP Thủ Đức","Phường Bến Nghé, Quận 1",1,1,Hầu như không,Có nghe qua,Chuyển sang xe máy điện,5,5,4,5,8,2,3,3,2,2,1,2,2,2,3,3,3,4,4,1,Không bỏ qua đặc điểm nào,4,Xe xăng hiện tại vẫn còn tốt,Trợ giá của thành phố; Miễn lệ phí trước bạ; Trạm sạc tại chung cư/văn phòng,25 – dưới 35 triệu
RESP_0031,A,K1,online,1364,0,0,0,0,0,1,18-24,20,Nam,Đại học,"Kinh doanh, bán hàng",10 – dưới 15 triệu,Dưới 1 triệu,20–40 km,1127,"Có, dễ dàng","Phường 1, Quận 3","Phường Nguyễn Thái Bình, Quận 1",1,1,Vài lần mỗi tuần,Có nghe qua,Chuyển hẳn sang giao thông công cộng,3,3,4,4,6,3,3,3,3,3,2,4,4,3,3,4,2,2,2,1,Phụ phí LEZ,4,Xe xăng hiện tại vẫn còn tốt,Trợ giá của thành phố; Miễn lệ phí trước bạ; Trạm sạc tại chung cư/văn phòng,25 – dưới 35 triệu
RESP_0032,B,K2,online,989,0,0,0,0,0,1,18-24,20,Nữ,Đại học,Nhân viên văn phòng,20 – dưới 30 triệu,1 – dưới 3 triệu,20–40 km,830,Không biết,"Phường Nguyễn Cư Trinh, Quận 1","Phường 5, Quận 3",1,1,Vài lần mỗi tuần,Có nghe qua,"Gửi xe ở rìa vùng rồi đi bộ, xe buýt hoặc metro vào trung tâm",4,3,3,3,7,2,2,3,3,3,3,4,4,4,3,4,2,4,4,1,Không bỏ qua đặc điểm nào,5,Xe xăng hiện tại vẫn còn tốt,Trợ giá của thành phố; Miễn lệ phí trước bạ; Trạm sạc tại chung cư/văn phòng,25 – dưới 35 triệu
RESP_0033,A,K3,online,954,0,0,0,0,0,1,18-24,18,Nữ,Đại học,"Kinh doanh, bán hàng",10 – dưới 15 triệu,Dưới 1 triệu,20–40 km,835,"Có, dễ dàng","Phường Võ Thị Sáu, Quận 3","Phường 11, Quận 3",1,1,Vài lần mỗi tháng,Biết rõ,Chuyển sang xe máy điện,4,4,4,3,8,3,3,3,3,4,3,4,2,2,4,3,4,4,4,1,Không bỏ qua đặc điểm nào,4,Xe xăng hiện tại vẫn còn tốt,Trợ giá của thành phố; Miễn lệ phí trước bạ; Trạm sạc tại chung cư/văn phòng,25 – dưới 35 triệu
RESP_0034,B,K1,online,1117,0,0,0,0,0,1,18-24,19,Nữ,Trung cấp/Cao đẳng,Kỹ thuật/sản xuất,10 – dưới 15 triệu,Dưới 1 triệu,10–20 km,1012,"Có, dễ dàng","Phường 3, Quận 3","Phường Phạm Ngũ Lão, Quận 1",1,1,Vài lần mỗi tháng,Có nghe qua,Không bị ảnh hưởng,4,3,4,5,10,2,2,3,2,3,3,2,2,2,3,3,4,3,3,1,Không bỏ qua đặc điểm nào,5,Xe xăng hiện tại vẫn còn tốt,Trợ giá của thành phố; Miễn lệ phí trước bạ; Trạm sạc tại chung cư/văn phòng,15 – dưới 25 triệu
RESP_0035,A,K2,online,1228,0,0,0,0,0,1,25-30,27,Nữ,Đại học,Nhân viên văn phòng,7 – dưới 10 triệu,Dưới 1 triệu,Dưới 10 km,271,"Có, dễ dàng","Phường Cô Giang, Quận 1","Phường 2, Quận 3",1,1,Vài lần mỗi tháng,Có nghe qua,Chấp nhận nộp phụ phí và tiếp tục đi xe xăng,5,4,4,4,7,2,3,1,2,2,1,3,3,4,4,2,3,2,3,1,Không bỏ qua đặc điểm nào,5,Xe xăng hiện tại vẫn còn tốt,Trợ giá của thành phố; Miễn lệ phí trước bạ; Trạm sạc tại chung cư/văn phòng,15 – dưới 25 triệu
RESP_0036,B,K3,online,1459,0,0,0,0,0,1,25-30,30,Nam,Đại học,Nhân viên văn phòng,7 – dưới 10 triệu,3 – dưới 5 triệu,10–20 km,853,"Có nhưng bị hạn chế (phí, giờ, chủ nhà/ban quản lý không cho)","Phường 9, Quận 3","Phường Nguyễn Cư Trinh, Quận 1",1,1,Vài lần mỗi tháng,Có nghe qua,Chuyển sang xe máy điện,4,4,5,3,9,1,1,2,1,1,1,3,3,3,3,4,4,3,3,1,Phụ phí LEZ,4,Xe xăng hiện tại vẫn còn tốt,Trợ giá của thành phố; Miễn lệ phí trước bạ; Trạm sạc tại chung cư/văn phòng,15 – dưới 25 triệu
RESP_0037,A,K1,online,1376,0,0,0,0,0,1,25-30,25,Nữ,Sau đại học,Tự doanh/freelance,20 – dưới 30 triệu,1 – dưới 3 triệu,10–20 km,443,"Có, dễ dàng","Phường 2, Quận 3","Phường Cô Giang, Quận 1",1,1,Hầu như không,Có nghe qua,Chuyển hẳn sang giao thông công cộng,4,4,3,3,4,3,4,3,2,4,2,4,5,4,4,4,3,3,4,1,Phụ phí LEZ,4,Xe xăng hiện tại vẫn còn tốt,Trợ giá của thành phố; Miễn lệ phí trước bạ; Trạm sạc tại chung cư/văn phòng,25 – dưới 35 triệu
RESP_0038,B,K2,online,1013,0,0,0,0,0,1,25-30,30,Nữ,THPT trở xuống,"Kinh doanh, bán hàng",7 – dưới 10 triệu,1 – dưới 3 triệu,20–40 km,987,Không,"Phường Bến Nghé, Quận 1","Phường Tân Định, Quận 1",1,1,Vài lần mỗi tuần,Có nghe qua,Chuyển sang xe máy điện,4,4,3,4,9,1,2,2,2,1,2,4,4,4,5,3,2,4,3,1,Không bỏ qua đặc điểm nào,3,Xe xăng hiện tại vẫn còn tốt,Trợ giá của thành phố; Miễn lệ phí trước bạ; Trạm sạc tại chung cư/văn phòng,15 – dưới 25 triệu
RESP_0039,A,K3,online,1088,0,0,0,0,0,1,25-30,29,Nữ,Đại học,Nhân viên văn phòng,10 – dưới 15 triệu,3 – dưới 5 triệu,10–20 km,328,"Có nhưng bị hạn chế (phí, giờ, chủ nhà/ban quản lý không cho)","Phường 5, Quận 3","Phường 5, Quận 3",1,1,Vài lần mỗi tuần,Biết rõ,Không bị ảnh hưởng,4,3,4,5,9,2,2,2,2,1,3,4,3,4,4,2,3,4,4,1,Không bỏ qua đặc điểm nào,4,Xe xăng hiện tại vẫn còn tốt,Trợ giá của thành phố; Miễn lệ phí trước bạ; Trạm sạc tại chung cư/văn phòng,25 – dưới 35 triệu
RESP_0040,B,K1,online,1167,0,0,0,0,0,1,18-24,23,Nam,THPT trở xuống,"Kinh doanh, bán hàng",Từ 30 triệu trở lên,1 – dưới 3 triệu,20–40 km,1488,Không biết,"Phường An Lợi Đông, TP Thủ Đức","Phường Tân Định, Quận 1",1,1,Vài lần mỗi tháng,Chưa biết,Chuyển sang xe máy điện,4,3,4,3,9,2,2,2,2,3,3,3,2,3,4,3,3,3,3,1,Không bỏ qua đặc điểm nào,3,Xe xăng hiện tại vẫn còn tốt,Trợ giá của thành phố; Miễn lệ phí trước bạ; Trạm sạc tại chung cư/văn phòng,Dưới 15 triệu
RESP_0041,A,K2,online,1406,0,0,0,0,0,1,18-24,22,Nữ,Đại học,Nhân viên văn phòng,15 – dưới 20 triệu,1 – dưới 3 triệu,10–20 km,836,"Có, dễ dàng","Phường 1, Quận 3","Phường 5, Quận 3",1,1,Vài lần mỗi tuần,Biết rõ,Chuyển sang xe máy điện,3,2,3,3,9,4,3,4,4,5,3,4,4,4,4,3,3,2,4,1,Phụ phí LEZ,4,Xe xăng hiện tại vẫn còn tốt,Trợ giá của thành phố; Miễn lệ phí trước bạ; Trạm sạc tại chung cư/văn phòng,15 – dưới 25 triệu
RESP_0042,B,K3,online,1448,0,0,0,0,1,1,18-24,21,Nữ,Sau đại học,Khác,10 – dưới 15 triệu,1 – dưới 3 triệu,20–40 km,852,"Có, dễ dàng","Phường 12, Quận 3","Phường Bến Thành, Quận 1",1,1,Hầu như không,Có nghe qua,Không bị ảnh hưởng,4,3,3,3,6,3,3,3,3,2,3,3,4,3,4,3,3,3,2,1,Không bỏ qua đặc điểm nào,4,Xe xăng hiện tại vẫn còn tốt,Trợ giá của thành phố; Miễn lệ phí trước bạ; Trạm sạc tại chung cư/văn phòng,15 – dưới 25 triệu
RESP_0043,A,K1,online,1312,0,0,0,0,0,1,18-24,18,Nữ,Đại học,Tự doanh/freelance,15 – dưới 20 triệu,3 – dưới 5 triệu,10–20 km,1151,Không,"Phường Đa Kao, Quận 1","Phường Nguyễn Cư Trinh, Quận 1",1,1,Vài lần mỗi tháng,Chưa biết,Chuyển sang xe máy điện,4,3,4,5,6,3,4,2,3,2,3,4,5,4,4,2,2,4,3,1,Phụ phí LEZ,5,Xe xăng hiện tại vẫn còn tốt,Trợ giá của thành phố; Miễn lệ phí trước bạ; Trạm sạc tại chung cư/văn phòng,15 – dưới 25 triệu
RESP_0044,B,K2,online,1194,0,0,0,0,0,1,18-24,21,Nam,Đại học,Tự doanh/freelance,15 – dưới 20 triệu,1 – dưới 3 triệu,Trên 40 km,1237,"Có, dễ dàng","Phường 12, Quận 3","Phường 2, Quận 3",1,1,Vài lần mỗi tháng,Có nghe qua,Chuyển sang xe máy điện,4,3,4,3,6,4,4,5,3,3,4,4,4,2,3,2,4,3,3,1,Không bỏ qua đặc điểm nào,4,Xe xăng hiện tại vẫn còn tốt,Trợ giá của thành phố; Miễn lệ phí trước bạ; Trạm sạc tại chung cư/văn phòng,Dưới 15 triệu
RESP_0045,A,K3,online,1283,1,0,0,0,0,0,25-30,27,Nam,Đại học,Nhân viên văn phòng,Từ 30 triệu trở lên,Từ 5 triệu trở lên,20–40 km,1355,"Có nhưng bị hạn chế (phí, giờ, chủ nhà/ban quản lý không cho)","Phường 5, Quận 3","Phường Thủ Thiêm, TP Thủ Đức",1,1,Vài lần mỗi tuần,Biết rõ,Chuyển sang xe máy điện,4,4,5,5,9,3,4,2,4,3,3,2,1,3,3,3,3,4,2,0,Không bỏ qua đặc điểm nào,4,Xe xăng hiện tại vẫn còn tốt,Trợ giá của thành phố; Miễn lệ phí trước bạ; Trạm sạc tại chung cư/văn phòng,25 – dưới 35 triệu
RESP_0046,B,K1,online,1383,0,0,0,0,0,1,25-30,29,Nam,Đại học,Nhân viên văn phòng,20 – dưới 30 triệu,1 – dưới 3 triệu,20–40 km,415,"Có nhưng bị hạn chế (phí, giờ, chủ nhà/ban quản lý không cho)","Phường 1, Quận 3","Phường Bến Thành, Quận 1",1,1,Vài lần mỗi tháng,Chưa biết,Chuyển sang xe máy điện,4,3,4,3,6,3,3,3,4,3,3,3,2,3,2,3,3,3,3,1,Không bỏ qua đặc điểm nào,4,Xe xăng hiện tại vẫn còn tốt,Trợ giá của thành phố; Miễn lệ phí trước bạ; Trạm sạc tại chung cư/văn phòng,25 – dưới 35 triệu
RESP_0047,A,K2,online,1473,0,0,0,0,0,1,25-30,25,Nữ,Đại học,Kỹ thuật/sản xuất,10 – dưới 15 triệu,Dưới 1 triệu,Trên 40 km,1424,"Có nhưng bị hạn chế (phí, giờ, chủ nhà/ban quản lý không cho)","Phường 14, Quận 3","Phường 5, Quận 3",1,1,Vài lần mỗi tháng,Biết rõ,"Gửi xe ở rìa vùng rồi đi bộ, xe buýt hoặc metro vào trung tâm",3,3,3,3,8,3,3,3,4,4,3,4,4,3,2,4,3,2,3,1,Phụ phí LEZ,4,Xe xăng hiện tại vẫn còn tốt,Trợ giá của thành phố; Miễn lệ phí trước bạ; Trạm sạc tại chung cư/văn phòng,25 – dưới 35 triệu
RESP_0048,B,K3,online,1321,0,0,0,0,0,1,25-30,25,Nữ,Trung cấp/Cao đẳng,Nhân viên văn phòng,7 – dưới 10 triệu,3 – dưới 5 triệu,10–20 km,992,"Có, dễ dàng","Phường 14, Quận 3","Phường 2, Quận 3",1,1,Vài lần mỗi tuần,Biết rõ,"Gửi xe ở rìa vùng rồi đi bộ, xe buýt hoặc metro vào trung tâm",5,4,4,4,8,3,2,3,2,2,2,4,3,3,4,3,2,2,3,1,Không bỏ qua đặc điểm nào,4,Xe xăng hiện tại vẫn còn tốt,Trợ giá của thành phố; Miễn lệ phí trước bạ; Trạm sạc tại chung cư/văn phòng,25 – dưới 35 triệu
RESP_0049,A,K1,online,1451,0,0,0,0,0,1,25-30,26,Nam,Đại học,"Kinh doanh, bán hàng",10 – dưới 15 triệu,1 – dưới 3 triệu,Dưới 10 km,1058,"Có nhưng bị hạn chế (phí, giờ, chủ nhà/ban quản lý không cho)","Phường 14, Quận 3","Phường Cầu Ông Lãnh, Quận 1",1,1,Vài lần mỗi tuần,Chưa biết,Chuyển sang xe máy điện,5,3,4,3,8,3,1,2,2,3,1,3,4,5,3,3,3,3,3,1,Không bỏ qua đặc điểm nào,3,Xe xăng hiện tại vẫn còn tốt,Trợ giá của thành phố; Miễn lệ phí trước bạ; Trạm sạc tại chung cư/văn phòng,25 – dưới 35 triệu
RESP_0050,B,K2,online,1154,0,0,0,0,0,1,18-24,24,Nam,Đại học,Nhân viên văn phòng,10 – dưới 15 triệu,3 – dưới 5 triệu,Dưới 10 km,863,"Có, dễ dàng","Phường 4, Quận 3","Phường Nguyễn Cư Trinh, Quận 1",1,1,Vài lần mỗi tháng,Chưa biết,Chấp nhận nộp phụ phí và tiếp tục đi xe xăng,4,4,4,4,10,4,4,4,3,4,4,2,3,3,2,3,4,2,3,1,Không bỏ qua đặc điểm nào,4,Xe xăng hiện tại vẫn còn tốt,Trợ giá của thành phố; Miễn lệ phí trước bạ; Trạm sạc tại chung cư/văn phòng,25 – dưới 35 triệu
RESP_0051,A,K3,online,1191,0,0,0,0,0,1,18-24,24,Nữ,Đại học,Nhân viên văn phòng,20 – dưới 30 triệu,Dưới 1 triệu,20–40 km,818,Không,"Phường Cô Giang, Quận 1","Phường 2, Quận 3",1,1,Vài lần mỗi tháng,Có nghe qua,Chuyển sang xe máy điện,5,5,5,5,9,2,3,1,1,3,1,2,2,2,2,5,2,4,2,1,Không bỏ qua đặc điểm nào,4,Xe xăng hiện tại vẫn còn tốt,Trợ giá của thành phố; Miễn lệ phí trước bạ; Trạm sạc tại chung cư/văn phòng,15 – dưới 25 triệu
RESP_0052,B,K1,online,1329,0,0,0,0,0,1,18-24,23,Nữ,Đại học,Nhân viên văn phòng,7 – dưới 10 triệu,Dưới 1 triệu,10–20 km,758,"Có, dễ dàng","Phường An Khánh, TP Thủ Đức","Phường Thủ Thiêm, TP Thủ Đức",1,1,Vài lần mỗi tháng,Biết rõ,Chuyển sang xe máy điện,3,3,3,3,8,3,3,3,4,4,2,5,4,4,4,3,4,3,4,1,Phụ phí LEZ,3,Xe xăng hiện tại vẫn còn tốt,Trợ giá của thành phố; Miễn lệ phí trước bạ; Trạm sạc tại chung cư/văn phòng,15 – dưới 25 triệu
RESP_0053,A,K2,online,1386,0,0,0,0,0,1,18-24,24,Nữ,Đại học,Nhân viên văn phòng,7 – dưới 10 triệu,Từ 5 triệu trở lên,10–20 km,614,"Có, dễ dàng","Phường 3, Quận 3","Phường Cầu Kho, Quận 1",1,1,Hầu như không,Biết rõ,"Gửi xe ở rìa vùng rồi đi bộ, xe buýt hoặc metro vào trung tâm",4,3,5,4,5,3,2,2,2,2,2,3,4,4,4,4,3,3,3,1,Không bỏ qua đặc điểm nào,5,Xe xăng hiện tại vẫn còn tốt,Trợ giá của thành phố; Miễn lệ phí trước bạ; Trạm sạc tại chung cư/văn phòng,15 – dưới 25 triệu
RESP_0054,B,K3,online,1302,0,0,0,0,0,1,18-24,18,Nữ,Đại học,Nhân viên văn phòng,10 – dưới 15 triệu,3 – dưới 5 triệu,Dưới 10 km,1134,Không biết,"Phường 9, Quận 3","Phường 14, Quận 3",1,1,Vài lần mỗi tháng,Có nghe qua,Chuyển sang xe máy điện,4,3,3,3,8,1,2,2,2,3,2,2,3,4,3,3,3,3,4,1,Không bỏ qua đặc điểm nào,4,Xe xăng hiện tại vẫn còn tốt,Trợ giá của thành phố; Miễn lệ phí trước bạ; Trạm sạc tại chung cư/văn phòng,Dưới 15 triệu
RESP_0055,A,K1,online,1302,0,0,0,0,0,1,25-30,26,Nữ,Đại học,Tự doanh/freelance,7 – dưới 10 triệu,1 – dưới 3 triệu,20–40 km,1307,Không,"Phường 2, Quận 3","Phường Bến Nghé, Quận 1",1,1,Vài lần mỗi tháng,Có nghe qua,Chấp nhận nộp phụ phí và tiếp tục đi xe xăng,4,4,3,4,8,3,2,1,2,4,2,4,2,2,4,2,2,3,3,1,Không bỏ qua đặc điểm nào,5,Xe xăng hiện tại vẫn còn tốt,Trợ giá của thành phố; Miễn lệ phí trước bạ; Trạm sạc tại chung cư/văn phòng,Từ 35 triệu trở lên
RESP_0056,B,K2,online,1085,0,0,0,0,0,1,25-30,29,Nam,Trung cấp/Cao đẳng,Kỹ thuật/sản xuất,15 – dưới 20 triệu,Từ 5 triệu trở lên,Trên 40 km,1482,Không,"Phường Cầu Ông Lãnh, Quận 1","Phường Cầu Ông Lãnh, Quận 1",1,1,Vài lần mỗi tháng,Có nghe qua,"Gửi xe ở rìa vùng rồi đi bộ, xe buýt hoặc metro vào trung tâm",4,4,4,4,6,4,3,3,4,3,3,3,3,4,3,3,4,2,4,1,Phụ phí LEZ,5,Xe xăng hiện tại vẫn còn tốt,Trợ giá của thành phố; Miễn lệ phí trước bạ; Trạm sạc tại chung cư/văn phòng,15 – dưới 25 triệu
RESP_0057,A,K3,online,1041,0,0,0,0,0,1,25-30,30,Nam,Đại học,"Kinh doanh, bán hàng",7 – dưới 10 triệu,1 – dưới 3 triệu,20–40 km,1274,"Có, dễ dàng","Phường Cô Giang, Quận 1","Phường 2, Quận 3",1,1,Vài lần mỗi tháng,Biết rõ,Chuyển sang xe máy điện,3,4,2,3,5,5,5,5,4,4,5,4,3,3,4,3,3,3,3,1,Không bỏ qua đặc điểm nào,5,Xe xăng hiện tại vẫn còn tốt,Trợ giá của thành phố; Miễn lệ phí trước bạ; Trạm sạc tại chung cư/văn phòng,15 – dưới 25 triệu
RESP_0058,B,K1,online,1292,0,0,0,0,0,1,25-30,25,Nữ,Đại học,Sinh viên có việc làm,7 – dưới 10 triệu,Từ 5 triệu trở lên,Trên 40 km,811,"Có, dễ dàng","Phường 11, Quận 3","Phường 5, Quận 3",1,1,Vài lần mỗi tháng,Có nghe qua,Chuyển sang xe máy điện,4,3,4,3,10,3,1,3,4,4,2,3,4,4,3,4,3,4,3,1,Không bỏ qua đặc điểm nào,4,Xe xăng hiện tại vẫn còn tốt,Trợ giá của thành phố; Miễn lệ phí trước bạ; Trạm sạc tại chung cư/văn phòng,15 – dưới 25 triệu
RESP_0059,A,K2,online,1297,0,0,0,0,0,1,25-30,29,Nữ,Đại học,Nhân viên văn phòng,7 – dưới 10 triệu,Hầu như không dư,20–40 km,1265,"Có, dễ dàng","Phường Bến Nghé, Quận 1","Phường Thủ Thiêm, TP Thủ Đức",1,1,Hầu như không,Biết rõ,Chuyển hẳn sang giao thông công cộng,3,3,3,4,10,3,3,3,3,3,3,3,3,4,4,3,3,4,2,1,Phụ phí LEZ,3,Xe xăng hiện tại vẫn còn tốt,Trợ giá của thành phố; Miễn lệ phí trước bạ; Trạm sạc tại chung cư/văn phòng,25 – dưới 35 triệu
RESP_0060,B,K3,online,401,0,0,1,0,0,0,18-24,20,Nữ,Đại học,Kỹ thuật/sản xuất,10 – dưới 15 triệu,Hầu như không dư,10–20 km,492,"Có, dễ dàng","Phường Bến Thành, Quận 1","Phường 12, Quận 3",1,1,Hầu như không,Biết rõ,Chuyển sang xe máy điện,3,3,2,4,7,2,1,3,2,3,1,3,4,3,3,2,3,3,3,1,Không bỏ qua đặc điểm nào,5,Xe xăng hiện tại vẫn còn tốt,Trợ giá của thành phố; Miễn lệ phí trước bạ; Trạm sạc tại chung cư/văn phòng,15 – dưới 25 triệu
RESP_0061,A,K1,online,1074,0,0,0,0,0,1,18-24,22,Nữ,Đại học,Sinh viên có việc làm,15 – dưới 20 triệu,1 – dưới 3 triệu,20–40 km,839,"Có nhưng bị hạn chế (phí, giờ, chủ nhà/ban quản lý không cho)","Phường 5, Quận 3","Phường 2, Quận 3",1,1,Vài lần mỗi tuần,Có nghe qua,Chuyển sang xe máy điện,5,5,4,3,10,2,3,1,3,2,3,2,3,2,4,3,2,3,4,1,Không bỏ qua đặc điểm nào,4,Xe xăng hiện tại vẫn còn tốt,Trợ giá của thành phố; Miễn lệ phí trước bạ; Trạm sạc tại chung cư/văn phòng,25 – dưới 35 triệu
RESP_0062,B,K2,online,1199,0,0,0,0,0,1,18-24,18,Nam,Trung cấp/Cao đẳng,Nhân viên văn phòng,10 – dưới 15 triệu,Từ 5 triệu trở lên,10–20 km,1415,"Có, dễ dàng","Phường Cầu Ông Lãnh, Quận 1","Phường Võ Thị Sáu, Quận 3",1,1,Vài lần mỗi tháng,Có nghe qua,"Gửi xe ở rìa vùng rồi đi bộ, xe buýt hoặc metro vào trung tâm",4,3,3,4,7,4,4,4,4,3,4,2,3,3,3,3,3,3,3,1,Không bỏ qua đặc điểm nào,5,Xe xăng hiện tại vẫn còn tốt,Trợ giá của thành phố; Miễn lệ phí trước bạ; Trạm sạc tại chung cư/văn phòng,Dưới 15 triệu
RESP_0063,A,K3,online,1115,0,0,0,0,0,1,18-24,21,Nữ,Đại học,Kỹ thuật/sản xuất,10 – dưới 15 triệu,1 – dưới 3 triệu,Dưới 10 km,504,"Có, dễ dàng","Phường 14, Quận 3","Phường Đa Kao, Quận 1",1,1,Hầu như không,Có nghe qua,Chuyển sang xe máy điện,4,3,3,3,5,4,3,5,4,3,3,2,2,3,3,2,3,1,3,1,Không bỏ qua đặc điểm nào,3,Xe xăng hiện tại vẫn còn tốt,Trợ giá của thành phố; Miễn lệ phí trước bạ; Trạm sạc tại chung cư/văn phòng,15 – dưới 25 triệu
RESP_0064,B,K1,online,1344,0,0,0,0,0,1,18-24,18,Nam,Đại học,Tự doanh/freelance,20 – dưới 30 triệu,Hầu như không dư,20–40 km,822,Không biết,"Phường Nguyễn Thái Bình, Quận 1","Phường 2, Quận 3",1,1,Vài lần mỗi tháng,Có nghe qua,Thay đổi nơi ở hoặc nơi làm việc,4,5,4,3,7,3,2,2,1,1,2,3,2,4,2,3,3,3,2,1,Không bỏ qua đặc điểm nào,4,Xe xăng hiện tại vẫn còn tốt,Trợ giá của thành phố; Miễn lệ phí trước bạ; Trạm sạc tại chung cư/văn phòng,25 – dưới 35 triệu
RESP_0065,A,K2,online,1353,0,0,0,0,0,1,25-30,29,Khác/Không muốn trả lời,Trung cấp/Cao đẳng,Khác,15 – dưới 20 triệu,1 – dưới 3 triệu,10–20 km,1021,"Có, dễ dàng","Phường 1, Quận 3","Phường Cô Giang, Quận 1",1,1,Vài lần mỗi tuần,Biết rõ,Chấp nhận nộp phụ phí và tiếp tục đi xe xăng,4,4,5,3,10,3,2,4,3,3,4,3,2,2,3,3,3,4,3,1,Phụ phí LEZ,4,Xe xăng hiện tại vẫn còn tốt,Trợ giá của thành phố; Miễn lệ phí trước bạ; Trạm sạc tại chung cư/văn phòng,25 – dưới 35 triệu
RESP_0066,B,K3,online,1382,0,0,0,0,0,1,25-30,30,Nam,Đại học,"Tài xế công nghệ, giao hàng",7 – dưới 10 triệu,Từ 5 triệu trở lên,10–20 km,1364,"Có, dễ dàng","Phường An Khánh, TP Thủ Đức","Phường Bến Nghé, Quận 1",1,1,Hầu như không,Biết rõ,Không bị ảnh hưởng,4,3,4,5,5,3,3,3,2,3,3,4,4,3,3,2,3,3,4,1,Không bỏ qua đặc điểm nào,4,Xe xăng hiện tại vẫn còn tốt,Trợ giá của thành phố; Miễn lệ phí trước bạ; Trạm sạc tại chung cư/văn phòng,15 – dưới 25 triệu
RESP_0067,A,K1,online,1325,0,0,0,0,0,1,25-30,29,Nam,Đại học,Kỹ thuật/sản xuất,10 – dưới 15 triệu,3 – dưới 5 triệu,10–20 km,1291,Không biết,"Phường Cô Giang, Quận 1","Phường 9, Quận 3",1,1,Vài lần mỗi tháng,Có nghe qua,Chuyển hẳn sang giao thông công cộng,4,4,4,3,9,1,4,2,1,4,2,3,3,3,3,4,2,4,3,1,Không bỏ qua đặc điểm nào,5,Xe xăng hiện tại vẫn còn tốt,Trợ giá của thành phố; Miễn lệ phí trước bạ; Trạm sạc tại chung cư/văn phòng,Từ 35 triệu trở lên
RESP_0068,B,K2,online,1294,0,0,0,0,0,1,25-30,30,Nam,Đại học,Nhân viên văn phòng,7 – dưới 10 triệu,1 – dưới 3 triệu,20–40 km,632,"Có, dễ dàng","Phường Cầu Ông Lãnh, Quận 1","Phường Phạm Ngũ Lão, Quận 1",1,1,Hằng ngày,Biết rõ,Thay đổi nơi ở hoặc nơi làm việc,2,3,3,4,6,3,3,3,3,5,3,3,4,4,4,3,3,3,2,1,Không bỏ qua đặc điểm nào,5,Xe xăng hiện tại vẫn còn tốt,Trợ giá của thành phố; Miễn lệ phí trước bạ; Trạm sạc tại chung cư/văn phòng,25 – dưới 35 triệu
RESP_0069,A,K3,online,1236,0,0,0,0,0,1,25-30,28,Nữ,Đại học,Nhân viên văn phòng,15 – dưới 20 triệu,Dưới 1 triệu,Dưới 10 km,708,"Có, dễ dàng","Phường Nguyễn Thái Bình, Quận 1","Phường Tân Định, Quận 1",1,1,Hầu như không,Biết rõ,Không bị ảnh hưởng,3,4,5,4,8,3,4,3,3,3,2,3,2,2,3,4,3,3,2,1,Không bỏ qua đặc điểm nào,3,Xe xăng hiện tại vẫn còn tốt,Trợ giá của thành phố; Miễn lệ phí trước bạ; Trạm sạc tại chung cư/văn phòng,15 – dưới 25 triệu
RESP_0070,B,K1,online,1018,0,0,0,0,0,1,18-24,21,Nam,Trung cấp/Cao đẳng,Nhân viên văn phòng,20 – dưới 30 triệu,Dưới 1 triệu,Dưới 10 km,423,Không,"Phường Võ Thị Sáu, Quận 3","Phường Cô Giang, Quận 1",1,1,Hầu như không,Có nghe qua,Chuyển hẳn sang giao thông công cộng,4,4,4,5,10,2,2,3,2,3,3,3,3,2,2,2,4,3,2,1,Không bỏ qua đặc điểm nào,5,Xe xăng hiện tại vẫn còn tốt,Trợ giá của thành phố; Miễn lệ phí trước bạ; Trạm sạc tại chung cư/văn phòng,25 – dưới 35 triệu
RESP_0071,A,K2,online,1156,0,0,0,0,0,1,18-24,20,Nữ,Đại học,Nhân viên văn phòng,Từ 30 triệu trở lên,1 – dưới 3 triệu,Dưới 10 km,683,"Có nhưng bị hạn chế (phí, giờ, chủ nhà/ban quản lý không cho)","Phường Bến Thành, Quận 1","Phường Nguyễn Thái Bình, Quận 1",1,1,Vài lần mỗi tháng,Chưa biết,Không bị ảnh hưởng,3,3,4,4,8,2,3,3,3,2,3,3,3,3,3,3,3,3,3,1,Không bỏ qua đặc điểm nào,5,Xe xăng hiện tại vẫn còn tốt,Trợ giá của thành phố; Miễn lệ phí trước bạ; Trạm sạc tại chung cư/văn phòng,Từ 35 triệu trở lên
RESP_0072,B,K3,online,1447,0,0,0,0,0,1,18-24,24,Nữ,Đại học,Nhân viên văn phòng,10 – dưới 15 triệu,1 – dưới 3 triệu,Trên 40 km,337,"Có nhưng bị hạn chế (phí, giờ, chủ nhà/ban quản lý không cho)","Phường Thủ Thiêm, TP Thủ Đức","Phường Bến Thành, Quận 1",1,1,Vài lần mỗi tuần,Biết rõ,Thay đổi nơi ở hoặc nơi làm việc,4,3,4,3,7,5,4,3,3,4,4,3,2,4,3,3,4,2,5,1,Không bỏ qua đặc điểm nào,5,Xe xăng hiện tại vẫn còn tốt,Trợ giá của thành phố; Miễn lệ phí trước bạ; Trạm sạc tại chung cư/văn phòng,25 – dưới 35 triệu
RESP_0073,A,K1,online,1430,0,0,0,0,0,1,18-24,21,Nữ,Đại học,Nhân viên văn phòng,7 – dưới 10 triệu,1 – dưới 3 triệu,10–20 km,1361,"Có nhưng bị hạn chế (phí, giờ, chủ nhà/ban quản lý không cho)","Phường Tân Định, Quận 1","Phường An Khánh, TP Thủ Đức",1,1,Vài lần mỗi tuần,Có nghe qua,Chuyển sang xe máy điện,3,4,4,4,8,1,2,2,1,2,2,2,2,2,3,4,3,3,3,1,Phụ phí LEZ,5,Xe xăng hiện tại vẫn còn tốt,Trợ giá của thành phố; Miễn lệ phí trước bạ; Trạm sạc tại chung cư/văn phòng,15 – dưới 25 triệu
RESP_0074,B,K2,online,980,0,0,0,0,0,1,18-24,24,Nam,Đại học,Nhân viên văn phòng,10 – dưới 15 triệu,Hầu như không dư,Trên 40 km,406,"Có, dễ dàng","Phường 4, Quận 3","Phường 3, Quận 3",1,1,Hằng ngày,Có nghe qua,"Gửi xe ở rìa vùng rồi đi bộ, xe buýt hoặc metro vào trung tâm",3,3,3,4,8,2,5,3,3,3,3,4,4,3,3,3,2,3,4,1,Phụ phí LEZ,3,Xe xăng hiện tại vẫn còn tốt,Trợ giá của thành phố; Miễn lệ phí trước bạ; Trạm sạc tại chung cư/văn phòng,Dưới 15 triệu
RESP_0075,A,K3,online,1396,0,0,0,0,0,1,25-30,30,Nữ,Đại học,Nhân viên văn phòng,10 – dưới 15 triệu,Hầu như không dư,Dưới 10 km,1342,Không,"Phường Bến Thành, Quận 1","Phường 1, Quận 3",1,1,Vài lần mỗi tuần,Biết rõ,Chuyển sang xe máy điện,5,3,5,4,10,2,4,2,3,3,3,2,3,2,2,3,3,3,4,1,Phụ phí LEZ,5,Xe xăng hiện tại vẫn còn tốt,Trợ giá của thành phố; Miễn lệ phí trước bạ; Trạm sạc tại chung cư/văn phòng,Từ 35 triệu trở lên
RESP_0076,B,K1,online,1262,0,0,0,0,0,1,25-30,30,Nữ,Trung cấp/Cao đẳng,Nhân viên văn phòng,7 – dưới 10 triệu,Dưới 1 triệu,10–20 km,473,Không,"Phường Thủ Thiêm, TP Thủ Đức","Phường Nguyễn Thái Bình, Quận 1",1,1,Hằng ngày,Biết rõ,Chuyển sang xe máy điện,3,3,4,3,6,4,4,4,3,4,4,3,4,2,3,4,3,3,2,1,Không bỏ qua đặc điểm nào,4,Xe xăng hiện tại vẫn còn tốt,Trợ giá của thành phố; Miễn lệ phí trước bạ; Trạm sạc tại chung cư/văn phòng,25 – dưới 35 triệu
RESP_0077,A,K2,online,1050,0,0,0,0,0,1,25-30,29,Nữ,Đại học,"Kinh doanh, bán hàng",7 – dưới 10 triệu,Dưới 1 triệu,Dưới 10 km,333,"Có, dễ dàng","Phường 14, Quận 3","Phường Cầu Ông Lãnh, Quận 1",1,1,Hầu như không,Có nghe qua,"Gửi xe ở rìa vùng rồi đi bộ, xe buýt hoặc metro vào trung tâm",4,3,5,3,6,3,3,3,5,3,4,4,3,3,3,3,2,2,4,1,Phụ phí LEZ,5,Xe xăng hiện tại vẫn còn tốt,Trợ giá của thành phố; Miễn lệ phí trước bạ; Trạm sạc tại chung cư/văn phòng,25 – dưới 35 triệu
RESP_0078,B,K3,online,1313,0,0,0,0,0,1,25-30,26,Nữ,Đại học,Kỹ thuật/sản xuất,15 – dưới 20 triệu,1 – dưới 3 triệu,10–20 km,1135,"Có, dễ dàng","Phường Bến Nghé, Quận 1","Phường Đa Kao, Quận 1",1,1,Hầu như không,Có nghe qua,Chuyển sang xe máy điện,5,4,5,4,8,2,2,2,1,2,1,3,3,2,3,4,3,3,2,1,Không bỏ qua đặc điểm nào,4,Xe xăng hiện tại vẫn còn tốt,Trợ giá của thành phố; Miễn lệ phí trước bạ; Trạm sạc tại chung cư/văn phòng,25 – dưới 35 triệu
RESP_0079,A,K1,online,1219,0,0,0,0,0,1,25-30,29,Nữ,Đại học,Nhân viên văn phòng,20 – dưới 30 triệu,3 – dưới 5 triệu,10–20 km,1020,Không,"Phường 14, Quận 3","Phường Cầu Kho, Quận 1",1,1,Hầu như không,Có nghe qua,Chuyển sang xe máy điện,4,4,4,4,7,2,3,3,3,2,2,2,3,3,4,2,3,2,2,1,Phụ phí LEZ,4,Xe xăng hiện tại vẫn còn tốt,Trợ giá của thành phố; Miễn lệ phí trước bạ; Trạm sạc tại chung cư/văn phòng,25 – dưới 35 triệu
RESP_0080,B,K2,online,1338,0,1,0,0,0,0,18-24,22,Nữ,Đại học,Kỹ thuật/sản xuất,7 – dưới 10 triệu,Dưới 1 triệu,Trên 40 km,1245,"Có, dễ dàng","Phường Nguyễn Cư Trinh, Quận 1","Phường Cô Giang, Quận 1",1,1,Vài lần mỗi tuần,Có nghe qua,Chuyển sang xe máy điện,3,4,4,3,9,3,3,3,2,2,2,3,3,3,3,3,3,3,3,1,Không bỏ qua đặc điểm nào,3,Xe xăng hiện tại vẫn còn tốt,Trợ giá của thành phố; Miễn lệ phí trước bạ; Trạm sạc tại chung cư/văn phòng,15 – dưới 25 triệu
RESP_0081,A,K3,online,1302,0,0,0,0,0,1,18-24,23,Nữ,Đại học,Kỹ thuật/sản xuất,7 – dưới 10 triệu,Dưới 1 triệu,10–20 km,481,"Có nhưng bị hạn chế (phí, giờ, chủ nhà/ban quản lý không cho)","Phường Nguyễn Thái Bình, Quận 1","Phường Nguyễn Cư Trinh, Quận 1",1,1,Vài lần mỗi tháng,Có nghe qua,Thay đổi nơi ở hoặc nơi làm việc,4,3,5,3,9,2,2,3,2,2,2,5,3,4,4,3,2,3,2,1,Phụ phí LEZ,4,Xe xăng hiện tại vẫn còn tốt,Trợ giá của thành phố; Miễn lệ phí trước bạ; Trạm sạc tại chung cư/văn phòng,Dưới 15 triệu
RESP_0082,B,K1,online,1390,0,0,0,0,0,1,18-24,21,Nữ,Đại học,Tự doanh/freelance,10 – dưới 15 triệu,3 – dưới 5 triệu,20–40 km,1457,Không,"Phường 11, Quận 3","Phường Cầu Kho, Quận 1",1,1,Hầu như không,Biết rõ,Chuyển hẳn sang giao thông công cộng,5,4,4,4,8,2,2,2,2,1,2,2,3,3,1,4,3,4,2,1,Phụ phí LEZ,4,Xe xăng hiện tại vẫn còn tốt,Trợ giá của thành phố; Miễn lệ phí trước bạ; Trạm sạc tại chung cư/văn phòng,25 – dưới 35 triệu
RESP_0083,A,K2,online,1280,0,0,0,0,0,1,18-24,21,Nữ,Sau đại học,"Tài xế công nghệ, giao hàng",15 – dưới 20 triệu,3 – dưới 5 triệu,10–20 km,1053,"Có nhưng bị hạn chế (phí, giờ, chủ nhà/ban quản lý không cho)","Phường 12, Quận 3","Phường 9, Quận 3",1,1,Vài lần mỗi tháng,Biết rõ,Không bị ảnh hưởng,4,4,4,4,10,3,3,3,4,4,3,3,2,2,2,3,4,3,3,1,Không bỏ qua đặc điểm nào,5,Xe xăng hiện tại vẫn còn tốt,Trợ giá của thành phố; Miễn lệ phí trước bạ; Trạm sạc tại chung cư/văn phòng,25 – dưới 35 triệu
RESP_0084,B,K3,online,955,0,0,0,0,0,1,18-24,18,Khác/Không muốn trả lời,Đại học,Sinh viên có việc làm,15 – dưới 20 triệu,1 – dưới 3 triệu,10–20 km,300,"Có, dễ dàng","Phường Nguyễn Thái Bình, Quận 1","Phường 5, Quận 3",1,1,Vài lần mỗi tháng,Có nghe qua,Chuyển hẳn sang giao thông công cộng,4,4,5,3,7,3,3,1,2,2,2,4,3,4,4,3,3,3,3,1,Phụ phí LEZ,5,Xe xăng hiện tại vẫn còn tốt,Trợ giá của thành phố; Miễn lệ phí trước bạ; Trạm sạc tại chung cư/văn phòng,15 – dưới 25 triệu
RESP_0085,A,K1,online,1234,0,0,0,0,0,1,25-30,29,Nữ,Đại học,"Kinh doanh, bán hàng",15 – dưới 20 triệu,1 – dưới 3 triệu,20–40 km,1219,"Có, dễ dàng","Phường Bến Nghé, Quận 1","Phường Nguyễn Thái Bình, Quận 1",1,1,Hằng ngày,Biết rõ,Thay đổi nơi ở hoặc nơi làm việc,3,4,4,3,7,3,3,3,3,2,3,3,4,3,4,2,3,4,2,1,Không bỏ qua đặc điểm nào,5,Xe xăng hiện tại vẫn còn tốt,Trợ giá của thành phố; Miễn lệ phí trước bạ; Trạm sạc tại chung cư/văn phòng,Từ 35 triệu trở lên
RESP_0086,B,K2,online,1400,0,0,0,0,0,1,25-30,27,Nam,Đại học,Tự doanh/freelance,7 – dưới 10 triệu,Từ 5 triệu trở lên,20–40 km,623,Không,"Phường Đa Kao, Quận 1","Phường 1, Quận 3",1,1,Vài lần mỗi tháng,Chưa biết,Chấp nhận nộp phụ phí và tiếp tục đi xe xăng,4,4,4,4,6,3,3,3,3,4,3,3,3,3,3,3,4,3,4,1,Phụ phí LEZ,4,Xe xăng hiện tại vẫn còn tốt,Trợ giá của thành phố; Miễn lệ phí trước bạ; Trạm sạc tại chung cư/văn phòng,Dưới 15 triệu
RESP_0087,A,K3,online,1190,0,0,0,0,0,1,25-30,27,Nam,Trung cấp/Cao đẳng,"Tài xế công nghệ, giao hàng",10 – dưới 15 triệu,3 – dưới 5 triệu,10–20 km,1016,"Có, dễ dàng","Phường Đa Kao, Quận 1","Phường 2, Quận 3",1,1,Hầu như không,Có nghe qua,"Gửi xe ở rìa vùng rồi đi bộ, xe buýt hoặc metro vào trung tâm",4,3,5,3,8,4,3,3,3,3,2,3,3,3,4,3,3,3,3,1,Phụ phí LEZ,4,Xe xăng hiện tại vẫn còn tốt,Trợ giá của thành phố; Miễn lệ phí trước bạ; Trạm sạc tại chung cư/văn phòng,15 – dưới 25 triệu
RESP_0088,B,K1,online,1000,0,0,0,0,0,1,25-30,30,Nữ,Đại học,Nhân viên văn phòng,10 – dưới 15 triệu,1 – dưới 3 triệu,20–40 km,1322,"Có nhưng bị hạn chế (phí, giờ, chủ nhà/ban quản lý không cho)","Phường Bến Thành, Quận 1","Phường Cầu Kho, Quận 1",1,1,Vài lần mỗi tháng,Biết rõ,Chuyển hẳn sang giao thông công cộng,5,4,4,4,8,2,3,3,2,3,2,3,1,2,1,4,3,2,2,1,Không bỏ qua đặc điểm nào,5,Xe xăng hiện tại vẫn còn tốt,Trợ giá của thành phố; Miễn lệ phí trước bạ; Trạm sạc tại chung cư/văn phòng,Từ 35 triệu trở lên
RESP_0089,A,K2,online,1327,0,0,0,0,0,1,25-30,27,Nữ,Đại học,Sinh viên có việc làm,7 – dưới 10 triệu,Dưới 1 triệu,10–20 km,1200,"Có nhưng bị hạn chế (phí, giờ, chủ nhà/ban quản lý không cho)","Phường An Khánh, TP Thủ Đức","Phường Cầu Ông Lãnh, Quận 1",1,1,Vài lần mỗi tháng,Có nghe qua,Không bị ảnh hưởng,4,2,3,3,7,3,2,2,3,2,2,3,4,4,3,2,3,3,3,1,Phụ phí LEZ,4,Xe xăng hiện tại vẫn còn tốt,Trợ giá của thành phố; Miễn lệ phí trước bạ; Trạm sạc tại chung cư/văn phòng,15 – dưới 25 triệu
RESP_0090,B,K3,online,962,1,0,0,0,0,0,18-24,24,Nam,Đại học,Nhân viên văn phòng,7 – dưới 10 triệu,Dưới 1 triệu,10–20 km,1291,Không,"Phường 11, Quận 3","Phường 3, Quận 3",1,1,Vài lần mỗi tháng,Chưa biết,Không bị ảnh hưởng,4,3,5,3,7,2,2,2,3,3,3,3,3,2,2,3,4,2,3,0,Không bỏ qua đặc điểm nào,4,Xe xăng hiện tại vẫn còn tốt,Trợ giá của thành phố; Miễn lệ phí trước bạ; Trạm sạc tại chung cư/văn phòng,25 – dưới 35 triệu
RESP_0091,A,K1,online,1312,0,0,0,0,0,1,18-24,19,Nam,Đại học,Tự doanh/freelance,10 – dưới 15 triệu,1 – dưới 3 triệu,10–20 km,566,"Có, dễ dàng","Phường Nguyễn Cư Trinh, Quận 1","Phường 3, Quận 3",1,1,Vài lần mỗi tuần,Chưa biết,Chuyển hẳn sang giao thông công cộng,3,3,2,3,9,2,4,4,4,3,4,4,3,3,4,3,3,2,3,1,Không bỏ qua đặc điểm nào,5,Xe xăng hiện tại vẫn còn tốt,Trợ giá của thành phố; Miễn lệ phí trước bạ; Trạm sạc tại chung cư/văn phòng,Từ 35 triệu trở lên
RESP_0092,B,K2,online,1418,0,0,0,0,0,1,18-24,18,Nữ,Đại học,Kỹ thuật/sản xuất,15 – dưới 20 triệu,3 – dưới 5 triệu,20–40 km,1499,"Có nhưng bị hạn chế (phí, giờ, chủ nhà/ban quản lý không cho)","Phường Nguyễn Cư Trinh, Quận 1","Phường Cầu Kho, Quận 1",1,1,Vài lần mỗi tuần,Có nghe qua,Chuyển sang xe máy điện,3,5,5,4,10,1,1,1,2,1,1,3,3,3,4,3,3,3,3,1,Không bỏ qua đặc điểm nào,5,Xe xăng hiện tại vẫn còn tốt,Trợ giá của thành phố; Miễn lệ phí trước bạ; Trạm sạc tại chung cư/văn phòng,Dưới 15 triệu
RESP_0093,A,K3,online,1400,0,0,0,0,0,1,18-24,24,Nam,Trung cấp/Cao đẳng,Sinh viên có việc làm,20 – dưới 30 triệu,3 – dưới 5 triệu,10–20 km,474,Không,"Phường Bến Nghé, Quận 1","Phường 9, Quận 3",1,1,Hầu như không,Có nghe qua,Chuyển sang xe máy điện,4,4,4,4,7,3,4,3,2,4,4,2,3,2,3,4,3,2,4,1,Không bỏ qua đặc điểm nào,5,Xe xăng hiện tại vẫn còn tốt,Trợ giá của thành phố; Miễn lệ phí trước bạ; Trạm sạc tại chung cư/văn phòng,25 – dưới 35 triệu
RESP_0094,B,K1,online,1429,0,0,0,0,0,1,18-24,19,Nam,Sau đại học,Khác,7 – dưới 10 triệu,3 – dưới 5 triệu,Dưới 10 km,974,"Có nhưng bị hạn chế (phí, giờ, chủ nhà/ban quản lý không cho)","Phường Cô Giang, Quận 1","Phường 14, Quận 3",1,1,Vài lần mỗi tuần,Có nghe qua,Thay đổi nơi ở hoặc nơi làm việc,3,3,4,4,9,2,2,3,2,3,2,4,3,5,3,3,4,5,2,1,Không bỏ qua đặc điểm nào,5,Xe xăng hiện tại vẫn còn tốt,Trợ giá của thành phố; Miễn lệ phí trước bạ; Trạm sạc tại chung cư/văn phòng,15 – dưới 25 triệu
RESP_0095,A,K2,online,1209,0,0,0,0,0,1,25-30,29,Nữ,Đại học,"Kinh doanh, bán hàng",15 – dưới 20 triệu,1 – dưới 3 triệu,Dưới 10 km,451,"Có nhưng bị hạn chế (phí, giờ, chủ nhà/ban quản lý không cho)","Phường Cầu Ông Lãnh, Quận 1","Phường Nguyễn Thái Bình, Quận 1",1,1,Vài lần mỗi tháng,Có nghe qua,Không bị ảnh hưởng,4,4,3,3,7,3,2,1,1,2,2,3,3,4,3,4,2,3,2,1,Không bỏ qua đặc điểm nào,5,Xe xăng hiện tại vẫn còn tốt,Trợ giá của thành phố; Miễn lệ phí trước bạ; Trạm sạc tại chung cư/văn phòng,Dưới 15 triệu
RESP_0096,B,K3,online,1125,0,0,0,0,0,1,25-30,30,Nam,Đại học,Nhân viên văn phòng,15 – dưới 20 triệu,1 – dưới 3 triệu,20–40 km,730,"Có, dễ dàng","Phường 2, Quận 3","Phường Cầu Kho, Quận 1",1,1,Hằng ngày,Biết rõ,Thay đổi nơi ở hoặc nơi làm việc,4,5,4,3,7,3,4,2,3,3,2,1,2,2,3,4,3,2,3,1,Không bỏ qua đặc điểm nào,4,Xe xăng hiện tại vẫn còn tốt,Trợ giá của thành phố; Miễn lệ phí trước bạ; Trạm sạc tại chung cư/văn phòng,15 – dưới 25 triệu
RESP_0097,A,K1,online,1363,0,0,0,0,0,1,25-30,29,Nam,Trung cấp/Cao đẳng,Kỹ thuật/sản xuất,15 – dưới 20 triệu,3 – dưới 5 triệu,20–40 km,1161,"Có, dễ dàng","Phường Bến Thành, Quận 1","Phường 12, Quận 3",1,1,Hằng ngày,Có nghe qua,Chuyển sang xe máy điện,4,3,3,4,7,5,5,4,5,4,3,3,1,2,2,3,3,4,2,1,Không bỏ qua đặc điểm nào,3,Xe xăng hiện tại vẫn còn tốt,Trợ giá của thành phố; Miễn lệ phí trước bạ; Trạm sạc tại chung cư/văn phòng,15 – dưới 25 triệu
RESP_0098,B,K2,online,1430,0,0,0,0,0,1,25-30,28,Nữ,Đại học,"Tài xế công nghệ, giao hàng",7 – dưới 10 triệu,3 – dưới 5 triệu,Dưới 10 km,1059,"Có, dễ dàng","Phường 5, Quận 3","Phường Cô Giang, Quận 1",1,1,Vài lần mỗi tuần,Biết rõ,Chuyển hẳn sang giao thông công cộng,3,2,4,3,8,4,4,3,4,4,4,5,5,5,3,2,3,4,5,1,Không bỏ qua đặc điểm nào,5,Xe xăng hiện tại vẫn còn tốt,Trợ giá của thành phố; Miễn lệ phí trước bạ; Trạm sạc tại chung cư/văn phòng,15 – dưới 25 triệu
RESP_0099,A,K3,online,1110,0,0,0,0,0,1,25-30,26,Nữ,Đại học,Sinh viên có việc làm,10 – dưới 15 triệu,1 – dưới 3 triệu,10–20 km,1045,"Có nhưng bị hạn chế (phí, giờ, chủ nhà/ban quản lý không cho)","Phường 1, Quận 3","Phường 1, Quận 3",1,1,Vài lần mỗi tuần,Biết rõ,"Gửi xe ở rìa vùng rồi đi bộ, xe buýt hoặc metro vào trung tâm",3,3,3,3,8,3,2,2,3,2,3,3,4,5,3,3,3,2,4,1,Không bỏ qua đặc điểm nào,5,Xe xăng hiện tại vẫn còn tốt,Trợ giá của thành phố; Miễn lệ phí trước bạ; Trạm sạc tại chung cư/văn phòng,25 – dưới 35 triệu
RESP_0100,B,K1,online,1384,0,0,0,0,0,1,18-24,18,Nữ,Đại học,Khác,7 – dưới 10 triệu,Dưới 1 triệu,Trên 40 km,298,"Có nhưng bị hạn chế (phí, giờ, chủ nhà/ban quản lý không cho)","Phường Đa Kao, Quận 1","Phường Bến Thành, Quận 1",1,1,Vài lần mỗi tuần,Có nghe qua,Chuyển sang xe máy điện,5,3,3,3,7,4,2,4,3,3,4,3,3,3,3,2,4,1,3,1,Phụ phí LEZ,5,Xe xăng hiện tại vẫn còn tốt,Trợ giá của thành phố; Miễn lệ phí trước bạ; Trạm sạc tại chung cư/văn phòng,15 – dưới 25 triệu
RESP_0101,A,K2,online,1102,0,0,0,0,0,1,18-24,18,Nữ,Đại học,Nhân viên văn phòng,15 – dưới 20 triệu,3 – dưới 5 triệu,10–20 km,384,"Có nhưng bị hạn chế (phí, giờ, chủ nhà/ban quản lý không cho)","Phường 1, Quận 3","Phường 5, Quận 3",1,1,Vài lần mỗi tháng,Chưa biết,Chuyển sang xe máy điện,3,3,4,3,6,3,2,3,1,2,3,3,4,4,3,4,3,3,3,1,Phụ phí LEZ,3,Xe xăng hiện tại vẫn còn tốt,Trợ giá của thành phố; Miễn lệ phí trước bạ; Trạm sạc tại chung cư/văn phòng,25 – dưới 35 triệu
RESP_0102,B,K3,online,1060,0,0,0,0,0,1,18-24,20,Nam,Đại học,"Kinh doanh, bán hàng",15 – dưới 20 triệu,Từ 5 triệu trở lên,10–20 km,1348,"Có, dễ dàng","Phường Thủ Thiêm, TP Thủ Đức","Phường Nguyễn Cư Trinh, Quận 1",1,1,Hằng ngày,Có nghe qua,Chuyển sang xe máy điện,5,4,5,3,10,3,3,3,3,2,2,3,3,3,2,3,2,2,2,1,Không bỏ qua đặc điểm nào,5,Xe xăng hiện tại vẫn còn tốt,Trợ giá của thành phố; Miễn lệ phí trước bạ; Trạm sạc tại chung cư/văn phòng,15 – dưới 25 triệu
RESP_0103,A,K1,online,1285,0,0,0,0,0,1,18-24,20,Nam,Đại học,Nhân viên văn phòng,7 – dưới 10 triệu,Dưới 1 triệu,10–20 km,1298,Không,"Phường Nguyễn Cư Trinh, Quận 1","Phường Đa Kao, Quận 1",1,1,Hầu như không,Có nghe qua,Chuyển sang xe máy điện,3,3,4,4,9,3,4,3,3,4,3,3,3,4,3,3,3,4,3,1,Không bỏ qua đặc điểm nào,4,Xe xăng hiện tại vẫn còn tốt,Trợ giá của thành phố; Miễn lệ phí trước bạ; Trạm sạc tại chung cư/văn phòng,Dưới 15 triệu
RESP_0104,B,K2,online,1355,0,0,0,0,0,1,18-24,23,Nữ,Trung cấp/Cao đẳng,Tự doanh/freelance,7 – dưới 10 triệu,Dưới 1 triệu,10–20 km,961,Không,"Phường Cô Giang, Quận 1","Phường An Khánh, TP Thủ Đức",1,1,Vài lần mỗi tuần,Có nghe qua,Chuyển hẳn sang giao thông công cộng,3,3,4,3,8,3,2,3,3,3,2,3,3,4,3,3,3,3,3,1,Phụ phí LEZ,4,Xe xăng hiện tại vẫn còn tốt,Trợ giá của thành phố; Miễn lệ phí trước bạ; Trạm sạc tại chung cư/văn phòng,15 – dưới 25 triệu
RESP_0105,A,K3,online,994,0,0,0,0,0,1,25-30,29,Nữ,Đại học,Nhân viên văn phòng,10 – dưới 15 triệu,Hầu như không dư,20–40 km,307,Không biết,"Phường 5, Quận 3","Phường Cầu Kho, Quận 1",1,1,Vài lần mỗi tháng,Có nghe qua,Chấp nhận nộp phụ phí và tiếp tục đi xe xăng,4,3,4,3,8,2,2,2,2,2,2,4,3,4,4,3,2,4,2,1,Không bỏ qua đặc điểm nào,5,Xe xăng hiện tại vẫn còn tốt,Trợ giá của thành phố; Miễn lệ phí trước bạ; Trạm sạc tại chung cư/văn phòng,15 – dưới 25 triệu
RESP_0106,B,K1,online,1090,0,0,0,0,0,1,25-30,26,Nữ,Trung cấp/Cao đẳng,"Kinh doanh, bán hàng",15 – dưới 20 triệu,3 – dưới 5 triệu,20–40 km,572,"Có, dễ dàng","Phường 11, Quận 3","Phường Tân Định, Quận 1",1,1,Vài lần mỗi tháng,Biết rõ,Chuyển hẳn sang giao thông công cộng,3,4,4,4,9,1,1,2,3,1,1,4,3,2,3,3,2,2,3,1,Phụ phí LEZ,5,Xe xăng hiện tại vẫn còn tốt,Trợ giá của thành phố; Miễn lệ phí trước bạ; Trạm sạc tại chung cư/văn phòng,25 – dưới 35 triệu
RESP_0107,A,K2,online,1168,0,0,0,1,0,1,25-30,30,Nam,Đại học,Nhân viên văn phòng,10 – dưới 15 triệu,1 – dưới 3 triệu,10–20 km,734,"Có, dễ dàng","Phường 12, Quận 3","Phường 14, Quận 3",1,1,Vài lần mỗi tháng,Biết rõ,Thay đổi nơi ở hoặc nơi làm việc,3,5,4,4,8,3,3,3,3,3,3,3,3,3,3,2,4,2,3,1,Phụ phí LEZ,3,Xe xăng hiện tại vẫn còn tốt,Trợ giá của thành phố; Miễn lệ phí trước bạ; Trạm sạc tại chung cư/văn phòng,15 – dưới 25 triệu
RESP_0108,B,K3,online,1354,0,0,0,0,0,1,25-30,27,Nữ,Trung cấp/Cao đẳng,Nhân viên văn phòng,10 – dưới 15 triệu,3 – dưới 5 triệu,Dưới 10 km,632,"Có, dễ dàng","Phường Bến Nghé, Quận 1","Phường 1, Quận 3",1,1,Vài lần mỗi tuần,Có nghe qua,"Gửi xe ở rìa vùng rồi đi bộ, xe buýt hoặc metro vào trung tâm",4,4,4,4,9,4,3,4,4,4,4,3,4,3,3,3,3,2,3,1,Không bỏ qua đặc điểm nào,4,Xe xăng hiện tại vẫn còn tốt,Trợ giá của thành phố; Miễn lệ phí trước bạ; Trạm sạc tại chung cư/văn phòng,25 – dưới 35 triệu
RESP_0109,A,K1,online,1331,0,0,0,0,0,1,25-30,28,Nam,Đại học,Tự doanh/freelance,10 – dưới 15 triệu,Hầu như không dư,10–20 km,1036,"Có, dễ dàng","Phường Nguyễn Thái Bình, Quận 1","Phường Bến Thành, Quận 1",1,1,Hầu như không,Biết rõ,Chuyển sang xe máy điện,3,3,4,4,8,3,2,3,3,2,2,3,3,3,3,3,2,3,4,1,Không bỏ qua đặc điểm nào,3,Xe xăng hiện tại vẫn còn tốt,Trợ giá của thành phố; Miễn lệ phí trước bạ; Trạm sạc tại chung cư/văn phòng,25 – dưới 35 triệu
RESP_0110,B,K2,online,1266,0,0,0,0,0,1,18-24,22,Nam,THPT trở xuống,Nhân viên văn phòng,20 – dưới 30 triệu,3 – dưới 5 triệu,20–40 km,1254,"Có, dễ dàng","Phường 14, Quận 3","Phường Tân Định, Quận 1",1,1,Vài lần mỗi tuần,Có nghe qua,Thay đổi nơi ở hoặc nơi làm việc,3,3,3,4,8,3,3,3,2,2,2,3,4,3,4,2,4,3,5,1,Không bỏ qua đặc điểm nào,5,Xe xăng hiện tại vẫn còn tốt,Trợ giá của thành phố; Miễn lệ phí trước bạ; Trạm sạc tại chung cư/văn phòng,25 – dưới 35 triệu
RESP_0111,A,K3,online,1068,0,0,0,0,0,1,18-24,21,Nữ,Đại học,Nhân viên văn phòng,7 – dưới 10 triệu,1 – dưới 3 triệu,10–20 km,329,Không,"Phường An Khánh, TP Thủ Đức","Phường 14, Quận 3",1,1,Vài lần mỗi tháng,Biết rõ,"Gửi xe ở rìa vùng rồi đi bộ, xe buýt hoặc metro vào trung tâm",3,1,4,3,5,5,4,4,5,5,4,3,3,3,3,3,3,2,3,1,Không bỏ qua đặc điểm nào,3,Xe xăng hiện tại vẫn còn tốt,Trợ giá của thành phố; Miễn lệ phí trước bạ; Trạm sạc tại chung cư/văn phòng,15 – dưới 25 triệu
RESP_0112,B,K1,online,1139,0,0,0,0,0,1,18-24,20,Nữ,Trung cấp/Cao đẳng,"Tài xế công nghệ, giao hàng",10 – dưới 15 triệu,1 – dưới 3 triệu,Dưới 10 km,1262,"Có nhưng bị hạn chế (phí, giờ, chủ nhà/ban quản lý không cho)","Phường 12, Quận 3","Phường 1, Quận 3",1,1,Hầu như không,Chưa biết,Chấp nhận nộp phụ phí và tiếp tục đi xe xăng,4,4,4,5,8,4,3,4,1,2,4,4,3,2,3,3,3,3,3,1,Phụ phí LEZ,4,Xe xăng hiện tại vẫn còn tốt,Trợ giá của thành phố; Miễn lệ phí trước bạ; Trạm sạc tại chung cư/văn phòng,Dưới 15 triệu
RESP_0113,A,K2,online,1208,0,0,0,0,0,1,18-24,19,Nữ,Trung cấp/Cao đẳng,Nhân viên văn phòng,7 – dưới 10 triệu,Hầu như không dư,Trên 40 km,816,Không biết,"Phường 14, Quận 3","Phường Bến Nghé, Quận 1",1,1,Vài lần mỗi tuần,Có nghe qua,Thay đổi nơi ở hoặc nơi làm việc,4,3,3,4,6,3,4,3,3,4,4,3,4,4,2,3,2,4,3,1,Không bỏ qua đặc điểm nào,4,Xe xăng hiện tại vẫn còn tốt,Trợ giá của thành phố; Miễn lệ phí trước bạ; Trạm sạc tại chung cư/văn phòng,15 – dưới 25 triệu
RESP_0114,B,K3,online,1451,0,0,0,0,0,1,18-24,19,Nam,THPT trở xuống,Kỹ thuật/sản xuất,10 – dưới 15 triệu,3 – dưới 5 triệu,Trên 40 km,1373,"Có nhưng bị hạn chế (phí, giờ, chủ nhà/ban quản lý không cho)","Phường Cô Giang, Quận 1","Phường Nguyễn Thái Bình, Quận 1",1,1,Vài lần mỗi tuần,Biết rõ,Chuyển sang xe máy điện,4,2,2,3,6,4,2,3,3,2,2,5,4,4,4,3,5,2,3,1,Phụ phí LEZ,3,Xe xăng hiện tại vẫn còn tốt,Trợ giá của thành phố; Miễn lệ phí trước bạ; Trạm sạc tại chung cư/văn phòng,Dưới 15 triệu
RESP_0115,A,K1,online,1033,0,0,0,0,0,1,25-30,29,Nữ,Đại học,Nhân viên văn phòng,10 – dưới 15 triệu,Hầu như không dư,Dưới 10 km,784,"Có, dễ dàng","Phường Cô Giang, Quận 1","Phường Đa Kao, Quận 1",1,1,Hầu như không,Có nghe qua,Thay đổi nơi ở hoặc nơi làm việc,3,3,4,2,7,4,4,3,4,4,3,4,4,5,4,4,3,3,3,1,Không bỏ qua đặc điểm nào,5,Xe xăng hiện tại vẫn còn tốt,Trợ giá của thành phố; Miễn lệ phí trước bạ; Trạm sạc tại chung cư/văn phòng,15 – dưới 25 triệu
RESP_0116,B,K2,online,1184,0,0,0,0,0,1,25-30,30,Nữ,Đại học,Nhân viên văn phòng,7 – dưới 10 triệu,Dưới 1 triệu,20–40 km,854,Không,"Phường 11, Quận 3","Phường 14, Quận 3",1,1,Vài lần mỗi tuần,Có nghe qua,Chuyển sang xe máy điện,3,4,4,4,6,4,4,3,3,3,3,4,3,4,5,3,3,4,2,1,Không bỏ qua đặc điểm nào,4,Xe xăng hiện tại vẫn còn tốt,Trợ giá của thành phố; Miễn lệ phí trước bạ; Trạm sạc tại chung cư/văn phòng,Dưới 15 triệu
RESP_0117,A,K3,online,1231,0,0,0,0,0,1,25-30,28,Nữ,Đại học,Tự doanh/freelance,15 – dưới 20 triệu,1 – dưới 3 triệu,20–40 km,256,Không,"Phường An Khánh, TP Thủ Đức","Phường Nguyễn Cư Trinh, Quận 1",1,1,Vài lần mỗi tháng,Có nghe qua,Chuyển sang xe máy điện,3,4,3,3,7,3,3,2,3,3,3,3,3,3,3,3,4,3,4,1,Không bỏ qua đặc điểm nào,5,Xe xăng hiện tại vẫn còn tốt,Trợ giá của thành phố; Miễn lệ phí trước bạ; Trạm sạc tại chung cư/văn phòng,Từ 35 triệu trở lên
RESP_0118,B,K1,online,1390,0,0,0,0,0,1,25-30,30,Nữ,Sau đại học,Kỹ thuật/sản xuất,10 – dưới 15 triệu,3 – dưới 5 triệu,20–40 km,1381,"Có nhưng bị hạn chế (phí, giờ, chủ nhà/ban quản lý không cho)","Phường Võ Thị Sáu, Quận 3","Phường An Khánh, TP Thủ Đức",1,1,Vài lần mỗi tuần,Chưa biết,"Gửi xe ở rìa vùng rồi đi bộ, xe buýt hoặc metro vào trung tâm",4,3,5,4,9,3,3,3,3,2,2,3,3,3,3,3,2,3,4,1,Không bỏ qua đặc điểm nào,3,Xe xăng hiện tại vẫn còn tốt,Trợ giá của thành phố; Miễn lệ phí trước bạ; Trạm sạc tại chung cư/văn phòng,25 – dưới 35 triệu
RESP_0119,A,K2,online,1453,0,0,0,0,0,1,25-30,25,Nữ,Đại học,Nhân viên văn phòng,10 – dưới 15 triệu,Hầu như không dư,Dưới 10 km,908,"Có, dễ dàng","Phường 4, Quận 3","Phường Đa Kao, Quận 1",1,1,Vài lần mỗi tuần,Có nghe qua,Thay đổi nơi ở hoặc nơi làm việc,4,3,4,3,10,3,4,3,4,5,3,3,2,3,3,3,3,3,2,1,Không bỏ qua đặc điểm nào,5,Xe xăng hiện tại vẫn còn tốt,Trợ giá của thành phố; Miễn lệ phí trước bạ; Trạm sạc tại chung cư/văn phòng,25 – dưới 35 triệu
RESP_0120,B,K3,online,389,0,0,1,0,0,0,18-24,24,Nữ,Đại học,Kỹ thuật/sản xuất,15 – dưới 20 triệu,3 – dưới 5 triệu,20–40 km,902,"Có nhưng bị hạn chế (phí, giờ, chủ nhà/ban quản lý không cho)","Phường 1, Quận 3","Phường Nguyễn Thái Bình, Quận 1",1,1,Vài lần mỗi tháng,Có nghe qua,Chấp nhận nộp phụ phí và tiếp tục đi xe xăng,4,3,5,5,9,3,2,1,2,1,2,3,3,3,2,3,4,3,4,1,Không bỏ qua đặc điểm nào,4,Xe xăng hiện tại vẫn còn tốt,Trợ giá của thành phố; Miễn lệ phí trước bạ; Trạm sạc tại chung cư/văn phòng,15 – dưới 25 triệu
RESP_0121,A,K1,online,1149,0,0,0,0,0,1,18-24,23,Nữ,Trung cấp/Cao đẳng,Nhân viên văn phòng,7 – dưới 10 triệu,Hầu như không dư,10–20 km,1049,"Có, dễ dàng","Phường Võ Thị Sáu, Quận 3","Phường 1, Quận 3",1,1,Vài lần mỗi tuần,Có nghe qua,Chuyển sang xe máy điện,3,3,4,3,9,3,4,4,4,4,3,3,3,4,4,2,3,1,4,1,Không bỏ qua đặc điểm nào,5,Xe xăng hiện tại vẫn còn tốt,Trợ giá của thành phố; Miễn lệ phí trước bạ; Trạm sạc tại chung cư/văn phòng,25 – dưới 35 triệu
RESP_0122,B,K2,online,1274,0,0,0,0,0,1,18-24,21,Nữ,Đại học,Tự doanh/freelance,15 – dưới 20 triệu,Hầu như không dư,10–20 km,1303,"Có nhưng bị hạn chế (phí, giờ, chủ nhà/ban quản lý không cho)","Phường 2, Quận 3","Phường 3, Quận 3",1,1,Hầu như không,Biết rõ,Chuyển sang xe máy điện,4,3,5,3,8,3,3,3,4,3,3,2,3,2,2,2,4,4,3,1,Không bỏ qua đặc điểm nào,5,Xe xăng hiện tại vẫn còn tốt,Trợ giá của thành phố; Miễn lệ phí trước bạ; Trạm sạc tại chung cư/văn phòng,15 – dưới 25 triệu
RESP_0123,A,K3,online,1169,0,0,0,0,0,1,18-24,21,Nam,Đại học,Nhân viên văn phòng,10 – dưới 15 triệu,1 – dưới 3 triệu,20–40 km,316,"Có, dễ dàng","Phường Võ Thị Sáu, Quận 3","Phường Cầu Kho, Quận 1",1,1,Vài lần mỗi tháng,Có nghe qua,Chuyển hẳn sang giao thông công cộng,4,3,5,4,10,2,2,2,2,2,2,3,2,2,2,4,3,2,4,1,Phụ phí LEZ,4,Xe xăng hiện tại vẫn còn tốt,Trợ giá của thành phố; Miễn lệ phí trước bạ; Trạm sạc tại chung cư/văn phòng,15 – dưới 25 triệu
RESP_0124,B,K1,online,1067,0,0,0,0,0,1,18-24,20,Nam,Đại học,Nhân viên văn phòng,10 – dưới 15 triệu,3 – dưới 5 triệu,10–20 km,960,Không,"Phường Đa Kao, Quận 1","Phường Nguyễn Cư Trinh, Quận 1",1,1,Vài lần mỗi tuần,Có nghe qua,Không bị ảnh hưởng,3,4,3,3,5,4,4,3,5,3,4,4,2,2,3,4,4,2,3,1,Phụ phí LEZ,5,Xe xăng hiện tại vẫn còn tốt,Trợ giá của thành phố; Miễn lệ phí trước bạ; Trạm sạc tại chung cư/văn phòng,15 – dưới 25 triệu
RESP_0125,A,K2,online,1383,0,0,0,0,0,1,25-30,25,Nam,Đại học,Nhân viên văn phòng,7 – dưới 10 triệu,1 – dưới 3 triệu,10–20 km,375,"Có nhưng bị hạn chế (phí, giờ, chủ nhà/ban quản lý không cho)","Phường Cầu Kho, Quận 1","Phường 4, Quận 3",1,1,Vài lần mỗi tháng,Có nghe qua,"Gửi xe ở rìa vùng rồi đi bộ, xe buýt hoặc metro vào trung tâm",3,3,3,3,6,4,3,5,4,4,4,4,4,3,5,3,4,2,3,1,Không bỏ qua đặc điểm nào,5,Xe xăng hiện tại vẫn còn tốt,Trợ giá của thành phố; Miễn lệ phí trước bạ; Trạm sạc tại chung cư/văn phòng,Dưới 15 triệu
RESP_0126,B,K3,online,1491,0,0,0,0,0,1,25-30,25,Nam,Đại học,"Kinh doanh, bán hàng",15 – dưới 20 triệu,3 – dưới 5 triệu,10–20 km,1207,"Có, dễ dàng","Phường Phạm Ngũ Lão, Quận 1","Phường Bến Thành, Quận 1",1,1,Hầu như không,Có nghe qua,Chuyển hẳn sang giao thông công cộng,5,5,4,4,9,2,1,2,1,1,1,2,2,3,2,4,2,4,2,1,Không bỏ qua đặc điểm nào,4,Xe xăng hiện tại vẫn còn tốt,Trợ giá của thành phố; Miễn lệ phí trước bạ; Trạm sạc tại chung cư/văn phòng,Dưới 15 triệu
RESP_0127,A,K1,online,1179,0,0,0,0,0,1,25-30,26,Nam,Trung cấp/Cao đẳng,"Kinh doanh, bán hàng",7 – dưới 10 triệu,1 – dưới 3 triệu,Dưới 10 km,1273,"Có nhưng bị hạn chế (phí, giờ, chủ nhà/ban quản lý không cho)","Phường 14, Quận 3","Phường Phạm Ngũ Lão, Quận 1",1,1,Vài lần mỗi tuần,Có nghe qua,"Gửi xe ở rìa vùng rồi đi bộ, xe buýt hoặc metro vào trung tâm",3,4,3,4,6,3,3,3,4,3,4,3,2,3,3,4,3,3,3,1,Phụ phí LEZ,5,Xe xăng hiện tại vẫn còn tốt,Trợ giá của thành phố; Miễn lệ phí trước bạ; Trạm sạc tại chung cư/văn phòng,Dưới 15 triệu
RESP_0128,B,K2,online,1355,0,0,0,0,0,1,25-30,28,Nam,THPT trở xuống,Tự doanh/freelance,10 – dưới 15 triệu,3 – dưới 5 triệu,20–40 km,509,Không,"Phường Võ Thị Sáu, Quận 3","Phường 12, Quận 3",1,1,Vài lần mỗi tháng,Có nghe qua,Chuyển sang xe máy điện,5,4,4,4,10,1,2,2,2,1,2,2,3,3,3,3,2,4,2,1,Không bỏ qua đặc điểm nào,4,Xe xăng hiện tại vẫn còn tốt,Trợ giá của thành phố; Miễn lệ phí trước bạ; Trạm sạc tại chung cư/văn phòng,25 – dưới 35 triệu
RESP_0129,A,K3,online,1355,0,0,0,0,0,1,25-30,29,Nữ,Trung cấp/Cao đẳng,Nhân viên văn phòng,10 – dưới 15 triệu,1 – dưới 3 triệu,10–20 km,608,"Có, dễ dàng","Phường Đa Kao, Quận 1","Phường 5, Quận 3",1,1,Vài lần mỗi tháng,Chưa biết,Chấp nhận nộp phụ phí và tiếp tục đi xe xăng,3,4,4,4,10,3,3,3,2,3,2,3,3,4,3,3,3,2,3,1,Không bỏ qua đặc điểm nào,5,Xe xăng hiện tại vẫn còn tốt,Trợ giá của thành phố; Miễn lệ phí trước bạ; Trạm sạc tại chung cư/văn phòng,15 – dưới 25 triệu
RESP_0130,B,K1,online,1497,0,0,0,0,0,1,18-24,19,Nữ,Đại học,"Kinh doanh, bán hàng",7 – dưới 10 triệu,1 – dưới 3 triệu,Trên 40 km,915,Không,"Phường 11, Quận 3","Phường Cô Giang, Quận 1",1,1,Vài lần mỗi tháng,Chưa biết,Chuyển sang xe máy điện,4,3,3,4,7,3,2,2,3,4,3,4,4,4,4,3,3,4,2,1,Phụ phí LEZ,5,Xe xăng hiện tại vẫn còn tốt,Trợ giá của thành phố; Miễn lệ phí trước bạ; Trạm sạc tại chung cư/văn phòng,Từ 35 triệu trở lên
RESP_0131,A,K2,online,997,0,0,0,0,0,1,18-24,24,Nam,THPT trở xuống,Tự doanh/freelance,20 – dưới 30 triệu,Dưới 1 triệu,10–20 km,424,"Có nhưng bị hạn chế (phí, giờ, chủ nhà/ban quản lý không cho)","Phường Bến Thành, Quận 1","Phường 9, Quận 3",1,1,Vài lần mỗi tháng,Có nghe qua,Chấp nhận nộp phụ phí và tiếp tục đi xe xăng,4,4,4,4,7,4,3,3,3,3,1,4,3,3,3,3,3,3,3,1,Phụ phí LEZ,5,Xe xăng hiện tại vẫn còn tốt,Trợ giá của thành phố; Miễn lệ phí trước bạ; Trạm sạc tại chung cư/văn phòng,15 – dưới 25 triệu
RESP_0132,B,K3,online,1358,0,0,0,0,0,1,18-24,19,Nam,Đại học,"Kinh doanh, bán hàng",20 – dưới 30 triệu,1 – dưới 3 triệu,Dưới 10 km,1227,"Có, dễ dàng","Phường 14, Quận 3","Phường Cầu Kho, Quận 1",1,1,Vài lần mỗi tháng,Chưa biết,Không bị ảnh hưởng,3,4,5,3,8,2,3,3,4,4,4,4,4,2,4,3,3,3,3,1,Không bỏ qua đặc điểm nào,4,Xe xăng hiện tại vẫn còn tốt,Trợ giá của thành phố; Miễn lệ phí trước bạ; Trạm sạc tại chung cư/văn phòng,15 – dưới 25 triệu
RESP_0133,A,K1,online,1465,0,0,0,0,0,1,18-24,24,Nam,Đại học,Nhân viên văn phòng,15 – dưới 20 triệu,3 – dưới 5 triệu,10–20 km,564,"Có, dễ dàng","Phường 12, Quận 3","Phường An Khánh, TP Thủ Đức",1,1,Vài lần mỗi tuần,Biết rõ,Chuyển sang xe máy điện,4,4,4,3,8,2,3,3,3,2,3,3,3,3,3,2,2,5,2,1,Không bỏ qua đặc điểm nào,4,Xe xăng hiện tại vẫn còn tốt,Trợ giá của thành phố; Miễn lệ phí trước bạ; Trạm sạc tại chung cư/văn phòng,Dưới 15 triệu
RESP_0134,B,K2,online,1317,0,0,0,0,0,1,18-24,21,Nữ,THPT trở xuống,Nhân viên văn phòng,15 – dưới 20 triệu,1 – dưới 3 triệu,20–40 km,384,"Có, dễ dàng","Phường 3, Quận 3","Phường Tân Định, Quận 1",1,1,Hằng ngày,Có nghe qua,Không bị ảnh hưởng,3,4,4,5,7,2,3,3,2,4,3,2,2,5,2,2,4,4,2,1,Không bỏ qua đặc điểm nào,5,Xe xăng hiện tại vẫn còn tốt,Trợ giá của thành phố; Miễn lệ phí trước bạ; Trạm sạc tại chung cư/văn phòng,25 – dưới 35 triệu
RESP_0135,A,K3,online,1019,1,0,0,0,0,0,25-30,28,Nam,Đại học,Nhân viên văn phòng,7 – dưới 10 triệu,3 – dưới 5 triệu,10–20 km,1059,"Có, dễ dàng","Phường Nguyễn Thái Bình, Quận 1","Phường 4, Quận 3",1,1,Vài lần mỗi tuần,Chưa biết,Chấp nhận nộp phụ phí và tiếp tục đi xe xăng,4,4,4,3,7,3,3,3,3,3,3,3,2,3,4,3,3,3,2,0,Phụ phí LEZ,4,Xe xăng hiện tại vẫn còn tốt,Trợ giá của thành phố; Miễn lệ phí trước bạ; Trạm sạc tại chung cư/văn phòng,25 – dưới 35 triệu
RESP_0136,B,K1,online,1203,0,0,0,0,0,1,25-30,29,Nam,Đại học,Nhân viên văn phòng,7 – dưới 10 triệu,Dưới 1 triệu,20–40 km,955,Không,"Phường Võ Thị Sáu, Quận 3","Phường Nguyễn Thái Bình, Quận 1",1,1,Hằng ngày,Có nghe qua,"Gửi xe ở rìa vùng rồi đi bộ, xe buýt hoặc metro vào trung tâm",4,4,3,3,5,3,3,3,1,3,2,4,3,4,3,3,3,3,3,1,Không bỏ qua đặc điểm nào,4,Xe xăng hiện tại vẫn còn tốt,Trợ giá của thành phố; Miễn lệ phí trước bạ; Trạm sạc tại chung cư/văn phòng,25 – dưới 35 triệu
RESP_0137,A,K2,online,1464,0,0,0,0,0,1,25-30,29,Nam,Đại học,Sinh viên có việc làm,20 – dưới 30 triệu,Hầu như không dư,Dưới 10 km,999,Không,"Phường 11, Quận 3","Phường 9, Quận 3",1,1,Vài lần mỗi tháng,Có nghe qua,Chấp nhận nộp phụ phí và tiếp tục đi xe xăng,3,3,4,3,9,1,2,2,2,2,1,2,2,3,4,2,4,3,3,1,Phụ phí LEZ,5,Xe xăng hiện tại vẫn còn tốt,Trợ giá của thành phố; Miễn lệ phí trước bạ; Trạm sạc tại chung cư/văn phòng,25 – dưới 35 triệu
RESP_0138,B,K3,online,1172,0,0,0,0,0,1,25-30,28,Nam,Đại học,Nhân viên văn phòng,7 – dưới 10 triệu,Dưới 1 triệu,Dưới 10 km,376,"Có nhưng bị hạn chế (phí, giờ, chủ nhà/ban quản lý không cho)","Phường Bến Thành, Quận 1","Phường Thủ Thiêm, TP Thủ Đức",1,1,Vài lần mỗi tuần,Chưa biết,Thay đổi nơi ở hoặc nơi làm việc,3,3,3,4,7,4,4,3,3,3,4,2,2,3,3,3,4,3,2,1,Không bỏ qua đặc điểm nào,5,Xe xăng hiện tại vẫn còn tốt,Trợ giá của thành phố; Miễn lệ phí trước bạ; Trạm sạc tại chung cư/văn phòng,15 – dưới 25 triệu
RESP_0139,A,K1,online,1074,0,0,0,0,0,1,25-30,27,Nam,Trung cấp/Cao đẳng,"Kinh doanh, bán hàng",10 – dưới 15 triệu,3 – dưới 5 triệu,20–40 km,627,"Có, dễ dàng","Phường 2, Quận 3","Phường 3, Quận 3",1,1,Hầu như không,Biết rõ,Không bị ảnh hưởng,4,2,4,3,6,4,3,4,3,4,4,3,3,3,3,3,3,2,3,1,Không bỏ qua đặc điểm nào,4,Xe xăng hiện tại vẫn còn tốt,Trợ giá của thành phố; Miễn lệ phí trước bạ; Trạm sạc tại chung cư/văn phòng,15 – dưới 25 triệu
RESP_0140,B,K2,online,1041,0,0,0,0,0,1,18-24,19,Nam,Trung cấp/Cao đẳng,Tự doanh/freelance,7 – dưới 10 triệu,Dưới 1 triệu,20–40 km,1434,"Có nhưng bị hạn chế (phí, giờ, chủ nhà/ban quản lý không cho)","Phường Đa Kao, Quận 1","Phường Nguyễn Thái Bình, Quận 1",1,1,Hầu như không,Biết rõ,Chuyển sang xe máy điện,2,1,4,2,5,5,4,4,4,3,4,3,4,3,3,2,3,2,2,1,Phụ phí LEZ,3,Xe xăng hiện tại vẫn còn tốt,Trợ giá của thành phố; Miễn lệ phí trước bạ; Trạm sạc tại chung cư/văn phòng,Từ 35 triệu trở lên
RESP_0141,A,K3,online,1314,0,0,0,0,0,1,18-24,24,Nữ,Trung cấp/Cao đẳng,"Kinh doanh, bán hàng",7 – dưới 10 triệu,1 – dưới 3 triệu,10–20 km,1312,"Có, dễ dàng","Phường Tân Định, Quận 1","Phường Thủ Thiêm, TP Thủ Đức",1,1,Vài lần mỗi tuần,Có nghe qua,Chuyển sang xe máy điện,4,4,4,3,7,3,3,3,3,3,3,4,2,4,4,3,4,3,4,1,Không bỏ qua đặc điểm nào,4,Xe xăng hiện tại vẫn còn tốt,Trợ giá của thành phố; Miễn lệ phí trước bạ; Trạm sạc tại chung cư/văn phòng,Dưới 15 triệu
RESP_0142,B,K1,online,1019,0,0,0,0,0,1,18-24,19,Nữ,Trung cấp/Cao đẳng,Nhân viên văn phòng,7 – dưới 10 triệu,1 – dưới 3 triệu,20–40 km,1126,Không,"Phường 2, Quận 3","Phường Bến Nghé, Quận 1",1,1,Vài lần mỗi tháng,Có nghe qua,Chấp nhận nộp phụ phí và tiếp tục đi xe xăng,4,4,4,4,7,4,3,3,2,2,2,2,3,3,4,3,3,3,3,1,Không bỏ qua đặc điểm nào,4,Xe xăng hiện tại vẫn còn tốt,Trợ giá của thành phố; Miễn lệ phí trước bạ; Trạm sạc tại chung cư/văn phòng,Dưới 15 triệu
RESP_0143,A,K2,online,1120,0,0,0,0,0,1,18-24,19,Nam,Đại học,Nhân viên văn phòng,7 – dưới 10 triệu,Dưới 1 triệu,Dưới 10 km,988,Không,"Phường Cô Giang, Quận 1","Phường Cô Giang, Quận 1",1,1,Hầu như không,Biết rõ,Chuyển hẳn sang giao thông công cộng,4,5,4,4,8,2,3,3,3,1,3,4,3,2,3,3,2,3,3,1,Không bỏ qua đặc điểm nào,5,Xe xăng hiện tại vẫn còn tốt,Trợ giá của thành phố; Miễn lệ phí trước bạ; Trạm sạc tại chung cư/văn phòng,15 – dưới 25 triệu
RESP_0144,B,K3,online,1133,0,0,0,0,0,1,18-24,20,Nữ,Trung cấp/Cao đẳng,"Kinh doanh, bán hàng",10 – dưới 15 triệu,Dưới 1 triệu,10–20 km,875,Không,"Phường An Khánh, TP Thủ Đức","Phường Bến Nghé, Quận 1",1,1,Hầu như không,Có nghe qua,Chuyển hẳn sang giao thông công cộng,5,4,5,4,10,1,2,2,1,1,2,2,2,3,4,3,4,4,3,1,Phụ phí LEZ,5,Xe xăng hiện tại vẫn còn tốt,Trợ giá của thành phố; Miễn lệ phí trước bạ; Trạm sạc tại chung cư/văn phòng,15 – dưới 25 triệu
RESP_0145,A,K1,online,1369,0,0,0,0,0,1,25-30,26,Nam,Trung cấp/Cao đẳng,"Kinh doanh, bán hàng",7 – dưới 10 triệu,1 – dưới 3 triệu,Trên 40 km,965,Không,"Phường 5, Quận 3","Phường Võ Thị Sáu, Quận 3",1,1,Vài lần mỗi tuần,Biết rõ,"Gửi xe ở rìa vùng rồi đi bộ, xe buýt hoặc metro vào trung tâm",4,5,4,3,10,2,3,2,3,4,3,2,2,2,2,3,2,2,3,1,Phụ phí LEZ,4,Xe xăng hiện tại vẫn còn tốt,Trợ giá của thành phố; Miễn lệ phí trước bạ; Trạm sạc tại chung cư/văn phòng,15 – dưới 25 triệu
RESP_0146,B,K2,online,1349,0,0,0,0,0,1,25-30,28,Nam,Đại học,Kỹ thuật/sản xuất,20 – dưới 30 triệu,Hầu như không dư,10–20 km,767,"Có, dễ dàng","Phường Cầu Ông Lãnh, Quận 1","Phường Nguyễn Thái Bình, Quận 1",1,1,Hầu như không,Chưa biết,Chuyển hẳn sang giao thông công cộng,3,3,3,3,8,2,3,3,3,2,5,4,4,5,3,4,3,4,3,1,Phụ phí LEZ,4,Xe xăng hiện tại vẫn còn tốt,Trợ giá của thành phố; Miễn lệ phí trước bạ; Trạm sạc tại chung cư/văn phòng,15 – dưới 25 triệu
RESP_0147,A,K3,online,998,0,0,0,0,0,1,25-30,28,Nam,Trung cấp/Cao đẳng,Nhân viên văn phòng,15 – dưới 20 triệu,Từ 5 triệu trở lên,10–20 km,543,"Có nhưng bị hạn chế (phí, giờ, chủ nhà/ban quản lý không cho)","Phường 5, Quận 3","Phường 9, Quận 3",1,1,Hầu như không,Có nghe qua,"Gửi xe ở rìa vùng rồi đi bộ, xe buýt hoặc metro vào trung tâm",4,4,4,4,10,2,3,2,3,2,3,3,3,3,3,3,3,4,4,1,Phụ phí LEZ,5,Xe xăng hiện tại vẫn còn tốt,Trợ giá của thành phố; Miễn lệ phí trước bạ; Trạm sạc tại chung cư/văn phòng,25 – dưới 35 triệu
RESP_0148,B,K1,online,1306,0,0,0,0,0,1,25-30,29,Nữ,THPT trở xuống,Nhân viên văn phòng,7 – dưới 10 triệu,1 – dưới 3 triệu,10–20 km,284,"Có nhưng bị hạn chế (phí, giờ, chủ nhà/ban quản lý không cho)","Phường Nguyễn Thái Bình, Quận 1","Phường An Khánh, TP Thủ Đức",1,1,Vài lần mỗi tuần,Biết rõ,Chấp nhận nộp phụ phí và tiếp tục đi xe xăng,4,4,4,4,10,2,2,2,1,2,2,3,3,2,3,3,3,2,5,1,Không bỏ qua đặc điểm nào,4,Xe xăng hiện tại vẫn còn tốt,Trợ giá của thành phố; Miễn lệ phí trước bạ; Trạm sạc tại chung cư/văn phòng,15 – dưới 25 triệu
RESP_0149,A,K2,online,1390,0,0,0,0,0,1,25-30,27,Nam,Đại học,Nhân viên văn phòng,7 – dưới 10 triệu,1 – dưới 3 triệu,20–40 km,1278,Không,"Phường Bến Thành, Quận 1","Phường Tân Định, Quận 1",1,1,Vài lần mỗi tháng,Chưa biết,Chuyển sang xe máy điện,4,3,3,3,8,2,4,4,3,2,3,3,3,3,4,3,2,2,2,1,Phụ phí LEZ,4,Xe xăng hiện tại vẫn còn tốt,Trợ giá của thành phố; Miễn lệ phí trước bạ; Trạm sạc tại chung cư/văn phòng,25 – dưới 35 triệu
RESP_0150,B,K3,online,1046,0,0,0,0,0,1,18-24,24,Nữ,Đại học,Tự doanh/freelance,10 – dưới 15 triệu,3 – dưới 5 triệu,10–20 km,652,"Có, dễ dàng","Phường 4, Quận 3","Phường 12, Quận 3",1,1,Hằng ngày,Chưa biết,Chấp nhận nộp phụ phí và tiếp tục đi xe xăng,4,4,4,4,10,2,3,3,3,2,3,2,1,2,3,2,3,2,3,1,Không bỏ qua đặc điểm nào,4,Xe xăng hiện tại vẫn còn tốt,Trợ giá của thành phố; Miễn lệ phí trước bạ; Trạm sạc tại chung cư/văn phòng,15 – dưới 25 triệu
RESP_0151,A,K1,online,1063,0,0,0,0,0,1,18-24,21,Nữ,Đại học,Nhân viên văn phòng,10 – dưới 15 triệu,1 – dưới 3 triệu,Dưới 10 km,748,"Có, dễ dàng","Xã Phước Kiển, Huyện Nhà Bè","Phường Bến Nghé, Quận 1",0,1,Hầu như không,Có nghe qua,Chuyển hẳn sang giao thông công cộng,3,3,4,3,6,4,4,4,3,3,4,5,4,3,5,4,2,4,1,1,Không bỏ qua đặc điểm nào,5,Xe xăng hiện tại vẫn còn tốt,Trợ giá của thành phố; Miễn lệ phí trước bạ; Trạm sạc tại chung cư/văn phòng,Dưới 15 triệu
RESP_0152,B,K2,online,1173,0,0,0,0,0,1,18-24,24,Nữ,Trung cấp/Cao đẳng,Nhân viên văn phòng,7 – dưới 10 triệu,1 – dưới 3 triệu,10–20 km,662,"Có, dễ dàng","Phường 2, Quận Bình Thạnh","Phường Nguyễn Cư Trinh, Quận 1",0,1,Vài lần mỗi tuần,Chưa biết,Chuyển sang xe máy điện,4,3,3,3,6,3,3,4,4,4,5,4,5,3,3,3,3,2,5,1,Phụ phí LEZ,5,Xe xăng hiện tại vẫn còn tốt,Trợ giá của thành phố; Miễn lệ phí trước bạ; Trạm sạc tại chung cư/văn phòng,25 – dưới 35 triệu
RESP_0153,A,K3,online,1092,0,0,0,0,0,1,18-24,19,Nam,Đại học,Nhân viên văn phòng,7 – dưới 10 triệu,3 – dưới 5 triệu,20–40 km,561,Không biết,"Phường 2, Quận Phú Nhuận","Phường 11, Quận 3",0,1,Vài lần mỗi tháng,Chưa biết,Chuyển sang xe máy điện,3,2,4,2,6,5,4,5,4,5,4,4,4,3,4,3,3,2,2,1,Không bỏ qua đặc điểm nào,4,Xe xăng hiện tại vẫn còn tốt,Trợ giá của thành phố; Miễn lệ phí trước bạ; Trạm sạc tại chung cư/văn phòng,Từ 35 triệu trở lên
RESP_0154,B,K1,online,1393,0,0,0,0,0,1,18-24,18,Nữ,Đại học,Kỹ thuật/sản xuất,Từ 30 triệu trở lên,3 – dưới 5 triệu,20–40 km,802,Không,"Phường 13, Quận 4","Phường 9, Quận 3",0,1,Vài lần mỗi tháng,Biết rõ,Chuyển sang xe máy điện,4,4,3,3,9,5,3,4,4,3,4,4,3,4,2,2,2,4,3,1,Không bỏ qua đặc điểm nào,5,Xe xăng hiện tại vẫn còn tốt,Trợ giá của thành phố; Miễn lệ phí trước bạ; Trạm sạc tại chung cư/văn phòng,15 – dưới 25 triệu
RESP_0155,A,K2,online,1157,0,0,0,0,0,1,25-30,25,Nữ,Đại học,"Kinh doanh, bán hàng",7 – dưới 10 triệu,Từ 5 triệu trở lên,10–20 km,996,Không biết,"Phường 1, Quận Bình Thạnh","Phường Cầu Kho, Quận 1",0,1,Hầu như không,Có nghe qua,Chuyển sang xe máy điện,4,3,4,4,7,2,2,1,2,2,1,3,3,4,3,4,3,4,2,1,Không bỏ qua đặc điểm nào,5,Xe xăng hiện tại vẫn còn tốt,Trợ giá của thành phố; Miễn lệ phí trước bạ; Trạm sạc tại chung cư/văn phòng,15 – dưới 25 triệu
RESP_0156,B,K3,online,1050,0,0,0,0,0,1,25-30,28,Nữ,Đại học,"Kinh doanh, bán hàng",Từ 30 triệu trở lên,1 – dưới 3 triệu,20–40 km,723,"Có nhưng bị hạn chế (phí, giờ, chủ nhà/ban quản lý không cho)","Phường 11, Quận 5","Phường Nguyễn Thái Bình, Quận 1",0,1,Vài lần mỗi tháng,Biết rõ,Chuyển sang xe máy điện,3,3,4,4,9,3,2,3,3,2,3,3,4,3,3,3,2,4,3,1,Không bỏ qua đặc điểm nào,5,Xe xăng hiện tại vẫn còn tốt,Trợ giá của thành phố; Miễn lệ phí trước bạ; Trạm sạc tại chung cư/văn phòng,15 – dưới 25 triệu
RESP_0157,A,K1,online,1135,0,0,0,0,0,1,25-30,28,Nữ,Trung cấp/Cao đẳng,Nhân viên văn phòng,7 – dưới 10 triệu,1 – dưới 3 triệu,Dưới 10 km,302,Không,"Phường 15, Quận Bình Thạnh","Phường 9, Quận 3",0,1,Hầu như không,Có nghe qua,Chuyển sang xe máy điện,4,3,3,3,5,4,4,3,4,3,4,3,3,3,2,2,3,2,3,1,Phụ phí LEZ,5,Xe xăng hiện tại vẫn còn tốt,Trợ giá của thành phố; Miễn lệ phí trước bạ; Trạm sạc tại chung cư/văn phòng,15 – dưới 25 triệu
RESP_0158,B,K2,online,1457,0,0,0,0,0,1,25-30,26,Nam,Đại học,Khác,10 – dưới 15 triệu,1 – dưới 3 triệu,20–40 km,491,Không,"Phường 2, Quận Phú Nhuận","Phường 2, Quận 3",0,1,Vài lần mỗi tuần,Có nghe qua,Chấp nhận nộp phụ phí và tiếp tục đi xe xăng,3,3,4,4,7,3,4,3,3,2,3,2,2,3,3,4,2,4,2,1,Không bỏ qua đặc điểm nào,5,Xe xăng hiện tại vẫn còn tốt,Trợ giá của thành phố; Miễn lệ phí trước bạ; Trạm sạc tại chung cư/văn phòng,Dưới 15 triệu
RESP_0159,A,K3,online,1226,0,0,0,0,0,1,25-30,27,Nữ,Đại học,Sinh viên có việc làm,7 – dưới 10 triệu,Từ 5 triệu trở lên,Dưới 10 km,1060,"Có nhưng bị hạn chế (phí, giờ, chủ nhà/ban quản lý không cho)","Phường 2, Quận Phú Nhuận","Phường Cầu Ông Lãnh, Quận 1",0,1,Vài lần mỗi tháng,Biết rõ,"Gửi xe ở rìa vùng rồi đi bộ, xe buýt hoặc metro vào trung tâm",4,3,3,4,6,5,5,4,3,3,4,3,3,3,3,3,2,3,4,1,Không bỏ qua đặc điểm nào,4,Xe xăng hiện tại vẫn còn tốt,Trợ giá của thành phố; Miễn lệ phí trước bạ; Trạm sạc tại chung cư/văn phòng,Dưới 15 triệu
RESP_0160,B,K1,online,1241,0,1,0,0,0,0,18-24,23,Nữ,Sau đại học,Nhân viên văn phòng,15 – dưới 20 triệu,Từ 5 triệu trở lên,10–20 km,636,"Có nhưng bị hạn chế (phí, giờ, chủ nhà/ban quản lý không cho)","Phường 1, Quận 4","Phường Đa Kao, Quận 1",0,1,Vài lần mỗi tuần,Biết rõ,Không bị ảnh hưởng,4,3,4,4,6,3,2,3,2,3,3,3,4,2,4,4,3,3,3,1,Không bỏ qua đặc điểm nào,4,Xe xăng hiện tại vẫn còn tốt,Trợ giá của thành phố; Miễn lệ phí trước bạ; Trạm sạc tại chung cư/văn phòng,15 – dưới 25 triệu
RESP_0161,A,K2,online,1182,0,0,0,0,0,1,18-24,20,Nữ,THPT trở xuống,Nhân viên văn phòng,10 – dưới 15 triệu,1 – dưới 3 triệu,10–20 km,1266,"Có, dễ dàng","Phường 6, Quận 4","Phường 2, Quận 3",0,1,Vài lần mỗi tháng,Có nghe qua,Chuyển sang xe máy điện,4,4,4,4,9,3,3,3,3,3,3,2,3,2,3,3,4,3,3,1,Không bỏ qua đặc điểm nào,5,Xe xăng hiện tại vẫn còn tốt,Trợ giá của thành phố; Miễn lệ phí trước bạ; Trạm sạc tại chung cư/văn phòng,15 – dưới 25 triệu
RESP_0162,B,K3,online,1361,0,0,0,0,0,1,18-24,18,Nữ,Đại học,"Kinh doanh, bán hàng",10 – dưới 15 triệu,Dưới 1 triệu,20–40 km,345,"Có, dễ dàng","Phường 1, Quận Phú Nhuận","Phường 14, Quận 3",0,1,Vài lần mỗi tháng,Có nghe qua,Thay đổi nơi ở hoặc nơi làm việc,4,4,5,4,8,3,2,3,3,2,3,3,2,3,3,2,2,3,2,1,Phụ phí LEZ,4,Xe xăng hiện tại vẫn còn tốt,Trợ giá của thành phố; Miễn lệ phí trước bạ; Trạm sạc tại chung cư/văn phòng,25 – dưới 35 triệu
RESP_0163,A,K1,online,969,0,0,0,0,0,1,18-24,24,Nữ,Đại học,Nhân viên văn phòng,15 – dưới 20 triệu,1 – dưới 3 triệu,10–20 km,1169,Không,"Phường 1, Quận Bình Thạnh","Phường 9, Quận 3",0,1,Hầu như không,Có nghe qua,Chuyển sang xe máy điện,4,3,4,3,8,3,3,3,3,3,4,2,3,3,2,3,2,4,3,1,Không bỏ qua đặc điểm nào,3,Xe xăng hiện tại vẫn còn tốt,Trợ giá của thành phố; Miễn lệ phí trước bạ; Trạm sạc tại chung cư/văn phòng,15 – dưới 25 triệu
RESP_0164,B,K2,online,1414,0,0,0,0,0,1,18-24,20,Nữ,Đại học,Khác,7 – dưới 10 triệu,Dưới 1 triệu,10–20 km,561,Không biết,"Phường 2, Quận Bình Thạnh","Phường Nguyễn Thái Bình, Quận 1",0,1,Vài lần mỗi tháng,Có nghe qua,Thay đổi nơi ở hoặc nơi làm việc,4,5,5,4,10,3,2,2,2,2,1,3,3,3,4,2,3,2,4,1,Không bỏ qua đặc điểm nào,5,Xe xăng hiện tại vẫn còn tốt,Trợ giá của thành phố; Miễn lệ phí trước bạ; Trạm sạc tại chung cư/văn phòng,Từ 35 triệu trở lên
RESP_0165,A,K3,online,1273,0,0,0,0,0,1,25-30,26,Nữ,Đại học,Sinh viên có việc làm,15 – dưới 20 triệu,Từ 5 triệu trở lên,Dưới 10 km,1007,"Có nhưng bị hạn chế (phí, giờ, chủ nhà/ban quản lý không cho)","Phường 2, Quận Bình Thạnh","Phường Bến Nghé, Quận 1",0,1,Hầu như không,Có nghe qua,Chuyển sang xe máy điện,4,3,4,4,7,4,2,3,3,3,3,3,4,3,3,3,4,3,3,1,Không bỏ qua đặc điểm nào,4,Xe xăng hiện tại vẫn còn tốt,Trợ giá của thành phố; Miễn lệ phí trước bạ; Trạm sạc tại chung cư/văn phòng,Từ 35 triệu trở lên
RESP_0166,B,K1,online,1158,0,0,0,0,0,1,25-30,25,Nữ,Sau đại học,Khác,7 – dưới 10 triệu,Từ 5 triệu trở lên,Dưới 10 km,416,Không,"Phường An Phú, TP Thủ Đức","Phường An Khánh, TP Thủ Đức",0,1,Hầu như không,Có nghe qua,Chấp nhận nộp phụ phí và tiếp tục đi xe xăng,4,5,4,3,10,2,2,4,3,3,3,2,3,2,4,3,3,3,2,1,Phụ phí LEZ,5,Xe xăng hiện tại vẫn còn tốt,Trợ giá của thành phố; Miễn lệ phí trước bạ; Trạm sạc tại chung cư/văn phòng,25 – dưới 35 triệu
RESP_0167,A,K2,online,1154,0,0,0,0,0,1,25-30,27,Nam,Đại học,Tự doanh/freelance,20 – dưới 30 triệu,Hầu như không dư,10–20 km,349,"Có, dễ dàng","Phường Linh Trung, TP Thủ Đức","Phường 3, Quận 3",0,1,Hầu như không,Có nghe qua,Chuyển sang xe máy điện,4,3,4,3,9,2,2,3,3,3,3,3,4,3,3,3,3,3,3,1,Không bỏ qua đặc điểm nào,5,Xe xăng hiện tại vẫn còn tốt,Trợ giá của thành phố; Miễn lệ phí trước bạ; Trạm sạc tại chung cư/văn phòng,Từ 35 triệu trở lên
RESP_0168,B,K3,online,1140,0,0,0,0,0,1,25-30,27,Nam,Đại học,Nhân viên văn phòng,15 – dưới 20 triệu,Dưới 1 triệu,10–20 km,1207,"Có nhưng bị hạn chế (phí, giờ, chủ nhà/ban quản lý không cho)","Phường 5, Quận 5","Phường 5, Quận 3",0,1,Hầu như không,Chưa biết,Chuyển sang xe máy điện,4,5,4,5,8,2,3,3,2,2,3,2,2,2,2,3,3,3,3,1,Không bỏ qua đặc điểm nào,5,Xe xăng hiện tại vẫn còn tốt,Trợ giá của thành phố; Miễn lệ phí trước bạ; Trạm sạc tại chung cư/văn phòng,25 – dưới 35 triệu
RESP_0169,A,K1,online,1388,0,0,0,0,0,1,25-30,28,Nam,Trung cấp/Cao đẳng,Sinh viên có việc làm,10 – dưới 15 triệu,3 – dưới 5 triệu,Dưới 10 km,1065,"Có nhưng bị hạn chế (phí, giờ, chủ nhà/ban quản lý không cho)","Phường 1, Quận 5","Phường 9, Quận 3",0,1,Hầu như không,Chưa biết,Chuyển sang xe máy điện,4,3,4,3,8,3,3,3,2,3,2,4,3,3,4,3,3,3,2,1,Phụ phí LEZ,5,Xe xăng hiện tại vẫn còn tốt,Trợ giá của thành phố; Miễn lệ phí trước bạ; Trạm sạc tại chung cư/văn phòng,25 – dưới 35 triệu
RESP_0170,B,K2,online,1035,0,0,0,0,0,1,18-24,24,Nam,Đại học,Nhân viên văn phòng,10 – dưới 15 triệu,Từ 5 triệu trở lên,20–40 km,1428,"Có nhưng bị hạn chế (phí, giờ, chủ nhà/ban quản lý không cho)","Phường 1, Quận 10","Phường Tân Định, Quận 1",0,1,Vài lần mỗi tháng,Chưa biết,Chuyển hẳn sang giao thông công cộng,4,3,4,3,7,4,4,5,4,5,4,3,2,3,4,3,4,2,3,1,Không bỏ qua đặc điểm nào,3,Xe xăng hiện tại vẫn còn tốt,Trợ giá của thành phố; Miễn lệ phí trước bạ; Trạm sạc tại chung cư/văn phòng,15 – dưới 25 triệu
RESP_0171,A,K3,online,1093,0,0,0,0,0,1,18-24,19,Nam,Đại học,Kỹ thuật/sản xuất,7 – dưới 10 triệu,3 – dưới 5 triệu,10–20 km,1023,Không,"Phường Tây Thạnh, Quận Tân Phú","Phường Tân Định, Quận 1",0,1,Hằng ngày,Chưa biết,Chuyển sang xe máy điện,3,3,3,3,6,2,2,2,2,2,2,5,5,4,3,4,2,2,2,1,Không bỏ qua đặc điểm nào,4,Xe xăng hiện tại vẫn còn tốt,Trợ giá của thành phố; Miễn lệ phí trước bạ; Trạm sạc tại chung cư/văn phòng,15 – dưới 25 triệu
RESP_0172,B,K1,online,1467,0,0,0,0,0,1,18-24,24,Nữ,Đại học,"Kinh doanh, bán hàng",7 – dưới 10 triệu,3 – dưới 5 triệu,10–20 km,1164,"Có nhưng bị hạn chế (phí, giờ, chủ nhà/ban quản lý không cho)","Phường 1, Quận 4","Phường Cầu Kho, Quận 1",0,1,Vài lần mỗi tuần,Có nghe qua,"Gửi xe ở rìa vùng rồi đi bộ, xe buýt hoặc metro vào trung tâm",4,4,3,3,5,3,2,3,3,2,3,3,4,3,4,3,2,3,3,1,Không bỏ qua đặc điểm nào,5,Xe xăng hiện tại vẫn còn tốt,Trợ giá của thành phố; Miễn lệ phí trước bạ; Trạm sạc tại chung cư/văn phòng,15 – dưới 25 triệu
RESP_0173,A,K2,online,1434,0,0,0,0,0,1,18-24,22,Nam,Sau đại học,Nhân viên văn phòng,7 – dưới 10 triệu,1 – dưới 3 triệu,20–40 km,459,Không,"Phường 2, Quận Phú Nhuận","Phường Thủ Thiêm, TP Thủ Đức",0,1,Vài lần mỗi tuần,Chưa biết,Chuyển sang xe máy điện,5,4,3,3,7,2,2,3,2,1,2,4,4,3,4,3,4,3,4,1,Không bỏ qua đặc điểm nào,4,Xe xăng hiện tại vẫn còn tốt,Trợ giá của thành phố; Miễn lệ phí trước bạ; Trạm sạc tại chung cư/văn phòng,Dưới 15 triệu
RESP_0174,B,K3,online,982,0,0,0,0,0,1,18-24,23,Nam,Đại học,Nhân viên văn phòng,Từ 30 triệu trở lên,1 – dưới 3 triệu,Dưới 10 km,1079,"Có, dễ dàng","Phường 9, Quận Phú Nhuận","Phường Nguyễn Cư Trinh, Quận 1",0,1,Vài lần mỗi tuần,Biết rõ,Chuyển sang xe máy điện,3,3,3,3,9,5,4,3,4,4,4,3,3,3,3,5,2,4,2,1,Phụ phí LEZ,3,Xe xăng hiện tại vẫn còn tốt,Trợ giá của thành phố; Miễn lệ phí trước bạ; Trạm sạc tại chung cư/văn phòng,25 – dưới 35 triệu
RESP_0175,A,K1,online,1417,0,0,0,0,0,1,25-30,25,Nam,Đại học,Kỹ thuật/sản xuất,10 – dưới 15 triệu,1 – dưới 3 triệu,Dưới 10 km,266,"Có, dễ dàng","Phường 5, Quận 5","Phường Tân Định, Quận 1",0,1,Hầu như không,Có nghe qua,"Gửi xe ở rìa vùng rồi đi bộ, xe buýt hoặc metro vào trung tâm",3,3,4,3,6,3,3,3,3,3,3,3,4,2,4,3,3,3,3,1,Phụ phí LEZ,4,Xe xăng hiện tại vẫn còn tốt,Trợ giá của thành phố; Miễn lệ phí trước bạ; Trạm sạc tại chung cư/văn phòng,15 – dưới 25 triệu
RESP_0176,B,K2,online,1202,0,0,0,0,0,1,25-30,29,Nam,Đại học,Nhân viên văn phòng,10 – dưới 15 triệu,1 – dưới 3 triệu,Dưới 10 km,361,Không,"Phường Tân Mỹ, Quận 7","Phường Nguyễn Thái Bình, Quận 1",0,1,Vài lần mỗi tháng,Có nghe qua,Chuyển hẳn sang giao thông công cộng,5,4,5,5,10,2,2,2,1,2,2,3,2,2,3,3,4,3,3,1,Không bỏ qua đặc điểm nào,5,Xe xăng hiện tại vẫn còn tốt,Trợ giá của thành phố; Miễn lệ phí trước bạ; Trạm sạc tại chung cư/văn phòng,15 – dưới 25 triệu
RESP_0177,A,K3,online,1342,0,0,0,0,0,1,25-30,26,Nam,Sau đại học,Sinh viên có việc làm,10 – dưới 15 triệu,Dưới 1 triệu,20–40 km,1155,"Có, dễ dàng","Phường 5, Quận 5","Phường Thủ Thiêm, TP Thủ Đức",0,1,Vài lần mỗi tháng,Biết rõ,Chuyển hẳn sang giao thông công cộng,4,4,4,4,6,2,3,2,2,3,3,3,4,3,4,4,3,3,3,1,Phụ phí LEZ,5,Xe xăng hiện tại vẫn còn tốt,Trợ giá của thành phố; Miễn lệ phí trước bạ; Trạm sạc tại chung cư/văn phòng,25 – dưới 35 triệu
RESP_0178,B,K1,online,1339,0,0,0,0,0,1,25-30,28,Nam,Đại học,Kỹ thuật/sản xuất,15 – dưới 20 triệu,3 – dưới 5 triệu,Dưới 10 km,526,Không,"Phường Bình Trưng Đông, TP Thủ Đức","Phường 14, Quận 3",0,1,Vài lần mỗi tuần,Chưa biết,Thay đổi nơi ở hoặc nơi làm việc,4,4,5,3,7,3,4,4,3,3,3,4,2,4,4,2,4,3,3,1,Phụ phí LEZ,5,Xe xăng hiện tại vẫn còn tốt,Trợ giá của thành phố; Miễn lệ phí trước bạ; Trạm sạc tại chung cư/văn phòng,25 – dưới 35 triệu
RESP_0179,A,K2,online,1224,0,0,0,0,0,1,25-30,28,Nữ,Trung cấp/Cao đẳng,Nhân viên văn phòng,20 – dưới 30 triệu,Từ 5 triệu trở lên,10–20 km,370,"Có nhưng bị hạn chế (phí, giờ, chủ nhà/ban quản lý không cho)","Phường Bình Trưng Đông, TP Thủ Đức","Phường 9, Quận 3",0,1,Hầu như không,Biết rõ,"Gửi xe ở rìa vùng rồi đi bộ, xe buýt hoặc metro vào trung tâm",4,3,3,3,8,4,4,3,4,2,3,3,3,3,3,4,3,4,3,1,Phụ phí LEZ,3,Xe xăng hiện tại vẫn còn tốt,Trợ giá của thành phố; Miễn lệ phí trước bạ; Trạm sạc tại chung cư/văn phòng,15 – dưới 25 triệu
RESP_0180,B,K3,online,375,1,0,1,0,0,0,18-24,24,Nam,Sau đại học,"Kinh doanh, bán hàng",7 – dưới 10 triệu,Dưới 1 triệu,10–20 km,1362,"Có nhưng bị hạn chế (phí, giờ, chủ nhà/ban quản lý không cho)","Phường Tân Thuận Đông, Quận 7","Phường Cầu Kho, Quận 1",0,1,Vài lần mỗi tuần,Có nghe qua,"Gửi xe ở rìa vùng rồi đi bộ, xe buýt hoặc metro vào trung tâm",4,4,4,4,8,3,3,2,3,3,3,3,4,3,4,3,2,3,4,0,Phụ phí LEZ,3,Xe xăng hiện tại vẫn còn tốt,Trợ giá của thành phố; Miễn lệ phí trước bạ; Trạm sạc tại chung cư/văn phòng,25 – dưới 35 triệu
RESP_0181,A,K1,online,1189,0,0,0,0,0,1,18-24,21,Nam,Đại học,Nhân viên văn phòng,7 – dưới 10 triệu,Dưới 1 triệu,10–20 km,1487,"Có nhưng bị hạn chế (phí, giờ, chủ nhà/ban quản lý không cho)","Phường Linh Trung, TP Thủ Đức","Phường Bến Nghé, Quận 1",0,1,Hầu như không,Biết rõ,Chấp nhận nộp phụ phí và tiếp tục đi xe xăng,4,3,5,4,7,3,3,2,3,3,2,4,3,3,3,3,3,3,3,1,Không bỏ qua đặc điểm nào,4,Xe xăng hiện tại vẫn còn tốt,Trợ giá của thành phố; Miễn lệ phí trước bạ; Trạm sạc tại chung cư/văn phòng,15 – dưới 25 triệu
RESP_0182,B,K2,online,1351,0,0,0,0,0,1,18-24,21,Nữ,Đại học,Nhân viên văn phòng,10 – dưới 15 triệu,1 – dưới 3 triệu,10–20 km,951,"Có nhưng bị hạn chế (phí, giờ, chủ nhà/ban quản lý không cho)","Phường 11, Quận 5","Phường Nguyễn Cư Trinh, Quận 1",0,1,Hằng ngày,Biết rõ,Chuyển sang xe máy điện,4,3,5,4,9,2,3,3,4,3,3,3,3,3,2,4,2,4,2,1,Phụ phí LEZ,3,Xe xăng hiện tại vẫn còn tốt,Trợ giá của thành phố; Miễn lệ phí trước bạ; Trạm sạc tại chung cư/văn phòng,25 – dưới 35 triệu
RESP_0183,A,K3,online,1086,0,0,0,0,0,1,18-24,18,Khác/Không muốn trả lời,Đại học,Tự doanh/freelance,7 – dưới 10 triệu,Từ 5 triệu trở lên,20–40 km,1310,"Có, dễ dàng","Phường 6, Quận 4","Phường Cô Giang, Quận 1",0,1,Vài lần mỗi tháng,Biết rõ,Không bị ảnh hưởng,3,3,4,5,8,3,4,2,2,2,2,3,3,4,2,3,4,4,2,1,Không bỏ qua đặc điểm nào,4,Xe xăng hiện tại vẫn còn tốt,Trợ giá của thành phố; Miễn lệ phí trước bạ; Trạm sạc tại chung cư/văn phòng,Dưới 15 triệu
RESP_0184,B,K1,online,1163,0,0,0,0,0,1,18-24,21,Nam,Đại học,"Kinh doanh, bán hàng",15 – dưới 20 triệu,Dưới 1 triệu,10–20 km,638,"Có, dễ dàng","Thị trấn Tân Túc, Huyện Bình Chánh","Phường Cầu Kho, Quận 1",0,1,Vài lần mỗi tháng,Có nghe qua,"Gửi xe ở rìa vùng rồi đi bộ, xe buýt hoặc metro vào trung tâm",4,3,4,3,6,3,4,3,3,4,3,3,4,3,3,3,4,2,3,1,Phụ phí LEZ,4,Xe xăng hiện tại vẫn còn tốt,Trợ giá của thành phố; Miễn lệ phí trước bạ; Trạm sạc tại chung cư/văn phòng,Từ 35 triệu trở lên
RESP_0185,A,K2,online,1105,0,0,0,0,0,1,25-30,25,Nam,Đại học,Nhân viên văn phòng,20 – dưới 30 triệu,3 – dưới 5 triệu,Trên 40 km,1027,Không,"Phường Tân Phú, Quận 7","Phường Nguyễn Cư Trinh, Quận 1",0,1,Vài lần mỗi tuần,Có nghe qua,Không bị ảnh hưởng,3,3,4,3,6,3,3,3,3,4,4,4,4,4,4,2,3,3,4,1,Không bỏ qua đặc điểm nào,5,Xe xăng hiện tại vẫn còn tốt,Trợ giá của thành phố; Miễn lệ phí trước bạ; Trạm sạc tại chung cư/văn phòng,Từ 35 triệu trở lên
RESP_0186,B,K3,online,1260,0,0,0,0,0,1,25-30,25,Nữ,Đại học,Nhân viên văn phòng,15 – dưới 20 triệu,Từ 5 triệu trở lên,20–40 km,722,"Có, dễ dàng","Phường 6, Quận 4","Phường Cầu Kho, Quận 1",0,1,Vài lần mỗi tháng,Chưa biết,Chuyển hẳn sang giao thông công cộng,3,4,3,3,6,4,4,3,4,3,3,4,3,4,4,2,3,4,3,1,Phụ phí LEZ,4,Xe xăng hiện tại vẫn còn tốt,Trợ giá của thành phố; Miễn lệ phí trước bạ; Trạm sạc tại chung cư/văn phòng,15 – dưới 25 triệu
RESP_0187,A,K1,online,1407,0,0,0,0,0,1,25-30,29,Nam,Đại học,Nhân viên văn phòng,7 – dưới 10 triệu,Hầu như không dư,Trên 40 km,505,Không,"Phường Bình Trưng Đông, TP Thủ Đức","Phường 3, Quận 3",0,1,Vài lần mỗi tháng,Có nghe qua,Chuyển sang xe máy điện,2,2,4,3,5,3,4,4,3,4,4,3,3,4,4,2,5,2,3,1,Không bỏ qua đặc điểm nào,5,Xe xăng hiện tại vẫn còn tốt,Trợ giá của thành phố; Miễn lệ phí trước bạ; Trạm sạc tại chung cư/văn phòng,25 – dưới 35 triệu
RESP_0188,B,K2,online,1225,0,0,0,0,1,1,25-30,28,Nam,Sau đại học,Tự doanh/freelance,10 – dưới 15 triệu,Dưới 1 triệu,20–40 km,1193,"Có nhưng bị hạn chế (phí, giờ, chủ nhà/ban quản lý không cho)","Phường Tân Hưng Thuận, Quận 12","Phường 9, Quận 3",0,1,Hầu như không,Có nghe qua,Chuyển hẳn sang giao thông công cộng,3,3,3,3,6,3,4,2,3,2,3,3,5,4,3,4,4,3,3,1,Không bỏ qua đặc điểm nào,3,Xe xăng hiện tại vẫn còn tốt,Trợ giá của thành phố; Miễn lệ phí trước bạ; Trạm sạc tại chung cư/văn phòng,Dưới 15 triệu
RESP_0189,A,K3,online,1025,0,0,0,0,0,1,25-30,28,Nam,Trung cấp/Cao đẳng,"Tài xế công nghệ, giao hàng",10 – dưới 15 triệu,Dưới 1 triệu,10–20 km,537,Không,"Phường 5, Quận 5","Phường 9, Quận 3",0,1,Vài lần mỗi tháng,Có nghe qua,Chấp nhận nộp phụ phí và tiếp tục đi xe xăng,4,4,4,3,7,2,3,3,3,2,2,2,3,2,2,4,4,3,3,1,Không bỏ qua đặc điểm nào,3,Xe xăng hiện tại vẫn còn tốt,Trợ giá của thành phố; Miễn lệ phí trước bạ; Trạm sạc tại chung cư/văn phòng,15 – dưới 25 triệu
RESP_0190,B,K1,online,1359,0,0,0,0,0,1,18-24,24,Nam,Trung cấp/Cao đẳng,Kỹ thuật/sản xuất,15 – dưới 20 triệu,Hầu như không dư,Dưới 10 km,1302,Không,"Phường Tây Thạnh, Quận Tân Phú","Phường Bến Nghé, Quận 1",0,1,Vài lần mỗi tháng,Có nghe qua,Thay đổi nơi ở hoặc nơi làm việc,5,5,5,5,9,3,3,2,2,2,3,2,2,2,3,3,1,4,3,1,Không bỏ qua đặc điểm nào,5,Xe xăng hiện tại vẫn còn tốt,Trợ giá của thành phố; Miễn lệ phí trước bạ; Trạm sạc tại chung cư/văn phòng,Dưới 15 triệu
RESP_0191,A,K2,online,1172,0,0,0,0,0,1,18-24,22,Nam,Đại học,Nhân viên văn phòng,10 – dưới 15 triệu,Hầu như không dư,10–20 km,410,"Có, dễ dàng","Phường 13, Quận Tân Bình","Phường An Khánh, TP Thủ Đức",0,1,Vài lần mỗi tuần,Có nghe qua,Chuyển hẳn sang giao thông công cộng,4,4,5,4,7,1,2,1,1,1,2,3,3,3,2,3,2,4,3,1,Không bỏ qua đặc điểm nào,5,Xe xăng hiện tại vẫn còn tốt,Trợ giá của thành phố; Miễn lệ phí trước bạ; Trạm sạc tại chung cư/văn phòng,15 – dưới 25 triệu
RESP_0192,B,K3,online,1132,0,0,0,0,0,1,18-24,21,Nữ,Đại học,Kỹ thuật/sản xuất,10 – dưới 15 triệu,Dưới 1 triệu,Dưới 10 km,1254,"Có, dễ dàng","Phường 6, Quận 4","Phường 12, Quận 3",0,1,Vài lần mỗi tuần,Có nghe qua,Không bị ảnh hưởng,4,5,5,4,7,1,2,2,1,2,2,4,5,4,4,1,2,2,4,1,Phụ phí LEZ,4,Xe xăng hiện tại vẫn còn tốt,Trợ giá của thành phố; Miễn lệ phí trước bạ; Trạm sạc tại chung cư/văn phòng,Từ 35 triệu trở lên
RESP_0193,A,K1,online,1470,0,0,0,0,0,1,18-24,18,Nữ,Đại học,Kỹ thuật/sản xuất,7 – dưới 10 triệu,Hầu như không dư,20–40 km,1485,"Có, dễ dàng","Phường 5, Quận Gò Vấp","Phường Võ Thị Sáu, Quận 3",0,1,Vài lần mỗi tháng,Có nghe qua,Chuyển sang xe máy điện,3,3,5,3,7,2,2,5,3,2,2,3,3,2,2,2,5,3,3,1,Phụ phí LEZ,5,Xe xăng hiện tại vẫn còn tốt,Trợ giá của thành phố; Miễn lệ phí trước bạ; Trạm sạc tại chung cư/văn phòng,15 – dưới 25 triệu
RESP_0194,B,K2,online,1433,0,0,0,0,0,1,18-24,23,Nam,Đại học,Sinh viên có việc làm,10 – dưới 15 triệu,Dưới 1 triệu,10–20 km,724,"Có nhưng bị hạn chế (phí, giờ, chủ nhà/ban quản lý không cho)","Phường Tăng Nhơn Phú A, TP Thủ Đức","Phường 14, Quận 3",0,1,Vài lần mỗi tháng,Chưa biết,Chuyển hẳn sang giao thông công cộng,4,4,4,4,8,1,1,2,2,1,1,3,3,3,3,2,3,3,3,1,Không bỏ qua đặc điểm nào,4,Xe xăng hiện tại vẫn còn tốt,Trợ giá của thành phố; Miễn lệ phí trước bạ; Trạm sạc tại chung cư/văn phòng,15 – dưới 25 triệu
RESP_0195,A,K3,online,1023,0,0,0,0,0,1,25-30,25,Nữ,THPT trở xuống,Tự doanh/freelance,10 – dưới 15 triệu,Hầu như không dư,10–20 km,849,"Có, dễ dàng","Phường 22, Quận Bình Thạnh","Phường Nguyễn Cư Trinh, Quận 1",0,1,Vài lần mỗi tháng,Biết rõ,Không bị ảnh hưởng,5,5,5,5,8,3,2,2,2,2,1,3,3,4,3,3,3,3,4,1,Không bỏ qua đặc điểm nào,5,Xe xăng hiện tại vẫn còn tốt,Trợ giá của thành phố; Miễn lệ phí trước bạ; Trạm sạc tại chung cư/văn phòng,Dưới 15 triệu
RESP_0196,B,K1,online,1405,0,0,0,0,0,1,25-30,28,Nữ,Đại học,Kỹ thuật/sản xuất,20 – dưới 30 triệu,1 – dưới 3 triệu,10–20 km,1265,"Có, dễ dàng","Phường Tây Thạnh, Quận Tân Phú","Phường 2, Quận 3",0,1,Vài lần mỗi tuần,Có nghe qua,Chuyển hẳn sang giao thông công cộng,3,3,4,3,5,5,3,5,4,3,4,2,3,3,3,4,3,3,3,1,Phụ phí LEZ,5,Xe xăng hiện tại vẫn còn tốt,Trợ giá của thành phố; Miễn lệ phí trước bạ; Trạm sạc tại chung cư/văn phòng,25 – dưới 35 triệu
RESP_0197,A,K2,online,1285,0,0,0,0,0,1,25-30,25,Nam,Trung cấp/Cao đẳng,Nhân viên văn phòng,7 – dưới 10 triệu,3 – dưới 5 triệu,10–20 km,1115,Không,"Phường An Phú, TP Thủ Đức","Phường 1, Quận 3",0,1,Vài lần mỗi tháng,Có nghe qua,Chuyển sang xe máy điện,4,3,4,4,8,3,3,2,3,2,2,3,4,3,3,2,3,3,3,1,Phụ phí LEZ,5,Xe xăng hiện tại vẫn còn tốt,Trợ giá của thành phố; Miễn lệ phí trước bạ; Trạm sạc tại chung cư/văn phòng,25 – dưới 35 triệu
RESP_0198,B,K3,online,1072,0,0,0,0,0,1,25-30,27,Nam,Sau đại học,Nhân viên văn phòng,Từ 30 triệu trở lên,Dưới 1 triệu,10–20 km,421,"Có, dễ dàng","Phường Tân Mỹ, Quận 7","Phường 2, Quận 3",0,1,Hầu như không,Biết rõ,Chuyển sang xe máy điện,3,3,4,3,7,5,4,3,2,2,3,3,4,3,2,3,4,3,4,1,Không bỏ qua đặc điểm nào,5,Xe xăng hiện tại vẫn còn tốt,Trợ giá của thành phố; Miễn lệ phí trước bạ; Trạm sạc tại chung cư/văn phòng,15 – dưới 25 triệu
RESP_0199,A,K1,online,1340,0,0,0,0,0,1,25-30,25,Nam,THPT trở xuống,Tự doanh/freelance,15 – dưới 20 triệu,Dưới 1 triệu,10–20 km,865,Không,"Phường 1, Quận 4","Phường 5, Quận 3",0,1,Hằng ngày,Có nghe qua,Không bị ảnh hưởng,4,4,4,4,6,2,4,3,3,4,3,3,2,3,4,2,3,2,3,1,Không bỏ qua đặc điểm nào,5,Xe xăng hiện tại vẫn còn tốt,Trợ giá của thành phố; Miễn lệ phí trước bạ; Trạm sạc tại chung cư/văn phòng,15 – dưới 25 triệu
RESP_0200,B,K2,online,1388,0,0,0,0,0,1,18-24,21,Nữ,Đại học,Kỹ thuật/sản xuất,10 – dưới 15 triệu,1 – dưới 3 triệu,10–20 km,1232,Không biết,"Phường 6, Quận 4","Phường 14, Quận 3",0,1,Vài lần mỗi tháng,Có nghe qua,Chuyển sang xe máy điện,5,3,4,4,6,2,2,3,3,3,3,3,5,4,4,4,3,4,2,1,Không bỏ qua đặc điểm nào,3,Xe xăng hiện tại vẫn còn tốt,Trợ giá của thành phố; Miễn lệ phí trước bạ; Trạm sạc tại chung cư/văn phòng,15 – dưới 25 triệu
RESP_0201,A,K3,online,972,0,0,0,0,0,1,18-24,18,Nữ,Trung cấp/Cao đẳng,Kỹ thuật/sản xuất,Từ 30 triệu trở lên,1 – dưới 3 triệu,20–40 km,564,Không,"Phường Tân Phú, Quận 7","Phường Bến Thành, Quận 1",0,1,Hầu như không,Biết rõ,Không bị ảnh hưởng,3,4,4,4,8,2,3,2,3,3,2,3,4,3,3,3,2,3,2,1,Không bỏ qua đặc điểm nào,5,Xe xăng hiện tại vẫn còn tốt,Trợ giá của thành phố; Miễn lệ phí trước bạ; Trạm sạc tại chung cư/văn phòng,25 – dưới 35 triệu
RESP_0202,B,K1,online,1048,0,0,0,0,0,1,18-24,23,Nam,Trung cấp/Cao đẳng,Nhân viên văn phòng,7 – dưới 10 triệu,1 – dưới 3 triệu,20–40 km,1442,Không,"Phường Tân Mỹ, Quận 7","Phường 9, Quận 3",0,1,Vài lần mỗi tuần,Có nghe qua,"Gửi xe ở rìa vùng rồi đi bộ, xe buýt hoặc metro vào trung tâm",4,4,3,4,6,3,2,3,3,3,2,4,3,3,3,3,3,2,2,1,Không bỏ qua đặc điểm nào,3,Xe xăng hiện tại vẫn còn tốt,Trợ giá của thành phố; Miễn lệ phí trước bạ; Trạm sạc tại chung cư/văn phòng,15 – dưới 25 triệu
RESP_0203,A,K2,online,1220,0,0,0,0,0,1,18-24,19,Nữ,Đại học,"Tài xế công nghệ, giao hàng",7 – dưới 10 triệu,Hầu như không dư,20–40 km,995,Không,"Phường 2, Quận Tân Bình","Phường 2, Quận 3",0,1,Vài lần mỗi tháng,Biết rõ,Thay đổi nơi ở hoặc nơi làm việc,5,4,4,4,7,2,1,1,1,1,1,2,4,4,4,2,2,3,3,1,Không bỏ qua đặc điểm nào,4,Xe xăng hiện tại vẫn còn tốt,Trợ giá của thành phố; Miễn lệ phí trước bạ; Trạm sạc tại chung cư/văn phòng,15 – dưới 25 triệu
RESP_0204,B,K3,online,1255,0,0,0,0,0,1,18-24,18,Nữ,THPT trở xuống,Kỹ thuật/sản xuất,15 – dưới 20 triệu,1 – dưới 3 triệu,10–20 km,1276,"Có, dễ dàng","Xã Phước Kiển, Huyện Nhà Bè","Phường Nguyễn Thái Bình, Quận 1",0,1,Hầu như không,Chưa biết,Chuyển hẳn sang giao thông công cộng,4,3,4,4,9,2,3,3,2,2,2,3,3,3,3,2,3,3,3,1,Phụ phí LEZ,5,Xe xăng hiện tại vẫn còn tốt,Trợ giá của thành phố; Miễn lệ phí trước bạ; Trạm sạc tại chung cư/văn phòng,Dưới 15 triệu
RESP_0205,A,K1,online,1380,0,0,0,0,0,1,25-30,25,Nam,Sau đại học,Nhân viên văn phòng,15 – dưới 20 triệu,3 – dưới 5 triệu,10–20 km,677,"Có, dễ dàng","Phường Tân Thuận Đông, Quận 7","Phường 12, Quận 3",0,1,Vài lần mỗi tháng,Có nghe qua,"Gửi xe ở rìa vùng rồi đi bộ, xe buýt hoặc metro vào trung tâm",4,4,4,4,9,4,3,4,3,2,3,3,2,2,2,3,3,4,3,1,Phụ phí LEZ,3,Xe xăng hiện tại vẫn còn tốt,Trợ giá của thành phố; Miễn lệ phí trước bạ; Trạm sạc tại chung cư/văn phòng,25 – dưới 35 triệu
RESP_0206,B,K2,online,1351,0,0,0,0,0,1,25-30,25,Nữ,Đại học,Khác,7 – dưới 10 triệu,1 – dưới 3 triệu,10–20 km,316,"Có nhưng bị hạn chế (phí, giờ, chủ nhà/ban quản lý không cho)","Phường 19, Quận Bình Thạnh","Phường Tân Định, Quận 1",0,1,Hầu như không,Biết rõ,Chấp nhận nộp phụ phí và tiếp tục đi xe xăng,4,4,4,3,9,3,2,4,2,2,4,3,3,4,3,3,3,3,3,1,Không bỏ qua đặc điểm nào,4,Xe xăng hiện tại vẫn còn tốt,Trợ giá của thành phố; Miễn lệ phí trước bạ; Trạm sạc tại chung cư/văn phòng,15 – dưới 25 triệu
RESP_0207,A,K3,online,1143,0,0,0,0,0,1,25-30,30,Nam,Đại học,Tự doanh/freelance,7 – dưới 10 triệu,3 – dưới 5 triệu,10–20 km,806,"Có, dễ dàng","Phường 6, Quận 4","Phường 11, Quận 3",0,1,Vài lần mỗi tháng,Biết rõ,Thay đổi nơi ở hoặc nơi làm việc,3,3,3,3,4,4,4,4,3,4,5,4,5,4,4,3,3,2,3,1,Phụ phí LEZ,4,Xe xăng hiện tại vẫn còn tốt,Trợ giá của thành phố; Miễn lệ phí trước bạ; Trạm sạc tại chung cư/văn phòng,15 – dưới 25 triệu
RESP_0208,B,K1,online,1183,0,0,0,0,0,1,25-30,26,Nữ,Đại học,Nhân viên văn phòng,20 – dưới 30 triệu,1 – dưới 3 triệu,Trên 40 km,1020,"Có, dễ dàng","Phường 1, Quận Bình Thạnh","Phường 1, Quận 3",0,1,Hằng ngày,Có nghe qua,Thay đổi nơi ở hoặc nơi làm việc,3,4,4,4,8,3,4,3,3,3,4,3,4,4,4,3,4,2,3,1,Phụ phí LEZ,4,Xe xăng hiện tại vẫn còn tốt,Trợ giá của thành phố; Miễn lệ phí trước bạ; Trạm sạc tại chung cư/văn phòng,15 – dưới 25 triệu
RESP_0209,A,K2,online,1163,0,0,0,0,0,1,25-30,25,Nam,Đại học,Nhân viên văn phòng,15 – dưới 20 triệu,Hầu như không dư,Trên 40 km,798,Không biết,"Phường 2, Quận Phú Nhuận","Phường Võ Thị Sáu, Quận 3",0,1,Hầu như không,Chưa biết,Chấp nhận nộp phụ phí và tiếp tục đi xe xăng,4,4,3,5,10,2,3,2,3,2,3,3,2,3,3,3,3,2,4,1,Không bỏ qua đặc điểm nào,3,Xe xăng hiện tại vẫn còn tốt,Trợ giá của thành phố; Miễn lệ phí trước bạ; Trạm sạc tại chung cư/văn phòng,15 – dưới 25 triệu
RESP_0210,B,K3,online,1345,0,0,0,0,0,1,18-24,20,Nam,Trung cấp/Cao đẳng,Nhân viên văn phòng,10 – dưới 15 triệu,1 – dưới 3 triệu,20–40 km,1110,"Có nhưng bị hạn chế (phí, giờ, chủ nhà/ban quản lý không cho)","Phường 1, Quận Gò Vấp","Phường Cầu Kho, Quận 1",0,1,Vài lần mỗi tháng,Có nghe qua,Chấp nhận nộp phụ phí và tiếp tục đi xe xăng,4,4,4,4,9,2,1,2,1,1,1,3,3,4,4,3,4,3,3,1,Phụ phí LEZ,5,Xe xăng hiện tại vẫn còn tốt,Trợ giá của thành phố; Miễn lệ phí trước bạ; Trạm sạc tại chung cư/văn phòng,25 – dưới 35 triệu
RESP_0211,A,K1,online,1472,0,0,0,0,0,1,18-24,23,Nam,Đại học,Nhân viên văn phòng,7 – dưới 10 triệu,1 – dưới 3 triệu,10–20 km,1462,Không,"Phường 12, Quận 10","Phường Bình Trưng Đông, TP Thủ Đức",0,0,Vài lần mỗi tháng,Có nghe qua,Chuyển hẳn sang giao thông công cộng,3,5,3,3,8,2,1,3,5,2,3,4,3,4,3,2,3,3,3,1,Phụ phí LEZ,3,Xe xăng hiện tại vẫn còn tốt,Trợ giá của thành phố; Miễn lệ phí trước bạ; Trạm sạc tại chung cư/văn phòng,25 – dưới 35 triệu
RESP_0212,B,K2,online,1096,0,0,0,0,0,1,18-24,19,Nữ,Trung cấp/Cao đẳng,Nhân viên văn phòng,7 – dưới 10 triệu,Dưới 1 triệu,20–40 km,475,Không,"Phường Hiệp Phú, TP Thủ Đức","Phường 15, Quận Bình Thạnh",0,0,Vài lần mỗi tháng,Có nghe qua,Chuyển hẳn sang giao thông công cộng,4,3,3,3,6,2,4,4,4,4,3,4,4,4,3,3,4,4,2,1,Không bỏ qua đặc điểm nào,5,Xe xăng hiện tại vẫn còn tốt,Trợ giá của thành phố; Miễn lệ phí trước bạ; Trạm sạc tại chung cư/văn phòng,Dưới 15 triệu
RESP_0213,A,K3,online,1267,0,0,0,0,0,1,18-24,21,Nữ,Đại học,Tự doanh/freelance,7 – dưới 10 triệu,Dưới 1 triệu,Trên 40 km,293,"Có, dễ dàng","Phường 13, Quận Tân Bình","Phường 13, Quận 4",0,0,Hằng ngày,Có nghe qua,Chuyển hẳn sang giao thông công cộng,3,3,4,3,7,4,3,3,3,5,3,2,3,3,2,4,3,3,4,1,Phụ phí LEZ,4,Xe xăng hiện tại vẫn còn tốt,Trợ giá của thành phố; Miễn lệ phí trước bạ; Trạm sạc tại chung cư/văn phòng,Dưới 15 triệu
RESP_0214,B,K1,online,1354,0,0,0,0,0,1,18-24,22,Nữ,Đại học,Nhân viên văn phòng,7 – dưới 10 triệu,1 – dưới 3 triệu,20–40 km,1045,"Có, dễ dàng","Phường An Phú, TP Thủ Đức","Phường 1, Quận 10",0,0,Vài lần mỗi tuần,Có nghe qua,Chuyển hẳn sang giao thông công cộng,4,3,4,3,5,4,4,4,3,3,3,4,2,3,4,2,3,4,3,1,Không bỏ qua đặc điểm nào,5,Xe xăng hiện tại vẫn còn tốt,Trợ giá của thành phố; Miễn lệ phí trước bạ; Trạm sạc tại chung cư/văn phòng,Dưới 15 triệu
RESP_0215,A,K2,online,1395,0,0,0,0,0,1,25-30,27,Nam,Đại học,Nhân viên văn phòng,10 – dưới 15 triệu,Hầu như không dư,10–20 km,617,Không biết,"Phường 2, Quận Bình Thạnh","Thị trấn Tân Túc, Huyện Bình Chánh",0,0,Hầu như không,Chưa biết,Thay đổi nơi ở hoặc nơi làm việc,5,4,5,3,7,3,4,4,3,4,3,2,3,1,2,3,4,3,2,1,Không bỏ qua đặc điểm nào,5,Xe xăng hiện tại vẫn còn tốt,Trợ giá của thành phố; Miễn lệ phí trước bạ; Trạm sạc tại chung cư/văn phòng,25 – dưới 35 triệu
RESP_0216,B,K3,online,1285,0,0,0,0,0,1,25-30,26,Nữ,Trung cấp/Cao đẳng,Sinh viên có việc làm,15 – dưới 20 triệu,3 – dưới 5 triệu,10–20 km,1318,"Có nhưng bị hạn chế (phí, giờ, chủ nhà/ban quản lý không cho)","Phường Tăng Nhơn Phú A, TP Thủ Đức","Phường 19, Quận Bình Thạnh",0,0,Vài lần mỗi tuần,Biết rõ,"Gửi xe ở rìa vùng rồi đi bộ, xe buýt hoặc metro vào trung tâm",3,4,4,4,7,3,2,2,2,2,1,4,3,4,3,3,4,4,4,1,Phụ phí LEZ,4,Xe xăng hiện tại vẫn còn tốt,Trợ giá của thành phố; Miễn lệ phí trước bạ; Trạm sạc tại chung cư/văn phòng,Dưới 15 triệu
RESP_0217,A,K1,online,1405,0,0,0,0,0,1,25-30,30,Nam,Đại học,Sinh viên có việc làm,20 – dưới 30 triệu,Dưới 1 triệu,10–20 km,1183,"Có nhưng bị hạn chế (phí, giờ, chủ nhà/ban quản lý không cho)","Phường 1, Quận 5","Phường 9, Quận Phú Nhuận",0,0,Vài lần mỗi tháng,Biết rõ,Chuyển sang xe máy điện,4,5,4,4,7,3,3,3,3,3,3,2,2,3,3,2,3,2,4,1,Phụ phí LEZ,3,Xe xăng hiện tại vẫn còn tốt,Trợ giá của thành phố; Miễn lệ phí trước bạ; Trạm sạc tại chung cư/văn phòng,25 – dưới 35 triệu
RESP_0218,B,K2,online,1254,0,0,0,0,0,1,25-30,30,Nữ,Đại học,Nhân viên văn phòng,7 – dưới 10 triệu,3 – dưới 5 triệu,10–20 km,1244,Không,"Phường Tân Hưng Thuận, Quận 12","Phường Tân Mỹ, Quận 7",0,0,Hằng ngày,Biết rõ,Chuyển sang xe máy điện,4,4,4,4,8,2,3,2,2,2,1,2,2,2,3,2,2,4,2,1,Không bỏ qua đặc điểm nào,5,Xe xăng hiện tại vẫn còn tốt,Trợ giá của thành phố; Miễn lệ phí trước bạ; Trạm sạc tại chung cư/văn phòng,25 – dưới 35 triệu
RESP_0219,A,K3,online,1351,0,0,0,0,0,1,25-30,27,Nam,Đại học,Nhân viên văn phòng,10 – dưới 15 triệu,Dưới 1 triệu,10–20 km,569,"Có, dễ dàng","Phường Linh Trung, TP Thủ Đức","Phường 25, Quận Bình Thạnh",0,0,Hầu như không,Biết rõ,Chuyển sang xe máy điện,3,4,4,3,9,2,1,4,3,3,2,3,3,3,3,4,3,2,2,1,Không bỏ qua đặc điểm nào,3,Xe xăng hiện tại vẫn còn tốt,Trợ giá của thành phố; Miễn lệ phí trước bạ; Trạm sạc tại chung cư/văn phòng,Dưới 15 triệu
RESP_0220,B,K1,online,976,0,0,0,0,0,1,18-24,23,Nữ,Đại học,Nhân viên văn phòng,10 – dưới 15 triệu,Hầu như không dư,10–20 km,300,"Có nhưng bị hạn chế (phí, giờ, chủ nhà/ban quản lý không cho)","Phường 19, Quận Bình Thạnh","Phường 22, Quận Bình Thạnh",0,0,Hằng ngày,Biết rõ,Chuyển sang xe máy điện,4,4,5,4,9,1,2,1,2,2,1,4,2,3,3,3,4,3,3,1,Phụ phí LEZ,5,Xe xăng hiện tại vẫn còn tốt,Trợ giá của thành phố; Miễn lệ phí trước bạ; Trạm sạc tại chung cư/văn phòng,Dưới 15 triệu
RESP_0221,A,K2,online,1043,0,0,0,0,0,1,18-24,24,Nam,Đại học,Nhân viên văn phòng,10 – dưới 15 triệu,1 – dưới 3 triệu,10–20 km,255,Không biết,"Phường 1, Quận Bình Thạnh","Phường 5, Quận Gò Vấp",0,0,Hầu như không,Có nghe qua,Chấp nhận nộp phụ phí và tiếp tục đi xe xăng,4,3,4,4,7,2,2,2,2,1,2,3,4,3,3,3,3,5,3,1,Phụ phí LEZ,4,Xe xăng hiện tại vẫn còn tốt,Trợ giá của thành phố; Miễn lệ phí trước bạ; Trạm sạc tại chung cư/văn phòng,15 – dưới 25 triệu
RESP_0222,B,K3,online,1070,0,0,0,0,0,1,18-24,22,Nam,Đại học,Nhân viên văn phòng,7 – dưới 10 triệu,Dưới 1 triệu,10–20 km,1432,"Có nhưng bị hạn chế (phí, giờ, chủ nhà/ban quản lý không cho)","Phường 1, Quận Phú Nhuận","Phường 22, Quận Bình Thạnh",0,0,Vài lần mỗi tháng,Có nghe qua,Chuyển sang xe máy điện,4,4,4,4,5,4,3,4,4,3,3,2,3,3,2,4,2,3,3,1,Không bỏ qua đặc điểm nào,5,Xe xăng hiện tại vẫn còn tốt,Trợ giá của thành phố; Miễn lệ phí trước bạ; Trạm sạc tại chung cư/văn phòng,15 – dưới 25 triệu
RESP_0223,A,K1,online,1256,0,0,0,0,0,1,18-24,19,Nam,Đại học,Kỹ thuật/sản xuất,7 – dưới 10 triệu,Dưới 1 triệu,Trên 40 km,836,Không,"Phường 5, Quận Gò Vấp","Phường 9, Quận Phú Nhuận",0,0,Vài lần mỗi tháng,Có nghe qua,Chuyển sang xe máy điện,3,3,2,3,7,4,4,4,4,4,3,4,4,4,4,3,3,4,3,1,Phụ phí LEZ,4,Xe xăng hiện tại vẫn còn tốt,Trợ giá của thành phố; Miễn lệ phí trước bạ; Trạm sạc tại chung cư/văn phòng,15 – dưới 25 triệu
RESP_0224,B,K2,online,1493,0,0,0,0,0,1,18-24,22,Nam,Đại học,Nhân viên văn phòng,7 – dưới 10 triệu,Hầu như không dư,10–20 km,1399,"Có, dễ dàng","Phường 6, Quận 4","Phường 13, Quận Tân Bình",0,0,Hằng ngày,Chưa biết,Chuyển sang xe máy điện,3,2,2,3,3,3,3,3,4,4,5,4,5,4,3,3,3,3,3,1,Không bỏ qua đặc điểm nào,4,Xe xăng hiện tại vẫn còn tốt,Trợ giá của thành phố; Miễn lệ phí trước bạ; Trạm sạc tại chung cư/văn phòng,Từ 35 triệu trở lên
RESP_0225,A,K3,online,1301,1,0,0,0,0,0,25-30,30,Nữ,Đại học,"Tài xế công nghệ, giao hàng",7 – dưới 10 triệu,1 – dưới 3 triệu,10–20 km,359,"Có, dễ dàng","Thị trấn Hóc Môn, Huyện Hóc Môn","Phường Linh Chiểu, TP Thủ Đức",0,0,Hầu như không,Có nghe qua,Không bị ảnh hưởng,4,3,4,4,7,2,3,3,2,2,3,3,3,3,4,1,3,2,4,0,Phụ phí LEZ,4,Xe xăng hiện tại vẫn còn tốt,Trợ giá của thành phố; Miễn lệ phí trước bạ; Trạm sạc tại chung cư/văn phòng,15 – dưới 25 triệu
RESP_0226,B,K1,online,985,0,0,0,0,0,1,25-30,26,Nam,Đại học,Nhân viên văn phòng,20 – dưới 30 triệu,Hầu như không dư,Dưới 10 km,869,Không,"Phường 2, Quận Phú Nhuận","Phường 1, Quận 4",0,0,Vài lần mỗi tuần,Có nghe qua,"Gửi xe ở rìa vùng rồi đi bộ, xe buýt hoặc metro vào trung tâm",3,3,4,3,6,3,3,4,4,4,4,3,3,3,3,3,3,3,4,1,Không bỏ qua đặc điểm nào,4,Xe xăng hiện tại vẫn còn tốt,Trợ giá của thành phố; Miễn lệ phí trước bạ; Trạm sạc tại chung cư/văn phòng,Từ 35 triệu trở lên
RESP_0227,A,K2,online,1488,0,0,0,0,0,1,25-30,25,Nam,Đại học,Nhân viên văn phòng,7 – dưới 10 triệu,1 – dưới 3 triệu,10–20 km,1062,"Có, dễ dàng","Phường 9, Quận Phú Nhuận","Phường 2, Quận Bình Thạnh",0,0,Hằng ngày,Biết rõ,Chấp nhận nộp phụ phí và tiếp tục đi xe xăng,3,3,2,2,5,4,4,3,3,4,4,4,3,2,4,3,3,4,3,1,Không bỏ qua đặc điểm nào,4,Xe xăng hiện tại vẫn còn tốt,Trợ giá của thành phố; Miễn lệ phí trước bạ; Trạm sạc tại chung cư/văn phòng,15 – dưới 25 triệu
RESP_0228,B,K3,online,1432,0,0,0,0,0,1,25-30,27,Nữ,Đại học,Sinh viên có việc làm,20 – dưới 30 triệu,Dưới 1 triệu,Trên 40 km,1027,"Có nhưng bị hạn chế (phí, giờ, chủ nhà/ban quản lý không cho)","Phường 1, Quận 4","Phường 2, Quận Phú Nhuận",0,0,Vài lần mỗi tháng,Biết rõ,Chuyển sang xe máy điện,3,3,3,3,8,3,2,4,3,4,3,3,3,3,3,3,1,4,3,1,Phụ phí LEZ,5,Xe xăng hiện tại vẫn còn tốt,Trợ giá của thành phố; Miễn lệ phí trước bạ; Trạm sạc tại chung cư/văn phòng,15 – dưới 25 triệu
RESP_0229,A,K1,online,1497,0,0,0,0,0,1,25-30,29,Nam,Trung cấp/Cao đẳng,Sinh viên có việc làm,15 – dưới 20 triệu,Hầu như không dư,10–20 km,461,"Có, dễ dàng","Phường 13, Quận 4","Phường 11, Quận 5",0,0,Vài lần mỗi tháng,Chưa biết,Chấp nhận nộp phụ phí và tiếp tục đi xe xăng,2,3,3,3,8,3,3,3,2,3,3,4,3,4,3,4,2,4,3,1,Không bỏ qua đặc điểm nào,5,Xe xăng hiện tại vẫn còn tốt,Trợ giá của thành phố; Miễn lệ phí trước bạ; Trạm sạc tại chung cư/văn phòng,15 – dưới 25 triệu
RESP_0230,B,K2,online,1400,0,0,0,0,0,1,18-24,20,Nam,Đại học,Kỹ thuật/sản xuất,Từ 30 triệu trở lên,3 – dưới 5 triệu,Dưới 10 km,1217,"Có, dễ dàng","Phường An Phú, TP Thủ Đức","Phường 13, Quận Tân Bình",0,0,Hầu như không,Biết rõ,"Gửi xe ở rìa vùng rồi đi bộ, xe buýt hoặc metro vào trung tâm",3,3,2,3,3,4,4,4,3,3,3,4,3,3,4,4,4,2,3,1,Không bỏ qua đặc điểm nào,4,Xe xăng hiện tại vẫn còn tốt,Trợ giá của thành phố; Miễn lệ phí trước bạ; Trạm sạc tại chung cư/văn phòng,Dưới 15 triệu
RESP_0231,A,K3,online,1330,0,0,0,0,0,1,18-24,20,Nữ,Trung cấp/Cao đẳng,Nhân viên văn phòng,15 – dưới 20 triệu,1 – dưới 3 triệu,20–40 km,358,"Có, dễ dàng","Phường 1, Quận 5","Phường 15, Quận Bình Thạnh",0,0,Vài lần mỗi tuần,Biết rõ,Không bị ảnh hưởng,3,3,3,4,8,4,3,3,3,2,2,4,4,4,3,4,3,2,3,1,Phụ phí LEZ,5,Xe xăng hiện tại vẫn còn tốt,Trợ giá của thành phố; Miễn lệ phí trước bạ; Trạm sạc tại chung cư/văn phòng,25 – dưới 35 triệu
RESP_0232,B,K1,online,1159,0,0,0,0,0,1,18-24,23,Khác/Không muốn trả lời,Trung cấp/Cao đẳng,"Kinh doanh, bán hàng",10 – dưới 15 triệu,3 – dưới 5 triệu,10–20 km,1402,"Có, dễ dàng","Phường 13, Quận 4","Phường 12, Quận 10",0,0,Vài lần mỗi tháng,Có nghe qua,Chuyển hẳn sang giao thông công cộng,3,4,4,4,7,3,2,4,3,2,4,4,3,3,4,3,4,3,5,1,Phụ phí LEZ,4,Xe xăng hiện tại vẫn còn tốt,Trợ giá của thành phố; Miễn lệ phí trước bạ; Trạm sạc tại chung cư/văn phòng,15 – dưới 25 triệu
RESP_0233,A,K2,online,1390,0,0,0,0,0,1,18-24,18,Nữ,Đại học,"Kinh doanh, bán hàng",10 – dưới 15 triệu,Dưới 1 triệu,Trên 40 km,588,"Có, dễ dàng","Phường 2, Quận Phú Nhuận","Phường 1, Quận 5",0,0,Vài lần mỗi tuần,Biết rõ,Chuyển sang xe máy điện,4,4,4,4,8,2,2,2,2,3,2,3,4,4,3,4,3,3,3,1,Không bỏ qua đặc điểm nào,4,Xe xăng hiện tại vẫn còn tốt,Trợ giá của thành phố; Miễn lệ phí trước bạ; Trạm sạc tại chung cư/văn phòng,25 – dưới 35 triệu
RESP_0234,B,K3,online,1329,0,0,0,0,0,1,18-24,22,Nam,Đại học,Nhân viên văn phòng,7 – dưới 10 triệu,1 – dưới 3 triệu,Dưới 10 km,1402,Không,"Phường 1, Quận 4","Phường Hiệp Phú, TP Thủ Đức",0,0,Vài lần mỗi tuần,Chưa biết,Thay đổi nơi ở hoặc nơi làm việc,4,3,4,3,9,2,2,2,2,3,1,4,4,4,3,4,3,4,3,1,Không bỏ qua đặc điểm nào,3,Xe xăng hiện tại vẫn còn tốt,Trợ giá của thành phố; Miễn lệ phí trước bạ; Trạm sạc tại chung cư/văn phòng,15 – dưới 25 triệu
RESP_0235,A,K1,online,1346,0,0,0,0,0,1,25-30,28,Nam,Đại học,Nhân viên văn phòng,7 – dưới 10 triệu,1 – dưới 3 triệu,10–20 km,985,"Có nhưng bị hạn chế (phí, giờ, chủ nhà/ban quản lý không cho)","Phường 13, Quận Tân Bình","Phường 2, Quận Tân Bình",0,0,Hầu như không,Chưa biết,Chuyển hẳn sang giao thông công cộng,4,4,4,4,8,2,3,2,3,3,2,2,3,3,2,2,4,3,4,1,Không bỏ qua đặc điểm nào,5,Xe xăng hiện tại vẫn còn tốt,Trợ giá của thành phố; Miễn lệ phí trước bạ; Trạm sạc tại chung cư/văn phòng,25 – dưới 35 triệu
RESP_0236,B,K2,online,1080,0,0,0,0,0,1,25-30,28,Nữ,Đại học,"Kinh doanh, bán hàng",7 – dưới 10 triệu,3 – dưới 5 triệu,Dưới 10 km,1337,"Có, dễ dàng","Phường Tăng Nhơn Phú A, TP Thủ Đức","Phường 1, Quận Phú Nhuận",0,0,Vài lần mỗi tháng,Chưa biết,Thay đổi nơi ở hoặc nơi làm việc,3,4,3,3,7,3,5,3,4,4,2,2,3,3,3,2,4,3,3,1,Không bỏ qua đặc điểm nào,3,Xe xăng hiện tại vẫn còn tốt,Trợ giá của thành phố; Miễn lệ phí trước bạ; Trạm sạc tại chung cư/văn phòng,Dưới 15 triệu
RESP_0237,A,K3,online,1184,0,0,0,0,0,1,25-30,25,Nữ,Đại học,Tự doanh/freelance,7 – dưới 10 triệu,Dưới 1 triệu,10–20 km,1361,Không,"Thị trấn Hóc Môn, Huyện Hóc Môn","Phường 12, Quận 10",0,0,Vài lần mỗi tuần,Có nghe qua,"Gửi xe ở rìa vùng rồi đi bộ, xe buýt hoặc metro vào trung tâm",3,2,2,3,5,4,4,4,4,3,5,3,4,4,5,3,3,3,3,1,Không bỏ qua đặc điểm nào,3,Xe xăng hiện tại vẫn còn tốt,Trợ giá của thành phố; Miễn lệ phí trước bạ; Trạm sạc tại chung cư/văn phòng,25 – dưới 35 triệu
RESP_0238,B,K1,online,1266,0,0,0,0,0,1,25-30,27,Nữ,Đại học,Nhân viên văn phòng,7 – dưới 10 triệu,1 – dưới 3 triệu,Dưới 10 km,1091,Không,"Phường Tân Mỹ, Quận 7","Phường Tân Phú, Quận 7",0,0,Vài lần mỗi tuần,Chưa biết,Thay đổi nơi ở hoặc nơi làm việc,4,4,5,4,8,3,2,3,2,2,2,2,3,2,3,2,3,3,3,1,Không bỏ qua đặc điểm nào,3,Xe xăng hiện tại vẫn còn tốt,Trợ giá của thành phố; Miễn lệ phí trước bạ; Trạm sạc tại chung cư/văn phòng,15 – dưới 25 triệu
RESP_0239,A,K2,online,1103,0,0,0,0,0,1,25-30,28,Nữ,Trung cấp/Cao đẳng,Tự doanh/freelance,15 – dưới 20 triệu,3 – dưới 5 triệu,Trên 40 km,1118,"Có nhưng bị hạn chế (phí, giờ, chủ nhà/ban quản lý không cho)","Phường 12, Quận 10","Phường Bình Hưng Hòa, Quận Bình Tân",0,0,Vài lần mỗi tháng,Có nghe qua,Chuyển hẳn sang giao thông công cộng,4,3,5,4,9,1,3,3,1,2,1,3,4,3,4,3,4,4,3,1,Không bỏ qua đặc điểm nào,5,Xe xăng hiện tại vẫn còn tốt,Trợ giá của thành phố; Miễn lệ phí trước bạ; Trạm sạc tại chung cư/văn phòng,Dưới 15 triệu
RESP_0240,B,K3,online,360,0,1,1,0,0,0,18-24,20,Nữ,Sau đại học,Sinh viên có việc làm,10 – dưới 15 triệu,1 – dưới 3 triệu,10–20 km,529,Không,"Phường 25, Quận Bình Thạnh","Xã Phước Kiển, Huyện Nhà Bè",0,0,Vài lần mỗi tuần,Biết rõ,Chuyển sang xe máy điện,3,3,3,3,7,2,2,2,3,3,2,4,3,2,3,3,3,3,3,1,Phụ phí LEZ,5,Xe xăng hiện tại vẫn còn tốt,Trợ giá của thành phố; Miễn lệ phí trước bạ; Trạm sạc tại chung cư/văn phòng,Dưới 15 triệu
RESP_0241,A,K1,online,988,0,0,0,0,0,1,18-24,22,Nữ,Đại học,Tự doanh/freelance,15 – dưới 20 triệu,3 – dưới 5 triệu,20–40 km,419,"Có nhưng bị hạn chế (phí, giờ, chủ nhà/ban quản lý không cho)","Phường Tân Hưng Thuận, Quận 12","Phường 5, Quận 5",0,0,Vài lần mỗi tuần,Có nghe qua,Chuyển sang xe máy điện,4,3,3,3,6,3,3,2,2,3,2,4,2,4,4,3,2,3,3,1,Không bỏ qua đặc điểm nào,4,Xe xăng hiện tại vẫn còn tốt,Trợ giá của thành phố; Miễn lệ phí trước bạ; Trạm sạc tại chung cư/văn phòng,15 – dưới 25 triệu
RESP_0242,B,K2,online,1165,0,0,0,0,0,1,18-24,22,Nam,THPT trở xuống,Kỹ thuật/sản xuất,10 – dưới 15 triệu,3 – dưới 5 triệu,10–20 km,871,"Có, dễ dàng","Phường Bình Hưng Hòa, Quận Bình Tân","Phường 1, Quận Gò Vấp",0,0,Vài lần mỗi tháng,Có nghe qua,Chuyển sang xe máy điện,4,3,3,4,6,3,3,3,4,3,4,2,3,3,2,2,4,2,3,1,Không bỏ qua đặc điểm nào,5,Xe xăng hiện tại vẫn còn tốt,Trợ giá của thành phố; Miễn lệ phí trước bạ; Trạm sạc tại chung cư/văn phòng,25 – dưới 35 triệu
RESP_0243,A,K3,online,1468,0,0,0,0,0,1,18-24,23,Nữ,Đại học,Nhân viên văn phòng,7 – dưới 10 triệu,3 – dưới 5 triệu,20–40 km,867,Không biết,"Phường Tăng Nhơn Phú A, TP Thủ Đức","Phường An Phú, TP Thủ Đức",0,0,Vài lần mỗi tháng,Có nghe qua,Chuyển sang xe máy điện,3,2,3,3,8,2,3,3,4,4,2,3,3,4,3,2,4,4,3,1,Không bỏ qua đặc điểm nào,5,Xe xăng hiện tại vẫn còn tốt,Trợ giá của thành phố; Miễn lệ phí trước bạ; Trạm sạc tại chung cư/văn phòng,25 – dưới 35 triệu
RESP_0244,B,K1,online,1226,0,0,0,0,0,1,18-24,20,Nữ,Trung cấp/Cao đẳng,Nhân viên văn phòng,20 – dưới 30 triệu,1 – dưới 3 triệu,10–20 km,272,Không,"Xã Phước Kiển, Huyện Nhà Bè","Phường Tân Thuận Đông, Quận 7",0,0,Vài lần mỗi tháng,Chưa biết,"Gửi xe ở rìa vùng rồi đi bộ, xe buýt hoặc metro vào trung tâm",4,5,5,4,8,1,1,1,1,2,1,4,5,5,5,2,4,1,4,1,Phụ phí LEZ,4,Xe xăng hiện tại vẫn còn tốt,Trợ giá của thành phố; Miễn lệ phí trước bạ; Trạm sạc tại chung cư/văn phòng,25 – dưới 35 triệu
RESP_0245,A,K2,online,1445,0,0,0,0,0,1,25-30,29,Nam,Đại học,Sinh viên có việc làm,15 – dưới 20 triệu,1 – dưới 3 triệu,20–40 km,1255,"Có, dễ dàng","Phường Tân Phú, Quận 7","Phường 15, Quận Bình Thạnh",0,0,Hầu như không,Biết rõ,Chuyển sang xe máy điện,3,3,4,3,9,1,2,2,2,1,1,4,3,4,5,3,3,3,4,1,Phụ phí LEZ,4,Xe xăng hiện tại vẫn còn tốt,Trợ giá của thành phố; Miễn lệ phí trước bạ; Trạm sạc tại chung cư/văn phòng,Từ 35 triệu trở lên
RESP_0246,B,K3,online,1072,0,0,0,0,0,1,25-30,26,Nam,Đại học,Tự doanh/freelance,15 – dưới 20 triệu,1 – dưới 3 triệu,20–40 km,1424,"Có, dễ dàng","Phường Hiệp Phú, TP Thủ Đức","Phường 1, Quận 5",0,0,Hầu như không,Có nghe qua,Không bị ảnh hưởng,3,4,4,4,8,2,3,3,2,3,3,3,3,3,4,2,4,3,2,1,Không bỏ qua đặc điểm nào,3,Xe xăng hiện tại vẫn còn tốt,Trợ giá của thành phố; Miễn lệ phí trước bạ; Trạm sạc tại chung cư/văn phòng,25 – dưới 35 triệu
RESP_0247,A,K1,online,1052,0,0,0,0,0,1,25-30,25,Nữ,Đại học,"Tài xế công nghệ, giao hàng",15 – dưới 20 triệu,Hầu như không dư,Trên 40 km,701,"Có nhưng bị hạn chế (phí, giờ, chủ nhà/ban quản lý không cho)","Phường Thảo Điền, TP Thủ Đức","Phường Linh Chiểu, TP Thủ Đức",0,0,Vài lần mỗi tháng,Chưa biết,Chuyển sang xe máy điện,4,5,4,4,9,3,2,2,1,1,2,2,3,3,3,3,2,3,3,1,Không bỏ qua đặc điểm nào,5,Xe xăng hiện tại vẫn còn tốt,Trợ giá của thành phố; Miễn lệ phí trước bạ; Trạm sạc tại chung cư/văn phòng,25 – dưới 35 triệu
RESP_0248,B,K2,online,1006,0,0,0,0,0,1,25-30,27,Nam,Đại học,Nhân viên văn phòng,10 – dưới 15 triệu,Dưới 1 triệu,20–40 km,1374,Không biết,"Phường 1, Quận 4","Phường 5, Quận Gò Vấp",0,0,Vài lần mỗi tháng,Biết rõ,Chuyển hẳn sang giao thông công cộng,4,3,4,3,7,2,2,2,2,1,2,5,3,3,3,3,2,2,4,1,Không bỏ qua đặc điểm nào,5,Xe xăng hiện tại vẫn còn tốt,Trợ giá của thành phố; Miễn lệ phí trước bạ; Trạm sạc tại chung cư/văn phòng,15 – dưới 25 triệu
RESP_0249,A,K3,online,1001,0,0,0,0,0,1,25-30,27,Nữ,Đại học,Nhân viên văn phòng,7 – dưới 10 triệu,3 – dưới 5 triệu,10–20 km,1102,Không biết,"Phường Thảo Điền, TP Thủ Đức","Phường 22, Quận Bình Thạnh",0,0,Hằng ngày,Chưa biết,Chuyển sang xe máy điện,3,3,3,4,6,3,3,3,2,2,4,5,3,5,3,3,4,3,3,1,Không bỏ qua đặc điểm nào,5,Xe xăng hiện tại vẫn còn tốt,Trợ giá của thành phố; Miễn lệ phí trước bạ; Trạm sạc tại chung cư/văn phòng,15 – dưới 25 triệu
RESP_0250,B,K1,online,1137,0,0,0,0,0,1,18-24,22,Nữ,Đại học,Nhân viên văn phòng,7 – dưới 10 triệu,Hầu như không dư,10–20 km,1478,"Có, dễ dàng","Phường Tân Thuận Đông, Quận 7","Phường 1, Quận Gò Vấp",0,0,Hằng ngày,Có nghe qua,Chuyển hẳn sang giao thông công cộng,3,1,2,3,6,4,4,3,2,4,4,3,4,4,4,4,2,4,2,1,Không bỏ qua đặc điểm nào,5,Xe xăng hiện tại vẫn còn tốt,Trợ giá của thành phố; Miễn lệ phí trước bạ; Trạm sạc tại chung cư/văn phòng,15 – dưới 25 triệu
RESP_0251,A,K2,online,1359,0,0,0,0,0,1,18-24,22,Nữ,Đại học,Kỹ thuật/sản xuất,Từ 30 triệu trở lên,3 – dưới 5 triệu,20–40 km,725,"Có, dễ dàng","Phường 1, Quận Gò Vấp","Phường 2, Quận Phú Nhuận",0,0,Hầu như không,Có nghe qua,Chuyển sang xe máy điện,2,2,3,3,5,3,3,3,3,2,3,4,3,3,5,2,3,3,4,1,Không bỏ qua đặc điểm nào,4,Xe xăng hiện tại vẫn còn tốt,Trợ giá của thành phố; Miễn lệ phí trước bạ; Trạm sạc tại chung cư/văn phòng,15 – dưới 25 triệu
RESP_0252,B,K3,online,1146,0,0,0,0,0,1,18-24,19,Khác/Không muốn trả lời,Trung cấp/Cao đẳng,Nhân viên văn phòng,10 – dưới 15 triệu,1 – dưới 3 triệu,Dưới 10 km,1134,Không,"Phường 11, Quận 5","Phường 1, Quận 4",0,0,Vài lần mỗi tuần,Biết rõ,Chuyển sang xe máy điện,3,3,4,3,7,3,3,3,3,4,3,2,3,3,3,3,3,2,3,1,Không bỏ qua đặc điểm nào,3,Xe xăng hiện tại vẫn còn tốt,Trợ giá của thành phố; Miễn lệ phí trước bạ; Trạm sạc tại chung cư/văn phòng,Từ 35 triệu trở lên
RESP_0253,A,K1,online,1006,0,0,0,0,0,1,18-24,19,Nữ,Đại học,Nhân viên văn phòng,10 – dưới 15 triệu,Dưới 1 triệu,10–20 km,1414,"Có, dễ dàng","Thị trấn Tân Túc, Huyện Bình Chánh","Phường 5, Quận 5",0,0,Hầu như không,Có nghe qua,Chuyển sang xe máy điện,4,3,4,4,8,2,4,2,3,2,3,3,3,2,3,3,3,2,3,1,Không bỏ qua đặc điểm nào,3,Xe xăng hiện tại vẫn còn tốt,Trợ giá của thành phố; Miễn lệ phí trước bạ; Trạm sạc tại chung cư/văn phòng,15 – dưới 25 triệu
RESP_0254,B,K2,online,1197,0,0,0,0,0,1,18-24,20,Nữ,Trung cấp/Cao đẳng,Khác,15 – dưới 20 triệu,1 – dưới 3 triệu,20–40 km,1458,"Có nhưng bị hạn chế (phí, giờ, chủ nhà/ban quản lý không cho)","Phường 1, Quận 4","Phường 1, Quận 10",0,0,Vài lần mỗi tuần,Biết rõ,"Gửi xe ở rìa vùng rồi đi bộ, xe buýt hoặc metro vào trung tâm",4,3,4,2,8,3,3,3,1,2,2,4,4,4,4,5,3,4,3,1,Không bỏ qua đặc điểm nào,3,Xe xăng hiện tại vẫn còn tốt,Trợ giá của thành phố; Miễn lệ phí trước bạ; Trạm sạc tại chung cư/văn phòng,25 – dưới 35 triệu
RESP_0255,A,K3,online,1418,0,0,0,0,0,1,25-30,27,Nam,Đại học,Nhân viên văn phòng,15 – dưới 20 triệu,1 – dưới 3 triệu,10–20 km,1173,Không,"Phường Tân Phú, Quận 7","Phường 1, Quận 4",0,0,Vài lần mỗi tuần,Chưa biết,Không bị ảnh hưởng,3,3,4,4,6,2,3,3,3,3,2,4,3,4,2,2,4,4,4,1,Không bỏ qua đặc điểm nào,4,Xe xăng hiện tại vẫn còn tốt,Trợ giá của thành phố; Miễn lệ phí trước bạ; Trạm sạc tại chung cư/văn phòng,15 – dưới 25 triệu
RESP_0256,B,K1,online,1452,0,0,0,0,0,1,25-30,28,Nam,Đại học,Sinh viên có việc làm,7 – dưới 10 triệu,Hầu như không dư,Trên 40 km,819,Không,"Phường Tân Thuận Đông, Quận 7","Phường 11, Quận 5",0,0,Vài lần mỗi tuần,Biết rõ,Chuyển sang xe máy điện,3,2,5,3,5,2,2,3,3,2,3,3,3,4,3,4,2,4,1,1,Không bỏ qua đặc điểm nào,4,Xe xăng hiện tại vẫn còn tốt,Trợ giá của thành phố; Miễn lệ phí trước bạ; Trạm sạc tại chung cư/văn phòng,25 – dưới 35 triệu
RESP_0257,A,K2,online,1446,0,0,0,0,0,1,25-30,29,Nam,THPT trở xuống,Nhân viên văn phòng,7 – dưới 10 triệu,Dưới 1 triệu,20–40 km,1306,Không,"Phường Tân Mỹ, Quận 7","Phường 1, Quận Bình Thạnh",0,0,Vài lần mỗi tháng,Có nghe qua,Chuyển hẳn sang giao thông công cộng,3,2,3,4,4,3,3,3,3,3,3,5,3,4,4,3,3,3,4,1,Không bỏ qua đặc điểm nào,4,Xe xăng hiện tại vẫn còn tốt,Trợ giá của thành phố; Miễn lệ phí trước bạ; Trạm sạc tại chung cư/văn phòng,25 – dưới 35 triệu
RESP_0258,B,K3,online,1067,0,0,0,0,0,1,25-30,28,Nam,THPT trở xuống,"Kinh doanh, bán hàng",7 – dưới 10 triệu,Dưới 1 triệu,20–40 km,1014,"Có, dễ dàng","Phường 22, Quận Bình Thạnh","Phường 2, Quận Tân Bình",0,0,Hằng ngày,Chưa biết,Chuyển sang xe máy điện,1,2,2,3,7,5,4,5,5,5,3,4,4,4,4,3,2,2,3,1,Không bỏ qua đặc điểm nào,4,Xe xăng hiện tại vẫn còn tốt,Trợ giá của thành phố; Miễn lệ phí trước bạ; Trạm sạc tại chung cư/văn phòng,25 – dưới 35 triệu
RESP_0259,A,K1,online,1051,0,0,0,0,0,1,25-30,25,Nữ,Trung cấp/Cao đẳng,"Kinh doanh, bán hàng",10 – dưới 15 triệu,1 – dưới 3 triệu,20–40 km,576,"Có, dễ dàng","Xã Phước Kiển, Huyện Nhà Bè","Phường An Phú, TP Thủ Đức",0,0,Hầu như không,Có nghe qua,Chuyển sang xe máy điện,3,3,4,4,7,2,3,4,4,3,3,4,3,3,3,3,4,3,2,1,Không bỏ qua đặc điểm nào,5,Xe xăng hiện tại vẫn còn tốt,Trợ giá của thành phố; Miễn lệ phí trước bạ; Trạm sạc tại chung cư/văn phòng,25 – dưới 35 triệu
RESP_0260,B,K2,online,1063,0,0,0,0,0,1,18-24,20,Nam,Đại học,Kỹ thuật/sản xuất,7 – dưới 10 triệu,Từ 5 triệu trở lên,20–40 km,659,"Có nhưng bị hạn chế (phí, giờ, chủ nhà/ban quản lý không cho)","Phường 1, Quận Gò Vấp","Phường Tăng Nhơn Phú A, TP Thủ Đức",0,0,Vài lần mỗi tuần,Có nghe qua,Không bị ảnh hưởng,3,3,3,3,5,3,4,4,4,4,5,3,3,3,3,3,4,2,3,1,Không bỏ qua đặc điểm nào,4,Xe xăng hiện tại vẫn còn tốt,Trợ giá của thành phố; Miễn lệ phí trước bạ; Trạm sạc tại chung cư/văn phòng,Từ 35 triệu trở lên
RESP_0261,A,K3,online,1295,0,0,0,0,0,1,18-24,18,Nữ,Đại học,Nhân viên văn phòng,15 – dưới 20 triệu,Từ 5 triệu trở lên,20–40 km,1407,"Có nhưng bị hạn chế (phí, giờ, chủ nhà/ban quản lý không cho)","Phường 1, Quận Gò Vấp","Phường An Phú, TP Thủ Đức",0,0,Hầu như không,Biết rõ,Chuyển sang xe máy điện,4,3,4,4,9,3,2,4,2,2,3,3,3,2,3,3,3,2,4,1,Không bỏ qua đặc điểm nào,5,Xe xăng hiện tại vẫn còn tốt,Trợ giá của thành phố; Miễn lệ phí trước bạ; Trạm sạc tại chung cư/văn phòng,15 – dưới 25 triệu
RESP_0262,B,K1,online,1373,0,0,0,0,0,1,18-24,21,Nữ,Đại học,Kỹ thuật/sản xuất,7 – dưới 10 triệu,3 – dưới 5 triệu,20–40 km,696,"Có, dễ dàng","Phường Hiệp Phú, TP Thủ Đức","Phường Hiệp Phú, TP Thủ Đức",0,0,Hằng ngày,Có nghe qua,Chuyển sang xe máy điện,3,4,3,4,6,3,4,3,4,3,4,4,3,3,2,3,4,3,3,1,Phụ phí LEZ,3,Xe xăng hiện tại vẫn còn tốt,Trợ giá của thành phố; Miễn lệ phí trước bạ; Trạm sạc tại chung cư/văn phòng,15 – dưới 25 triệu
RESP_0263,A,K2,online,1339,0,0,0,0,0,1,18-24,22,Nam,Sau đại học,"Kinh doanh, bán hàng",10 – dưới 15 triệu,3 – dưới 5 triệu,20–40 km,299,"Có, dễ dàng","Phường 13, Quận Tân Bình","Phường Bình Hưng Hòa, Quận Bình Tân",0,0,Hầu như không,Có nghe qua,"Gửi xe ở rìa vùng rồi đi bộ, xe buýt hoặc metro vào trung tâm",3,4,3,3,6,2,3,1,2,2,1,4,3,3,3,3,3,3,3,1,Phụ phí LEZ,4,Xe xăng hiện tại vẫn còn tốt,Trợ giá của thành phố; Miễn lệ phí trước bạ; Trạm sạc tại chung cư/văn phòng,15 – dưới 25 triệu
RESP_0264,B,K3,online,1031,0,0,0,0,0,1,18-24,19,Nam,Đại học,Nhân viên văn phòng,7 – dưới 10 triệu,Dưới 1 triệu,10–20 km,1058,"Có nhưng bị hạn chế (phí, giờ, chủ nhà/ban quản lý không cho)","Phường 1, Quận Phú Nhuận","Phường Linh Chiểu, TP Thủ Đức",0,0,Vài lần mỗi tháng,Biết rõ,Chuyển hẳn sang giao thông công cộng,3,2,3,3,8,4,4,5,4,4,4,3,4,3,4,3,3,3,3,1,Không bỏ qua đặc điểm nào,4,Xe xăng hiện tại vẫn còn tốt,Trợ giá của thành phố; Miễn lệ phí trước bạ; Trạm sạc tại chung cư/văn phòng,Dưới 15 triệu
RESP_0265,A,K1,online,974,0,0,0,0,0,1,25-30,28,Nam,Đại học,Nhân viên văn phòng,7 – dưới 10 triệu,1 – dưới 3 triệu,20–40 km,942,"Có, dễ dàng","Phường An Phú, TP Thủ Đức","Phường 13, Quận 4",0,0,Hằng ngày,Biết rõ,Chấp nhận nộp phụ phí và tiếp tục đi xe xăng,3,2,4,3,6,4,4,3,3,3,4,4,3,3,4,3,3,3,3,1,Không bỏ qua đặc điểm nào,3,Xe xăng hiện tại vẫn còn tốt,Trợ giá của thành phố; Miễn lệ phí trước bạ; Trạm sạc tại chung cư/văn phòng,Dưới 15 triệu
RESP_0266,B,K2,online,1211,0,0,0,0,0,1,25-30,26,Nữ,Đại học,Kỹ thuật/sản xuất,7 – dưới 10 triệu,Từ 5 triệu trở lên,10–20 km,1283,Không,"Phường 13, Quận Tân Bình","Phường 1, Quận Gò Vấp",0,0,Vài lần mỗi tuần,Có nghe qua,Chuyển sang xe máy điện,3,2,2,2,6,3,3,3,3,3,3,3,3,4,5,2,2,2,3,1,Phụ phí LEZ,5,Xe xăng hiện tại vẫn còn tốt,Trợ giá của thành phố; Miễn lệ phí trước bạ; Trạm sạc tại chung cư/văn phòng,Từ 35 triệu trở lên
RESP_0267,A,K3,online,1125,0,0,0,0,0,1,25-30,27,Nữ,Đại học,Nhân viên văn phòng,7 – dưới 10 triệu,1 – dưới 3 triệu,10–20 km,1276,Không biết,"Phường 22, Quận Bình Thạnh","Phường 1, Quận 4",0,0,Vài lần mỗi tháng,Biết rõ,Chuyển sang xe máy điện,3,2,3,3,9,4,4,4,4,4,4,2,3,2,3,4,2,5,3,1,Phụ phí LEZ,5,Xe xăng hiện tại vẫn còn tốt,Trợ giá của thành phố; Miễn lệ phí trước bạ; Trạm sạc tại chung cư/văn phòng,15 – dưới 25 triệu
RESP_0268,B,K1,online,1237,0,0,0,0,0,1,25-30,28,Nam,Sau đại học,"Kinh doanh, bán hàng",7 – dưới 10 triệu,1 – dưới 3 triệu,20–40 km,1478,"Có, dễ dàng","Phường 5, Quận 5","Phường 5, Quận Gò Vấp",0,0,Vài lần mỗi tuần,Biết rõ,Chấp nhận nộp phụ phí và tiếp tục đi xe xăng,4,4,4,3,8,2,1,2,1,2,2,3,4,4,3,2,3,2,3,1,Không bỏ qua đặc điểm nào,5,Xe xăng hiện tại vẫn còn tốt,Trợ giá của thành phố; Miễn lệ phí trước bạ; Trạm sạc tại chung cư/văn phòng,25 – dưới 35 triệu
RESP_0269,A,K2,online,1357,0,0,0,0,0,1,25-30,29,Nữ,Trung cấp/Cao đẳng,Tự doanh/freelance,10 – dưới 15 triệu,Dưới 1 triệu,Dưới 10 km,1397,"Có, dễ dàng","Phường Tăng Nhơn Phú A, TP Thủ Đức","Phường 11, Quận 5",0,0,Vài lần mỗi tháng,Biết rõ,Chuyển sang xe máy điện,4,3,4,2,8,4,5,4,3,3,4,3,4,4,4,3,4,2,3,1,Không bỏ qua đặc điểm nào,5,Xe xăng hiện tại vẫn còn tốt,Trợ giá của thành phố; Miễn lệ phí trước bạ; Trạm sạc tại chung cư/văn phòng,Dưới 15 triệu
RESP_0270,B,K3,online,1303,1,0,0,0,0,0,18-24,20,Nam,Đại học,Kỹ thuật/sản xuất,7 – dưới 10 triệu,Dưới 1 triệu,20–40 km,1115,"Có, dễ dàng","Phường 13, Quận Tân Bình","Phường 13, Quận 4",0,0,Vài lần mỗi tuần,Có nghe qua,Không bị ảnh hưởng,3,4,5,4,7,2,5,3,2,3,4,3,2,3,3,3,3,3,3,0,Không bỏ qua đặc điểm nào,4,Xe xăng hiện tại vẫn còn tốt,Trợ giá của thành phố; Miễn lệ phí trước bạ; Trạm sạc tại chung cư/văn phòng,15 – dưới 25 triệu
RESP_0271,A,K1,online,1367,0,0,0,0,0,1,18-24,20,Nam,Đại học,Kỹ thuật/sản xuất,7 – dưới 10 triệu,Dưới 1 triệu,20–40 km,662,Không,"Thị trấn Hóc Môn, Huyện Hóc Môn","Phường 1, Quận 10",0,0,Vài lần mỗi tháng,Chưa biết,Chuyển sang xe máy điện,3,2,4,4,7,2,4,3,4,2,4,2,4,5,2,3,2,4,2,1,Không bỏ qua đặc điểm nào,3,Xe xăng hiện tại vẫn còn tốt,Trợ giá của thành phố; Miễn lệ phí trước bạ; Trạm sạc tại chung cư/văn phòng,15 – dưới 25 triệu
RESP_0272,B,K2,online,1154,0,0,0,0,0,1,18-24,24,Nữ,THPT trở xuống,"Tài xế công nghệ, giao hàng",7 – dưới 10 triệu,Dưới 1 triệu,Dưới 10 km,1322,"Có, dễ dàng","Phường 13, Quận Tân Bình","Phường 1, Quận 5",0,0,Vài lần mỗi tuần,Chưa biết,Chuyển sang xe máy điện,3,3,3,3,6,4,4,3,2,3,3,3,2,2,3,4,3,2,2,1,Không bỏ qua đặc điểm nào,5,Xe xăng hiện tại vẫn còn tốt,Trợ giá của thành phố; Miễn lệ phí trước bạ; Trạm sạc tại chung cư/văn phòng,15 – dưới 25 triệu
RESP_0273,A,K3,online,1404,0,0,0,0,0,1,18-24,18,Nữ,Đại học,"Kinh doanh, bán hàng",15 – dưới 20 triệu,1 – dưới 3 triệu,20–40 km,518,"Có nhưng bị hạn chế (phí, giờ, chủ nhà/ban quản lý không cho)","Thị trấn Hóc Môn, Huyện Hóc Môn","Phường 1, Quận 4",0,0,Vài lần mỗi tháng,Có nghe qua,Chuyển hẳn sang giao thông công cộng,3,5,3,4,7,4,2,2,3,3,3,3,1,4,3,4,2,2,2,1,Không bỏ qua đặc điểm nào,4,Xe xăng hiện tại vẫn còn tốt,Trợ giá của thành phố; Miễn lệ phí trước bạ; Trạm sạc tại chung cư/văn phòng,25 – dưới 35 triệu
RESP_0274,B,K1,online,983,0,0,0,0,0,1,18-24,21,Nữ,Đại học,Nhân viên văn phòng,Từ 30 triệu trở lên,3 – dưới 5 triệu,20–40 km,1404,"Có, dễ dàng","Phường Linh Trung, TP Thủ Đức","Phường 1, Quận 5",0,0,Hầu như không,Biết rõ,Chuyển sang xe máy điện,2,3,3,4,6,4,3,2,3,4,3,2,4,3,4,3,3,3,3,1,Không bỏ qua đặc điểm nào,5,Xe xăng hiện tại vẫn còn tốt,Trợ giá của thành phố; Miễn lệ phí trước bạ; Trạm sạc tại chung cư/văn phòng,25 – dưới 35 triệu
RESP_0275,A,K2,online,1238,0,0,0,0,0,1,25-30,28,Nam,Trung cấp/Cao đẳng,"Kinh doanh, bán hàng",15 – dưới 20 triệu,1 – dưới 3 triệu,Dưới 10 km,318,Không,"Phường Linh Trung, TP Thủ Đức","Phường 15, Quận Bình Thạnh",0,0,Vài lần mỗi tháng,Chưa biết,"Gửi xe ở rìa vùng rồi đi bộ, xe buýt hoặc metro vào trung tâm",4,4,4,4,7,4,3,3,3,3,3,3,2,3,2,2,4,4,4,1,Không bỏ qua đặc điểm nào,5,Xe xăng hiện tại vẫn còn tốt,Trợ giá của thành phố; Miễn lệ phí trước bạ; Trạm sạc tại chung cư/văn phòng,15 – dưới 25 triệu
RESP_0276,B,K3,online,1178,0,0,0,0,0,1,25-30,25,Nữ,Đại học,Nhân viên văn phòng,7 – dưới 10 triệu,Từ 5 triệu trở lên,20–40 km,1437,Không biết,"Phường 1, Quận 4","Phường 5, Quận Gò Vấp",0,0,Vài lần mỗi tháng,Chưa biết,Không bị ảnh hưởng,3,2,5,2,7,4,3,4,4,4,4,4,4,4,4,3,3,3,2,1,Không bỏ qua đặc điểm nào,5,Xe xăng hiện tại vẫn còn tốt,Trợ giá của thành phố; Miễn lệ phí trước bạ; Trạm sạc tại chung cư/văn phòng,15 – dưới 25 triệu
RESP_0277,A,K1,online,1031,0,0,0,0,0,1,25-30,27,Nữ,Đại học,Kỹ thuật/sản xuất,Từ 30 triệu trở lên,Dưới 1 triệu,10–20 km,320,"Có, dễ dàng","Phường Bình Trưng Đông, TP Thủ Đức","Phường Linh Trung, TP Thủ Đức",0,0,Vài lần mỗi tuần,Có nghe qua,"Gửi xe ở rìa vùng rồi đi bộ, xe buýt hoặc metro vào trung tâm",4,3,4,3,6,3,3,2,2,4,2,3,4,3,3,4,2,3,3,1,Không bỏ qua đặc điểm nào,5,Xe xăng hiện tại vẫn còn tốt,Trợ giá của thành phố; Miễn lệ phí trước bạ; Trạm sạc tại chung cư/văn phòng,25 – dưới 35 triệu
RESP_0278,B,K2,online,1313,0,0,0,0,0,1,25-30,25,Nam,Đại học,Nhân viên văn phòng,10 – dưới 15 triệu,Dưới 1 triệu,10–20 km,366,"Có nhưng bị hạn chế (phí, giờ, chủ nhà/ban quản lý không cho)","Phường 2, Quận Phú Nhuận","Phường 2, Quận Bình Thạnh",0,0,Vài lần mỗi tháng,Chưa biết,Chuyển sang xe máy điện,4,3,3,4,8,2,3,4,2,3,4,3,3,3,1,5,2,4,3,1,Không bỏ qua đặc điểm nào,5,Xe xăng hiện tại vẫn còn tốt,Trợ giá của thành phố; Miễn lệ phí trước bạ; Trạm sạc tại chung cư/văn phòng,Dưới 15 triệu
RESP_0279,A,K3,online,1135,0,0,0,0,0,1,25-30,27,Nam,Sau đại học,Nhân viên văn phòng,7 – dưới 10 triệu,1 – dưới 3 triệu,20–40 km,452,"Có nhưng bị hạn chế (phí, giờ, chủ nhà/ban quản lý không cho)","Phường 1, Quận 10","Phường 5, Quận Gò Vấp",0,0,Vài lần mỗi tháng,Có nghe qua,Chuyển sang xe máy điện,4,3,4,3,6,2,3,3,4,2,2,3,3,3,1,2,3,2,3,1,Không bỏ qua đặc điểm nào,5,Xe xăng hiện tại vẫn còn tốt,Trợ giá của thành phố; Miễn lệ phí trước bạ; Trạm sạc tại chung cư/văn phòng,Dưới 15 triệu
RESP_0280,B,K1,online,1405,0,0,0,0,0,1,18-24,22,Nam,Đại học,Nhân viên văn phòng,20 – dưới 30 triệu,1 – dưới 3 triệu,10–20 km,1335,"Có, dễ dàng","Phường Tân Mỹ, Quận 7","Thị trấn Hóc Môn, Huyện Hóc Môn",0,0,Vài lần mỗi tuần,Chưa biết,Chuyển sang xe máy điện,3,4,4,3,7,2,3,2,3,3,2,3,4,3,2,3,3,3,2,1,Phụ phí LEZ,4,Xe xăng hiện tại vẫn còn tốt,Trợ giá của thành phố; Miễn lệ phí trước bạ; Trạm sạc tại chung cư/văn phòng,25 – dưới 35 triệu
RESP_0281,A,K2,online,971,0,0,0,0,0,1,18-24,19,Khác/Không muốn trả lời,Đại học,"Kinh doanh, bán hàng",10 – dưới 15 triệu,Hầu như không dư,10–20 km,456,"Có nhưng bị hạn chế (phí, giờ, chủ nhà/ban quản lý không cho)","Phường 12, Quận 10","Phường 1, Quận Gò Vấp",0,0,Vài lần mỗi tháng,Chưa biết,Chuyển sang xe máy điện,3,4,4,4,7,4,3,3,3,2,3,3,3,4,1,1,3,3,3,1,Không bỏ qua đặc điểm nào,3,Xe xăng hiện tại vẫn còn tốt,Trợ giá của thành phố; Miễn lệ phí trước bạ; Trạm sạc tại chung cư/văn phòng,15 – dưới 25 triệu
RESP_0282,B,K3,online,1104,0,0,0,0,0,1,18-24,20,Nam,Đại học,Sinh viên có việc làm,15 – dưới 20 triệu,1 – dưới 3 triệu,Dưới 10 km,1448,"Có, dễ dàng","Phường Tân Hưng Thuận, Quận 12","Phường 1, Quận 4",0,0,Vài lần mỗi tháng,Biết rõ,Thay đổi nơi ở hoặc nơi làm việc,4,3,3,2,4,3,3,3,3,4,3,4,4,3,4,4,3,2,3,1,Phụ phí LEZ,4,Xe xăng hiện tại vẫn còn tốt,Trợ giá của thành phố; Miễn lệ phí trước bạ; Trạm sạc tại chung cư/văn phòng,Từ 35 triệu trở lên
RESP_0283,A,K1,online,1227,0,0,0,0,0,1,18-24,22,Nữ,Đại học,Tự doanh/freelance,10 – dưới 15 triệu,1 – dưới 3 triệu,Dưới 10 km,602,"Có, dễ dàng","Phường 15, Quận Bình Thạnh","Phường Thảo Điền, TP Thủ Đức",0,0,Hầu như không,Biết rõ,Thay đổi nơi ở hoặc nơi làm việc,4,3,3,4,7,2,3,2,3,4,3,2,2,2,4,2,2,3,3,1,Không bỏ qua đặc điểm nào,5,Xe xăng hiện tại vẫn còn tốt,Trợ giá của thành phố; Miễn lệ phí trước bạ; Trạm sạc tại chung cư/văn phòng,15 – dưới 25 triệu
RESP_0284,B,K2,online,1127,0,0,0,0,0,1,18-24,20,Nam,Trung cấp/Cao đẳng,Nhân viên văn phòng,7 – dưới 10 triệu,Hầu như không dư,20–40 km,755,"Có nhưng bị hạn chế (phí, giờ, chủ nhà/ban quản lý không cho)","Phường An Phú, TP Thủ Đức","Phường 1, Quận Phú Nhuận",0,0,Hầu như không,Biết rõ,Chấp nhận nộp phụ phí và tiếp tục đi xe xăng,3,3,4,4,7,2,2,3,4,3,3,3,2,3,3,3,3,3,4,1,Không bỏ qua đặc điểm nào,4,Xe xăng hiện tại vẫn còn tốt,Trợ giá của thành phố; Miễn lệ phí trước bạ; Trạm sạc tại chung cư/văn phòng,25 – dưới 35 triệu
RESP_0285,A,K3,online,980,0,0,0,0,0,1,25-30,29,Nam,Sau đại học,Nhân viên văn phòng,10 – dưới 15 triệu,3 – dưới 5 triệu,Trên 40 km,930,Không biết,"Phường Linh Trung, TP Thủ Đức","Phường Tăng Nhơn Phú A, TP Thủ Đức",0,0,Vài lần mỗi tuần,Có nghe qua,"Gửi xe ở rìa vùng rồi đi bộ, xe buýt hoặc metro vào trung tâm",3,4,3,4,7,4,2,3,2,2,2,2,3,3,2,4,3,3,3,1,Không bỏ qua đặc điểm nào,5,Xe xăng hiện tại vẫn còn tốt,Trợ giá của thành phố; Miễn lệ phí trước bạ; Trạm sạc tại chung cư/văn phòng,15 – dưới 25 triệu
RESP_0286,B,K1,online,1254,0,0,0,0,0,1,25-30,30,Nam,Trung cấp/Cao đẳng,"Tài xế công nghệ, giao hàng",20 – dưới 30 triệu,Hầu như không dư,Trên 40 km,843,Không,"Phường Tân Phú, Quận 7","Phường Tân Thuận Đông, Quận 7",0,0,Vài lần mỗi tháng,Có nghe qua,Chuyển sang xe máy điện,4,2,5,4,6,3,4,2,3,4,3,3,3,4,3,3,2,4,3,1,Không bỏ qua đặc điểm nào,3,Xe xăng hiện tại vẫn còn tốt,Trợ giá của thành phố; Miễn lệ phí trước bạ; Trạm sạc tại chung cư/văn phòng,Dưới 15 triệu
RESP_0287,A,K2,online,1397,0,0,0,0,0,1,25-30,26,Khác/Không muốn trả lời,Đại học,"Kinh doanh, bán hàng",10 – dưới 15 triệu,Dưới 1 triệu,Dưới 10 km,1139,Không,"Thị trấn Tân Túc, Huyện Bình Chánh","Phường 13, Quận 4",0,0,Hầu như không,Có nghe qua,Chuyển sang xe máy điện,3,3,2,4,7,4,2,2,3,4,3,3,3,3,3,4,3,2,2,1,Phụ phí LEZ,4,Xe xăng hiện tại vẫn còn tốt,Trợ giá của thành phố; Miễn lệ phí trước bạ; Trạm sạc tại chung cư/văn phòng,Dưới 15 triệu
RESP_0288,B,K3,online,1304,0,0,0,0,0,1,25-30,25,Nam,Trung cấp/Cao đẳng,"Kinh doanh, bán hàng",7 – dưới 10 triệu,3 – dưới 5 triệu,10–20 km,1103,"Có, dễ dàng","Phường 5, Quận Gò Vấp","Xã Phước Kiển, Huyện Nhà Bè",0,0,Vài lần mỗi tháng,Có nghe qua,Chuyển sang xe máy điện,5,2,4,3,4,3,3,5,4,3,4,3,3,2,2,2,3,3,2,1,Không bỏ qua đặc điểm nào,5,Xe xăng hiện tại vẫn còn tốt,Trợ giá của thành phố; Miễn lệ phí trước bạ; Trạm sạc tại chung cư/văn phòng,Dưới 15 triệu
RESP_0289,A,K1,online,977,0,0,0,0,0,1,25-30,30,Nữ,Trung cấp/Cao đẳng,"Kinh doanh, bán hàng",10 – dưới 15 triệu,Dưới 1 triệu,10–20 km,347,"Có nhưng bị hạn chế (phí, giờ, chủ nhà/ban quản lý không cho)","Phường 5, Quận Gò Vấp","Phường 1, Quận Gò Vấp",0,0,Hầu như không,Có nghe qua,"Gửi xe ở rìa vùng rồi đi bộ, xe buýt hoặc metro vào trung tâm",3,2,3,2,7,4,2,3,2,3,2,4,4,3,4,2,4,4,2,1,Không bỏ qua đặc điểm nào,4,Xe xăng hiện tại vẫn còn tốt,Trợ giá của thành phố; Miễn lệ phí trước bạ; Trạm sạc tại chung cư/văn phòng,25 – dưới 35 triệu
RESP_0290,B,K2,online,1464,0,0,0,0,0,1,18-24,23,Nữ,Trung cấp/Cao đẳng,"Tài xế công nghệ, giao hàng",15 – dưới 20 triệu,3 – dưới 5 triệu,10–20 km,581,"Có, dễ dàng","Phường 1, Quận 10","Phường 2, Quận Tân Bình",0,0,Vài lần mỗi tháng,Có nghe qua,Không bị ảnh hưởng,4,3,4,5,6,2,3,2,3,1,1,2,3,3,3,4,3,4,2,1,Không bỏ qua đặc điểm nào,4,Xe xăng hiện tại vẫn còn tốt,Trợ giá của thành phố; Miễn lệ phí trước bạ; Trạm sạc tại chung cư/văn phòng,Từ 35 triệu trở lên
RESP_0291,A,K3,online,1134,0,0,0,0,0,1,18-24,20,Nam,Sau đại học,"Kinh doanh, bán hàng",7 – dưới 10 triệu,1 – dưới 3 triệu,20–40 km,1363,Không,"Phường 12, Quận 10","Phường Tây Thạnh, Quận Tân Phú",0,0,Vài lần mỗi tuần,Chưa biết,Chuyển sang xe máy điện,3,2,3,3,6,4,2,3,4,3,4,2,3,3,3,4,2,3,3,1,Không bỏ qua đặc điểm nào,4,Xe xăng hiện tại vẫn còn tốt,Trợ giá của thành phố; Miễn lệ phí trước bạ; Trạm sạc tại chung cư/văn phòng,25 – dưới 35 triệu
RESP_0292,B,K1,online,1488,0,0,0,0,0,1,18-24,24,Nữ,Đại học,Tự doanh/freelance,10 – dưới 15 triệu,Hầu như không dư,10–20 km,916,"Có, dễ dàng","Phường Tân Thuận Đông, Quận 7","Phường Tăng Nhơn Phú A, TP Thủ Đức",0,0,Vài lần mỗi tháng,Biết rõ,Không bị ảnh hưởng,5,5,5,3,10,2,2,4,2,2,2,2,2,1,3,3,3,4,2,1,Không bỏ qua đặc điểm nào,4,Xe xăng hiện tại vẫn còn tốt,Trợ giá của thành phố; Miễn lệ phí trước bạ; Trạm sạc tại chung cư/văn phòng,15 – dưới 25 triệu
RESP_0293,A,K2,online,1099,0,0,0,0,0,1,18-24,19,Nam,Đại học,Tự doanh/freelance,10 – dưới 15 triệu,Dưới 1 triệu,20–40 km,986,"Có nhưng bị hạn chế (phí, giờ, chủ nhà/ban quản lý không cho)","Phường 1, Quận 4","Phường Tăng Nhơn Phú A, TP Thủ Đức",0,0,Vài lần mỗi tuần,Có nghe qua,Chuyển sang xe máy điện,4,4,5,4,9,3,2,3,2,2,2,3,2,2,2,4,2,3,2,1,Không bỏ qua đặc điểm nào,4,Xe xăng hiện tại vẫn còn tốt,Trợ giá của thành phố; Miễn lệ phí trước bạ; Trạm sạc tại chung cư/văn phòng,15 – dưới 25 triệu
RESP_0294,B,K3,online,1047,0,0,0,0,0,1,18-24,20,Nam,Trung cấp/Cao đẳng,Kỹ thuật/sản xuất,15 – dưới 20 triệu,Dưới 1 triệu,10–20 km,367,"Có nhưng bị hạn chế (phí, giờ, chủ nhà/ban quản lý không cho)","Xã Phước Kiển, Huyện Nhà Bè","Phường 22, Quận Bình Thạnh",0,0,Vài lần mỗi tuần,Biết rõ,"Gửi xe ở rìa vùng rồi đi bộ, xe buýt hoặc metro vào trung tâm",3,4,3,3,7,3,2,1,2,1,1,4,3,4,4,2,2,4,4,1,Không bỏ qua đặc điểm nào,5,Xe xăng hiện tại vẫn còn tốt,Trợ giá của thành phố; Miễn lệ phí trước bạ; Trạm sạc tại chung cư/văn phòng,15 – dưới 25 triệu
RESP_0295,A,K1,online,1376,0,0,0,0,0,1,25-30,25,Nam,Trung cấp/Cao đẳng,Nhân viên văn phòng,7 – dưới 10 triệu,1 – dưới 3 triệu,10–20 km,1260,Không,"Phường Tân Mỹ, Quận 7","Phường 19, Quận Bình Thạnh",0,0,Vài lần mỗi tháng,Biết rõ,"Gửi xe ở rìa vùng rồi đi bộ, xe buýt hoặc metro vào trung tâm",2,2,3,4,8,3,4,3,4,4,3,3,3,3,3,3,3,4,3,1,Không bỏ qua đặc điểm nào,3,Xe xăng hiện tại vẫn còn tốt,Trợ giá của thành phố; Miễn lệ phí trước bạ; Trạm sạc tại chung cư/văn phòng,25 – dưới 35 triệu
RESP_0296,B,K2,online,996,0,0,0,0,0,1,25-30,30,Nữ,Đại học,Nhân viên văn phòng,20 – dưới 30 triệu,1 – dưới 3 triệu,Dưới 10 km,1264,"Có, dễ dàng","Phường 1, Quận 4","Phường 5, Quận 5",0,0,Hầu như không,Chưa biết,Chuyển sang xe máy điện,4,3,4,3,7,3,2,1,2,1,1,3,3,2,4,3,4,2,2,1,Phụ phí LEZ,3,Xe xăng hiện tại vẫn còn tốt,Trợ giá của thành phố; Miễn lệ phí trước bạ; Trạm sạc tại chung cư/văn phòng,15 – dưới 25 triệu
RESP_0297,A,K3,online,1266,0,0,0,0,0,1,25-30,28,Nữ,Đại học,Nhân viên văn phòng,10 – dưới 15 triệu,3 – dưới 5 triệu,10–20 km,416,"Có, dễ dàng","Phường Tân Thuận Đông, Quận 7","Phường Tây Thạnh, Quận Tân Phú",0,0,Vài lần mỗi tháng,Có nghe qua,Thay đổi nơi ở hoặc nơi làm việc,3,4,4,4,9,4,4,3,3,3,3,2,3,2,3,3,1,4,3,1,Không bỏ qua đặc điểm nào,4,Xe xăng hiện tại vẫn còn tốt,Trợ giá của thành phố; Miễn lệ phí trước bạ; Trạm sạc tại chung cư/văn phòng,25 – dưới 35 triệu
RESP_0298,B,K1,online,1222,0,0,0,0,0,1,25-30,28,Nữ,Trung cấp/Cao đẳng,Sinh viên có việc làm,7 – dưới 10 triệu,3 – dưới 5 triệu,10–20 km,1019,"Có nhưng bị hạn chế (phí, giờ, chủ nhà/ban quản lý không cho)","Phường Tân Hưng Thuận, Quận 12","Phường Thảo Điền, TP Thủ Đức",0,0,Vài lần mỗi tuần,Chưa biết,Chuyển sang xe máy điện,4,3,3,3,5,4,2,3,3,2,2,2,4,3,4,3,3,4,3,1,Phụ phí LEZ,4,Xe xăng hiện tại vẫn còn tốt,Trợ giá của thành phố; Miễn lệ phí trước bạ; Trạm sạc tại chung cư/văn phòng,25 – dưới 35 triệu
RESP_0299,A,K2,online,1374,0,0,0,0,0,1,25-30,28,Nữ,Đại học,Nhân viên văn phòng,10 – dưới 15 triệu,Từ 5 triệu trở lên,10–20 km,907,"Có, dễ dàng","Phường 2, Quận Tân Bình","Phường 11, Quận 5",0,0,Vài lần mỗi tuần,Có nghe qua,Chuyển hẳn sang giao thông công cộng,4,2,4,4,8,3,2,2,2,2,3,3,3,4,3,3,4,3,3,1,Không bỏ qua đặc điểm nào,5,Xe xăng hiện tại vẫn còn tốt,Trợ giá của thành phố; Miễn lệ phí trước bạ; Trạm sạc tại chung cư/văn phòng,15 – dưới 25 triệu
RESP_0300,B,K3,online,396,0,0,1,0,0,0,18-24,20,Nam,Đại học,Nhân viên văn phòng,10 – dưới 15 triệu,Dưới 1 triệu,Dưới 10 km,742,"Có, dễ dàng","Phường An Phú, TP Thủ Đức","Phường 13, Quận Tân Bình",0,0,Vài lần mỗi tuần,Chưa biết,Chuyển sang xe máy điện,4,4,4,4,6,2,3,3,1,2,2,4,2,3,3,2,3,3,3,1,Không bỏ qua đặc điểm nào,5,Xe xăng hiện tại vẫn còn tốt,Trợ giá của thành phố; Miễn lệ phí trước bạ; Trạm sạc tại chung cư/văn phòng,15 – dưới 25 triệu
RESP_0301,A,K1,online,1037,0,0,0,0,0,1,18-24,19,Nam,Đại học,"Kinh doanh, bán hàng",15 – dưới 20 triệu,3 – dưới 5 triệu,10–20 km,1166,"Có, dễ dàng","Phường 1, Quận Bình Thạnh","Phường An Phú, TP Thủ Đức",0,0,Vài lần mỗi tuần,Chưa biết,"Gửi xe ở rìa vùng rồi đi bộ, xe buýt hoặc metro vào trung tâm",3,4,4,4,8,3,4,4,3,3,3,2,3,3,1,4,4,4,3,1,Không bỏ qua đặc điểm nào,5,Xe xăng hiện tại vẫn còn tốt,Trợ giá của thành phố; Miễn lệ phí trước bạ; Trạm sạc tại chung cư/văn phòng,15 – dưới 25 triệu
RESP_0302,B,K2,online,1338,0,0,0,0,0,1,18-24,22,Nam,Đại học,"Kinh doanh, bán hàng",15 – dưới 20 triệu,Dưới 1 triệu,Dưới 10 km,1045,"Có nhưng bị hạn chế (phí, giờ, chủ nhà/ban quản lý không cho)","Phường Tân Mỹ, Quận 7","Phường 2, Quận Tân Bình",0,0,Vài lần mỗi tuần,Có nghe qua,"Gửi xe ở rìa vùng rồi đi bộ, xe buýt hoặc metro vào trung tâm",4,3,4,4,6,3,2,3,3,2,2,3,2,3,3,3,2,3,3,1,Không bỏ qua đặc điểm nào,5,Xe xăng hiện tại vẫn còn tốt,Trợ giá của thành phố; Miễn lệ phí trước bạ; Trạm sạc tại chung cư/văn phòng,15 – dưới 25 triệu
RESP_0303,A,K3,online,1491,0,0,0,0,0,1,18-24,19,Nữ,Đại học,Kỹ thuật/sản xuất,10 – dưới 15 triệu,3 – dưới 5 triệu,10–20 km,1157,"Có, dễ dàng","Phường 19, Quận Bình Thạnh","Phường Tân Thuận Đông, Quận 7",0,0,Vài lần mỗi tuần,Chưa biết,"Gửi xe ở rìa vùng rồi đi bộ, xe buýt hoặc metro vào trung tâm",3,3,4,3,6,3,3,4,3,3,3,3,3,4,5,2,3,3,3,1,Phụ phí LEZ,4,Xe xăng hiện tại vẫn còn tốt,Trợ giá của thành phố; Miễn lệ phí trước bạ; Trạm sạc tại chung cư/văn phòng,Dưới 15 triệu
RESP_0304,B,K1,online,1061,0,0,0,0,0,1,18-24,21,Nam,Đại học,Tự doanh/freelance,15 – dưới 20 triệu,Dưới 1 triệu,20–40 km,1242,"Có nhưng bị hạn chế (phí, giờ, chủ nhà/ban quản lý không cho)","Phường 12, Quận 10","Phường Linh Trung, TP Thủ Đức",0,0,Vài lần mỗi tuần,Biết rõ,"Gửi xe ở rìa vùng rồi đi bộ, xe buýt hoặc metro vào trung tâm",4,4,3,3,9,3,3,4,3,3,3,3,3,2,3,4,2,3,4,1,Phụ phí LEZ,4,Xe xăng hiện tại vẫn còn tốt,Trợ giá của thành phố; Miễn lệ phí trước bạ; Trạm sạc tại chung cư/văn phòng,Từ 35 triệu trở lên
RESP_0305,A,K2,online,1303,0,0,0,0,1,1,25-30,27,Nam,Đại học,Kỹ thuật/sản xuất,10 – dưới 15 triệu,1 – dưới 3 triệu,10–20 km,1249,"Có, dễ dàng","Phường Tăng Nhơn Phú A, TP Thủ Đức","Phường 19, Quận Bình Thạnh",0,0,Vài lần mỗi tuần,Biết rõ,Chấp nhận nộp phụ phí và tiếp tục đi xe xăng,3,2,3,3,7,3,2,2,2,3,4,2,4,4,4,2,3,3,4,1,Không bỏ qua đặc điểm nào,4,Xe xăng hiện tại vẫn còn tốt,Trợ giá của thành phố; Miễn lệ phí trước bạ; Trạm sạc tại chung cư/văn phòng,25 – dưới 35 triệu
RESP_0306,B,K3,online,1385,0,0,0,0,0,1,25-30,30,Nữ,Đại học,Nhân viên văn phòng,7 – dưới 10 triệu,Hầu như không dư,10–20 km,891,Không,"Phường 12, Quận 10","Phường Thảo Điền, TP Thủ Đức",0,0,Vài lần mỗi tuần,Có nghe qua,Thay đổi nơi ở hoặc nơi làm việc,5,4,4,3,10,2,3,2,2,2,1,2,2,2,3,2,3,4,4,1,Không bỏ qua đặc điểm nào,4,Xe xăng hiện tại vẫn còn tốt,Trợ giá của thành phố; Miễn lệ phí trước bạ; Trạm sạc tại chung cư/văn phòng,15 – dưới 25 triệu
RESP_0307,A,K1,online,1250,0,0,0,0,0,1,25-30,28,Nữ,Đại học,Nhân viên văn phòng,15 – dưới 20 triệu,3 – dưới 5 triệu,10–20 km,858,"Có nhưng bị hạn chế (phí, giờ, chủ nhà/ban quản lý không cho)","Phường 2, Quận Bình Thạnh","Phường 5, Quận 5",0,0,Vài lần mỗi tháng,Chưa biết,Chuyển hẳn sang giao thông công cộng,4,3,5,3,9,4,4,3,3,5,3,2,4,2,3,4,3,3,3,1,Không bỏ qua đặc điểm nào,4,Xe xăng hiện tại vẫn còn tốt,Trợ giá của thành phố; Miễn lệ phí trước bạ; Trạm sạc tại chung cư/văn phòng,15 – dưới 25 triệu
RESP_0308,B,K2,online,1202,0,0,0,0,0,1,25-30,28,Nữ,Đại học,"Tài xế công nghệ, giao hàng",7 – dưới 10 triệu,1 – dưới 3 triệu,10–20 km,297,"Có nhưng bị hạn chế (phí, giờ, chủ nhà/ban quản lý không cho)","Phường Linh Chiểu, TP Thủ Đức","Phường 13, Quận Tân Bình",0,0,Vài lần mỗi tháng,Biết rõ,Chuyển sang xe máy điện,4,4,4,3,7,2,3,1,2,2,3,3,3,2,3,4,3,2,5,1,Không bỏ qua đặc điểm nào,4,Xe xăng hiện tại vẫn còn tốt,Trợ giá của thành phố; Miễn lệ phí trước bạ; Trạm sạc tại chung cư/văn phòng,15 – dưới 25 triệu
RESP_0309,A,K3,online,1208,0,0,0,0,0,1,25-30,27,Nữ,Đại học,Nhân viên văn phòng,7 – dưới 10 triệu,1 – dưới 3 triệu,10–20 km,1499,"Có, dễ dàng","Phường Linh Trung, TP Thủ Đức","Phường 1, Quận Gò Vấp",0,0,Hầu như không,Chưa biết,"Gửi xe ở rìa vùng rồi đi bộ, xe buýt hoặc metro vào trung tâm",3,4,4,4,8,2,1,2,2,1,2,2,2,4,2,2,3,3,4,1,Không bỏ qua đặc điểm nào,4,Xe xăng hiện tại vẫn còn tốt,Trợ giá của thành phố; Miễn lệ phí trước bạ; Trạm sạc tại chung cư/văn phòng,15 – dưới 25 triệu
RESP_0310,B,K1,online,1021,0,0,0,0,0,1,18-24,19,Nữ,Sau đại học,Sinh viên có việc làm,7 – dưới 10 triệu,Dưới 1 triệu,10–20 km,1097,"Có, dễ dàng","Phường 2, Quận Tân Bình","Phường Tân Mỹ, Quận 7",0,0,Hầu như không,Có nghe qua,Chuyển sang xe máy điện,4,4,4,3,7,2,2,3,1,1,2,3,4,4,3,3,4,3,3,1,Phụ phí LEZ,4,Xe xăng hiện tại vẫn còn tốt,Trợ giá của thành phố; Miễn lệ phí trước bạ; Trạm sạc tại chung cư/văn phòng,25 – dưới 35 triệu
RESP_0311,A,K2,online,1425,0,0,0,0,0,1,18-24,20,Nam,Đại học,"Kinh doanh, bán hàng",10 – dưới 15 triệu,Hầu như không dư,10–20 km,740,"Có nhưng bị hạn chế (phí, giờ, chủ nhà/ban quản lý không cho)","Phường 13, Quận 4","Phường 9, Quận Phú Nhuận",0,0,Vài lần mỗi tháng,Có nghe qua,Chấp nhận nộp phụ phí và tiếp tục đi xe xăng,4,2,4,4,7,2,2,3,3,2,3,3,3,3,3,3,1,3,3,1,Không bỏ qua đặc điểm nào,3,Xe xăng hiện tại vẫn còn tốt,Trợ giá của thành phố; Miễn lệ phí trước bạ; Trạm sạc tại chung cư/văn phòng,25 – dưới 35 triệu
RESP_0312,B,K3,online,1344,0,0,0,0,0,1,18-24,19,Nam,THPT trở xuống,Nhân viên văn phòng,7 – dưới 10 triệu,1 – dưới 3 triệu,20–40 km,1403,"Có, dễ dàng","Phường Tân Hưng Thuận, Quận 12","Phường 1, Quận Gò Vấp",0,0,Hầu như không,Biết rõ,Chuyển sang xe máy điện,3,4,3,3,8,5,3,4,3,3,4,4,4,3,3,2,3,3,3,1,Không bỏ qua đặc điểm nào,5,Xe xăng hiện tại vẫn còn tốt,Trợ giá của thành phố; Miễn lệ phí trước bạ; Trạm sạc tại chung cư/văn phòng,15 – dưới 25 triệu
RESP_0313,A,K1,online,1490,0,0,0,0,0,1,18-24,19,Nữ,Đại học,Kỹ thuật/sản xuất,Từ 30 triệu trở lên,Hầu như không dư,Dưới 10 km,1314,"Có, dễ dàng","Phường An Phú, TP Thủ Đức","Phường 15, Quận Bình Thạnh",0,0,Hầu như không,Biết rõ,Chấp nhận nộp phụ phí và tiếp tục đi xe xăng,3,3,3,4,5,4,2,3,4,4,3,3,3,3,4,3,4,4,3,1,Phụ phí LEZ,4,Xe xăng hiện tại vẫn còn tốt,Trợ giá của thành phố; Miễn lệ phí trước bạ; Trạm sạc tại chung cư/văn phòng,Dưới 15 triệu
RESP_0314,B,K2,online,1262,0,0,0,0,0,1,18-24,24,Nữ,Đại học,"Kinh doanh, bán hàng",15 – dưới 20 triệu,3 – dưới 5 triệu,20–40 km,1170,"Có, dễ dàng","Phường 5, Quận 5","Phường Linh Trung, TP Thủ Đức",0,0,Vài lần mỗi tháng,Có nghe qua,Chuyển sang xe máy điện,4,3,4,4,7,3,4,3,3,4,4,3,2,3,3,3,3,4,3,1,Phụ phí LEZ,4,Xe xăng hiện tại vẫn còn tốt,Trợ giá của thành phố; Miễn lệ phí trước bạ; Trạm sạc tại chung cư/văn phòng,25 – dưới 35 triệu
RESP_0315,A,K3,online,1110,1,0,0,0,0,0,25-30,29,Nữ,Sau đại học,Kỹ thuật/sản xuất,15 – dưới 20 triệu,1 – dưới 3 triệu,10–20 km,1432,"Có, dễ dàng","Phường 19, Quận Bình Thạnh","Phường 2, Quận Tân Bình",0,0,Vài lần mỗi tháng,Biết rõ,Chuyển hẳn sang giao thông công cộng,4,3,4,4,9,3,3,3,2,2,2,3,3,4,3,2,3,4,3,0,Phụ phí LEZ,5,Xe xăng hiện tại vẫn còn tốt,Trợ giá của thành phố; Miễn lệ phí trước bạ; Trạm sạc tại chung cư/văn phòng,15 – dưới 25 triệu
RESP_0316,B,K1,online,1367,0,0,0,0,0,1,25-30,29,Nữ,Đại học,Kỹ thuật/sản xuất,15 – dưới 20 triệu,1 – dưới 3 triệu,10–20 km,627,"Có nhưng bị hạn chế (phí, giờ, chủ nhà/ban quản lý không cho)","Thị trấn Hóc Môn, Huyện Hóc Môn","Phường Linh Chiểu, TP Thủ Đức",0,0,Vài lần mỗi tuần,Có nghe qua,Chuyển hẳn sang giao thông công cộng,4,4,4,4,6,3,2,3,3,3,3,1,1,2,2,5,3,3,2,1,Không bỏ qua đặc điểm nào,3,Xe xăng hiện tại vẫn còn tốt,Trợ giá của thành phố; Miễn lệ phí trước bạ; Trạm sạc tại chung cư/văn phòng,25 – dưới 35 triệu
RESP_0317,A,K2,online,1023,0,0,0,0,0,1,25-30,30,Nữ,THPT trở xuống,Nhân viên văn phòng,10 – dưới 15 triệu,Dưới 1 triệu,20–40 km,1210,"Có nhưng bị hạn chế (phí, giờ, chủ nhà/ban quản lý không cho)","Phường Tây Thạnh, Quận Tân Phú","Phường 11, Quận 5",0,0,Hằng ngày,Có nghe qua,Chấp nhận nộp phụ phí và tiếp tục đi xe xăng,4,4,4,4,6,2,3,3,2,3,3,4,3,3,3,4,3,3,2,1,Không bỏ qua đặc điểm nào,3,Xe xăng hiện tại vẫn còn tốt,Trợ giá của thành phố; Miễn lệ phí trước bạ; Trạm sạc tại chung cư/văn phòng,15 – dưới 25 triệu
RESP_0318,B,K3,online,1481,0,0,0,0,0,1,25-30,29,Nam,Trung cấp/Cao đẳng,"Tài xế công nghệ, giao hàng",20 – dưới 30 triệu,3 – dưới 5 triệu,Dưới 10 km,250,"Có nhưng bị hạn chế (phí, giờ, chủ nhà/ban quản lý không cho)","Phường Tăng Nhơn Phú A, TP Thủ Đức","Phường 25, Quận Bình Thạnh",0,0,Vài lần mỗi tháng,Có nghe qua,"Gửi xe ở rìa vùng rồi đi bộ, xe buýt hoặc metro vào trung tâm",4,4,5,4,7,3,3,3,3,2,3,4,3,4,4,3,3,4,3,1,Không bỏ qua đặc điểm nào,3,Xe xăng hiện tại vẫn còn tốt,Trợ giá của thành phố; Miễn lệ phí trước bạ; Trạm sạc tại chung cư/văn phòng,25 – dưới 35 triệu
RESP_0319,A,K1,online,1127,0,0,0,0,0,1,25-30,29,Nữ,THPT trở xuống,"Kinh doanh, bán hàng",20 – dưới 30 triệu,Từ 5 triệu trở lên,10–20 km,1213,"Có, dễ dàng","Phường 5, Quận 5","Phường 2, Quận Tân Bình",0,0,Hằng ngày,Biết rõ,Thay đổi nơi ở hoặc nơi làm việc,5,5,4,5,8,3,3,2,2,2,2,2,3,2,2,3,4,3,3,1,Không bỏ qua đặc điểm nào,3,Xe xăng hiện tại vẫn còn tốt,Trợ giá của thành phố; Miễn lệ phí trước bạ; Trạm sạc tại chung cư/văn phòng,25 – dưới 35 triệu
RESP_0320,B,K2,online,1446,0,1,0,0,0,0,18-24,24,Nữ,Đại học,Kỹ thuật/sản xuất,15 – dưới 20 triệu,Dưới 1 triệu,20–40 km,337,Không,"Phường 11, Quận 5","Phường 25, Quận Bình Thạnh",0,0,Hầu như không,Có nghe qua,Chuyển sang xe máy điện,3,2,3,4,7,3,3,3,4,4,3,3,3,3,3,3,3,2,3,1,Không bỏ qua đặc điểm nào,4,Xe xăng hiện tại vẫn còn tốt,Trợ giá của thành phố; Miễn lệ phí trước bạ; Trạm sạc tại chung cư/văn phòng,25 – dưới 35 triệu
RESP_0321,A,K3,online,1364,0,0,0,0,0,1,18-24,18,Nam,Đại học,Kỹ thuật/sản xuất,20 – dưới 30 triệu,3 – dưới 5 triệu,10–20 km,824,Không,"Phường 5, Quận 5","Phường Tân Mỹ, Quận 7",0,0,Vài lần mỗi tuần,Có nghe qua,Chuyển sang xe máy điện,4,3,4,3,6,4,5,5,4,4,3,2,3,3,2,3,2,3,2,1,Không bỏ qua đặc điểm nào,3,Xe xăng hiện tại vẫn còn tốt,Trợ giá của thành phố; Miễn lệ phí trước bạ; Trạm sạc tại chung cư/văn phòng,25 – dưới 35 triệu
RESP_0322,B,K1,online,1374,0,0,0,0,0,1,18-24,18,Nam,THPT trở xuống,"Kinh doanh, bán hàng",10 – dưới 15 triệu,1 – dưới 3 triệu,10–20 km,748,"Có nhưng bị hạn chế (phí, giờ, chủ nhà/ban quản lý không cho)","Phường 2, Quận Phú Nhuận","Thị trấn Tân Túc, Huyện Bình Chánh",0,0,Vài lần mỗi tháng,Có nghe qua,Chuyển sang xe máy điện,4,4,4,2,8,3,3,2,4,3,4,2,2,3,4,3,4,2,2,1,Không bỏ qua đặc điểm nào,4,Xe xăng hiện tại vẫn còn tốt,Trợ giá của thành phố; Miễn lệ phí trước bạ; Trạm sạc tại chung cư/văn phòng,15 – dưới 25 triệu
RESP_0323,A,K2,online,959,0,0,0,0,0,1,18-24,19,Nữ,Đại học,Nhân viên văn phòng,7 – dưới 10 triệu,Dưới 1 triệu,10–20 km,1048,"Có nhưng bị hạn chế (phí, giờ, chủ nhà/ban quản lý không cho)","Phường Linh Trung, TP Thủ Đức","Phường 15, Quận Bình Thạnh",0,0,Hầu như không,Có nghe qua,"Gửi xe ở rìa vùng rồi đi bộ, xe buýt hoặc metro vào trung tâm",4,4,4,4,8,2,3,2,2,2,2,3,1,3,2,3,4,2,3,1,Phụ phí LEZ,4,Xe xăng hiện tại vẫn còn tốt,Trợ giá của thành phố; Miễn lệ phí trước bạ; Trạm sạc tại chung cư/văn phòng,15 – dưới 25 triệu
RESP_0324,B,K3,online,1117,0,0,0,0,0,1,18-24,22,Nữ,Sau đại học,"Kinh doanh, bán hàng",7 – dưới 10 triệu,Hầu như không dư,20–40 km,486,"Có nhưng bị hạn chế (phí, giờ, chủ nhà/ban quản lý không cho)","Phường 5, Quận 5","Phường Tân Hưng Thuận, Quận 12",0,0,Vài lần mỗi tháng,Có nghe qua,Chuyển sang xe máy điện,4,2,3,4,8,4,4,4,4,4,4,3,2,3,3,3,3,3,4,1,Phụ phí LEZ,4,Xe xăng hiện tại vẫn còn tốt,Trợ giá của thành phố; Miễn lệ phí trước bạ; Trạm sạc tại chung cư/văn phòng,25 – dưới 35 triệu
RESP_0325,A,K1,online,1420,0,0,0,0,0,1,25-30,26,Nam,Đại học,Nhân viên văn phòng,7 – dưới 10 triệu,3 – dưới 5 triệu,10–20 km,374,"Có nhưng bị hạn chế (phí, giờ, chủ nhà/ban quản lý không cho)","Phường 1, Quận 4","Phường 1, Quận Gò Vấp",0,0,Vài lần mỗi tuần,Biết rõ,"Gửi xe ở rìa vùng rồi đi bộ, xe buýt hoặc metro vào trung tâm",3,3,4,3,9,3,4,5,3,4,4,2,3,3,2,5,2,3,3,1,Phụ phí LEZ,4,Xe xăng hiện tại vẫn còn tốt,Trợ giá của thành phố; Miễn lệ phí trước bạ; Trạm sạc tại chung cư/văn phòng,15 – dưới 25 triệu
RESP_0326,B,K2,online,1322,0,0,0,0,0,1,25-30,25,Nữ,Đại học,Nhân viên văn phòng,7 – dưới 10 triệu,1 – dưới 3 triệu,10–20 km,547,"Có nhưng bị hạn chế (phí, giờ, chủ nhà/ban quản lý không cho)","Phường Tân Hưng Thuận, Quận 12","Phường 12, Quận 10",0,0,Hằng ngày,Biết rõ,Thay đổi nơi ở hoặc nơi làm việc,3,4,4,4,9,1,3,1,1,2,2,3,4,3,4,2,4,3,3,1,Không bỏ qua đặc điểm nào,5,Xe xăng hiện tại vẫn còn tốt,Trợ giá của thành phố; Miễn lệ phí trước bạ; Trạm sạc tại chung cư/văn phòng,15 – dưới 25 triệu
RESP_0327,A,K3,online,1140,0,0,0,0,0,1,25-30,26,Nữ,Trung cấp/Cao đẳng,Nhân viên văn phòng,7 – dưới 10 triệu,Hầu như không dư,10–20 km,716,Không biết,"Phường 1, Quận 4","Phường 6, Quận 4",0,0,Hằng ngày,Có nghe qua,Chuyển hẳn sang giao thông công cộng,4,4,5,4,7,2,4,4,3,3,4,3,3,3,3,4,2,3,2,1,Không bỏ qua đặc điểm nào,5,Xe xăng hiện tại vẫn còn tốt,Trợ giá của thành phố; Miễn lệ phí trước bạ; Trạm sạc tại chung cư/văn phòng,15 – dưới 25 triệu
RESP_0328,B,K1,online,979,0,0,0,0,0,1,25-30,27,Nam,Đại học,"Kinh doanh, bán hàng",7 – dưới 10 triệu,Dưới 1 triệu,20–40 km,800,"Có, dễ dàng","Phường 5, Quận Gò Vấp","Phường 9, Quận Phú Nhuận",0,0,Vài lần mỗi tuần,Có nghe qua,Chuyển sang xe máy điện,4,4,5,4,6,2,3,1,1,1,1,4,2,4,3,4,3,2,3,1,Không bỏ qua đặc điểm nào,3,Xe xăng hiện tại vẫn còn tốt,Trợ giá của thành phố; Miễn lệ phí trước bạ; Trạm sạc tại chung cư/văn phòng,25 – dưới 35 triệu
RESP_0329,A,K2,online,1165,0,0,0,0,0,1,25-30,29,Nữ,Đại học,"Kinh doanh, bán hàng",10 – dưới 15 triệu,3 – dưới 5 triệu,10–20 km,1355,Không,"Phường 1, Quận 10","Phường 5, Quận 5",0,0,Hầu như không,Có nghe qua,"Gửi xe ở rìa vùng rồi đi bộ, xe buýt hoặc metro vào trung tâm",4,4,3,3,6,2,2,3,3,3,2,4,4,4,3,3,3,3,1,1,Không bỏ qua đặc điểm nào,4,Xe xăng hiện tại vẫn còn tốt,Trợ giá của thành phố; Miễn lệ phí trước bạ; Trạm sạc tại chung cư/văn phòng,Từ 35 triệu trở lên
RESP_0330,B,K3,online,1302,0,0,0,0,0,1,18-24,23,Nữ,Đại học,Nhân viên văn phòng,20 – dưới 30 triệu,Hầu như không dư,Trên 40 km,760,"Có nhưng bị hạn chế (phí, giờ, chủ nhà/ban quản lý không cho)","Phường An Phú, TP Thủ Đức","Phường Bình Trưng Đông, TP Thủ Đức",0,0,Vài lần mỗi tháng,Có nghe qua,Không bị ảnh hưởng,4,3,3,3,5,1,1,2,1,2,3,3,3,3,4,3,3,4,3,1,Phụ phí LEZ,3,Xe xăng hiện tại vẫn còn tốt,Trợ giá của thành phố; Miễn lệ phí trước bạ; Trạm sạc tại chung cư/văn phòng,25 – dưới 35 triệu
RESP_0331,A,K1,online,1420,0,0,0,0,0,1,18-24,22,Nam,Đại học,Nhân viên văn phòng,20 – dưới 30 triệu,1 – dưới 3 triệu,10–20 km,514,"Có, dễ dàng","Phường 1, Quận 10","Phường Tân Hưng Thuận, Quận 12",0,0,Vài lần mỗi tuần,Chưa biết,Chuyển sang xe máy điện,4,4,5,4,9,2,3,3,3,2,3,2,4,3,3,3,3,2,4,1,Phụ phí LEZ,5,Xe xăng hiện tại vẫn còn tốt,Trợ giá của thành phố; Miễn lệ phí trước bạ; Trạm sạc tại chung cư/văn phòng,15 – dưới 25 triệu
RESP_0332,B,K2,online,1145,0,0,0,0,0,1,18-24,20,Nam,Đại học,"Kinh doanh, bán hàng",10 – dưới 15 triệu,Từ 5 triệu trở lên,20–40 km,737,"Có nhưng bị hạn chế (phí, giờ, chủ nhà/ban quản lý không cho)","Phường Tân Thuận Đông, Quận 7","Phường 5, Quận 5",0,0,Vài lần mỗi tháng,Chưa biết,Chuyển sang xe máy điện,4,4,3,4,6,3,3,4,3,3,3,4,3,3,2,3,2,3,3,1,Không bỏ qua đặc điểm nào,3,Xe xăng hiện tại vẫn còn tốt,Trợ giá của thành phố; Miễn lệ phí trước bạ; Trạm sạc tại chung cư/văn phòng,15 – dưới 25 triệu
RESP_0333,A,K3,online,1279,0,0,0,0,0,1,18-24,20,Nam,Đại học,Kỹ thuật/sản xuất,15 – dưới 20 triệu,1 – dưới 3 triệu,Dưới 10 km,581,"Có nhưng bị hạn chế (phí, giờ, chủ nhà/ban quản lý không cho)","Phường 11, Quận 5","Phường Tân Hưng Thuận, Quận 12",0,0,Vài lần mỗi tháng,Có nghe qua,Chuyển sang xe máy điện,3,3,4,2,6,3,2,3,3,3,3,5,4,5,4,4,3,2,3,1,Không bỏ qua đặc điểm nào,5,Xe xăng hiện tại vẫn còn tốt,Trợ giá của thành phố; Miễn lệ phí trước bạ; Trạm sạc tại chung cư/văn phòng,25 – dưới 35 triệu
RESP_0334,B,K1,online,1292,0,0,0,0,0,1,18-24,20,Nam,Sau đại học,Tự doanh/freelance,7 – dưới 10 triệu,Từ 5 triệu trở lên,Dưới 10 km,1070,"Có, dễ dàng","Phường Bình Hưng Hòa, Quận Bình Tân","Phường 5, Quận Gò Vấp",0,0,Hầu như không,Biết rõ,Chuyển sang xe máy điện,3,3,4,3,6,2,2,3,3,2,3,4,4,3,4,3,3,3,3,1,Không bỏ qua đặc điểm nào,5,Xe xăng hiện tại vẫn còn tốt,Trợ giá của thành phố; Miễn lệ phí trước bạ; Trạm sạc tại chung cư/văn phòng,15 – dưới 25 triệu
RESP_0335,A,K2,online,1133,0,0,0,0,0,1,25-30,27,Nữ,Sau đại học,Kỹ thuật/sản xuất,10 – dưới 15 triệu,1 – dưới 3 triệu,Dưới 10 km,599,"Có nhưng bị hạn chế (phí, giờ, chủ nhà/ban quản lý không cho)","Phường Tăng Nhơn Phú A, TP Thủ Đức","Phường 2, Quận Phú Nhuận",0,0,Hầu như không,Có nghe qua,"Gửi xe ở rìa vùng rồi đi bộ, xe buýt hoặc metro vào trung tâm",3,2,3,3,7,3,3,3,3,3,4,2,4,4,4,3,3,3,3,1,Phụ phí LEZ,5,Xe xăng hiện tại vẫn còn tốt,Trợ giá của thành phố; Miễn lệ phí trước bạ; Trạm sạc tại chung cư/văn phòng,25 – dưới 35 triệu
RESP_0336,B,K3,online,960,0,0,0,0,0,1,25-30,28,Nam,Đại học,"Kinh doanh, bán hàng",20 – dưới 30 triệu,Từ 5 triệu trở lên,10–20 km,982,"Có nhưng bị hạn chế (phí, giờ, chủ nhà/ban quản lý không cho)","Phường Bình Hưng Hòa, Quận Bình Tân","Phường Tân Phú, Quận 7",0,0,Vài lần mỗi tháng,Biết rõ,Chấp nhận nộp phụ phí và tiếp tục đi xe xăng,4,4,5,4,9,2,1,1,2,2,1,3,3,2,2,3,4,3,3,1,Không bỏ qua đặc điểm nào,5,Xe xăng hiện tại vẫn còn tốt,Trợ giá của thành phố; Miễn lệ phí trước bạ; Trạm sạc tại chung cư/văn phòng,15 – dưới 25 triệu
RESP_0337,A,K1,online,1431,0,0,0,0,0,1,25-30,27,Nam,Đại học,Nhân viên văn phòng,7 – dưới 10 triệu,3 – dưới 5 triệu,20–40 km,1470,Không,"Phường 1, Quận Gò Vấp","Phường Tân Phú, Quận 7",0,0,Hầu như không,Biết rõ,Chuyển sang xe máy điện,4,2,4,3,7,2,3,4,4,2,3,3,3,3,2,3,4,3,4,1,Phụ phí LEZ,5,Xe xăng hiện tại vẫn còn tốt,Trợ giá của thành phố; Miễn lệ phí trước bạ; Trạm sạc tại chung cư/văn phòng,25 – dưới 35 triệu
RESP_0338,B,K2,online,1013,0,0,0,0,0,1,25-30,25,Nữ,Đại học,Nhân viên văn phòng,10 – dưới 15 triệu,3 – dưới 5 triệu,10–20 km,1184,"Có, dễ dàng","Phường Tân Mỹ, Quận 7","Phường 19, Quận Bình Thạnh",0,0,Vài lần mỗi tuần,Biết rõ,Chuyển hẳn sang giao thông công cộng,5,3,4,3,8,3,4,3,2,3,2,2,2,2,1,2,2,3,3,1,Không bỏ qua đặc điểm nào,5,Xe xăng hiện tại vẫn còn tốt,Trợ giá của thành phố; Miễn lệ phí trước bạ; Trạm sạc tại chung cư/văn phòng,15 – dưới 25 triệu
RESP_0339,A,K3,online,959,0,0,0,0,0,1,25-30,30,Nam,Trung cấp/Cao đẳng,Nhân viên văn phòng,10 – dưới 15 triệu,Dưới 1 triệu,Dưới 10 km,822,"Có, dễ dàng","Phường Linh Chiểu, TP Thủ Đức","Phường Linh Trung, TP Thủ Đức",0,0,Vài lần mỗi tuần,Có nghe qua,Chuyển sang xe máy điện,4,3,4,4,7,3,3,4,3,3,3,4,4,3,3,4,2,4,2,1,Không bỏ qua đặc điểm nào,3,Xe xăng hiện tại vẫn còn tốt,Trợ giá của thành phố; Miễn lệ phí trước bạ; Trạm sạc tại chung cư/văn phòng,25 – dưới 35 triệu
RESP_0340,B,K1,online,1143,0,0,0,0,0,1,18-24,24,Nữ,Đại học,"Tài xế công nghệ, giao hàng",10 – dưới 15 triệu,1 – dưới 3 triệu,20–40 km,407,"Có, dễ dàng","Phường 1, Quận 4","Phường 15, Quận Bình Thạnh",0,0,Vài lần mỗi tuần,Biết rõ,Chuyển sang xe máy điện,5,4,4,3,8,2,2,3,1,1,2,2,2,2,1,3,2,2,3,1,Không bỏ qua đặc điểm nào,4,Xe xăng hiện tại vẫn còn tốt,Trợ giá của thành phố; Miễn lệ phí trước bạ; Trạm sạc tại chung cư/văn phòng,15 – dưới 25 triệu
RESP_0341,A,K2,online,1439,0,0,0,0,0,1,18-24,21,Nữ,Đại học,Nhân viên văn phòng,10 – dưới 15 triệu,Dưới 1 triệu,Dưới 10 km,682,"Có nhưng bị hạn chế (phí, giờ, chủ nhà/ban quản lý không cho)","Phường 1, Quận 10","Phường Linh Trung, TP Thủ Đức",0,0,Vài lần mỗi tháng,Có nghe qua,Chuyển hẳn sang giao thông công cộng,4,4,4,4,8,3,2,3,2,2,3,3,2,3,2,3,4,3,1,1,Không bỏ qua đặc điểm nào,3,Xe xăng hiện tại vẫn còn tốt,Trợ giá của thành phố; Miễn lệ phí trước bạ; Trạm sạc tại chung cư/văn phòng,Dưới 15 triệu
RESP_0342,B,K3,online,1211,0,0,0,0,0,1,18-24,20,Nam,Đại học,"Tài xế công nghệ, giao hàng",7 – dưới 10 triệu,3 – dưới 5 triệu,20–40 km,1321,"Có nhưng bị hạn chế (phí, giờ, chủ nhà/ban quản lý không cho)","Phường 12, Quận 10","Phường Tân Mỹ, Quận 7",0,0,Vài lần mỗi tuần,Có nghe qua,Không bị ảnh hưởng,4,3,4,5,8,3,3,1,2,2,4,3,2,3,3,2,3,3,3,1,Không bỏ qua đặc điểm nào,4,Xe xăng hiện tại vẫn còn tốt,Trợ giá của thành phố; Miễn lệ phí trước bạ; Trạm sạc tại chung cư/văn phòng,Dưới 15 triệu
RESP_0343,A,K1,online,1308,0,0,0,0,0,1,18-24,23,Nữ,THPT trở xuống,Nhân viên văn phòng,20 – dưới 30 triệu,3 – dưới 5 triệu,Dưới 10 km,846,Không,"Phường Tây Thạnh, Quận Tân Phú","Phường Tân Hưng Thuận, Quận 12",0,0,Vài lần mỗi tháng,Biết rõ,Chuyển sang xe máy điện,3,4,5,4,8,2,2,3,2,1,3,3,3,2,3,3,3,4,2,1,Không bỏ qua đặc điểm nào,5,Xe xăng hiện tại vẫn còn tốt,Trợ giá của thành phố; Miễn lệ phí trước bạ; Trạm sạc tại chung cư/văn phòng,Dưới 15 triệu
RESP_0344,B,K2,online,1218,0,0,0,0,0,1,18-24,24,Nam,Đại học,"Tài xế công nghệ, giao hàng",10 – dưới 15 triệu,1 – dưới 3 triệu,Dưới 10 km,584,"Có nhưng bị hạn chế (phí, giờ, chủ nhà/ban quản lý không cho)","Phường Tân Mỹ, Quận 7","Phường 2, Quận Tân Bình",0,0,Hằng ngày,Biết rõ,Chuyển sang xe máy điện,4,4,4,4,8,3,2,3,2,3,2,2,3,2,3,2,5,3,3,1,Không bỏ qua đặc điểm nào,3,Xe xăng hiện tại vẫn còn tốt,Trợ giá của thành phố; Miễn lệ phí trước bạ; Trạm sạc tại chung cư/văn phòng,Dưới 15 triệu
RESP_0345,A,K3,online,1273,0,0,0,0,0,1,25-30,28,Nam,Đại học,"Kinh doanh, bán hàng",10 – dưới 15 triệu,1 – dưới 3 triệu,20–40 km,1133,"Có nhưng bị hạn chế (phí, giờ, chủ nhà/ban quản lý không cho)","Phường 1, Quận 10","Phường 22, Quận Bình Thạnh",0,0,Hằng ngày,Biết rõ,Chuyển sang xe máy điện,3,3,4,5,6,2,3,2,2,3,2,3,4,3,4,2,4,3,3,1,Không bỏ qua đặc điểm nào,4,Xe xăng hiện tại vẫn còn tốt,Trợ giá của thành phố; Miễn lệ phí trước bạ; Trạm sạc tại chung cư/văn phòng,25 – dưới 35 triệu
RESP_0346,B,K1,online,1391,0,0,0,0,0,1,25-30,28,Nữ,Trung cấp/Cao đẳng,"Kinh doanh, bán hàng",15 – dưới 20 triệu,Từ 5 triệu trở lên,10–20 km,1436,"Có nhưng bị hạn chế (phí, giờ, chủ nhà/ban quản lý không cho)","Phường 1, Quận Bình Thạnh","Phường An Phú, TP Thủ Đức",0,0,Vài lần mỗi tuần,Chưa biết,Chuyển sang xe máy điện,3,3,3,4,4,3,5,3,3,3,3,4,4,4,4,4,3,3,3,1,Không bỏ qua đặc điểm nào,3,Xe xăng hiện tại vẫn còn tốt,Trợ giá của thành phố; Miễn lệ phí trước bạ; Trạm sạc tại chung cư/văn phòng,15 – dưới 25 triệu
RESP_0347,A,K2,online,967,0,0,0,0,0,1,25-30,25,Nam,Đại học,Nhân viên văn phòng,7 – dưới 10 triệu,3 – dưới 5 triệu,10–20 km,1102,"Có, dễ dàng","Phường Tân Thuận Đông, Quận 7","Phường 13, Quận 4",0,0,Hầu như không,Có nghe qua,Chuyển hẳn sang giao thông công cộng,3,3,3,3,6,4,4,4,5,4,4,3,4,3,4,4,3,4,3,1,Phụ phí LEZ,3,Xe xăng hiện tại vẫn còn tốt,Trợ giá của thành phố; Miễn lệ phí trước bạ; Trạm sạc tại chung cư/văn phòng,25 – dưới 35 triệu
RESP_0348,B,K3,online,1099,0,0,0,0,0,1,25-30,25,Nam,Đại học,Tự doanh/freelance,7 – dưới 10 triệu,1 – dưới 3 triệu,20–40 km,526,Không,"Phường 1, Quận 4","Phường Bình Hưng Hòa, Quận Bình Tân",0,0,Hằng ngày,Biết rõ,Chấp nhận nộp phụ phí và tiếp tục đi xe xăng,4,3,3,3,8,3,3,4,2,3,2,4,3,3,4,3,3,3,3,1,Không bỏ qua đặc điểm nào,4,Xe xăng hiện tại vẫn còn tốt,Trợ giá của thành phố; Miễn lệ phí trước bạ; Trạm sạc tại chung cư/văn phòng,25 – dưới 35 triệu
RESP_0349,A,K1,online,1331,0,0,0,0,0,1,25-30,26,Nữ,Đại học,"Kinh doanh, bán hàng",7 – dưới 10 triệu,Hầu như không dư,10–20 km,539,"Có, dễ dàng","Phường Tân Hưng Thuận, Quận 12","Phường 5, Quận Gò Vấp",0,0,Hằng ngày,Có nghe qua,Chuyển hẳn sang giao thông công cộng,3,3,3,3,7,4,4,3,3,3,4,2,3,4,3,3,4,4,2,1,Không bỏ qua đặc điểm nào,4,Xe xăng hiện tại vẫn còn tốt,Trợ giá của thành phố; Miễn lệ phí trước bạ; Trạm sạc tại chung cư/văn phòng,15 – dưới 25 triệu
RESP_0350,B,K2,online,1458,0,0,0,0,0,1,18-24,21,Nữ,THPT trở xuống,Nhân viên văn phòng,10 – dưới 15 triệu,1 – dưới 3 triệu,10–20 km,389,Không,"Phường 1, Quận Bình Thạnh","Phường Tân Phú, Quận 7",0,0,Vài lần mỗi tháng,Chưa biết,Chuyển sang xe máy điện,4,3,5,4,9,2,2,2,1,1,3,1,2,2,2,3,3,3,3,1,Không bỏ qua đặc điểm nào,4,Xe xăng hiện tại vẫn còn tốt,Trợ giá của thành phố; Miễn lệ phí trước bạ; Trạm sạc tại chung cư/văn phòng,25 – dưới 35 triệu
RESP_0351,A,K3,online,1422,0,0,0,0,0,1,18-24,20,Nam,Đại học,Tự doanh/freelance,20 – dưới 30 triệu,Dưới 1 triệu,Dưới 10 km,1210,"Có, dễ dàng","Thị trấn Tân Túc, Huyện Bình Chánh","Phường Tân Mỹ, Quận 7",0,0,Vài lần mỗi tháng,Biết rõ,Chuyển hẳn sang giao thông công cộng,3,3,4,3,5,3,3,3,3,2,3,4,3,3,4,4,2,4,3,1,Không bỏ qua đặc điểm nào,4,Xe xăng hiện tại vẫn còn tốt,Trợ giá của thành phố; Miễn lệ phí trước bạ; Trạm sạc tại chung cư/văn phòng,25 – dưới 35 triệu
RESP_0352,B,K1,online,1203,0,0,0,0,0,1,18-24,22,Nữ,Đại học,Nhân viên văn phòng,7 – dưới 10 triệu,Dưới 1 triệu,Dưới 10 km,1438,"Có, dễ dàng","Phường 1, Quận Phú Nhuận","Phường Tân Hưng Thuận, Quận 12",0,0,Hầu như không,Chưa biết,Chuyển sang xe máy điện,3,3,3,2,5,3,4,2,3,3,3,5,5,4,4,3,2,3,2,1,Không bỏ qua đặc điểm nào,5,Xe xăng hiện tại vẫn còn tốt,Trợ giá của thành phố; Miễn lệ phí trước bạ; Trạm sạc tại chung cư/văn phòng,25 – dưới 35 triệu
RESP_0353,A,K2,online,1109,0,0,0,0,0,1,18-24,24,Nữ,Đại học,Nhân viên văn phòng,10 – dưới 15 triệu,Dưới 1 triệu,10–20 km,1302,"Có, dễ dàng","Phường 25, Quận Bình Thạnh","Phường 5, Quận Gò Vấp",0,0,Vài lần mỗi tháng,Có nghe qua,Chuyển hẳn sang giao thông công cộng,4,3,4,3,7,3,2,2,2,3,2,5,5,4,4,2,3,3,4,1,Phụ phí LEZ,5,Xe xăng hiện tại vẫn còn tốt,Trợ giá của thành phố; Miễn lệ phí trước bạ; Trạm sạc tại chung cư/văn phòng,Từ 35 triệu trở lên
RESP_0354,B,K3,online,1470,0,0,0,0,0,1,18-24,19,Nữ,Đại học,"Kinh doanh, bán hàng",7 – dưới 10 triệu,Hầu như không dư,10–20 km,259,Không biết,"Phường 11, Quận 5","Phường 1, Quận Gò Vấp",0,0,Vài lần mỗi tháng,Biết rõ,Chuyển hẳn sang giao thông công cộng,3,3,3,4,9,2,2,3,3,2,2,3,4,5,3,3,1,2,3,1,Không bỏ qua đặc điểm nào,3,Xe xăng hiện tại vẫn còn tốt,Trợ giá của thành phố; Miễn lệ phí trước bạ; Trạm sạc tại chung cư/văn phòng,15 – dưới 25 triệu
RESP_0355,A,K1,online,1328,0,0,0,0,0,1,25-30,30,Nam,Đại học,Khác,7 – dưới 10 triệu,1 – dưới 3 triệu,20–40 km,912,"Có, dễ dàng","Phường Tây Thạnh, Quận Tân Phú","Phường 12, Quận 10",0,0,Vài lần mỗi tháng,Chưa biết,Chấp nhận nộp phụ phí và tiếp tục đi xe xăng,3,2,2,3,8,3,3,3,3,2,3,2,4,5,3,2,3,3,4,1,Không bỏ qua đặc điểm nào,3,Xe xăng hiện tại vẫn còn tốt,Trợ giá của thành phố; Miễn lệ phí trước bạ; Trạm sạc tại chung cư/văn phòng,15 – dưới 25 triệu
RESP_0356,B,K2,online,1366,0,0,0,0,0,1,25-30,29,Nam,Trung cấp/Cao đẳng,"Kinh doanh, bán hàng",7 – dưới 10 triệu,1 – dưới 3 triệu,Dưới 10 km,1320,"Có, dễ dàng","Phường 1, Quận Bình Thạnh","Phường 1, Quận Phú Nhuận",0,0,Hầu như không,Có nghe qua,"Gửi xe ở rìa vùng rồi đi bộ, xe buýt hoặc metro vào trung tâm",4,3,5,4,7,2,2,2,1,2,2,4,3,3,3,3,4,4,3,1,Phụ phí LEZ,3,Xe xăng hiện tại vẫn còn tốt,Trợ giá của thành phố; Miễn lệ phí trước bạ; Trạm sạc tại chung cư/văn phòng,25 – dưới 35 triệu
RESP_0357,A,K3,online,1341,0,0,0,0,0,1,25-30,28,Nam,Trung cấp/Cao đẳng,Nhân viên văn phòng,7 – dưới 10 triệu,Hầu như không dư,20–40 km,681,"Có nhưng bị hạn chế (phí, giờ, chủ nhà/ban quản lý không cho)","Phường Thảo Điền, TP Thủ Đức","Phường 22, Quận Bình Thạnh",0,0,Vài lần mỗi tháng,Có nghe qua,Chuyển sang xe máy điện,4,4,4,3,6,3,3,3,4,3,3,2,2,2,4,3,4,3,3,1,Không bỏ qua đặc điểm nào,4,Xe xăng hiện tại vẫn còn tốt,Trợ giá của thành phố; Miễn lệ phí trước bạ; Trạm sạc tại chung cư/văn phòng,15 – dưới 25 triệu
RESP_0358,B,K1,online,1442,0,0,0,0,0,1,25-30,27,Nam,Đại học,"Kinh doanh, bán hàng",10 – dưới 15 triệu,Dưới 1 triệu,20–40 km,582,"Có, dễ dàng","Phường An Phú, TP Thủ Đức","Phường 19, Quận Bình Thạnh",0,0,Hầu như không,Có nghe qua,Không bị ảnh hưởng,3,4,4,3,6,3,3,3,2,4,4,3,3,3,5,3,2,3,4,1,Không bỏ qua đặc điểm nào,3,Xe xăng hiện tại vẫn còn tốt,Trợ giá của thành phố; Miễn lệ phí trước bạ; Trạm sạc tại chung cư/văn phòng,Từ 35 triệu trở lên
RESP_0359,A,K2,online,1312,0,0,0,0,0,1,25-30,26,Nam,Đại học,Nhân viên văn phòng,7 – dưới 10 triệu,Dưới 1 triệu,20–40 km,1400,"Có, dễ dàng","Phường Tân Phú, Quận 7","Phường 1, Quận 10",0,0,Hằng ngày,Có nghe qua,Chuyển sang xe máy điện,2,4,4,2,5,4,4,3,4,3,4,3,2,4,2,4,4,4,3,1,Không bỏ qua đặc điểm nào,4,Xe xăng hiện tại vẫn còn tốt,Trợ giá của thành phố; Miễn lệ phí trước bạ; Trạm sạc tại chung cư/văn phòng,25 – dưới 35 triệu
RESP_0360,B,K3,online,454,1,0,1,0,0,0,18-24,22,Nữ,Đại học,"Kinh doanh, bán hàng",15 – dưới 20 triệu,Hầu như không dư,10–20 km,963,Không biết,"Phường 11, Quận 5","Phường 15, Quận Bình Thạnh",0,0,Hầu như không,Có nghe qua,Chuyển hẳn sang giao thông công cộng,4,4,4,3,5,2,3,3,3,2,2,3,3,2,3,4,2,3,2,0,Không bỏ qua đặc điểm nào,3,Xe xăng hiện tại vẫn còn tốt,Trợ giá của thành phố; Miễn lệ phí trước bạ; Trạm sạc tại chung cư/văn phòng,25 – dưới 35 triệu
RESP_0361,A,K1,online,1186,0,0,0,0,0,1,18-24,23,Nam,Sau đại học,Tự doanh/freelance,7 – dưới 10 triệu,Từ 5 triệu trở lên,10–20 km,474,"Có, dễ dàng","Phường 5, Quận Gò Vấp","Phường 1, Quận Phú Nhuận",0,0,Vài lần mỗi tuần,Có nghe qua,Không bị ảnh hưởng,4,3,4,3,8,1,1,1,1,2,1,3,3,2,3,2,2,3,3,1,Không bỏ qua đặc điểm nào,4,Xe xăng hiện tại vẫn còn tốt,Trợ giá của thành phố; Miễn lệ phí trước bạ; Trạm sạc tại chung cư/văn phòng,25 – dưới 35 triệu
RESP_0362,B,K2,online,1034,0,0,0,0,0,1,18-24,21,Nam,Trung cấp/Cao đẳng,Sinh viên có việc làm,7 – dưới 10 triệu,Hầu như không dư,10–20 km,466,Không,"Phường 6, Quận 4","Phường Thảo Điền, TP Thủ Đức",0,0,Vài lần mỗi tháng,Có nghe qua,Chuyển sang xe máy điện,4,2,4,4,8,3,4,4,3,3,3,4,4,5,3,3,3,3,3,1,Phụ phí LEZ,5,Xe xăng hiện tại vẫn còn tốt,Trợ giá của thành phố; Miễn lệ phí trước bạ; Trạm sạc tại chung cư/văn phòng,15 – dưới 25 triệu
RESP_0363,A,K3,online,1478,0,0,0,0,0,1,18-24,18,Nữ,THPT trở xuống,Kỹ thuật/sản xuất,7 – dưới 10 triệu,1 – dưới 3 triệu,10–20 km,1387,Không,"Phường 1, Quận Gò Vấp","Phường 1, Quận Phú Nhuận",0,0,Hầu như không,Có nghe qua,Chuyển sang xe máy điện,3,2,3,4,5,4,2,4,3,4,4,4,2,3,3,3,4,2,3,1,Phụ phí LEZ,3,Xe xăng hiện tại vẫn còn tốt,Trợ giá của thành phố; Miễn lệ phí trước bạ; Trạm sạc tại chung cư/văn phòng,Từ 35 triệu trở lên
RESP_0364,B,K1,online,1411,0,0,0,0,0,1,18-24,24,Nữ,Đại học,"Kinh doanh, bán hàng",7 – dưới 10 triệu,1 – dưới 3 triệu,Dưới 10 km,468,Không,"Phường Linh Trung, TP Thủ Đức","Phường Linh Trung, TP Thủ Đức",0,0,Vài lần mỗi tháng,Có nghe qua,Chuyển sang xe máy điện,3,3,3,4,8,3,3,4,3,4,3,3,5,4,5,5,2,4,3,1,Phụ phí LEZ,3,Xe xăng hiện tại vẫn còn tốt,Trợ giá của thành phố; Miễn lệ phí trước bạ; Trạm sạc tại chung cư/văn phòng,25 – dưới 35 triệu
RESP_0365,A,K2,online,1493,0,0,0,0,0,1,25-30,29,Nữ,Sau đại học,Sinh viên có việc làm,7 – dưới 10 triệu,1 – dưới 3 triệu,20–40 km,1297,"Có nhưng bị hạn chế (phí, giờ, chủ nhà/ban quản lý không cho)","Phường 2, Quận Phú Nhuận","Phường Linh Chiểu, TP Thủ Đức",0,0,Hầu như không,Biết rõ,Chuyển sang xe máy điện,3,3,4,4,5,4,3,3,3,3,3,3,2,2,2,4,2,3,3,1,Phụ phí LEZ,3,Xe xăng hiện tại vẫn còn tốt,Trợ giá của thành phố; Miễn lệ phí trước bạ; Trạm sạc tại chung cư/văn phòng,15 – dưới 25 triệu
RESP_0366,B,K3,online,1058,0,0,0,0,0,1,25-30,29,Nữ,Trung cấp/Cao đẳng,"Kinh doanh, bán hàng",20 – dưới 30 triệu,Dưới 1 triệu,10–20 km,1259,"Có, dễ dàng","Phường Thảo Điền, TP Thủ Đức","Phường Tân Thuận Đông, Quận 7",0,0,Vài lần mỗi tháng,Có nghe qua,Chuyển sang xe máy điện,4,5,5,3,9,4,2,3,3,3,3,2,3,2,2,2,4,1,4,1,Không bỏ qua đặc điểm nào,5,Xe xăng hiện tại vẫn còn tốt,Trợ giá của thành phố; Miễn lệ phí trước bạ; Trạm sạc tại chung cư/văn phòng,25 – dưới 35 triệu
RESP_0367,A,K1,online,1108,0,0,0,0,0,1,25-30,28,Nam,THPT trở xuống,Nhân viên văn phòng,7 – dưới 10 triệu,3 – dưới 5 triệu,Dưới 10 km,1311,"Có nhưng bị hạn chế (phí, giờ, chủ nhà/ban quản lý không cho)","Phường 15, Quận Bình Thạnh","Phường 5, Quận 5",0,0,Vài lần mỗi tuần,Biết rõ,"Gửi xe ở rìa vùng rồi đi bộ, xe buýt hoặc metro vào trung tâm",4,2,5,3,7,3,4,2,3,2,3,3,3,4,4,4,3,3,3,1,Phụ phí LEZ,3,Xe xăng hiện tại vẫn còn tốt,Trợ giá của thành phố; Miễn lệ phí trước bạ; Trạm sạc tại chung cư/văn phòng,Từ 35 triệu trở lên
RESP_0368,B,K2,online,1188,0,0,0,0,0,1,25-30,27,Nam,Đại học,Tự doanh/freelance,20 – dưới 30 triệu,1 – dưới 3 triệu,20–40 km,1384,Không biết,"Phường 22, Quận Bình Thạnh","Phường 1, Quận Phú Nhuận",0,0,Hầu như không,Biết rõ,Chấp nhận nộp phụ phí và tiếp tục đi xe xăng,4,4,2,4,6,4,2,3,2,2,2,4,3,4,3,3,4,3,3,1,Không bỏ qua đặc điểm nào,4,Xe xăng hiện tại vẫn còn tốt,Trợ giá của thành phố; Miễn lệ phí trước bạ; Trạm sạc tại chung cư/văn phòng,15 – dưới 25 triệu
RESP_0369,A,K3,online,1236,0,0,0,0,0,1,25-30,26,Nữ,Trung cấp/Cao đẳng,Sinh viên có việc làm,10 – dưới 15 triệu,3 – dưới 5 triệu,10–20 km,525,Không,"Phường 5, Quận 5","Phường 1, Quận 5",0,0,Vài lần mỗi tuần,Có nghe qua,Chuyển sang xe máy điện,3,4,4,3,7,3,2,2,3,2,3,4,3,3,4,3,4,4,3,1,Không bỏ qua đặc điểm nào,5,Xe xăng hiện tại vẫn còn tốt,Trợ giá của thành phố; Miễn lệ phí trước bạ; Trạm sạc tại chung cư/văn phòng,15 – dưới 25 triệu
RESP_0370,B,K1,online,1355,0,0,0,0,0,1,18-24,19,Nữ,Đại học,Nhân viên văn phòng,15 – dưới 20 triệu,3 – dưới 5 triệu,20–40 km,250,"Có nhưng bị hạn chế (phí, giờ, chủ nhà/ban quản lý không cho)","Phường 15, Quận Bình Thạnh","Thị trấn Hóc Môn, Huyện Hóc Môn",0,0,Vài lần mỗi tháng,Có nghe qua,Chấp nhận nộp phụ phí và tiếp tục đi xe xăng,3,3,4,3,8,3,3,1,3,2,2,2,4,4,4,3,4,2,4,1,Không bỏ qua đặc điểm nào,4,Xe xăng hiện tại vẫn còn tốt,Trợ giá của thành phố; Miễn lệ phí trước bạ; Trạm sạc tại chung cư/văn phòng,15 – dưới 25 triệu
RESP_0371,A,K2,online,1170,0,0,0,0,0,1,18-24,23,Nam,Trung cấp/Cao đẳng,Nhân viên văn phòng,10 – dưới 15 triệu,1 – dưới 3 triệu,20–40 km,678,"Có, dễ dàng","Phường 1, Quận 4","Phường Tây Thạnh, Quận Tân Phú",0,0,Vài lần mỗi tháng,Biết rõ,Chấp nhận nộp phụ phí và tiếp tục đi xe xăng,3,3,4,2,6,4,5,4,4,4,4,3,3,4,3,3,3,4,2,1,Không bỏ qua đặc điểm nào,5,Xe xăng hiện tại vẫn còn tốt,Trợ giá của thành phố; Miễn lệ phí trước bạ; Trạm sạc tại chung cư/văn phòng,15 – dưới 25 triệu
RESP_0372,B,K3,online,1174,0,0,0,0,0,1,18-24,21,Nam,Đại học,Tự doanh/freelance,10 – dưới 15 triệu,Dưới 1 triệu,10–20 km,485,"Có nhưng bị hạn chế (phí, giờ, chủ nhà/ban quản lý không cho)","Phường Tây Thạnh, Quận Tân Phú","Phường 1, Quận Phú Nhuận",0,0,Vài lần mỗi tuần,Có nghe qua,Chuyển sang xe máy điện,4,5,4,4,9,3,3,3,2,3,4,2,2,2,1,3,2,4,2,1,Không bỏ qua đặc điểm nào,3,Xe xăng hiện tại vẫn còn tốt,Trợ giá của thành phố; Miễn lệ phí trước bạ; Trạm sạc tại chung cư/văn phòng,25 – dưới 35 triệu
RESP_0373,A,K1,online,1000,0,0,0,0,0,1,18-24,20,Nữ,Trung cấp/Cao đẳng,Sinh viên có việc làm,10 – dưới 15 triệu,Dưới 1 triệu,20–40 km,360,Không biết,"Phường 22, Quận Bình Thạnh","Phường 2, Quận Phú Nhuận",0,0,Vài lần mỗi tuần,Có nghe qua,Chuyển sang xe máy điện,3,3,3,3,7,4,4,4,4,5,4,3,3,4,3,5,2,3,3,1,Không bỏ qua đặc điểm nào,5,Xe xăng hiện tại vẫn còn tốt,Trợ giá của thành phố; Miễn lệ phí trước bạ; Trạm sạc tại chung cư/văn phòng,Dưới 15 triệu
RESP_0374,B,K2,online,1355,0,0,0,0,0,1,18-24,24,Nữ,Đại học,Sinh viên có việc làm,15 – dưới 20 triệu,3 – dưới 5 triệu,Dưới 10 km,1498,"Có, dễ dàng","Phường Hiệp Phú, TP Thủ Đức","Phường Bình Trưng Đông, TP Thủ Đức",0,0,Vài lần mỗi tháng,Có nghe qua,Chuyển sang xe máy điện,4,3,4,5,8,3,2,3,3,2,2,3,2,3,3,4,3,3,3,1,Không bỏ qua đặc điểm nào,5,Xe xăng hiện tại vẫn còn tốt,Trợ giá của thành phố; Miễn lệ phí trước bạ; Trạm sạc tại chung cư/văn phòng,15 – dưới 25 triệu
RESP_0375,A,K3,online,1021,0,0,0,0,0,1,25-30,27,Nam,Sau đại học,Nhân viên văn phòng,7 – dưới 10 triệu,Dưới 1 triệu,10–20 km,779,"Có, dễ dàng","Phường 19, Quận Bình Thạnh","Phường 12, Quận 10",0,0,Vài lần mỗi tháng,Có nghe qua,Chấp nhận nộp phụ phí và tiếp tục đi xe xăng,3,3,5,3,6,3,3,3,3,2,2,3,3,3,4,1,3,3,4,1,Không bỏ qua đặc điểm nào,5,Xe xăng hiện tại vẫn còn tốt,Trợ giá của thành phố; Miễn lệ phí trước bạ; Trạm sạc tại chung cư/văn phòng,Từ 35 triệu trở lên
RESP_0376,B,K1,online,1485,0,0,0,0,0,1,25-30,29,Nam,THPT trở xuống,Nhân viên văn phòng,10 – dưới 15 triệu,Hầu như không dư,Trên 40 km,537,"Có, dễ dàng","Phường Linh Trung, TP Thủ Đức","Phường 9, Quận Phú Nhuận",0,0,Hầu như không,Biết rõ,Chuyển hẳn sang giao thông công cộng,4,3,4,3,6,3,2,3,3,1,3,3,3,2,3,2,3,3,2,1,Không bỏ qua đặc điểm nào,5,Xe xăng hiện tại vẫn còn tốt,Trợ giá của thành phố; Miễn lệ phí trước bạ; Trạm sạc tại chung cư/văn phòng,15 – dưới 25 triệu
RESP_0377,A,K2,online,1307,0,0,0,0,0,1,25-30,30,Nam,Đại học,Kỹ thuật/sản xuất,20 – dưới 30 triệu,Từ 5 triệu trở lên,10–20 km,571,Không,"Phường 1, Quận 4","Phường 1, Quận 4",0,0,Vài lần mỗi tháng,Chưa biết,Chuyển sang xe máy điện,5,4,3,3,6,3,2,3,3,2,3,4,5,3,4,2,4,3,3,1,Không bỏ qua đặc điểm nào,4,Xe xăng hiện tại vẫn còn tốt,Trợ giá của thành phố; Miễn lệ phí trước bạ; Trạm sạc tại chung cư/văn phòng,15 – dưới 25 triệu
RESP_0378,B,K3,online,1346,0,0,0,0,0,1,25-30,30,Nữ,Trung cấp/Cao đẳng,Nhân viên văn phòng,10 – dưới 15 triệu,1 – dưới 3 triệu,10–20 km,363,Không,"Phường Tân Phú, Quận 7","Phường An Phú, TP Thủ Đức",0,0,Hằng ngày,Có nghe qua,Thay đổi nơi ở hoặc nơi làm việc,3,2,4,4,9,2,3,2,3,3,4,1,3,3,2,3,4,4,4,1,Không bỏ qua đặc điểm nào,4,Xe xăng hiện tại vẫn còn tốt,Trợ giá của thành phố; Miễn lệ phí trước bạ; Trạm sạc tại chung cư/văn phòng,25 – dưới 35 triệu
RESP_0379,A,K1,online,1135,0,0,0,0,0,1,25-30,28,Nam,Đại học,"Kinh doanh, bán hàng",7 – dưới 10 triệu,Hầu như không dư,Dưới 10 km,1082,Không,"Phường 12, Quận 10","Phường 15, Quận Bình Thạnh",0,0,Hằng ngày,Có nghe qua,"Gửi xe ở rìa vùng rồi đi bộ, xe buýt hoặc metro vào trung tâm",4,3,3,3,8,2,1,2,3,2,3,4,4,4,5,4,4,2,3,1,Phụ phí LEZ,5,Xe xăng hiện tại vẫn còn tốt,Trợ giá của thành phố; Miễn lệ phí trước bạ; Trạm sạc tại chung cư/văn phòng,Dưới 15 triệu
RESP_0380,B,K2,online,1020,0,0,0,0,0,1,18-24,20,Nam,Sau đại học,"Tài xế công nghệ, giao hàng",7 – dưới 10 triệu,1 – dưới 3 triệu,20–40 km,1029,"Có, dễ dàng","Phường 1, Quận Bình Thạnh","Phường 1, Quận 5",0,0,Vài lần mỗi tháng,Biết rõ,Chuyển sang xe máy điện,4,3,4,3,10,3,3,3,3,3,2,2,3,3,3,3,3,4,3,1,Không bỏ qua đặc điểm nào,5,Xe xăng hiện tại vẫn còn tốt,Trợ giá của thành phố; Miễn lệ phí trước bạ; Trạm sạc tại chung cư/văn phòng,25 – dưới 35 triệu
RESP_0381,A,K3,online,1245,0,0,0,0,0,1,18-24,21,Nữ,Đại học,"Tài xế công nghệ, giao hàng",7 – dưới 10 triệu,1 – dưới 3 triệu,10–20 km,1139,"Có, dễ dàng","Phường 12, Quận 10","Phường Linh Trung, TP Thủ Đức",0,0,Vài lần mỗi tuần,Chưa biết,Chấp nhận nộp phụ phí và tiếp tục đi xe xăng,4,4,4,5,9,2,4,2,2,3,3,3,3,2,3,3,4,3,2,1,Không bỏ qua đặc điểm nào,5,Xe xăng hiện tại vẫn còn tốt,Trợ giá của thành phố; Miễn lệ phí trước bạ; Trạm sạc tại chung cư/văn phòng,15 – dưới 25 triệu
RESP_0382,B,K1,online,1080,0,0,0,0,0,1,18-24,23,Nữ,Đại học,Khác,Từ 30 triệu trở lên,Dưới 1 triệu,10–20 km,907,"Có nhưng bị hạn chế (phí, giờ, chủ nhà/ban quản lý không cho)","Phường Bình Trưng Đông, TP Thủ Đức","Phường An Phú, TP Thủ Đức",0,0,Vài lần mỗi tháng,Có nghe qua,Chuyển sang xe máy điện,5,4,4,4,9,4,4,2,3,3,3,2,3,2,2,4,4,3,2,1,Phụ phí LEZ,4,Xe xăng hiện tại vẫn còn tốt,Trợ giá của thành phố; Miễn lệ phí trước bạ; Trạm sạc tại chung cư/văn phòng,Dưới 15 triệu
RESP_0383,A,K2,online,1362,0,0,0,0,0,1,18-24,18,Nữ,Sau đại học,Kỹ thuật/sản xuất,10 – dưới 15 triệu,Dưới 1 triệu,10–20 km,932,"Có, dễ dàng","Phường 19, Quận Bình Thạnh","Phường 5, Quận Gò Vấp",0,0,Hầu như không,Có nghe qua,Thay đổi nơi ở hoặc nơi làm việc,4,4,4,4,6,2,2,1,3,3,3,2,3,3,2,2,3,3,4,1,Phụ phí LEZ,4,Xe xăng hiện tại vẫn còn tốt,Trợ giá của thành phố; Miễn lệ phí trước bạ; Trạm sạc tại chung cư/văn phòng,Từ 35 triệu trở lên
RESP_0384,B,K3,online,1026,0,0,0,0,0,1,18-24,22,Nữ,Đại học,Tự doanh/freelance,10 – dưới 15 triệu,1 – dưới 3 triệu,10–20 km,1135,"Có nhưng bị hạn chế (phí, giờ, chủ nhà/ban quản lý không cho)","Phường 22, Quận Bình Thạnh","Phường An Phú, TP Thủ Đức",0,0,Vài lần mỗi tháng,Có nghe qua,Chuyển hẳn sang giao thông công cộng,3,3,4,4,8,4,3,3,3,3,2,3,3,3,3,4,2,3,2,1,Không bỏ qua đặc điểm nào,4,Xe xăng hiện tại vẫn còn tốt,Trợ giá của thành phố; Miễn lệ phí trước bạ; Trạm sạc tại chung cư/văn phòng,25 – dưới 35 triệu
RESP_0385,A,K1,online,1106,0,0,0,0,0,1,25-30,27,Nam,Đại học,Kỹ thuật/sản xuất,Từ 30 triệu trở lên,1 – dưới 3 triệu,10–20 km,430,"Có, dễ dàng","Phường Linh Chiểu, TP Thủ Đức","Phường 5, Quận 5",0,0,Vài lần mỗi tháng,Biết rõ,Chuyển sang xe máy điện,3,3,4,4,9,3,2,2,3,2,2,3,4,3,3,4,2,3,3,1,Phụ phí LEZ,3,Xe xăng hiện tại vẫn còn tốt,Trợ giá của thành phố; Miễn lệ phí trước bạ; Trạm sạc tại chung cư/văn phòng,Dưới 15 triệu
RESP_0386,B,K2,online,1111,0,0,0,0,0,1,25-30,26,Nam,THPT trở xuống,"Tài xế công nghệ, giao hàng",7 – dưới 10 triệu,Dưới 1 triệu,20–40 km,992,"Có nhưng bị hạn chế (phí, giờ, chủ nhà/ban quản lý không cho)","Phường 11, Quận 5","Phường Bình Trưng Đông, TP Thủ Đức",0,0,Vài lần mỗi tuần,Biết rõ,Chuyển hẳn sang giao thông công cộng,4,3,3,3,6,3,4,3,3,3,2,2,2,2,3,2,3,2,3,1,Không bỏ qua đặc điểm nào,3,Xe xăng hiện tại vẫn còn tốt,Trợ giá của thành phố; Miễn lệ phí trước bạ; Trạm sạc tại chung cư/văn phòng,15 – dưới 25 triệu
RESP_0387,A,K3,online,1144,0,0,0,0,0,1,25-30,30,Nữ,Trung cấp/Cao đẳng,Nhân viên văn phòng,7 – dưới 10 triệu,1 – dưới 3 triệu,20–40 km,1238,Không,"Phường 13, Quận 4","Phường Linh Chiểu, TP Thủ Đức",0,0,Hầu như không,Có nghe qua,Không bị ảnh hưởng,3,2,3,4,4,4,4,4,3,3,4,4,3,4,4,2,4,3,4,1,Không bỏ qua đặc điểm nào,5,Xe xăng hiện tại vẫn còn tốt,Trợ giá của thành phố; Miễn lệ phí trước bạ; Trạm sạc tại chung cư/văn phòng,Từ 35 triệu trở lên
RESP_0388,B,K1,online,1484,0,0,0,0,0,1,25-30,28,Nam,Đại học,Tự doanh/freelance,7 – dưới 10 triệu,Hầu như không dư,10–20 km,1327,Không,"Phường 2, Quận Phú Nhuận","Phường 9, Quận Phú Nhuận",0,0,Vài lần mỗi tháng,Biết rõ,Chuyển sang xe máy điện,4,4,4,3,8,2,3,3,2,3,2,3,4,3,2,4,2,5,2,1,Không bỏ qua đặc điểm nào,5,Xe xăng hiện tại vẫn còn tốt,Trợ giá của thành phố; Miễn lệ phí trước bạ; Trạm sạc tại chung cư/văn phòng,Dưới 15 triệu
RESP_0389,A,K2,online,1332,0,0,0,0,0,1,25-30,30,Nữ,Trung cấp/Cao đẳng,Sinh viên có việc làm,10 – dưới 15 triệu,Dưới 1 triệu,Dưới 10 km,1192,"Có nhưng bị hạn chế (phí, giờ, chủ nhà/ban quản lý không cho)","Phường Tân Mỹ, Quận 7","Phường An Phú, TP Thủ Đức",0,0,Vài lần mỗi tuần,Chưa biết,Không bị ảnh hưởng,2,3,3,4,7,4,3,3,2,1,3,3,2,4,5,4,3,3,2,1,Không bỏ qua đặc điểm nào,5,Xe xăng hiện tại vẫn còn tốt,Trợ giá của thành phố; Miễn lệ phí trước bạ; Trạm sạc tại chung cư/văn phòng,25 – dưới 35 triệu
RESP_0390,B,K3,online,1268,0,0,0,0,0,1,18-24,20,Nữ,THPT trở xuống,Kỹ thuật/sản xuất,7 – dưới 10 triệu,3 – dưới 5 triệu,10–20 km,1349,"Có nhưng bị hạn chế (phí, giờ, chủ nhà/ban quản lý không cho)","Phường Tân Thuận Đông, Quận 7","Phường 13, Quận Tân Bình",0,0,Vài lần mỗi tháng,Có nghe qua,Chuyển sang xe máy điện,3,3,4,3,7,3,3,4,4,3,4,3,3,3,4,3,3,2,3,1,Phụ phí LEZ,3,Xe xăng hiện tại vẫn còn tốt,Trợ giá của thành phố; Miễn lệ phí trước bạ; Trạm sạc tại chung cư/văn phòng,15 – dưới 25 triệu
RESP_0391,A,K1,online,1250,0,0,0,0,0,1,18-24,21,Nam,Đại học,Tự doanh/freelance,10 – dưới 15 triệu,1 – dưới 3 triệu,10–20 km,309,"Có, dễ dàng","Phường 2, Quận Phú Nhuận","Phường 5, Quận Gò Vấp",0,0,Vài lần mỗi tuần,Có nghe qua,Chuyển sang xe máy điện,3,4,4,3,7,4,3,3,2,3,3,2,3,3,3,4,2,4,2,1,Phụ phí LEZ,4,Xe xăng hiện tại vẫn còn tốt,Trợ giá của thành phố; Miễn lệ phí trước bạ; Trạm sạc tại chung cư/văn phòng,Dưới 15 triệu
RESP_0392,B,K2,online,1107,0,0,0,0,0,1,18-24,18,Nữ,Trung cấp/Cao đẳng,Kỹ thuật/sản xuất,10 – dưới 15 triệu,1 – dưới 3 triệu,10–20 km,1338,Không,"Phường 2, Quận Tân Bình","Phường Bình Hưng Hòa, Quận Bình Tân",0,0,Vài lần mỗi tháng,Có nghe qua,Không bị ảnh hưởng,2,3,3,3,5,3,3,5,3,3,2,4,4,4,4,5,4,4,3,1,Không bỏ qua đặc điểm nào,4,Xe xăng hiện tại vẫn còn tốt,Trợ giá của thành phố; Miễn lệ phí trước bạ; Trạm sạc tại chung cư/văn phòng,25 – dưới 35 triệu
RESP_0393,A,K3,online,1500,0,0,0,0,0,1,18-24,20,Nữ,Đại học,Sinh viên có việc làm,7 – dưới 10 triệu,Hầu như không dư,10–20 km,536,Không,"Phường Hiệp Phú, TP Thủ Đức","Phường 22, Quận Bình Thạnh",0,0,Vài lần mỗi tháng,Có nghe qua,Chấp nhận nộp phụ phí và tiếp tục đi xe xăng,4,4,4,4,6,4,3,3,3,3,4,3,3,3,3,2,5,3,3,1,Không bỏ qua đặc điểm nào,5,Xe xăng hiện tại vẫn còn tốt,Trợ giá của thành phố; Miễn lệ phí trước bạ; Trạm sạc tại chung cư/văn phòng,15 – dưới 25 triệu
RESP_0394,B,K1,online,1264,0,0,0,0,0,1,18-24,19,Nữ,Đại học,Kỹ thuật/sản xuất,7 – dưới 10 triệu,1 – dưới 3 triệu,20–40 km,1422,"Có, dễ dàng","Phường Tân Mỹ, Quận 7","Thị trấn Hóc Môn, Huyện Hóc Môn",0,0,Vài lần mỗi tuần,Có nghe qua,"Gửi xe ở rìa vùng rồi đi bộ, xe buýt hoặc metro vào trung tâm",3,4,4,3,6,2,2,2,2,2,2,4,5,4,3,2,3,2,4,1,Không bỏ qua đặc điểm nào,4,Xe xăng hiện tại vẫn còn tốt,Trợ giá của thành phố; Miễn lệ phí trước bạ; Trạm sạc tại chung cư/văn phòng,25 – dưới 35 triệu
RESP_0395,A,K2,online,1118,0,0,0,0,0,1,25-30,30,Nữ,Đại học,Nhân viên văn phòng,10 – dưới 15 triệu,1 – dưới 3 triệu,20–40 km,770,"Có nhưng bị hạn chế (phí, giờ, chủ nhà/ban quản lý không cho)","Phường 1, Quận Bình Thạnh","Phường 6, Quận 4",0,0,Hầu như không,Có nghe qua,Chuyển sang xe máy điện,3,3,4,3,6,3,4,5,5,4,5,3,3,3,4,3,2,4,3,1,Phụ phí LEZ,5,Xe xăng hiện tại vẫn còn tốt,Trợ giá của thành phố; Miễn lệ phí trước bạ; Trạm sạc tại chung cư/văn phòng,15 – dưới 25 triệu
RESP_0396,B,K3,online,967,0,0,0,0,0,1,25-30,27,Nam,THPT trở xuống,Nhân viên văn phòng,15 – dưới 20 triệu,1 – dưới 3 triệu,10–20 km,727,"Có, dễ dàng","Phường Hiệp Phú, TP Thủ Đức","Thị trấn Tân Túc, Huyện Bình Chánh",0,0,Hầu như không,Có nghe qua,Chuyển hẳn sang giao thông công cộng,3,3,3,4,6,3,2,1,3,4,2,2,4,4,4,4,2,2,2,1,Không bỏ qua đặc điểm nào,5,Xe xăng hiện tại vẫn còn tốt,Trợ giá của thành phố; Miễn lệ phí trước bạ; Trạm sạc tại chung cư/văn phòng,Dưới 15 triệu
RESP_0397,A,K1,online,1100,0,0,0,0,0,1,25-30,27,Nam,Đại học,Nhân viên văn phòng,10 – dưới 15 triệu,1 – dưới 3 triệu,20–40 km,261,"Có, dễ dàng","Phường Linh Trung, TP Thủ Đức","Phường An Phú, TP Thủ Đức",0,0,Vài lần mỗi tuần,Chưa biết,Chuyển sang xe máy điện,3,4,4,3,6,3,3,3,2,3,2,4,4,3,3,3,3,2,3,1,Không bỏ qua đặc điểm nào,4,Xe xăng hiện tại vẫn còn tốt,Trợ giá của thành phố; Miễn lệ phí trước bạ; Trạm sạc tại chung cư/văn phòng,15 – dưới 25 triệu
RESP_0398,B,K2,online,1461,0,0,0,0,0,1,25-30,30,Nam,Đại học,Nhân viên văn phòng,10 – dưới 15 triệu,1 – dưới 3 triệu,10–20 km,1164,"Có, dễ dàng","Thị trấn Tân Túc, Huyện Bình Chánh","Phường Tân Phú, Quận 7",0,0,Vài lần mỗi tháng,Có nghe qua,Chấp nhận nộp phụ phí và tiếp tục đi xe xăng,3,4,4,4,8,2,4,2,2,3,2,4,2,4,3,5,2,4,1,1,Không bỏ qua đặc điểm nào,3,Xe xăng hiện tại vẫn còn tốt,Trợ giá của thành phố; Miễn lệ phí trước bạ; Trạm sạc tại chung cư/văn phòng,25 – dưới 35 triệu
RESP_0399,A,K3,online,1274,0,0,0,0,0,1,25-30,28,Nam,Trung cấp/Cao đẳng,Sinh viên có việc làm,20 – dưới 30 triệu,Dưới 1 triệu,10–20 km,957,"Có, dễ dàng","Phường 5, Quận 5","Phường Tăng Nhơn Phú A, TP Thủ Đức",0,0,Vài lần mỗi tuần,Biết rõ,Chuyển sang xe máy điện,3,3,2,2,5,3,3,4,3,4,4,4,4,4,5,3,3,2,4,1,Không bỏ qua đặc điểm nào,5,Xe xăng hiện tại vẫn còn tốt,Trợ giá của thành phố; Miễn lệ phí trước bạ; Trạm sạc tại chung cư/văn phòng,Dưới 15 triệu
RESP_0400,B,K1,online,1268,0,1,0,0,0,0,18-24,19,Nữ,Đại học,Nhân viên văn phòng,7 – dưới 10 triệu,Từ 5 triệu trở lên,Dưới 10 km,995,"Có, dễ dàng","Phường Tây Thạnh, Quận Tân Phú","Xã Phước Kiển, Huyện Nhà Bè",0,0,Hầu như không,Có nghe qua,Chuyển sang xe máy điện,4,4,4,5,7,3,4,2,2,3,3,3,4,3,3,2,3,2,4,1,Không bỏ qua đặc điểm nào,4,Xe xăng hiện tại vẫn còn tốt,Trợ giá của thành phố; Miễn lệ phí trước bạ; Trạm sạc tại chung cư/văn phòng,25 – dưới 35 triệu
RESP_0401,A,K2,online,998,0,0,0,0,0,1,18-24,21,Nam,Đại học,Nhân viên văn phòng,7 – dưới 10 triệu,1 – dưới 3 triệu,10–20 km,959,Không,"Phường Thảo Điền, TP Thủ Đức","Phường Bình Trưng Đông, TP Thủ Đức",0,0,Vài lần mỗi tuần,Chưa biết,Chuyển sang xe máy điện,4,3,4,2,6,2,3,3,2,2,4,4,3,4,4,2,3,2,3,1,Phụ phí LEZ,5,Xe xăng hiện tại vẫn còn tốt,Trợ giá của thành phố; Miễn lệ phí trước bạ; Trạm sạc tại chung cư/văn phòng,Từ 35 triệu trở lên
RESP_0402,B,K3,online,1281,0,0,0,0,0,1,18-24,18,Nam,Đại học,Nhân viên văn phòng,10 – dưới 15 triệu,3 – dưới 5 triệu,10–20 km,1215,"Có, dễ dàng","Phường Tân Mỹ, Quận 7","Phường An Phú, TP Thủ Đức",0,0,Vài lần mỗi tuần,Biết rõ,Chuyển hẳn sang giao thông công cộng,3,4,4,3,7,1,3,2,3,1,4,4,3,4,2,2,3,2,4,1,Không bỏ qua đặc điểm nào,5,Xe xăng hiện tại vẫn còn tốt,Trợ giá của thành phố; Miễn lệ phí trước bạ; Trạm sạc tại chung cư/văn phòng,15 – dưới 25 triệu
RESP_0403,A,K1,online,1344,0,0,0,0,0,1,18-24,22,Nữ,Đại học,Nhân viên văn phòng,Từ 30 triệu trở lên,1 – dưới 3 triệu,20–40 km,1070,"Có nhưng bị hạn chế (phí, giờ, chủ nhà/ban quản lý không cho)","Phường Hiệp Phú, TP Thủ Đức","Phường 1, Quận Phú Nhuận",0,0,Vài lần mỗi tháng,Có nghe qua,Chuyển sang xe máy điện,3,3,4,3,7,4,3,3,4,4,4,3,4,3,3,3,3,3,2,1,Phụ phí LEZ,4,Xe xăng hiện tại vẫn còn tốt,Trợ giá của thành phố; Miễn lệ phí trước bạ; Trạm sạc tại chung cư/văn phòng,15 – dưới 25 triệu
RESP_0404,B,K2,online,1417,0,0,0,0,0,1,18-24,24,Nữ,Đại học,"Tài xế công nghệ, giao hàng",7 – dưới 10 triệu,Hầu như không dư,10–20 km,966,"Có nhưng bị hạn chế (phí, giờ, chủ nhà/ban quản lý không cho)","Phường 13, Quận Tân Bình","Xã Phước Kiển, Huyện Nhà Bè",0,0,Vài lần mỗi tuần,Có nghe qua,Chuyển sang xe máy điện,3,4,4,4,5,4,3,3,2,3,2,4,3,3,2,3,3,3,3,1,Phụ phí LEZ,3,Xe xăng hiện tại vẫn còn tốt,Trợ giá của thành phố; Miễn lệ phí trước bạ; Trạm sạc tại chung cư/văn phòng,15 – dưới 25 triệu
RESP_0405,A,K3,online,1474,1,0,0,0,0,0,25-30,27,Nam,Đại học,Nhân viên văn phòng,15 – dưới 20 triệu,Dưới 1 triệu,20–40 km,1193,"Có, dễ dàng","Phường Bình Trưng Đông, TP Thủ Đức","Phường Bình Hưng Hòa, Quận Bình Tân",0,0,Vài lần mỗi tháng,Chưa biết,Thay đổi nơi ở hoặc nơi làm việc,4,4,3,3,6,3,3,3,3,3,2,5,4,4,4,4,3,3,3,0,Không bỏ qua đặc điểm nào,3,Xe xăng hiện tại vẫn còn tốt,Trợ giá của thành phố; Miễn lệ phí trước bạ; Trạm sạc tại chung cư/văn phòng,25 – dưới 35 triệu
RESP_0406,B,K1,online,1135,0,0,0,0,0,1,25-30,28,Nữ,Đại học,"Tài xế công nghệ, giao hàng",7 – dưới 10 triệu,Hầu như không dư,20–40 km,313,Không biết,"Phường 1, Quận 4","Phường 1, Quận 10",0,0,Hầu như không,Chưa biết,Chuyển sang xe máy điện,4,2,4,3,6,4,4,3,4,3,3,3,2,3,4,3,4,3,4,1,Không bỏ qua đặc điểm nào,4,Xe xăng hiện tại vẫn còn tốt,Trợ giá của thành phố; Miễn lệ phí trước bạ; Trạm sạc tại chung cư/văn phòng,Dưới 15 triệu
RESP_0407,A,K2,online,1350,0,0,0,0,0,1,25-30,25,Nữ,Sau đại học,Kỹ thuật/sản xuất,7 – dưới 10 triệu,3 – dưới 5 triệu,10–20 km,1069,"Có nhưng bị hạn chế (phí, giờ, chủ nhà/ban quản lý không cho)","Phường 19, Quận Bình Thạnh","Phường Linh Trung, TP Thủ Đức",0,0,Vài lần mỗi tuần,Có nghe qua,Không bị ảnh hưởng,3,3,3,4,9,2,3,3,2,3,2,3,3,3,4,1,3,2,4,1,Không bỏ qua đặc điểm nào,3,Xe xăng hiện tại vẫn còn tốt,Trợ giá của thành phố; Miễn lệ phí trước bạ; Trạm sạc tại chung cư/văn phòng,25 – dưới 35 triệu
RESP_0408,B,K3,online,1282,0,0,0,0,0,1,25-30,30,Nam,Trung cấp/Cao đẳng,Nhân viên văn phòng,20 – dưới 30 triệu,Hầu như không dư,10–20 km,656,"Có nhưng bị hạn chế (phí, giờ, chủ nhà/ban quản lý không cho)","Phường 1, Quận 4","Phường Tân Thuận Đông, Quận 7",0,0,Vài lần mỗi tháng,Biết rõ,Chuyển sang xe máy điện,4,4,4,3,7,3,3,3,2,3,2,4,4,3,4,3,4,3,2,1,Không bỏ qua đặc điểm nào,5,Xe xăng hiện tại vẫn còn tốt,Trợ giá của thành phố; Miễn lệ phí trước bạ; Trạm sạc tại chung cư/văn phòng,15 – dưới 25 triệu
RESP_0409,A,K1,online,1417,0,0,0,0,0,1,25-30,27,Nữ,THPT trở xuống,"Kinh doanh, bán hàng",10 – dưới 15 triệu,1 – dưới 3 triệu,10–20 km,658,"Có nhưng bị hạn chế (phí, giờ, chủ nhà/ban quản lý không cho)","Phường Hiệp Phú, TP Thủ Đức","Phường Linh Chiểu, TP Thủ Đức",0,0,Vài lần mỗi tháng,Có nghe qua,Chuyển hẳn sang giao thông công cộng,4,4,4,4,7,2,3,3,3,2,4,3,3,4,3,1,4,2,4,1,Không bỏ qua đặc điểm nào,5,Xe xăng hiện tại vẫn còn tốt,Trợ giá của thành phố; Miễn lệ phí trước bạ; Trạm sạc tại chung cư/văn phòng,15 – dưới 25 triệu
RESP_0410,B,K2,online,1107,0,0,0,0,0,1,18-24,22,Nữ,Sau đại học,Nhân viên văn phòng,15 – dưới 20 triệu,Dưới 1 triệu,Dưới 10 km,732,Không,"Phường Tân Hưng Thuận, Quận 12","Phường 13, Quận Tân Bình",0,0,Hằng ngày,Có nghe qua,"Gửi xe ở rìa vùng rồi đi bộ, xe buýt hoặc metro vào trung tâm",4,4,4,3,8,3,2,2,2,2,1,3,2,2,2,4,3,4,2,1,Không bỏ qua đặc điểm nào,5,Xe xăng hiện tại vẫn còn tốt,Trợ giá của thành phố; Miễn lệ phí trước bạ; Trạm sạc tại chung cư/văn phòng,15 – dưới 25 triệu
RESP_0411,A,K3,online,1398,0,0,0,0,0,1,18-24,19,Nam,Sau đại học,Nhân viên văn phòng,10 – dưới 15 triệu,1 – dưới 3 triệu,10–20 km,615,"Có, dễ dàng","Phường 1, Quận 4","Phường Tân Mỹ, Quận 7",0,0,Vài lần mỗi tuần,Chưa biết,Chuyển sang xe máy điện,2,4,3,4,5,4,3,3,3,3,4,3,3,4,4,2,3,2,3,1,Không bỏ qua đặc điểm nào,5,Xe xăng hiện tại vẫn còn tốt,Trợ giá của thành phố; Miễn lệ phí trước bạ; Trạm sạc tại chung cư/văn phòng,25 – dưới 35 triệu
RESP_0412,B,K1,online,1328,0,0,0,0,0,1,18-24,18,Nữ,Đại học,Nhân viên văn phòng,10 – dưới 15 triệu,1 – dưới 3 triệu,20–40 km,1305,"Có, dễ dàng","Phường An Phú, TP Thủ Đức","Phường 19, Quận Bình Thạnh",0,0,Hằng ngày,Chưa biết,Chuyển hẳn sang giao thông công cộng,2,3,3,3,8,2,4,4,2,3,3,4,3,4,5,3,5,3,3,1,Phụ phí LEZ,3,Xe xăng hiện tại vẫn còn tốt,Trợ giá của thành phố; Miễn lệ phí trước bạ; Trạm sạc tại chung cư/văn phòng,15 – dưới 25 triệu
RESP_0413,A,K2,online,1360,0,0,0,0,0,1,18-24,23,Nam,Đại học,Tự doanh/freelance,10 – dưới 15 triệu,3 – dưới 5 triệu,10–20 km,1149,Không,"Phường 13, Quận Tân Bình","Phường 2, Quận Bình Thạnh",0,0,Vài lần mỗi tháng,Có nghe qua,Chuyển hẳn sang giao thông công cộng,4,5,3,4,7,3,2,2,2,2,3,3,4,4,3,3,2,3,3,1,Không bỏ qua đặc điểm nào,4,Xe xăng hiện tại vẫn còn tốt,Trợ giá của thành phố; Miễn lệ phí trước bạ; Trạm sạc tại chung cư/văn phòng,15 – dưới 25 triệu
RESP_0414,B,K3,online,1110,0,0,0,0,0,1,18-24,21,Nam,Đại học,Sinh viên có việc làm,15 – dưới 20 triệu,Hầu như không dư,Dưới 10 km,604,Không biết,"Phường Tân Thuận Đông, Quận 7","Phường 19, Quận Bình Thạnh",0,0,Hầu như không,Có nghe qua,Thay đổi nơi ở hoặc nơi làm việc,4,4,3,3,8,3,2,4,4,3,4,4,3,3,3,3,3,5,4,1,Không bỏ qua đặc điểm nào,5,Xe xăng hiện tại vẫn còn tốt,Trợ giá của thành phố; Miễn lệ phí trước bạ; Trạm sạc tại chung cư/văn phòng,15 – dưới 25 triệu
RESP_0415,A,K1,online,1320,0,0,0,0,0,1,25-30,28,Nam,Đại học,Kỹ thuật/sản xuất,10 – dưới 15 triệu,Dưới 1 triệu,10–20 km,414,"Có nhưng bị hạn chế (phí, giờ, chủ nhà/ban quản lý không cho)","Thị trấn Tân Túc, Huyện Bình Chánh","Phường Thảo Điền, TP Thủ Đức",0,0,Vài lần mỗi tháng,Biết rõ,Chấp nhận nộp phụ phí và tiếp tục đi xe xăng,4,4,4,4,10,3,4,3,3,2,2,4,3,3,2,4,4,2,3,1,Phụ phí LEZ,3,Xe xăng hiện tại vẫn còn tốt,Trợ giá của thành phố; Miễn lệ phí trước bạ; Trạm sạc tại chung cư/văn phòng,Dưới 15 triệu
RESP_0416,B,K2,online,1283,0,0,0,0,0,1,25-30,29,Nữ,Đại học,Tự doanh/freelance,10 – dưới 15 triệu,1 – dưới 3 triệu,10–20 km,1014,Không,"Phường 13, Quận 4","Phường 2, Quận Phú Nhuận",0,0,Hằng ngày,Chưa biết,Chấp nhận nộp phụ phí và tiếp tục đi xe xăng,4,3,3,2,7,3,2,3,2,1,3,4,4,3,4,5,4,3,2,1,Phụ phí LEZ,4,Xe xăng hiện tại vẫn còn tốt,Trợ giá của thành phố; Miễn lệ phí trước bạ; Trạm sạc tại chung cư/văn phòng,15 – dưới 25 triệu
RESP_0417,A,K3,online,1176,0,0,0,0,0,1,25-30,26,Nữ,Trung cấp/Cao đẳng,"Kinh doanh, bán hàng",15 – dưới 20 triệu,1 – dưới 3 triệu,Dưới 10 km,1194,Không,"Phường 13, Quận 4","Phường 1, Quận 5",0,0,Vài lần mỗi tháng,Có nghe qua,Chuyển sang xe máy điện,4,3,4,4,5,3,3,2,3,2,3,3,4,3,4,2,4,3,2,1,Phụ phí LEZ,3,Xe xăng hiện tại vẫn còn tốt,Trợ giá của thành phố; Miễn lệ phí trước bạ; Trạm sạc tại chung cư/văn phòng,25 – dưới 35 triệu
RESP_0418,B,K1,online,1425,0,0,0,0,0,1,25-30,30,Nữ,Đại học,Nhân viên văn phòng,7 – dưới 10 triệu,Hầu như không dư,20–40 km,1269,"Có, dễ dàng","Phường 15, Quận Bình Thạnh","Phường 1, Quận Phú Nhuận",0,0,Vài lần mỗi tuần,Chưa biết,"Gửi xe ở rìa vùng rồi đi bộ, xe buýt hoặc metro vào trung tâm",3,3,4,3,7,2,3,3,2,3,1,3,3,4,2,5,3,4,2,1,Không bỏ qua đặc điểm nào,4,Xe xăng hiện tại vẫn còn tốt,Trợ giá của thành phố; Miễn lệ phí trước bạ; Trạm sạc tại chung cư/văn phòng,15 – dưới 25 triệu
RESP_0419,A,K2,online,1309,0,0,0,0,0,1,25-30,27,Nam,Đại học,Kỹ thuật/sản xuất,10 – dưới 15 triệu,Hầu như không dư,20–40 km,434,"Có nhưng bị hạn chế (phí, giờ, chủ nhà/ban quản lý không cho)","Phường Linh Trung, TP Thủ Đức","Phường Tân Mỹ, Quận 7",0,0,Hầu như không,Có nghe qua,Chuyển sang xe máy điện,4,3,3,3,5,2,3,2,2,3,3,4,4,4,3,3,1,4,2,1,Không bỏ qua đặc điểm nào,3,Xe xăng hiện tại vẫn còn tốt,Trợ giá của thành phố; Miễn lệ phí trước bạ; Trạm sạc tại chung cư/văn phòng,15 – dưới 25 triệu
RESP_0420,B,K3,online,352,0,0,1,0,0,0,18-24,20,Nam,Đại học,Nhân viên văn phòng,10 – dưới 15 triệu,1 – dưới 3 triệu,Trên 40 km,387,"Có nhưng bị hạn chế (phí, giờ, chủ nhà/ban quản lý không cho)","Phường 1, Quận 5","Phường 13, Quận Tân Bình",0,0,Hầu như không,Có nghe qua,Chấp nhận nộp phụ phí và tiếp tục đi xe xăng,4,4,3,4,9,2,3,3,4,3,3,4,3,2,3,3,3,3,3,1,Không bỏ qua đặc điểm nào,5,Xe xăng hiện tại vẫn còn tốt,Trợ giá của thành phố; Miễn lệ phí trước bạ; Trạm sạc tại chung cư/văn phòng,15 – dưới 25 triệu
RESP_0421,A,K1,online,1148,0,0,0,0,0,1,18-24,18,Nam,Đại học,"Kinh doanh, bán hàng",7 – dưới 10 triệu,3 – dưới 5 triệu,Trên 40 km,643,"Có, dễ dàng","Phường 1, Quận Phú Nhuận","Phường 6, Quận 4",0,0,Vài lần mỗi tháng,Chưa biết,"Gửi xe ở rìa vùng rồi đi bộ, xe buýt hoặc metro vào trung tâm",3,4,2,3,6,4,5,3,5,3,4,5,3,3,4,1,3,2,2,1,Không bỏ qua đặc điểm nào,5,Xe xăng hiện tại vẫn còn tốt,Trợ giá của thành phố; Miễn lệ phí trước bạ; Trạm sạc tại chung cư/văn phòng,25 – dưới 35 triệu
RESP_0422,B,K2,online,1181,0,0,0,0,0,1,18-24,19,Nam,Đại học,Tự doanh/freelance,15 – dưới 20 triệu,1 – dưới 3 triệu,10–20 km,480,"Có, dễ dàng","Phường 22, Quận Bình Thạnh","Phường 13, Quận 4",0,0,Vài lần mỗi tuần,Có nghe qua,Chuyển sang xe máy điện,3,4,3,3,7,2,1,2,2,1,3,5,4,4,3,3,1,3,3,1,Không bỏ qua đặc điểm nào,5,Xe xăng hiện tại vẫn còn tốt,Trợ giá của thành phố; Miễn lệ phí trước bạ; Trạm sạc tại chung cư/văn phòng,Dưới 15 triệu
RESP_0423,A,K3,online,980,0,0,0,0,0,1,18-24,24,Nữ,Đại học,Nhân viên văn phòng,20 – dưới 30 triệu,1 – dưới 3 triệu,20–40 km,498,Không,"Phường 5, Quận Gò Vấp","Phường 13, Quận 4",0,0,Hầu như không,Biết rõ,Chuyển sang xe máy điện,4,4,4,3,5,4,3,2,2,3,3,4,3,2,4,3,3,3,3,1,Không bỏ qua đặc điểm nào,5,Xe xăng hiện tại vẫn còn tốt,Trợ giá của thành phố; Miễn lệ phí trước bạ; Trạm sạc tại chung cư/văn phòng,25 – dưới 35 triệu
RESP_0424,B,K1,online,1356,0,0,0,0,0,1,18-24,18,Nam,Đại học,Nhân viên văn phòng,7 – dưới 10 triệu,3 – dưới 5 triệu,20–40 km,971,"Có nhưng bị hạn chế (phí, giờ, chủ nhà/ban quản lý không cho)","Phường Hiệp Phú, TP Thủ Đức","Phường 1, Quận Bình Thạnh",0,0,Vài lần mỗi tháng,Có nghe qua,Chuyển sang xe máy điện,3,3,3,4,8,4,2,3,3,3,2,4,2,3,4,4,3,4,2,1,Không bỏ qua đặc điểm nào,5,Xe xăng hiện tại vẫn còn tốt,Trợ giá của thành phố; Miễn lệ phí trước bạ; Trạm sạc tại chung cư/văn phòng,15 – dưới 25 triệu
RESP_0425,A,K2,online,1380,0,0,0,0,0,1,25-30,30,Nam,Đại học,Sinh viên có việc làm,7 – dưới 10 triệu,Dưới 1 triệu,Dưới 10 km,1092,"Có nhưng bị hạn chế (phí, giờ, chủ nhà/ban quản lý không cho)","Phường 1, Quận 5","Phường 9, Quận Phú Nhuận",0,0,Vài lần mỗi tháng,Biết rõ,"Gửi xe ở rìa vùng rồi đi bộ, xe buýt hoặc metro vào trung tâm",3,2,2,2,6,4,2,3,2,3,4,4,4,4,4,2,3,4,2,1,Không bỏ qua đặc điểm nào,5,Xe xăng hiện tại vẫn còn tốt,Trợ giá của thành phố; Miễn lệ phí trước bạ; Trạm sạc tại chung cư/văn phòng,15 – dưới 25 triệu
RESP_0426,B,K3,online,1133,0,0,0,0,0,1,25-30,26,Nam,Sau đại học,Tự doanh/freelance,10 – dưới 15 triệu,1 – dưới 3 triệu,Dưới 10 km,1372,"Có nhưng bị hạn chế (phí, giờ, chủ nhà/ban quản lý không cho)","Phường 1, Quận Gò Vấp","Phường 2, Quận Tân Bình",0,0,Vài lần mỗi tuần,Chưa biết,Chuyển hẳn sang giao thông công cộng,3,3,3,2,7,4,3,3,3,3,3,4,3,4,3,3,3,3,3,1,Không bỏ qua đặc điểm nào,4,Xe xăng hiện tại vẫn còn tốt,Trợ giá của thành phố; Miễn lệ phí trước bạ; Trạm sạc tại chung cư/văn phòng,15 – dưới 25 triệu
RESP_0427,A,K1,online,1493,0,0,0,0,0,1,25-30,30,Nam,Sau đại học,Nhân viên văn phòng,15 – dưới 20 triệu,Dưới 1 triệu,20–40 km,944,"Có nhưng bị hạn chế (phí, giờ, chủ nhà/ban quản lý không cho)","Phường Tăng Nhơn Phú A, TP Thủ Đức","Phường Bình Hưng Hòa, Quận Bình Tân",0,0,Hầu như không,Có nghe qua,Không bị ảnh hưởng,3,4,5,3,7,3,2,3,3,2,2,3,4,3,3,4,3,4,2,1,Phụ phí LEZ,5,Xe xăng hiện tại vẫn còn tốt,Trợ giá của thành phố; Miễn lệ phí trước bạ; Trạm sạc tại chung cư/văn phòng,25 – dưới 35 triệu
RESP_0428,B,K2,online,1304,0,0,0,0,0,1,25-30,29,Nữ,Sau đại học,Kỹ thuật/sản xuất,15 – dưới 20 triệu,3 – dưới 5 triệu,20–40 km,959,"Có, dễ dàng","Thị trấn Hóc Môn, Huyện Hóc Môn","Phường Hiệp Phú, TP Thủ Đức",0,0,Vài lần mỗi tuần,Biết rõ,"Gửi xe ở rìa vùng rồi đi bộ, xe buýt hoặc metro vào trung tâm",3,3,3,3,7,4,3,3,4,3,3,3,3,4,3,3,3,3,3,1,Không bỏ qua đặc điểm nào,3,Xe xăng hiện tại vẫn còn tốt,Trợ giá của thành phố; Miễn lệ phí trước bạ; Trạm sạc tại chung cư/văn phòng,25 – dưới 35 triệu
RESP_0429,A,K3,online,1222,0,0,0,0,0,1,25-30,26,Nữ,Trung cấp/Cao đẳng,Kỹ thuật/sản xuất,15 – dưới 20 triệu,3 – dưới 5 triệu,10–20 km,785,"Có, dễ dàng","Phường 2, Quận Bình Thạnh","Phường 5, Quận Gò Vấp",0,0,Hằng ngày,Có nghe qua,Chuyển sang xe máy điện,3,3,4,3,9,3,3,2,2,2,1,4,3,4,3,2,3,3,4,1,Không bỏ qua đặc điểm nào,5,Xe xăng hiện tại vẫn còn tốt,Trợ giá của thành phố; Miễn lệ phí trước bạ; Trạm sạc tại chung cư/văn phòng,15 – dưới 25 triệu
RESP_0430,B,K1,online,1294,0,0,0,0,0,1,18-24,19,Nam,THPT trở xuống,Nhân viên văn phòng,7 – dưới 10 triệu,Dưới 1 triệu,10–20 km,791,Không,"Phường 25, Quận Bình Thạnh","Phường 1, Quận 10",0,0,Vài lần mỗi tháng,Biết rõ,Không bị ảnh hưởng,3,4,3,3,7,4,3,4,2,3,5,3,2,3,4,3,3,3,4,1,Không bỏ qua đặc điểm nào,3,Xe xăng hiện tại vẫn còn tốt,Trợ giá của thành phố; Miễn lệ phí trước bạ; Trạm sạc tại chung cư/văn phòng,Từ 35 triệu trở lên
RESP_0431,A,K2,online,1413,0,0,0,0,0,1,18-24,18,Nữ,Đại học,"Kinh doanh, bán hàng",10 – dưới 15 triệu,1 – dưới 3 triệu,Dưới 10 km,729,Không,"Phường 1, Quận 10","Phường Bình Trưng Đông, TP Thủ Đức",0,0,Vài lần mỗi tháng,Có nghe qua,Chuyển sang xe máy điện,4,3,4,4,8,3,2,3,2,3,2,1,2,1,3,4,3,4,3,1,Không bỏ qua đặc điểm nào,4,Xe xăng hiện tại vẫn còn tốt,Trợ giá của thành phố; Miễn lệ phí trước bạ; Trạm sạc tại chung cư/văn phòng,25 – dưới 35 triệu
RESP_0432,B,K3,online,1216,0,0,0,0,0,1,18-24,22,Nữ,Đại học,"Kinh doanh, bán hàng",7 – dưới 10 triệu,1 – dưới 3 triệu,20–40 km,409,Không,"Phường 12, Quận 10","Thị trấn Tân Túc, Huyện Bình Chánh",0,0,Hầu như không,Biết rõ,Chấp nhận nộp phụ phí và tiếp tục đi xe xăng,3,3,3,3,8,3,3,4,3,3,2,3,3,3,3,4,3,3,2,1,Không bỏ qua đặc điểm nào,5,Xe xăng hiện tại vẫn còn tốt,Trợ giá của thành phố; Miễn lệ phí trước bạ; Trạm sạc tại chung cư/văn phòng,15 – dưới 25 triệu
RESP_0433,A,K1,online,1346,0,0,0,0,0,1,18-24,20,Nam,Đại học,Sinh viên có việc làm,Từ 30 triệu trở lên,1 – dưới 3 triệu,Dưới 10 km,1414,Không,"Phường 1, Quận Gò Vấp","Phường Tây Thạnh, Quận Tân Phú",0,0,Hầu như không,Chưa biết,Chuyển sang xe máy điện,4,3,4,4,5,4,3,4,4,4,5,4,2,4,3,3,3,4,3,1,Không bỏ qua đặc điểm nào,4,Xe xăng hiện tại vẫn còn tốt,Trợ giá của thành phố; Miễn lệ phí trước bạ; Trạm sạc tại chung cư/văn phòng,25 – dưới 35 triệu
RESP_0434,B,K2,online,1289,0,0,0,0,0,1,18-24,22,Nam,Trung cấp/Cao đẳng,Kỹ thuật/sản xuất,10 – dưới 15 triệu,Hầu như không dư,10–20 km,1035,"Có nhưng bị hạn chế (phí, giờ, chủ nhà/ban quản lý không cho)","Phường 9, Quận Phú Nhuận","Phường 1, Quận Bình Thạnh",0,0,Vài lần mỗi tháng,Chưa biết,Chuyển hẳn sang giao thông công cộng,4,2,4,3,4,3,4,4,3,3,3,4,3,4,3,3,4,3,3,1,Không bỏ qua đặc điểm nào,5,Xe xăng hiện tại vẫn còn tốt,Trợ giá của thành phố; Miễn lệ phí trước bạ; Trạm sạc tại chung cư/văn phòng,25 – dưới 35 triệu
RESP_0435,A,K3,online,1202,0,0,0,0,0,1,25-30,29,Nữ,Đại học,Nhân viên văn phòng,7 – dưới 10 triệu,Dưới 1 triệu,10–20 km,1398,"Có nhưng bị hạn chế (phí, giờ, chủ nhà/ban quản lý không cho)","Phường 1, Quận 4","Phường An Phú, TP Thủ Đức",0,0,Vài lần mỗi tháng,Biết rõ,Chuyển sang xe máy điện,4,4,4,4,6,3,2,4,2,4,3,3,3,4,4,3,3,4,2,1,Không bỏ qua đặc điểm nào,4,Xe xăng hiện tại vẫn còn tốt,Trợ giá của thành phố; Miễn lệ phí trước bạ; Trạm sạc tại chung cư/văn phòng,25 – dưới 35 triệu
RESP_0436,B,K1,online,1317,0,0,0,0,0,1,25-30,26,Nữ,Đại học,"Kinh doanh, bán hàng",15 – dưới 20 triệu,1 – dưới 3 triệu,10–20 km,1167,"Có nhưng bị hạn chế (phí, giờ, chủ nhà/ban quản lý không cho)","Phường Tây Thạnh, Quận Tân Phú","Phường 1, Quận Phú Nhuận",0,0,Hằng ngày,Biết rõ,Chuyển sang xe máy điện,3,3,3,4,10,4,3,3,4,3,3,2,3,3,3,3,3,2,4,1,Không bỏ qua đặc điểm nào,4,Xe xăng hiện tại vẫn còn tốt,Trợ giá của thành phố; Miễn lệ phí trước bạ; Trạm sạc tại chung cư/văn phòng,25 – dưới 35 triệu
RESP_0437,A,K2,online,1334,0,0,0,0,0,1,25-30,25,Nữ,Đại học,Khác,7 – dưới 10 triệu,3 – dưới 5 triệu,10–20 km,795,"Có nhưng bị hạn chế (phí, giờ, chủ nhà/ban quản lý không cho)","Phường An Phú, TP Thủ Đức","Phường Tân Thuận Đông, Quận 7",0,0,Vài lần mỗi tuần,Biết rõ,Chuyển sang xe máy điện,4,4,3,3,5,4,3,4,4,4,4,2,3,2,3,3,4,3,3,1,Không bỏ qua đặc điểm nào,4,Xe xăng hiện tại vẫn còn tốt,Trợ giá của thành phố; Miễn lệ phí trước bạ; Trạm sạc tại chung cư/văn phòng,Từ 35 triệu trở lên
RESP_0438,B,K3,online,1111,0,0,0,0,0,1,25-30,28,Nam,Đại học,Tự doanh/freelance,7 – dưới 10 triệu,Dưới 1 triệu,10–20 km,357,"Có, dễ dàng","Phường 15, Quận Bình Thạnh","Phường 2, Quận Tân Bình",0,0,Hằng ngày,Có nghe qua,Chấp nhận nộp phụ phí và tiếp tục đi xe xăng,4,3,3,3,7,3,3,3,3,3,3,4,4,3,4,4,4,3,3,1,Không bỏ qua đặc điểm nào,4,Xe xăng hiện tại vẫn còn tốt,Trợ giá của thành phố; Miễn lệ phí trước bạ; Trạm sạc tại chung cư/văn phòng,15 – dưới 25 triệu
RESP_0439,A,K1,online,1453,0,0,0,0,0,1,25-30,27,Nam,Đại học,Khác,10 – dưới 15 triệu,1 – dưới 3 triệu,20–40 km,954,"Có, dễ dàng","Phường Tây Thạnh, Quận Tân Phú","Phường 5, Quận 5",0,0,Vài lần mỗi tháng,Biết rõ,Thay đổi nơi ở hoặc nơi làm việc,4,2,3,4,5,2,3,4,3,3,4,3,2,4,1,3,4,4,4,1,Phụ phí LEZ,5,Xe xăng hiện tại vẫn còn tốt,Trợ giá của thành phố; Miễn lệ phí trước bạ; Trạm sạc tại chung cư/văn phòng,15 – dưới 25 triệu
RESP_0440,B,K2,online,1191,0,0,0,0,0,1,18-24,21,Nam,Trung cấp/Cao đẳng,Nhân viên văn phòng,10 – dưới 15 triệu,1 – dưới 3 triệu,10–20 km,997,"Có nhưng bị hạn chế (phí, giờ, chủ nhà/ban quản lý không cho)","Thị trấn Tân Túc, Huyện Bình Chánh","Phường Thảo Điền, TP Thủ Đức",0,0,Vài lần mỗi tuần,Có nghe qua,Chấp nhận nộp phụ phí và tiếp tục đi xe xăng,3,4,3,3,8,2,2,3,2,1,2,3,3,3,3,2,3,2,3,1,Không bỏ qua đặc điểm nào,5,Xe xăng hiện tại vẫn còn tốt,Trợ giá của thành phố; Miễn lệ phí trước bạ; Trạm sạc tại chung cư/văn phòng,Từ 35 triệu trở lên
RESP_0441,A,K3,online,1251,0,0,0,0,0,1,18-24,20,Nam,Trung cấp/Cao đẳng,"Kinh doanh, bán hàng",7 – dưới 10 triệu,3 – dưới 5 triệu,10–20 km,632,"Có, dễ dàng","Phường 1, Quận 4","Phường 22, Quận Bình Thạnh",0,0,Vài lần mỗi tuần,Biết rõ,Chấp nhận nộp phụ phí và tiếp tục đi xe xăng,4,4,3,3,6,3,3,2,2,3,2,4,4,4,5,3,5,2,4,1,Không bỏ qua đặc điểm nào,5,Xe xăng hiện tại vẫn còn tốt,Trợ giá của thành phố; Miễn lệ phí trước bạ; Trạm sạc tại chung cư/văn phòng,Từ 35 triệu trở lên
RESP_0442,B,K1,online,1017,0,0,0,0,0,1,18-24,22,Nam,THPT trở xuống,Tự doanh/freelance,7 – dưới 10 triệu,1 – dưới 3 triệu,10–20 km,1216,Không,"Phường Tân Hưng Thuận, Quận 12","Phường 13, Quận Tân Bình",0,0,Hằng ngày,Biết rõ,Không bị ảnh hưởng,4,3,4,4,5,4,3,2,3,3,3,4,4,3,3,4,2,3,3,1,Không bỏ qua đặc điểm nào,4,Xe xăng hiện tại vẫn còn tốt,Trợ giá của thành phố; Miễn lệ phí trước bạ; Trạm sạc tại chung cư/văn phòng,15 – dưới 25 triệu
RESP_0443,A,K2,online,1319,0,0,0,0,0,1,18-24,23,Nam,Đại học,Kỹ thuật/sản xuất,15 – dưới 20 triệu,Từ 5 triệu trở lên,10–20 km,806,Không,"Phường 13, Quận 4","Phường 19, Quận Bình Thạnh",0,0,Hằng ngày,Biết rõ,Thay đổi nơi ở hoặc nơi làm việc,4,3,5,3,7,5,4,3,3,3,3,2,3,2,2,3,3,2,2,1,Không bỏ qua đặc điểm nào,4,Xe xăng hiện tại vẫn còn tốt,Trợ giá của thành phố; Miễn lệ phí trước bạ; Trạm sạc tại chung cư/văn phòng,Dưới 15 triệu
RESP_0444,B,K3,online,955,0,0,0,0,0,1,18-24,24,Nữ,Sau đại học,Tự doanh/freelance,Từ 30 triệu trở lên,1 – dưới 3 triệu,Dưới 10 km,1096,"Có nhưng bị hạn chế (phí, giờ, chủ nhà/ban quản lý không cho)","Thị trấn Tân Túc, Huyện Bình Chánh","Phường Hiệp Phú, TP Thủ Đức",0,0,Vài lần mỗi tuần,Có nghe qua,Không bị ảnh hưởng,4,3,4,4,8,2,2,2,2,2,2,4,3,2,4,3,5,2,4,1,Không bỏ qua đặc điểm nào,5,Xe xăng hiện tại vẫn còn tốt,Trợ giá của thành phố; Miễn lệ phí trước bạ; Trạm sạc tại chung cư/văn phòng,15 – dưới 25 triệu
RESP_0445,A,K1,online,1268,0,0,0,0,0,1,25-30,26,Nữ,Đại học,Nhân viên văn phòng,7 – dưới 10 triệu,1 – dưới 3 triệu,10–20 km,788,"Có nhưng bị hạn chế (phí, giờ, chủ nhà/ban quản lý không cho)","Phường 19, Quận Bình Thạnh","Phường 2, Quận Bình Thạnh",0,0,Hầu như không,Có nghe qua,Chấp nhận nộp phụ phí và tiếp tục đi xe xăng,4,3,4,4,7,1,1,2,2,2,2,3,3,3,4,3,2,3,3,1,Phụ phí LEZ,5,Xe xăng hiện tại vẫn còn tốt,Trợ giá của thành phố; Miễn lệ phí trước bạ; Trạm sạc tại chung cư/văn phòng,15 – dưới 25 triệu
RESP_0446,B,K2,online,1210,0,0,0,0,0,1,25-30,29,Nam,Đại học,Tự doanh/freelance,10 – dưới 15 triệu,Dưới 1 triệu,Trên 40 km,864,Không,"Phường Tân Phú, Quận 7","Phường Linh Trung, TP Thủ Đức",0,0,Vài lần mỗi tháng,Có nghe qua,Chuyển hẳn sang giao thông công cộng,3,4,4,3,7,2,2,3,3,3,3,4,4,3,3,4,3,2,4,1,Không bỏ qua đặc điểm nào,5,Xe xăng hiện tại vẫn còn tốt,Trợ giá của thành phố; Miễn lệ phí trước bạ; Trạm sạc tại chung cư/văn phòng,Dưới 15 triệu
RESP_0447,A,K3,online,1042,0,0,0,0,0,1,25-30,28,Nữ,Đại học,Kỹ thuật/sản xuất,20 – dưới 30 triệu,3 – dưới 5 triệu,10–20 km,316,"Có nhưng bị hạn chế (phí, giờ, chủ nhà/ban quản lý không cho)","Phường 1, Quận Phú Nhuận","Phường 2, Quận Phú Nhuận",0,0,Hằng ngày,Biết rõ,Chuyển sang xe máy điện,3,3,3,3,10,3,4,3,3,3,4,3,3,2,3,3,3,3,4,1,Không bỏ qua đặc điểm nào,5,Xe xăng hiện tại vẫn còn tốt,Trợ giá của thành phố; Miễn lệ phí trước bạ; Trạm sạc tại chung cư/văn phòng,Từ 35 triệu trở lên
RESP_0448,B,K1,online,1027,0,0,0,0,0,1,25-30,26,Nam,Đại học,Sinh viên có việc làm,10 – dưới 15 triệu,1 – dưới 3 triệu,Dưới 10 km,1280,"Có, dễ dàng","Phường 13, Quận 4","Phường 22, Quận Bình Thạnh",0,0,Hầu như không,Chưa biết,Chuyển sang xe máy điện,3,4,4,4,9,4,2,2,3,3,2,3,3,2,3,3,3,2,2,1,Không bỏ qua đặc điểm nào,5,Xe xăng hiện tại vẫn còn tốt,Trợ giá của thành phố; Miễn lệ phí trước bạ; Trạm sạc tại chung cư/văn phòng,15 – dưới 25 triệu
RESP_0449,A,K2,online,1045,0,0,0,0,0,1,25-30,27,Nữ,Đại học,Khác,15 – dưới 20 triệu,3 – dưới 5 triệu,Trên 40 km,724,Không,"Phường 25, Quận Bình Thạnh","Phường Thảo Điền, TP Thủ Đức",0,0,Hầu như không,Có nghe qua,Không bị ảnh hưởng,4,4,4,3,7,5,2,3,3,3,3,2,3,2,3,3,3,3,3,1,Không bỏ qua đặc điểm nào,3,Xe xăng hiện tại vẫn còn tốt,Trợ giá của thành phố; Miễn lệ phí trước bạ; Trạm sạc tại chung cư/văn phòng,15 – dưới 25 triệu
RESP_0450,B,K3,online,1311,1,0,0,0,0,0,18-24,18,Nam,Đại học,"Tài xế công nghệ, giao hàng",Từ 30 triệu trở lên,1 – dưới 3 triệu,10–20 km,363,"Có nhưng bị hạn chế (phí, giờ, chủ nhà/ban quản lý không cho)","Phường 5, Quận 5","Phường 1, Quận Bình Thạnh",0,0,Vài lần mỗi tuần,Có nghe qua,"Gửi xe ở rìa vùng rồi đi bộ, xe buýt hoặc metro vào trung tâm",3,3,4,4,7,4,2,2,2,2,3,4,4,3,3,3,4,3,5,0,Phụ phí LEZ,5,Xe xăng hiện tại vẫn còn tốt,Trợ giá của thành phố; Miễn lệ phí trước bạ; Trạm sạc tại chung cư/văn phòng,15 – dưới 25 triệu
RESP_0451,A,K1,online,1219,0,0,0,0,0,1,18-24,19,Nam,Đại học,Kỹ thuật/sản xuất,10 – dưới 15 triệu,1 – dưới 3 triệu,10–20 km,1402,Không,"Phường Tây Thạnh, Quận Tân Phú","Phường Thảo Điền, TP Thủ Đức",0,0,Vài lần mỗi tuần,Chưa biết,"Gửi xe ở rìa vùng rồi đi bộ, xe buýt hoặc metro vào trung tâm",3,3,4,3,8,4,3,3,3,3,3,3,4,3,3,3,4,3,3,1,Phụ phí LEZ,4,Xe xăng hiện tại vẫn còn tốt,Trợ giá của thành phố; Miễn lệ phí trước bạ; Trạm sạc tại chung cư/văn phòng,Từ 35 triệu trở lên
RESP_0452,B,K2,online,1312,0,0,0,0,0,1,18-24,18,Nữ,Sau đại học,Nhân viên văn phòng,7 – dưới 10 triệu,Dưới 1 triệu,20–40 km,858,"Có, dễ dàng","Phường Tân Mỹ, Quận 7","Phường 2, Quận Tân Bình",0,0,Vài lần mỗi tuần,Có nghe qua,Chuyển sang xe máy điện,2,2,3,3,4,4,4,4,4,3,4,2,3,3,3,3,3,3,4,1,Không bỏ qua đặc điểm nào,4,Xe xăng hiện tại vẫn còn tốt,Trợ giá của thành phố; Miễn lệ phí trước bạ; Trạm sạc tại chung cư/văn phòng,15 – dưới 25 triệu
RESP_0453,A,K3,online,1278,0,0,0,0,0,1,18-24,19,Nam,Trung cấp/Cao đẳng,Nhân viên văn phòng,Từ 30 triệu trở lên,Dưới 1 triệu,20–40 km,831,Không,"Phường 13, Quận 4","Phường 2, Quận Bình Thạnh",0,0,Hầu như không,Có nghe qua,Chuyển sang xe máy điện,4,3,3,2,7,3,3,2,3,3,3,3,3,4,3,2,4,3,3,1,Không bỏ qua đặc điểm nào,4,Xe xăng hiện tại vẫn còn tốt,Trợ giá của thành phố; Miễn lệ phí trước bạ; Trạm sạc tại chung cư/văn phòng,15 – dưới 25 triệu
RESP_0454,B,K1,online,1238,0,0,0,0,0,1,18-24,20,Nam,Đại học,Nhân viên văn phòng,10 – dưới 15 triệu,Hầu như không dư,Dưới 10 km,665,Không,"Phường Linh Chiểu, TP Thủ Đức","Phường 22, Quận Bình Thạnh",0,0,Vài lần mỗi tháng,Biết rõ,Chuyển hẳn sang giao thông công cộng,3,4,4,3,8,2,3,3,2,2,2,4,3,3,2,4,3,2,3,1,Không bỏ qua đặc điểm nào,5,Xe xăng hiện tại vẫn còn tốt,Trợ giá của thành phố; Miễn lệ phí trước bạ; Trạm sạc tại chung cư/văn phòng,25 – dưới 35 triệu
RESP_0455,A,K2,online,1432,0,0,0,0,0,1,25-30,27,Nam,Đại học,Nhân viên văn phòng,7 – dưới 10 triệu,Hầu như không dư,10–20 km,574,"Có nhưng bị hạn chế (phí, giờ, chủ nhà/ban quản lý không cho)","Phường 15, Quận Bình Thạnh","Phường 6, Quận 4",0,0,Vài lần mỗi tuần,Có nghe qua,Chuyển sang xe máy điện,4,3,4,3,6,4,2,4,4,3,3,3,4,3,3,3,4,4,3,1,Không bỏ qua đặc điểm nào,3,Xe xăng hiện tại vẫn còn tốt,Trợ giá của thành phố; Miễn lệ phí trước bạ; Trạm sạc tại chung cư/văn phòng,15 – dưới 25 triệu
RESP_0456,B,K3,online,1324,0,0,0,0,0,1,25-30,29,Nam,Đại học,Nhân viên văn phòng,10 – dưới 15 triệu,1 – dưới 3 triệu,10–20 km,502,"Có nhưng bị hạn chế (phí, giờ, chủ nhà/ban quản lý không cho)","Phường 19, Quận Bình Thạnh","Phường Tân Phú, Quận 7",0,0,Hầu như không,Có nghe qua,Chuyển sang xe máy điện,4,4,4,4,8,3,2,2,1,2,2,2,2,4,2,3,2,3,3,1,Không bỏ qua đặc điểm nào,5,Xe xăng hiện tại vẫn còn tốt,Trợ giá của thành phố; Miễn lệ phí trước bạ; Trạm sạc tại chung cư/văn phòng,15 – dưới 25 triệu
RESP_0457,A,K1,online,1434,0,0,0,0,0,1,25-30,28,Nam,Đại học,Nhân viên văn phòng,10 – dưới 15 triệu,1 – dưới 3 triệu,10–20 km,1196,"Có, dễ dàng","Phường 12, Quận 10","Phường Linh Trung, TP Thủ Đức",0,0,Hầu như không,Chưa biết,Chuyển sang xe máy điện,4,4,4,4,7,2,3,3,4,2,3,4,2,3,2,2,3,4,3,1,Phụ phí LEZ,5,Xe xăng hiện tại vẫn còn tốt,Trợ giá của thành phố; Miễn lệ phí trước bạ; Trạm sạc tại chung cư/văn phòng,25 – dưới 35 triệu
RESP_0458,B,K2,online,1208,0,0,0,0,0,1,25-30,25,Nam,Đại học,"Kinh doanh, bán hàng",15 – dưới 20 triệu,1 – dưới 3 triệu,10–20 km,607,"Có nhưng bị hạn chế (phí, giờ, chủ nhà/ban quản lý không cho)","Thị trấn Tân Túc, Huyện Bình Chánh","Phường 1, Quận Phú Nhuận",0,0,Vài lần mỗi tuần,Có nghe qua,Không bị ảnh hưởng,4,5,3,4,7,2,1,3,2,3,2,4,3,2,3,2,3,3,4,1,Phụ phí LEZ,5,Xe xăng hiện tại vẫn còn tốt,Trợ giá của thành phố; Miễn lệ phí trước bạ; Trạm sạc tại chung cư/văn phòng,15 – dưới 25 triệu
RESP_0459,A,K3,online,1174,0,0,0,0,0,1,25-30,26,Nam,Đại học,Nhân viên văn phòng,20 – dưới 30 triệu,3 – dưới 5 triệu,20–40 km,410,Không,"Phường 6, Quận 4","Xã Phước Kiển, Huyện Nhà Bè",0,0,Hầu như không,Có nghe qua,Chuyển hẳn sang giao thông công cộng,4,3,5,4,8,2,2,3,3,2,3,3,3,2,2,3,2,3,3,1,Không bỏ qua đặc điểm nào,5,Xe xăng hiện tại vẫn còn tốt,Trợ giá của thành phố; Miễn lệ phí trước bạ; Trạm sạc tại chung cư/văn phòng,Từ 35 triệu trở lên
RESP_0460,B,K1,online,1047,0,0,0,0,0,1,18-24,24,Nữ,Sau đại học,Nhân viên văn phòng,7 – dưới 10 triệu,3 – dưới 5 triệu,10–20 km,314,Không biết,"Phường 1, Quận 5","Phường 2, Quận Bình Thạnh",0,0,Hầu như không,Có nghe qua,Không bị ảnh hưởng,3,4,3,3,8,3,4,2,4,3,2,4,4,4,5,3,2,2,4,1,Không bỏ qua đặc điểm nào,5,Xe xăng hiện tại vẫn còn tốt,Trợ giá của thành phố; Miễn lệ phí trước bạ; Trạm sạc tại chung cư/văn phòng,25 – dưới 35 triệu
RESP_0461,A,K2,online,1469,0,0,0,0,0,1,18-24,18,Nữ,Đại học,Nhân viên văn phòng,10 – dưới 15 triệu,Hầu như không dư,Dưới 10 km,745,Không,"Phường 15, Quận Bình Thạnh","Phường Tân Phú, Quận 7",0,0,Vài lần mỗi tuần,Có nghe qua,Chuyển sang xe máy điện,3,3,3,2,6,3,2,1,3,3,2,4,4,5,4,2,2,3,4,1,Không bỏ qua đặc điểm nào,4,Xe xăng hiện tại vẫn còn tốt,Trợ giá của thành phố; Miễn lệ phí trước bạ; Trạm sạc tại chung cư/văn phòng,Dưới 15 triệu
RESP_0462,B,K3,online,1130,0,0,0,0,0,1,18-24,22,Nam,Đại học,Nhân viên văn phòng,7 – dưới 10 triệu,Dưới 1 triệu,10–20 km,969,Không,"Phường Tân Hưng Thuận, Quận 12","Phường 2, Quận Tân Bình",0,0,Vài lần mỗi tuần,Biết rõ,Chấp nhận nộp phụ phí và tiếp tục đi xe xăng,4,4,3,4,7,3,3,4,4,4,3,2,3,3,3,4,3,3,3,1,Không bỏ qua đặc điểm nào,5,Xe xăng hiện tại vẫn còn tốt,Trợ giá của thành phố; Miễn lệ phí trước bạ; Trạm sạc tại chung cư/văn phòng,15 – dưới 25 triệu
RESP_0463,A,K1,online,1336,0,0,0,0,0,1,18-24,22,Nữ,Đại học,Tự doanh/freelance,7 – dưới 10 triệu,1 – dưới 3 triệu,10–20 km,1052,"Có, dễ dàng","Phường Bình Hưng Hòa, Quận Bình Tân","Phường Tân Thuận Đông, Quận 7",0,0,Vài lần mỗi tháng,Có nghe qua,Không bị ảnh hưởng,3,3,4,3,7,2,3,3,2,3,3,4,5,3,4,4,3,3,4,1,Không bỏ qua đặc điểm nào,5,Xe xăng hiện tại vẫn còn tốt,Trợ giá của thành phố; Miễn lệ phí trước bạ; Trạm sạc tại chung cư/văn phòng,25 – dưới 35 triệu
RESP_0464,B,K2,online,1379,0,0,0,0,0,1,18-24,23,Nam,Sau đại học,"Kinh doanh, bán hàng",7 – dưới 10 triệu,Từ 5 triệu trở lên,20–40 km,291,Không,"Phường 1, Quận 10","Phường 1, Quận Bình Thạnh",0,0,Vài lần mỗi tuần,Biết rõ,Chuyển sang xe máy điện,3,4,4,4,8,3,2,2,1,2,2,3,3,4,3,3,3,3,3,1,Phụ phí LEZ,5,Xe xăng hiện tại vẫn còn tốt,Trợ giá của thành phố; Miễn lệ phí trước bạ; Trạm sạc tại chung cư/văn phòng,15 – dưới 25 triệu
RESP_0465,A,K3,online,1448,0,0,0,0,0,1,25-30,28,Nam,Đại học,Sinh viên có việc làm,15 – dưới 20 triệu,1 – dưới 3 triệu,Dưới 10 km,557,"Có, dễ dàng","Phường Thảo Điền, TP Thủ Đức","Xã Phước Kiển, Huyện Nhà Bè",0,0,Vài lần mỗi tháng,Có nghe qua,"Gửi xe ở rìa vùng rồi đi bộ, xe buýt hoặc metro vào trung tâm",4,3,3,5,7,1,1,1,2,3,1,4,4,4,3,4,2,3,3,1,Không bỏ qua đặc điểm nào,3,Xe xăng hiện tại vẫn còn tốt,Trợ giá của thành phố; Miễn lệ phí trước bạ; Trạm sạc tại chung cư/văn phòng,Dưới 15 triệu
RESP_0466,B,K1,online,1074,0,0,0,0,0,1,25-30,27,Nam,Trung cấp/Cao đẳng,Nhân viên văn phòng,7 – dưới 10 triệu,1 – dưới 3 triệu,20–40 km,422,"Có, dễ dàng","Phường 25, Quận Bình Thạnh","Phường 1, Quận Gò Vấp",0,0,Vài lần mỗi tháng,Chưa biết,Chuyển sang xe máy điện,3,4,4,4,10,3,3,2,3,4,5,3,3,3,2,2,2,3,4,1,Không bỏ qua đặc điểm nào,5,Xe xăng hiện tại vẫn còn tốt,Trợ giá của thành phố; Miễn lệ phí trước bạ; Trạm sạc tại chung cư/văn phòng,15 – dưới 25 triệu
RESP_0467,A,K2,online,1046,0,0,0,0,0,1,25-30,25,Nam,Đại học,Sinh viên có việc làm,7 – dưới 10 triệu,Từ 5 triệu trở lên,Trên 40 km,1396,"Có nhưng bị hạn chế (phí, giờ, chủ nhà/ban quản lý không cho)","Phường An Phú, TP Thủ Đức","Phường 12, Quận 10",0,0,Vài lần mỗi tháng,Có nghe qua,Không bị ảnh hưởng,4,3,3,4,9,3,3,2,3,2,3,3,2,5,4,3,3,3,2,1,Không bỏ qua đặc điểm nào,4,Xe xăng hiện tại vẫn còn tốt,Trợ giá của thành phố; Miễn lệ phí trước bạ; Trạm sạc tại chung cư/văn phòng,15 – dưới 25 triệu
RESP_0468,B,K3,online,1093,0,0,0,0,0,1,25-30,25,Nam,Đại học,Sinh viên có việc làm,20 – dưới 30 triệu,1 – dưới 3 triệu,Dưới 10 km,993,"Có nhưng bị hạn chế (phí, giờ, chủ nhà/ban quản lý không cho)","Phường 11, Quận 5","Phường Tân Hưng Thuận, Quận 12",0,0,Hầu như không,Biết rõ,Chuyển sang xe máy điện,4,3,3,4,5,2,1,2,1,2,3,4,2,3,3,4,2,1,3,1,Không bỏ qua đặc điểm nào,4,Xe xăng hiện tại vẫn còn tốt,Trợ giá của thành phố; Miễn lệ phí trước bạ; Trạm sạc tại chung cư/văn phòng,25 – dưới 35 triệu
RESP_0469,A,K1,online,1182,0,0,0,0,0,1,25-30,30,Nữ,Đại học,Tự doanh/freelance,10 – dưới 15 triệu,Hầu như không dư,20–40 km,786,Không,"Phường 1, Quận 10","Phường 1, Quận Bình Thạnh",0,0,Vài lần mỗi tuần,Chưa biết,Không bị ảnh hưởng,2,3,4,4,8,2,3,2,2,1,3,3,4,4,5,4,4,2,2,1,Không bỏ qua đặc điểm nào,4,Xe xăng hiện tại vẫn còn tốt,Trợ giá của thành phố; Miễn lệ phí trước bạ; Trạm sạc tại chung cư/văn phòng,25 – dưới 35 triệu
RESP_0470,B,K2,online,1475,0,0,0,0,0,1,18-24,21,Nữ,Đại học,"Kinh doanh, bán hàng",15 – dưới 20 triệu,Từ 5 triệu trở lên,10–20 km,307,Không,"Phường 19, Quận Bình Thạnh","Phường 1, Quận 10",0,0,Hầu như không,Có nghe qua,Chấp nhận nộp phụ phí và tiếp tục đi xe xăng,3,3,5,3,6,3,2,4,3,2,3,3,3,3,3,2,2,3,3,1,Không bỏ qua đặc điểm nào,4,Xe xăng hiện tại vẫn còn tốt,Trợ giá của thành phố; Miễn lệ phí trước bạ; Trạm sạc tại chung cư/văn phòng,25 – dưới 35 triệu
RESP_0471,A,K3,online,1153,0,0,0,0,0,1,18-24,23,Nam,Đại học,Kỹ thuật/sản xuất,15 – dưới 20 triệu,3 – dưới 5 triệu,20–40 km,1146,Không,"Phường 25, Quận Bình Thạnh","Phường Linh Trung, TP Thủ Đức",0,0,Hằng ngày,Có nghe qua,Chuyển hẳn sang giao thông công cộng,4,3,3,4,8,3,2,3,3,3,3,4,3,4,2,2,4,3,3,1,Không bỏ qua đặc điểm nào,5,Xe xăng hiện tại vẫn còn tốt,Trợ giá của thành phố; Miễn lệ phí trước bạ; Trạm sạc tại chung cư/văn phòng,Dưới 15 triệu
RESP_0472,B,K1,online,1220,0,0,0,0,0,1,18-24,22,Nam,Trung cấp/Cao đẳng,Khác,10 – dưới 15 triệu,1 – dưới 3 triệu,10–20 km,308,"Có, dễ dàng","Phường 6, Quận 4","Phường 2, Quận Bình Thạnh",0,0,Hầu như không,Biết rõ,Chấp nhận nộp phụ phí và tiếp tục đi xe xăng,3,4,3,4,4,2,2,2,2,3,3,4,2,4,3,3,3,3,3,1,Phụ phí LEZ,5,Xe xăng hiện tại vẫn còn tốt,Trợ giá của thành phố; Miễn lệ phí trước bạ; Trạm sạc tại chung cư/văn phòng,Từ 35 triệu trở lên
RESP_0473,A,K2,online,1339,0,0,0,0,0,1,18-24,24,Nữ,THPT trở xuống,Khác,10 – dưới 15 triệu,1 – dưới 3 triệu,20–40 km,1159,"Có nhưng bị hạn chế (phí, giờ, chủ nhà/ban quản lý không cho)","Thị trấn Hóc Môn, Huyện Hóc Môn","Phường Linh Trung, TP Thủ Đức",0,0,Vài lần mỗi tháng,Có nghe qua,Chấp nhận nộp phụ phí và tiếp tục đi xe xăng,3,3,4,4,7,2,3,3,3,2,3,4,4,3,4,3,3,2,3,1,Phụ phí LEZ,4,Xe xăng hiện tại vẫn còn tốt,Trợ giá của thành phố; Miễn lệ phí trước bạ; Trạm sạc tại chung cư/văn phòng,15 – dưới 25 triệu
RESP_0474,B,K3,online,996,0,0,0,0,0,1,18-24,20,Nữ,Sau đại học,"Kinh doanh, bán hàng",15 – dưới 20 triệu,Từ 5 triệu trở lên,10–20 km,394,"Có, dễ dàng","Phường 13, Quận Tân Bình","Phường 13, Quận Tân Bình",0,0,Vài lần mỗi tháng,Biết rõ,Chuyển sang xe máy điện,4,4,4,4,7,2,1,3,3,2,2,2,2,2,3,3,3,3,2,1,Không bỏ qua đặc điểm nào,4,Xe xăng hiện tại vẫn còn tốt,Trợ giá của thành phố; Miễn lệ phí trước bạ; Trạm sạc tại chung cư/văn phòng,Từ 35 triệu trở lên
RESP_0475,A,K1,online,1211,0,0,0,0,0,1,25-30,28,Nam,Đại học,Kỹ thuật/sản xuất,15 – dưới 20 triệu,3 – dưới 5 triệu,20–40 km,327,"Có nhưng bị hạn chế (phí, giờ, chủ nhà/ban quản lý không cho)","Phường Tân Mỹ, Quận 7","Phường 1, Quận 4",0,0,Vài lần mỗi tháng,Có nghe qua,Chuyển hẳn sang giao thông công cộng,4,5,4,4,9,3,1,3,1,3,2,3,2,2,2,3,1,3,2,1,Phụ phí LEZ,3,Xe xăng hiện tại vẫn còn tốt,Trợ giá của thành phố; Miễn lệ phí trước bạ; Trạm sạc tại chung cư/văn phòng,Từ 35 triệu trở lên
RESP_0476,B,K2,online,1073,0,0,0,0,0,1,25-30,27,Nữ,Đại học,Kỹ thuật/sản xuất,7 – dưới 10 triệu,1 – dưới 3 triệu,Trên 40 km,1278,"Có, dễ dàng","Thị trấn Hóc Môn, Huyện Hóc Môn","Phường An Phú, TP Thủ Đức",0,0,Hầu như không,Có nghe qua,Chấp nhận nộp phụ phí và tiếp tục đi xe xăng,4,3,4,3,7,3,2,1,3,3,2,3,4,3,3,2,3,3,3,1,Phụ phí LEZ,5,Xe xăng hiện tại vẫn còn tốt,Trợ giá của thành phố; Miễn lệ phí trước bạ; Trạm sạc tại chung cư/văn phòng,15 – dưới 25 triệu
RESP_0477,A,K3,online,1055,0,0,0,1,0,1,25-30,25,Nữ,Đại học,Nhân viên văn phòng,Từ 30 triệu trở lên,1 – dưới 3 triệu,Trên 40 km,782,"Có, dễ dàng","Phường 1, Quận Phú Nhuận","Phường Tây Thạnh, Quận Tân Phú",0,0,Vài lần mỗi tháng,Có nghe qua,Thay đổi nơi ở hoặc nơi làm việc,3,3,4,4,8,2,2,2,2,2,2,2,2,2,2,3,4,4,3,1,Phụ phí LEZ,3,Xe xăng hiện tại vẫn còn tốt,Trợ giá của thành phố; Miễn lệ phí trước bạ; Trạm sạc tại chung cư/văn phòng,15 – dưới 25 triệu
RESP_0478,B,K1,online,1059,0,0,0,0,0,1,25-30,29,Nữ,Đại học,Tự doanh/freelance,7 – dưới 10 triệu,3 – dưới 5 triệu,20–40 km,613,"Có nhưng bị hạn chế (phí, giờ, chủ nhà/ban quản lý không cho)","Phường 25, Quận Bình Thạnh","Phường Bình Hưng Hòa, Quận Bình Tân",0,0,Vài lần mỗi tuần,Biết rõ,Chuyển sang xe máy điện,5,3,4,3,9,3,3,2,3,3,3,2,3,3,2,3,3,3,3,1,Không bỏ qua đặc điểm nào,5,Xe xăng hiện tại vẫn còn tốt,Trợ giá của thành phố; Miễn lệ phí trước bạ; Trạm sạc tại chung cư/văn phòng,25 – dưới 35 triệu
RESP_0479,A,K2,online,985,0,0,0,0,0,1,25-30,25,Nam,Đại học,Nhân viên văn phòng,20 – dưới 30 triệu,1 – dưới 3 triệu,Trên 40 km,383,Không,"Phường 1, Quận Gò Vấp","Phường 11, Quận 5",0,0,Vài lần mỗi tuần,Chưa biết,Chấp nhận nộp phụ phí và tiếp tục đi xe xăng,3,3,3,3,7,2,1,2,2,3,1,5,3,3,4,1,4,2,4,1,Phụ phí LEZ,5,Xe xăng hiện tại vẫn còn tốt,Trợ giá của thành phố; Miễn lệ phí trước bạ; Trạm sạc tại chung cư/văn phòng,15 – dưới 25 triệu
RESP_0480,B,K3,online,300,0,1,1,0,0,0,18-24,18,Nam,Trung cấp/Cao đẳng,Nhân viên văn phòng,15 – dưới 20 triệu,Từ 5 triệu trở lên,10–20 km,1277,"Có nhưng bị hạn chế (phí, giờ, chủ nhà/ban quản lý không cho)","Thị trấn Tân Túc, Huyện Bình Chánh","Phường 5, Quận Gò Vấp",0,0,Vài lần mỗi tuần,Có nghe qua,Chuyển hẳn sang giao thông công cộng,5,4,4,4,5,2,2,1,3,3,2,4,2,3,3,4,3,3,2,1,Phụ phí LEZ,5,Xe xăng hiện tại vẫn còn tốt,Trợ giá của thành phố; Miễn lệ phí trước bạ; Trạm sạc tại chung cư/văn phòng,25 – dưới 35 triệu
RESP_0481,A,K1,offline,1369,0,0,0,0,0,1,18-24,21,Nữ,Đại học,Kỹ thuật/sản xuất,7 – dưới 10 triệu,3 – dưới 5 triệu,10–20 km,751,"Có nhưng bị hạn chế (phí, giờ, chủ nhà/ban quản lý không cho)","Phường Bình Hưng Hòa, Quận Bình Tân","Phường 13, Quận Tân Bình",0,0,Vài lần mỗi tuần,Có nghe qua,Chuyển hẳn sang giao thông công cộng,3,3,4,5,7,2,2,2,3,3,3,2,3,4,3,3,2,3,2,1,Không bỏ qua đặc điểm nào,4,Xe xăng hiện tại vẫn còn tốt,Trợ giá của thành phố; Miễn lệ phí trước bạ; Trạm sạc tại chung cư/văn phòng,15 – dưới 25 triệu
RESP_0482,B,K2,offline,1258,0,0,0,0,0,1,18-24,24,Nữ,Đại học,Nhân viên văn phòng,10 – dưới 15 triệu,Hầu như không dư,Dưới 10 km,269,"Có nhưng bị hạn chế (phí, giờ, chủ nhà/ban quản lý không cho)","Phường 1, Quận 4","Phường 12, Quận 10",0,0,Vài lần mỗi tháng,Chưa biết,"Gửi xe ở rìa vùng rồi đi bộ, xe buýt hoặc metro vào trung tâm",4,3,3,3,6,3,4,3,3,3,3,2,3,3,2,3,4,3,2,1,Không bỏ qua đặc điểm nào,3,Xe xăng hiện tại vẫn còn tốt,Trợ giá của thành phố; Miễn lệ phí trước bạ; Trạm sạc tại chung cư/văn phòng,25 – dưới 35 triệu
RESP_0483,A,K3,offline,1226,0,0,0,0,0,1,18-24,21,Nữ,Đại học,Nhân viên văn phòng,10 – dưới 15 triệu,Dưới 1 triệu,20–40 km,1220,"Có nhưng bị hạn chế (phí, giờ, chủ nhà/ban quản lý không cho)","Phường 1, Quận 10","Phường 5, Quận Gò Vấp",0,0,Hằng ngày,Biết rõ,Không bị ảnh hưởng,4,4,4,3,8,1,2,1,2,2,1,3,4,2,2,4,4,1,3,1,Không bỏ qua đặc điểm nào,4,Xe xăng hiện tại vẫn còn tốt,Trợ giá của thành phố; Miễn lệ phí trước bạ; Trạm sạc tại chung cư/văn phòng,15 – dưới 25 triệu
RESP_0484,B,K1,offline,1124,0,0,0,0,0,1,18-24,21,Nam,Đại học,"Kinh doanh, bán hàng",7 – dưới 10 triệu,3 – dưới 5 triệu,10–20 km,694,"Có, dễ dàng","Phường 15, Quận Bình Thạnh","Phường 13, Quận Tân Bình",0,0,Vài lần mỗi tháng,Biết rõ,Chuyển hẳn sang giao thông công cộng,3,3,4,3,6,3,3,4,3,4,3,4,3,2,1,2,5,2,3,1,Không bỏ qua đặc điểm nào,5,Xe xăng hiện tại vẫn còn tốt,Trợ giá của thành phố; Miễn lệ phí trước bạ; Trạm sạc tại chung cư/văn phòng,15 – dưới 25 triệu
RESP_0485,A,K2,offline,1050,0,0,0,0,0,1,25-30,26,Nữ,Trung cấp/Cao đẳng,Sinh viên có việc làm,10 – dưới 15 triệu,Hầu như không dư,Trên 40 km,1182,"Có, dễ dàng","Thị trấn Tân Túc, Huyện Bình Chánh","Phường 22, Quận Bình Thạnh",0,0,Vài lần mỗi tuần,Có nghe qua,Chấp nhận nộp phụ phí và tiếp tục đi xe xăng,3,3,3,3,5,4,5,5,4,4,4,4,3,3,4,2,3,2,4,1,Không bỏ qua đặc điểm nào,4,Xe xăng hiện tại vẫn còn tốt,Trợ giá của thành phố; Miễn lệ phí trước bạ; Trạm sạc tại chung cư/văn phòng,Dưới 15 triệu
RESP_0486,B,K3,offline,1386,0,0,0,0,0,1,25-30,26,Nữ,Đại học,Nhân viên văn phòng,15 – dưới 20 triệu,Hầu như không dư,Dưới 10 km,1257,"Có, dễ dàng","Thị trấn Hóc Môn, Huyện Hóc Môn","Phường 1, Quận Phú Nhuận",0,0,Vài lần mỗi tuần,Biết rõ,Chuyển sang xe máy điện,4,4,4,4,8,3,2,2,3,3,2,2,2,3,2,4,2,3,1,1,Phụ phí LEZ,4,Xe xăng hiện tại vẫn còn tốt,Trợ giá của thành phố; Miễn lệ phí trước bạ; Trạm sạc tại chung cư/văn phòng,Dưới 15 triệu
RESP_0487,A,K1,offline,1351,0,0,0,0,0,1,25-30,25,Nam,Đại học,Nhân viên văn phòng,15 – dưới 20 triệu,Dưới 1 triệu,10–20 km,1049,Không,"Phường 13, Quận Tân Bình","Phường 13, Quận Tân Bình",0,0,Vài lần mỗi tháng,Có nghe qua,"Gửi xe ở rìa vùng rồi đi bộ, xe buýt hoặc metro vào trung tâm",4,4,4,4,8,3,2,2,2,3,4,4,3,2,3,2,4,5,3,1,Không bỏ qua đặc điểm nào,4,Xe xăng hiện tại vẫn còn tốt,Trợ giá của thành phố; Miễn lệ phí trước bạ; Trạm sạc tại chung cư/văn phòng,Dưới 15 triệu
RESP_0488,B,K2,offline,1437,0,0,0,0,0,1,25-30,26,Nam,Đại học,Nhân viên văn phòng,10 – dưới 15 triệu,Dưới 1 triệu,20–40 km,1129,Không,"Phường Tây Thạnh, Quận Tân Phú","Phường 1, Quận Bình Thạnh",0,0,Vài lần mỗi tháng,Biết rõ,Chuyển sang xe máy điện,5,3,4,4,7,3,2,2,2,3,3,3,2,3,3,3,4,3,3,1,Phụ phí LEZ,5,Xe xăng hiện tại vẫn còn tốt,Trợ giá của thành phố; Miễn lệ phí trước bạ; Trạm sạc tại chung cư/văn phòng,15 – dưới 25 triệu
RESP_0489,A,K3,offline,1061,0,0,0,0,0,1,25-30,25,Nam,Trung cấp/Cao đẳng,Nhân viên văn phòng,10 – dưới 15 triệu,1 – dưới 3 triệu,Trên 40 km,1102,"Có nhưng bị hạn chế (phí, giờ, chủ nhà/ban quản lý không cho)","Phường 1, Quận Bình Thạnh","Phường 9, Quận Phú Nhuận",0,0,Hằng ngày,Chưa biết,Chuyển sang xe máy điện,3,3,4,4,8,3,4,3,4,2,4,3,5,4,2,3,2,4,4,1,Không bỏ qua đặc điểm nào,3,Xe xăng hiện tại vẫn còn tốt,Trợ giá của thành phố; Miễn lệ phí trước bạ; Trạm sạc tại chung cư/văn phòng,15 – dưới 25 triệu
RESP_0490,B,K1,offline,1061,0,0,0,0,0,1,18-24,23,Nữ,Trung cấp/Cao đẳng,Tự doanh/freelance,20 – dưới 30 triệu,Hầu như không dư,Dưới 10 km,504,"Có, dễ dàng","Phường Bình Trưng Đông, TP Thủ Đức","Phường 22, Quận Bình Thạnh",0,0,Vài lần mỗi tuần,Chưa biết,Chuyển sang xe máy điện,5,4,5,3,6,1,3,2,2,2,3,2,3,3,3,2,3,4,3,1,Không bỏ qua đặc điểm nào,3,Xe xăng hiện tại vẫn còn tốt,Trợ giá của thành phố; Miễn lệ phí trước bạ; Trạm sạc tại chung cư/văn phòng,Dưới 15 triệu
RESP_0491,A,K2,offline,1235,0,0,0,0,0,1,18-24,21,Nữ,THPT trở xuống,Sinh viên có việc làm,10 – dưới 15 triệu,Từ 5 triệu trở lên,20–40 km,967,"Có nhưng bị hạn chế (phí, giờ, chủ nhà/ban quản lý không cho)","Phường 11, Quận 5","Phường 2, Quận Tân Bình",0,0,Vài lần mỗi tháng,Có nghe qua,Chuyển sang xe máy điện,3,4,4,4,7,2,3,2,2,3,3,3,3,2,2,3,3,3,3,1,Phụ phí LEZ,3,Xe xăng hiện tại vẫn còn tốt,Trợ giá của thành phố; Miễn lệ phí trước bạ; Trạm sạc tại chung cư/văn phòng,15 – dưới 25 triệu
RESP_0492,B,K3,offline,1416,0,0,0,0,0,1,18-24,23,Nam,Đại học,"Kinh doanh, bán hàng",7 – dưới 10 triệu,1 – dưới 3 triệu,20–40 km,1021,"Có, dễ dàng","Phường 1, Quận 5","Phường 5, Quận 5",0,0,Hầu như không,Có nghe qua,Thay đổi nơi ở hoặc nơi làm việc,4,4,5,3,7,3,2,3,4,2,2,2,3,3,3,3,3,3,3,1,Không bỏ qua đặc điểm nào,5,Xe xăng hiện tại vẫn còn tốt,Trợ giá của thành phố; Miễn lệ phí trước bạ; Trạm sạc tại chung cư/văn phòng,15 – dưới 25 triệu
RESP_0493,A,K1,offline,1089,0,0,0,0,0,1,18-24,19,Nam,Đại học,Tự doanh/freelance,7 – dưới 10 triệu,1 – dưới 3 triệu,20–40 km,1174,"Có, dễ dàng","Phường 22, Quận Bình Thạnh","Phường 13, Quận 4",0,0,Vài lần mỗi tuần,Biết rõ,"Gửi xe ở rìa vùng rồi đi bộ, xe buýt hoặc metro vào trung tâm",4,3,3,3,8,2,3,3,4,4,3,3,3,3,2,3,3,2,2,1,Không bỏ qua đặc điểm nào,5,Xe xăng hiện tại vẫn còn tốt,Trợ giá của thành phố; Miễn lệ phí trước bạ; Trạm sạc tại chung cư/văn phòng,15 – dưới 25 triệu
RESP_0494,B,K2,offline,1115,0,0,0,0,0,1,18-24,18,Nữ,Đại học,Sinh viên có việc làm,15 – dưới 20 triệu,1 – dưới 3 triệu,20–40 km,463,Không,"Phường 1, Quận Phú Nhuận","Phường An Phú, TP Thủ Đức",0,0,Vài lần mỗi tháng,Chưa biết,"Gửi xe ở rìa vùng rồi đi bộ, xe buýt hoặc metro vào trung tâm",3,4,4,4,8,4,3,3,3,3,3,2,3,2,2,3,2,4,3,1,Không bỏ qua đặc điểm nào,5,Xe xăng hiện tại vẫn còn tốt,Trợ giá của thành phố; Miễn lệ phí trước bạ; Trạm sạc tại chung cư/văn phòng,25 – dưới 35 triệu
RESP_0495,A,K3,offline,973,1,0,0,0,0,0,25-30,26,Nữ,Trung cấp/Cao đẳng,Tự doanh/freelance,15 – dưới 20 triệu,Từ 5 triệu trở lên,20–40 km,1171,"Có nhưng bị hạn chế (phí, giờ, chủ nhà/ban quản lý không cho)","Phường An Phú, TP Thủ Đức","Phường Tăng Nhơn Phú A, TP Thủ Đức",0,0,Vài lần mỗi tháng,Biết rõ,Chuyển sang xe máy điện,4,3,5,3,8,3,2,3,2,2,3,2,2,2,3,3,4,3,3,0,Không bỏ qua đặc điểm nào,4,Xe xăng hiện tại vẫn còn tốt,Trợ giá của thành phố; Miễn lệ phí trước bạ; Trạm sạc tại chung cư/văn phòng,15 – dưới 25 triệu
RESP_0496,B,K1,offline,1341,0,0,0,0,0,1,25-30,27,Nữ,THPT trở xuống,Nhân viên văn phòng,7 – dưới 10 triệu,Dưới 1 triệu,Dưới 10 km,402,Không,"Phường 2, Quận Tân Bình","Phường Linh Trung, TP Thủ Đức",0,0,Hầu như không,Biết rõ,Chuyển sang xe máy điện,4,3,4,4,8,1,3,2,1,2,2,3,4,4,3,3,3,3,3,1,Không bỏ qua đặc điểm nào,4,Xe xăng hiện tại vẫn còn tốt,Trợ giá của thành phố; Miễn lệ phí trước bạ; Trạm sạc tại chung cư/văn phòng,25 – dưới 35 triệu
RESP_0497,A,K2,offline,1301,0,0,0,0,0,1,25-30,26,Nữ,Đại học,Nhân viên văn phòng,15 – dưới 20 triệu,1 – dưới 3 triệu,20–40 km,301,Không,"Phường 1, Quận 4","Phường 5, Quận 5",0,0,Hầu như không,Biết rõ,Chấp nhận nộp phụ phí và tiếp tục đi xe xăng,3,3,4,3,6,4,4,4,3,4,4,3,4,3,4,3,3,2,3,1,Không bỏ qua đặc điểm nào,5,Xe xăng hiện tại vẫn còn tốt,Trợ giá của thành phố; Miễn lệ phí trước bạ; Trạm sạc tại chung cư/văn phòng,15 – dưới 25 triệu
RESP_0498,B,K3,offline,1299,0,0,0,0,0,1,25-30,26,Nữ,Đại học,Nhân viên văn phòng,7 – dưới 10 triệu,Dưới 1 triệu,10–20 km,318,"Có, dễ dàng","Phường Thảo Điền, TP Thủ Đức","Phường 19, Quận Bình Thạnh",0,0,Vài lần mỗi tháng,Có nghe qua,"Gửi xe ở rìa vùng rồi đi bộ, xe buýt hoặc metro vào trung tâm",4,4,4,4,9,3,2,3,2,3,3,3,3,2,2,3,4,2,3,1,Phụ phí LEZ,5,Xe xăng hiện tại vẫn còn tốt,Trợ giá của thành phố; Miễn lệ phí trước bạ; Trạm sạc tại chung cư/văn phòng,15 – dưới 25 triệu
RESP_0499,A,K1,offline,1470,0,0,0,0,0,1,25-30,30,Nam,Đại học,"Kinh doanh, bán hàng",7 – dưới 10 triệu,Hầu như không dư,Dưới 10 km,639,Không,"Phường Tân Phú, Quận 7","Phường Tân Phú, Quận 7",0,0,Hầu như không,Biết rõ,Chấp nhận nộp phụ phí và tiếp tục đi xe xăng,4,4,4,4,9,2,2,3,1,2,3,2,3,3,3,1,5,3,4,1,Không bỏ qua đặc điểm nào,4,Xe xăng hiện tại vẫn còn tốt,Trợ giá của thành phố; Miễn lệ phí trước bạ; Trạm sạc tại chung cư/văn phòng,25 – dưới 35 triệu
RESP_0500,B,K2,offline,1013,0,0,0,0,0,1,18-24,21,Nam,Đại học,"Kinh doanh, bán hàng",7 – dưới 10 triệu,1 – dưới 3 triệu,20–40 km,658,Không,"Phường 5, Quận Gò Vấp","Phường 13, Quận 4",0,0,Vài lần mỗi tuần,Biết rõ,"Gửi xe ở rìa vùng rồi đi bộ, xe buýt hoặc metro vào trung tâm",3,3,4,4,6,2,3,2,3,3,2,3,4,4,3,3,2,2,3,1,Phụ phí LEZ,4,Xe xăng hiện tại vẫn còn tốt,Trợ giá của thành phố; Miễn lệ phí trước bạ; Trạm sạc tại chung cư/văn phòng,15 – dưới 25 triệu
RESP_0501,A,K3,offline,1179,0,0,0,0,0,1,18-24,22,Nữ,Đại học,Kỹ thuật/sản xuất,7 – dưới 10 triệu,Dưới 1 triệu,10–20 km,366,Không,"Phường 5, Quận Gò Vấp","Phường 19, Quận Bình Thạnh",0,0,Vài lần mỗi tháng,Biết rõ,Chuyển sang xe máy điện,3,4,5,4,6,3,3,3,3,3,3,2,3,3,3,3,4,3,4,1,Phụ phí LEZ,4,Xe xăng hiện tại vẫn còn tốt,Trợ giá của thành phố; Miễn lệ phí trước bạ; Trạm sạc tại chung cư/văn phòng,25 – dưới 35 triệu
RESP_0502,B,K1,offline,1493,0,0,0,0,0,1,18-24,18,Nữ,Đại học,Nhân viên văn phòng,10 – dưới 15 triệu,1 – dưới 3 triệu,10–20 km,1224,Không,"Phường Linh Trung, TP Thủ Đức","Phường 22, Quận Bình Thạnh",0,0,Vài lần mỗi tháng,Có nghe qua,Chuyển sang xe máy điện,4,3,3,4,5,3,3,4,4,4,4,3,4,3,4,4,2,3,3,1,Phụ phí LEZ,3,Xe xăng hiện tại vẫn còn tốt,Trợ giá của thành phố; Miễn lệ phí trước bạ; Trạm sạc tại chung cư/văn phòng,15 – dưới 25 triệu
RESP_0503,A,K2,offline,1070,0,0,0,0,0,1,18-24,19,Nam,Đại học,"Kinh doanh, bán hàng",20 – dưới 30 triệu,3 – dưới 5 triệu,20–40 km,1383,"Có, dễ dàng","Phường 2, Quận Bình Thạnh","Phường 15, Quận Bình Thạnh",0,0,Vài lần mỗi tháng,Có nghe qua,Chuyển sang xe máy điện,4,3,4,3,5,3,4,3,2,4,4,3,2,4,2,3,4,3,5,1,Không bỏ qua đặc điểm nào,5,Xe xăng hiện tại vẫn còn tốt,Trợ giá của thành phố; Miễn lệ phí trước bạ; Trạm sạc tại chung cư/văn phòng,25 – dưới 35 triệu
RESP_0504,B,K3,offline,1363,0,0,0,0,0,1,18-24,24,Nam,Sau đại học,"Kinh doanh, bán hàng",7 – dưới 10 triệu,3 – dưới 5 triệu,10–20 km,1153,"Có nhưng bị hạn chế (phí, giờ, chủ nhà/ban quản lý không cho)","Phường An Phú, TP Thủ Đức","Thị trấn Hóc Môn, Huyện Hóc Môn",0,0,Vài lần mỗi tháng,Có nghe qua,Thay đổi nơi ở hoặc nơi làm việc,3,4,4,3,8,4,4,2,4,5,3,3,4,3,3,3,2,3,4,1,Không bỏ qua đặc điểm nào,5,Xe xăng hiện tại vẫn còn tốt,Trợ giá của thành phố; Miễn lệ phí trước bạ; Trạm sạc tại chung cư/văn phòng,15 – dưới 25 triệu
RESP_0505,A,K1,offline,1012,0,0,0,0,0,1,25-30,30,Nữ,Đại học,"Tài xế công nghệ, giao hàng",7 – dưới 10 triệu,Hầu như không dư,10–20 km,1162,Không,"Phường Tân Hưng Thuận, Quận 12","Phường Bình Trưng Đông, TP Thủ Đức",0,0,Hằng ngày,Có nghe qua,"Gửi xe ở rìa vùng rồi đi bộ, xe buýt hoặc metro vào trung tâm",4,4,4,3,7,3,2,2,2,2,3,4,2,2,3,3,2,2,2,1,Không bỏ qua đặc điểm nào,4,Xe xăng hiện tại vẫn còn tốt,Trợ giá của thành phố; Miễn lệ phí trước bạ; Trạm sạc tại chung cư/văn phòng,Dưới 15 triệu
RESP_0506,B,K2,offline,1198,0,0,0,0,0,1,25-30,25,Nữ,Đại học,Kỹ thuật/sản xuất,15 – dưới 20 triệu,Dưới 1 triệu,10–20 km,1189,"Có, dễ dàng","Phường 13, Quận Tân Bình","Phường Thảo Điền, TP Thủ Đức",0,0,Vài lần mỗi tháng,Chưa biết,Chuyển hẳn sang giao thông công cộng,3,3,4,3,9,4,4,3,3,3,3,3,4,4,3,4,3,2,3,1,Không bỏ qua đặc điểm nào,5,Xe xăng hiện tại vẫn còn tốt,Trợ giá của thành phố; Miễn lệ phí trước bạ; Trạm sạc tại chung cư/văn phòng,25 – dưới 35 triệu
RESP_0507,A,K3,offline,1183,0,0,0,0,0,1,25-30,29,Nam,Trung cấp/Cao đẳng,Nhân viên văn phòng,10 – dưới 15 triệu,1 – dưới 3 triệu,20–40 km,1182,"Có nhưng bị hạn chế (phí, giờ, chủ nhà/ban quản lý không cho)","Xã Phước Kiển, Huyện Nhà Bè","Phường 9, Quận Phú Nhuận",0,0,Vài lần mỗi tháng,Chưa biết,Chấp nhận nộp phụ phí và tiếp tục đi xe xăng,3,2,4,4,7,3,3,2,3,3,3,2,2,3,3,2,3,3,3,1,Không bỏ qua đặc điểm nào,3,Xe xăng hiện tại vẫn còn tốt,Trợ giá của thành phố; Miễn lệ phí trước bạ; Trạm sạc tại chung cư/văn phòng,15 – dưới 25 triệu
RESP_0508,B,K1,offline,1299,0,0,0,0,0,1,25-30,28,Nam,Đại học,Nhân viên văn phòng,Từ 30 triệu trở lên,3 – dưới 5 triệu,Dưới 10 km,1258,"Có nhưng bị hạn chế (phí, giờ, chủ nhà/ban quản lý không cho)","Phường An Phú, TP Thủ Đức","Phường Tân Mỹ, Quận 7",0,0,Hầu như không,Có nghe qua,Chuyển sang xe máy điện,3,3,3,4,8,3,4,3,2,3,3,3,4,4,4,2,3,2,3,1,Không bỏ qua đặc điểm nào,5,Xe xăng hiện tại vẫn còn tốt,Trợ giá của thành phố; Miễn lệ phí trước bạ; Trạm sạc tại chung cư/văn phòng,15 – dưới 25 triệu
RESP_0509,A,K2,offline,1452,0,0,0,0,0,1,25-30,27,Nam,Đại học,Khác,20 – dưới 30 triệu,3 – dưới 5 triệu,10–20 km,982,"Có nhưng bị hạn chế (phí, giờ, chủ nhà/ban quản lý không cho)","Phường 2, Quận Tân Bình","Phường 2, Quận Tân Bình",0,0,Vài lần mỗi tháng,Biết rõ,Không bị ảnh hưởng,4,4,4,4,7,3,3,3,2,2,3,2,2,4,2,2,3,3,3,1,Không bỏ qua đặc điểm nào,5,Xe xăng hiện tại vẫn còn tốt,Trợ giá của thành phố; Miễn lệ phí trước bạ; Trạm sạc tại chung cư/văn phòng,25 – dưới 35 triệu
RESP_0510,B,K3,offline,1056,0,0,0,0,0,1,18-24,20,Nam,Trung cấp/Cao đẳng,Kỹ thuật/sản xuất,7 – dưới 10 triệu,1 – dưới 3 triệu,20–40 km,855,"Có, dễ dàng","Phường 13, Quận Tân Bình","Thị trấn Tân Túc, Huyện Bình Chánh",0,0,Vài lần mỗi tháng,Chưa biết,Thay đổi nơi ở hoặc nơi làm việc,4,5,4,4,7,1,1,2,1,2,2,4,3,3,3,3,3,3,4,1,Không bỏ qua đặc điểm nào,5,Xe xăng hiện tại vẫn còn tốt,Trợ giá của thành phố; Miễn lệ phí trước bạ; Trạm sạc tại chung cư/văn phòng,15 – dưới 25 triệu
RESP_0511,A,K1,offline,1394,0,0,0,0,0,1,18-24,19,Nữ,Sau đại học,Kỹ thuật/sản xuất,7 – dưới 10 triệu,Hầu như không dư,10–20 km,367,"Có nhưng bị hạn chế (phí, giờ, chủ nhà/ban quản lý không cho)","Phường 25, Quận Bình Thạnh","Phường 1, Quận 4",0,0,Hầu như không,Có nghe qua,Chuyển hẳn sang giao thông công cộng,3,3,3,3,7,3,3,2,2,3,3,4,4,2,4,4,3,2,3,1,Phụ phí LEZ,5,Xe xăng hiện tại vẫn còn tốt,Trợ giá của thành phố; Miễn lệ phí trước bạ; Trạm sạc tại chung cư/văn phòng,15 – dưới 25 triệu
RESP_0512,B,K2,offline,1439,0,0,0,0,0,1,18-24,22,Nam,Đại học,Nhân viên văn phòng,20 – dưới 30 triệu,Dưới 1 triệu,Dưới 10 km,433,"Có, dễ dàng","Phường Hiệp Phú, TP Thủ Đức","Phường 25, Quận Bình Thạnh",0,0,Vài lần mỗi tuần,Có nghe qua,"Gửi xe ở rìa vùng rồi đi bộ, xe buýt hoặc metro vào trung tâm",3,4,4,4,7,2,3,3,2,3,3,4,3,2,4,3,3,3,4,1,Không bỏ qua đặc điểm nào,4,Xe xăng hiện tại vẫn còn tốt,Trợ giá của thành phố; Miễn lệ phí trước bạ; Trạm sạc tại chung cư/văn phòng,25 – dưới 35 triệu
RESP_0513,A,K3,offline,1361,0,0,0,0,0,1,18-24,21,Nữ,Đại học,Nhân viên văn phòng,15 – dưới 20 triệu,Từ 5 triệu trở lên,Dưới 10 km,1037,"Có, dễ dàng","Thị trấn Tân Túc, Huyện Bình Chánh","Phường 1, Quận 5",0,0,Vài lần mỗi tuần,Chưa biết,Chuyển sang xe máy điện,4,3,4,4,7,1,2,1,2,3,2,3,3,3,3,3,3,4,3,1,Không bỏ qua đặc điểm nào,4,Xe xăng hiện tại vẫn còn tốt,Trợ giá của thành phố; Miễn lệ phí trước bạ; Trạm sạc tại chung cư/văn phòng,25 – dưới 35 triệu
RESP_0514,B,K1,offline,1397,0,0,0,0,0,1,18-24,19,Nam,Trung cấp/Cao đẳng,Kỹ thuật/sản xuất,20 – dưới 30 triệu,1 – dưới 3 triệu,10–20 km,347,"Có, dễ dàng","Xã Phước Kiển, Huyện Nhà Bè","Phường 5, Quận Gò Vấp",0,0,Hầu như không,Biết rõ,Chấp nhận nộp phụ phí và tiếp tục đi xe xăng,3,3,3,3,7,4,4,4,4,4,4,3,3,3,4,3,3,3,3,1,Phụ phí LEZ,4,Xe xăng hiện tại vẫn còn tốt,Trợ giá của thành phố; Miễn lệ phí trước bạ; Trạm sạc tại chung cư/văn phòng,15 – dưới 25 triệu
RESP_0515,A,K2,offline,1458,0,0,0,0,0,1,25-30,29,Nam,Đại học,Tự doanh/freelance,10 – dưới 15 triệu,1 – dưới 3 triệu,10–20 km,377,"Có, dễ dàng","Phường Linh Trung, TP Thủ Đức","Phường Linh Trung, TP Thủ Đức",0,0,Vài lần mỗi tháng,Chưa biết,Không bị ảnh hưởng,4,3,4,3,9,2,3,3,3,2,3,3,3,3,3,4,3,2,3,1,Phụ phí LEZ,5,Xe xăng hiện tại vẫn còn tốt,Trợ giá của thành phố; Miễn lệ phí trước bạ; Trạm sạc tại chung cư/văn phòng,15 – dưới 25 triệu
RESP_0516,B,K3,offline,1314,0,0,0,0,0,1,25-30,27,Nam,Đại học,Khác,7 – dưới 10 triệu,Dưới 1 triệu,10–20 km,1440,Không,"Phường Tây Thạnh, Quận Tân Phú","Phường 1, Quận 5",0,0,Vài lần mỗi tháng,Có nghe qua,Chuyển hẳn sang giao thông công cộng,3,3,2,3,6,2,2,1,2,2,1,3,4,4,4,3,3,2,3,1,Phụ phí LEZ,5,Xe xăng hiện tại vẫn còn tốt,Trợ giá của thành phố; Miễn lệ phí trước bạ; Trạm sạc tại chung cư/văn phòng,25 – dưới 35 triệu
RESP_0517,A,K1,offline,1093,0,0,0,0,0,1,25-30,25,Nữ,Đại học,Tự doanh/freelance,7 – dưới 10 triệu,1 – dưới 3 triệu,10–20 km,472,"Có, dễ dàng","Phường Linh Trung, TP Thủ Đức","Phường Tây Thạnh, Quận Tân Phú",0,0,Hầu như không,Biết rõ,Không bị ảnh hưởng,4,4,5,5,7,1,2,2,1,2,1,3,2,3,4,4,3,5,2,1,Không bỏ qua đặc điểm nào,5,Xe xăng hiện tại vẫn còn tốt,Trợ giá của thành phố; Miễn lệ phí trước bạ; Trạm sạc tại chung cư/văn phòng,Từ 35 triệu trở lên
RESP_0518,B,K2,offline,1365,0,0,0,0,0,1,25-30,25,Khác/Không muốn trả lời,Đại học,Nhân viên văn phòng,7 – dưới 10 triệu,Từ 5 triệu trở lên,10–20 km,1188,"Có nhưng bị hạn chế (phí, giờ, chủ nhà/ban quản lý không cho)","Phường Linh Chiểu, TP Thủ Đức","Xã Phước Kiển, Huyện Nhà Bè",0,0,Vài lần mỗi tháng,Có nghe qua,Chuyển sang xe máy điện,4,4,3,2,7,3,3,3,3,3,2,5,4,4,4,3,3,4,5,1,Không bỏ qua đặc điểm nào,4,Xe xăng hiện tại vẫn còn tốt,Trợ giá của thành phố; Miễn lệ phí trước bạ; Trạm sạc tại chung cư/văn phòng,25 – dưới 35 triệu
RESP_0519,A,K3,offline,1190,0,0,0,0,0,1,25-30,26,Nam,Đại học,Kỹ thuật/sản xuất,7 – dưới 10 triệu,1 – dưới 3 triệu,Dưới 10 km,301,Không,"Phường 5, Quận 5","Phường Linh Trung, TP Thủ Đức",0,0,Vài lần mỗi tuần,Có nghe qua,Thay đổi nơi ở hoặc nơi làm việc,4,3,4,3,5,3,3,4,3,4,4,2,2,3,4,3,3,2,3,1,Không bỏ qua đặc điểm nào,3,Xe xăng hiện tại vẫn còn tốt,Trợ giá của thành phố; Miễn lệ phí trước bạ; Trạm sạc tại chung cư/văn phòng,15 – dưới 25 triệu
RESP_0520,B,K1,offline,1064,0,0,0,0,0,1,18-24,23,Nam,Trung cấp/Cao đẳng,Khác,10 – dưới 15 triệu,1 – dưới 3 triệu,20–40 km,782,Không,"Xã Phước Kiển, Huyện Nhà Bè","Phường 1, Quận 4",0,0,Vài lần mỗi tuần,Chưa biết,Chuyển hẳn sang giao thông công cộng,3,2,5,2,7,5,4,4,4,4,4,2,2,4,3,3,3,3,3,1,Không bỏ qua đặc điểm nào,4,Xe xăng hiện tại vẫn còn tốt,Trợ giá của thành phố; Miễn lệ phí trước bạ; Trạm sạc tại chung cư/văn phòng,15 – dưới 25 triệu
RESP_0521,A,K2,offline,1157,0,0,0,0,0,1,18-24,23,Khác/Không muốn trả lời,Đại học,Tự doanh/freelance,15 – dưới 20 triệu,3 – dưới 5 triệu,10–20 km,461,"Có, dễ dàng","Phường 13, Quận 4","Phường 5, Quận 5",0,0,Vài lần mỗi tuần,Biết rõ,Chuyển sang xe máy điện,3,3,4,4,6,3,1,3,3,2,3,2,3,3,3,3,2,3,2,1,Không bỏ qua đặc điểm nào,4,Xe xăng hiện tại vẫn còn tốt,Trợ giá của thành phố; Miễn lệ phí trước bạ; Trạm sạc tại chung cư/văn phòng,25 – dưới 35 triệu
RESP_0522,B,K3,offline,1203,0,0,0,1,0,1,18-24,22,Nữ,Đại học,Tự doanh/freelance,7 – dưới 10 triệu,Dưới 1 triệu,10–20 km,685,Không,"Phường Hiệp Phú, TP Thủ Đức","Phường Bình Trưng Đông, TP Thủ Đức",0,0,Vài lần mỗi tháng,Chưa biết,Thay đổi nơi ở hoặc nơi làm việc,4,3,3,4,6,3,3,3,3,3,3,3,3,3,3,3,3,3,3,1,Không bỏ qua đặc điểm nào,4,Xe xăng hiện tại vẫn còn tốt,Trợ giá của thành phố; Miễn lệ phí trước bạ; Trạm sạc tại chung cư/văn phòng,15 – dưới 25 triệu
RESP_0523,A,K1,offline,1492,0,0,0,0,0,1,18-24,22,Nữ,Đại học,Nhân viên văn phòng,7 – dưới 10 triệu,3 – dưới 5 triệu,10–20 km,1381,"Có, dễ dàng","Thị trấn Tân Túc, Huyện Bình Chánh","Phường Linh Trung, TP Thủ Đức",0,0,Vài lần mỗi tuần,Có nghe qua,Chấp nhận nộp phụ phí và tiếp tục đi xe xăng,4,4,4,3,7,3,3,3,2,2,3,4,4,5,4,4,3,2,3,1,Không bỏ qua đặc điểm nào,5,Xe xăng hiện tại vẫn còn tốt,Trợ giá của thành phố; Miễn lệ phí trước bạ; Trạm sạc tại chung cư/văn phòng,15 – dưới 25 triệu
RESP_0524,B,K2,offline,1065,0,0,0,0,0,1,18-24,23,Nữ,THPT trở xuống,Tự doanh/freelance,10 – dưới 15 triệu,1 – dưới 3 triệu,10–20 km,945,"Có, dễ dàng","Phường 25, Quận Bình Thạnh","Phường 13, Quận 4",0,0,Vài lần mỗi tuần,Biết rõ,Chuyển sang xe máy điện,4,4,3,2,8,3,3,4,2,3,3,2,2,2,3,3,5,3,3,1,Không bỏ qua đặc điểm nào,3,Xe xăng hiện tại vẫn còn tốt,Trợ giá của thành phố; Miễn lệ phí trước bạ; Trạm sạc tại chung cư/văn phòng,15 – dưới 25 triệu
RESP_0525,A,K3,offline,1040,0,0,0,0,0,1,25-30,25,Nữ,Trung cấp/Cao đẳng,Nhân viên văn phòng,10 – dưới 15 triệu,Hầu như không dư,Dưới 10 km,581,"Có, dễ dàng","Phường 1, Quận Bình Thạnh","Phường 6, Quận 4",0,0,Hầu như không,Có nghe qua,Chuyển sang xe máy điện,5,3,4,3,8,3,3,3,2,3,3,3,3,3,2,3,3,3,3,1,Không bỏ qua đặc điểm nào,5,Xe xăng hiện tại vẫn còn tốt,Trợ giá của thành phố; Miễn lệ phí trước bạ; Trạm sạc tại chung cư/văn phòng,Từ 35 triệu trở lên
RESP_0526,B,K1,offline,1408,0,0,0,0,0,1,25-30,26,Nữ,Đại học,Nhân viên văn phòng,7 – dưới 10 triệu,Hầu như không dư,10–20 km,1375,"Có, dễ dàng","Phường 22, Quận Bình Thạnh","Phường 1, Quận Gò Vấp",0,0,Hầu như không,Có nghe qua,Chuyển hẳn sang giao thông công cộng,4,3,4,2,7,5,4,4,4,4,4,3,3,3,3,2,3,3,3,1,Không bỏ qua đặc điểm nào,4,Xe xăng hiện tại vẫn còn tốt,Trợ giá của thành phố; Miễn lệ phí trước bạ; Trạm sạc tại chung cư/văn phòng,15 – dưới 25 triệu
RESP_0527,A,K2,offline,1211,0,0,0,0,0,1,25-30,30,Nữ,Trung cấp/Cao đẳng,Nhân viên văn phòng,10 – dưới 15 triệu,1 – dưới 3 triệu,Trên 40 km,610,Không biết,"Thị trấn Tân Túc, Huyện Bình Chánh","Phường 15, Quận Bình Thạnh",0,0,Hằng ngày,Có nghe qua,"Gửi xe ở rìa vùng rồi đi bộ, xe buýt hoặc metro vào trung tâm",4,3,5,4,10,3,2,2,3,3,3,2,2,2,2,4,4,3,3,1,Không bỏ qua đặc điểm nào,5,Xe xăng hiện tại vẫn còn tốt,Trợ giá của thành phố; Miễn lệ phí trước bạ; Trạm sạc tại chung cư/văn phòng,Dưới 15 triệu
RESP_0528,B,K3,offline,1070,0,0,0,0,0,1,25-30,30,Nữ,Đại học,Nhân viên văn phòng,10 – dưới 15 triệu,Từ 5 triệu trở lên,20–40 km,942,"Có nhưng bị hạn chế (phí, giờ, chủ nhà/ban quản lý không cho)","Phường 13, Quận 4","Phường 5, Quận 5",0,0,Vài lần mỗi tháng,Có nghe qua,Chấp nhận nộp phụ phí và tiếp tục đi xe xăng,4,5,4,3,6,1,2,1,1,3,1,5,3,4,4,3,3,2,4,1,Không bỏ qua đặc điểm nào,4,Xe xăng hiện tại vẫn còn tốt,Trợ giá của thành phố; Miễn lệ phí trước bạ; Trạm sạc tại chung cư/văn phòng,15 – dưới 25 triệu
RESP_0529,A,K1,offline,1350,0,0,0,0,0,1,25-30,25,Nam,Đại học,Nhân viên văn phòng,10 – dưới 15 triệu,1 – dưới 3 triệu,Dưới 10 km,1138,"Có nhưng bị hạn chế (phí, giờ, chủ nhà/ban quản lý không cho)","Phường 5, Quận Gò Vấp","Phường 9, Quận Phú Nhuận",0,0,Hằng ngày,Biết rõ,Chuyển sang xe máy điện,3,3,4,3,6,3,3,4,3,5,2,4,3,3,3,4,2,2,4,1,Phụ phí LEZ,4,Xe xăng hiện tại vẫn còn tốt,Trợ giá của thành phố; Miễn lệ phí trước bạ; Trạm sạc tại chung cư/văn phòng,15 – dưới 25 triệu
RESP_0530,B,K2,offline,1214,0,0,0,0,0,1,18-24,20,Nam,THPT trở xuống,Sinh viên có việc làm,20 – dưới 30 triệu,Từ 5 triệu trở lên,10–20 km,697,Không,"Phường 13, Quận Tân Bình","Phường Tân Thuận Đông, Quận 7",0,0,Hầu như không,Có nghe qua,Chấp nhận nộp phụ phí và tiếp tục đi xe xăng,3,4,3,2,7,3,3,3,3,3,3,4,3,4,4,3,3,2,3,1,Không bỏ qua đặc điểm nào,4,Xe xăng hiện tại vẫn còn tốt,Trợ giá của thành phố; Miễn lệ phí trước bạ; Trạm sạc tại chung cư/văn phòng,15 – dưới 25 triệu
RESP_0531,A,K3,offline,1279,0,0,0,0,0,1,18-24,21,Nữ,Trung cấp/Cao đẳng,Sinh viên có việc làm,20 – dưới 30 triệu,1 – dưới 3 triệu,20–40 km,1391,Không,"Phường Bình Hưng Hòa, Quận Bình Tân","Phường 1, Quận Phú Nhuận",0,0,Vài lần mỗi tháng,Có nghe qua,Không bị ảnh hưởng,3,3,3,3,8,4,3,3,4,2,3,3,4,3,3,3,3,3,3,1,Không bỏ qua đặc điểm nào,4,Xe xăng hiện tại vẫn còn tốt,Trợ giá của thành phố; Miễn lệ phí trước bạ; Trạm sạc tại chung cư/văn phòng,15 – dưới 25 triệu
RESP_0532,B,K1,offline,1371,0,0,0,0,0,1,18-24,21,Nữ,Đại học,"Kinh doanh, bán hàng",10 – dưới 15 triệu,1 – dưới 3 triệu,10–20 km,1109,"Có nhưng bị hạn chế (phí, giờ, chủ nhà/ban quản lý không cho)","Phường Tân Mỹ, Quận 7","Phường Tây Thạnh, Quận Tân Phú",0,0,Vài lần mỗi tuần,Chưa biết,Chuyển sang xe máy điện,2,3,3,4,7,3,4,4,4,4,4,3,4,5,5,3,2,3,3,1,Phụ phí LEZ,5,Xe xăng hiện tại vẫn còn tốt,Trợ giá của thành phố; Miễn lệ phí trước bạ; Trạm sạc tại chung cư/văn phòng,25 – dưới 35 triệu
RESP_0533,A,K2,offline,1362,0,0,0,0,0,1,18-24,21,Nữ,THPT trở xuống,Nhân viên văn phòng,7 – dưới 10 triệu,1 – dưới 3 triệu,10–20 km,529,"Có nhưng bị hạn chế (phí, giờ, chủ nhà/ban quản lý không cho)","Phường 1, Quận 4","Phường 15, Quận Bình Thạnh",0,0,Hằng ngày,Biết rõ,Chuyển hẳn sang giao thông công cộng,2,1,2,3,6,5,4,4,4,4,5,3,4,4,4,4,3,2,3,1,Không bỏ qua đặc điểm nào,4,Xe xăng hiện tại vẫn còn tốt,Trợ giá của thành phố; Miễn lệ phí trước bạ; Trạm sạc tại chung cư/văn phòng,Dưới 15 triệu
RESP_0534,B,K3,offline,1166,0,0,0,0,0,1,18-24,19,Nữ,Sau đại học,Nhân viên văn phòng,7 – dưới 10 triệu,1 – dưới 3 triệu,20–40 km,1219,"Có, dễ dàng","Phường Linh Trung, TP Thủ Đức","Phường 13, Quận Tân Bình",0,0,Hầu như không,Biết rõ,Thay đổi nơi ở hoặc nơi làm việc,3,4,4,4,7,3,3,3,3,3,3,3,3,3,2,3,3,3,2,1,Phụ phí LEZ,4,Xe xăng hiện tại vẫn còn tốt,Trợ giá của thành phố; Miễn lệ phí trước bạ; Trạm sạc tại chung cư/văn phòng,Dưới 15 triệu
RESP_0535,A,K1,offline,1435,0,0,0,0,0,1,25-30,26,Nam,Trung cấp/Cao đẳng,Nhân viên văn phòng,10 – dưới 15 triệu,Dưới 1 triệu,Dưới 10 km,1451,"Có, dễ dàng","Phường 22, Quận Bình Thạnh","Xã Phước Kiển, Huyện Nhà Bè",0,0,Vài lần mỗi tháng,Có nghe qua,Chuyển sang xe máy điện,4,4,4,4,6,2,1,1,1,2,2,4,3,3,4,4,4,4,4,1,Không bỏ qua đặc điểm nào,5,Xe xăng hiện tại vẫn còn tốt,Trợ giá của thành phố; Miễn lệ phí trước bạ; Trạm sạc tại chung cư/văn phòng,15 – dưới 25 triệu
RESP_0536,B,K2,offline,1376,0,0,0,0,0,1,25-30,25,Nữ,Đại học,Kỹ thuật/sản xuất,7 – dưới 10 triệu,1 – dưới 3 triệu,10–20 km,774,"Có, dễ dàng","Phường 1, Quận 10","Phường Tân Thuận Đông, Quận 7",0,0,Hằng ngày,Biết rõ,Chuyển sang xe máy điện,3,2,3,3,5,2,3,2,4,2,1,3,4,3,4,1,3,3,4,1,Không bỏ qua đặc điểm nào,5,Xe xăng hiện tại vẫn còn tốt,Trợ giá của thành phố; Miễn lệ phí trước bạ; Trạm sạc tại chung cư/văn phòng,Từ 35 triệu trở lên
RESP_0537,A,K3,offline,956,0,0,0,0,0,1,25-30,27,Khác/Không muốn trả lời,Đại học,Nhân viên văn phòng,15 – dưới 20 triệu,Dưới 1 triệu,10–20 km,741,"Có, dễ dàng","Phường Tân Hưng Thuận, Quận 12","Phường 1, Quận 4",0,0,Vài lần mỗi tuần,Có nghe qua,Chuyển sang xe máy điện,4,5,5,5,9,2,1,2,2,1,1,2,2,3,3,2,3,3,2,1,Không bỏ qua đặc điểm nào,4,Xe xăng hiện tại vẫn còn tốt,Trợ giá của thành phố; Miễn lệ phí trước bạ; Trạm sạc tại chung cư/văn phòng,25 – dưới 35 triệu
RESP_0538,B,K1,offline,1203,0,0,0,0,0,1,25-30,26,Nữ,Đại học,"Kinh doanh, bán hàng",10 – dưới 15 triệu,Dưới 1 triệu,20–40 km,1499,"Có nhưng bị hạn chế (phí, giờ, chủ nhà/ban quản lý không cho)","Phường 12, Quận 10","Phường 11, Quận 5",0,0,Hằng ngày,Chưa biết,Chuyển hẳn sang giao thông công cộng,4,3,4,4,7,3,3,4,3,3,3,4,3,3,2,3,4,3,2,1,Không bỏ qua đặc điểm nào,3,Xe xăng hiện tại vẫn còn tốt,Trợ giá của thành phố; Miễn lệ phí trước bạ; Trạm sạc tại chung cư/văn phòng,15 – dưới 25 triệu
RESP_0539,A,K2,offline,1065,0,0,0,0,0,1,25-30,30,Nam,Trung cấp/Cao đẳng,Kỹ thuật/sản xuất,10 – dưới 15 triệu,Hầu như không dư,10–20 km,321,Không,"Phường Thảo Điền, TP Thủ Đức","Phường 9, Quận Phú Nhuận",0,0,Vài lần mỗi tuần,Có nghe qua,"Gửi xe ở rìa vùng rồi đi bộ, xe buýt hoặc metro vào trung tâm",3,3,3,3,6,4,4,4,4,3,4,3,3,3,4,2,4,1,4,1,Không bỏ qua đặc điểm nào,5,Xe xăng hiện tại vẫn còn tốt,Trợ giá của thành phố; Miễn lệ phí trước bạ; Trạm sạc tại chung cư/văn phòng,15 – dưới 25 triệu
RESP_0540,B,K3,offline,450,1,0,1,0,0,0,18-24,21,Nữ,Đại học,"Tài xế công nghệ, giao hàng",10 – dưới 15 triệu,3 – dưới 5 triệu,10–20 km,843,"Có, dễ dàng","Phường Bình Hưng Hòa, Quận Bình Tân","Phường 12, Quận 10",0,0,Hằng ngày,Có nghe qua,Chuyển hẳn sang giao thông công cộng,4,2,3,4,5,3,4,3,3,3,3,5,4,4,4,4,2,3,3,0,Không bỏ qua đặc điểm nào,4,Xe xăng hiện tại vẫn còn tốt,Trợ giá của thành phố; Miễn lệ phí trước bạ; Trạm sạc tại chung cư/văn phòng,Dưới 15 triệu
RESP_0541,A,K1,offline,1340,0,0,0,0,0,1,18-24,20,Nữ,Đại học,Sinh viên có việc làm,15 – dưới 20 triệu,1 – dưới 3 triệu,20–40 km,463,Không,"Phường 2, Quận Phú Nhuận","Xã Phước Kiển, Huyện Nhà Bè",0,0,Hầu như không,Có nghe qua,Không bị ảnh hưởng,4,4,4,4,8,1,2,1,2,2,1,3,3,2,5,4,3,4,4,1,Không bỏ qua đặc điểm nào,3,Xe xăng hiện tại vẫn còn tốt,Trợ giá của thành phố; Miễn lệ phí trước bạ; Trạm sạc tại chung cư/văn phòng,25 – dưới 35 triệu
RESP_0542,B,K2,offline,1418,0,0,0,0,0,1,18-24,19,Nữ,Đại học,Tự doanh/freelance,20 – dưới 30 triệu,1 – dưới 3 triệu,Dưới 10 km,563,Không,"Phường 1, Quận Bình Thạnh","Phường 1, Quận 10",0,0,Vài lần mỗi tháng,Chưa biết,"Gửi xe ở rìa vùng rồi đi bộ, xe buýt hoặc metro vào trung tâm",4,4,3,3,7,2,3,2,2,3,4,3,3,2,1,2,4,3,3,1,Không bỏ qua đặc điểm nào,3,Xe xăng hiện tại vẫn còn tốt,Trợ giá của thành phố; Miễn lệ phí trước bạ; Trạm sạc tại chung cư/văn phòng,15 – dưới 25 triệu
RESP_0543,A,K3,offline,1368,0,0,0,0,0,1,18-24,18,Nữ,Đại học,Kỹ thuật/sản xuất,7 – dưới 10 triệu,Từ 5 triệu trở lên,Dưới 10 km,1458,"Có, dễ dàng","Phường 5, Quận Gò Vấp","Phường 6, Quận 4",0,0,Hầu như không,Biết rõ,"Gửi xe ở rìa vùng rồi đi bộ, xe buýt hoặc metro vào trung tâm",3,2,4,4,5,4,4,4,4,3,4,3,4,3,3,3,3,3,2,1,Không bỏ qua đặc điểm nào,4,Xe xăng hiện tại vẫn còn tốt,Trợ giá của thành phố; Miễn lệ phí trước bạ; Trạm sạc tại chung cư/văn phòng,15 – dưới 25 triệu
RESP_0544,B,K1,offline,1489,0,0,0,0,0,1,18-24,23,Nam,Đại học,"Kinh doanh, bán hàng",7 – dưới 10 triệu,Từ 5 triệu trở lên,10–20 km,1008,"Có, dễ dàng","Phường 11, Quận 5","Xã Phước Kiển, Huyện Nhà Bè",0,0,Vài lần mỗi tuần,Có nghe qua,Chấp nhận nộp phụ phí và tiếp tục đi xe xăng,3,3,4,3,7,3,4,3,3,3,4,3,5,3,2,4,2,4,2,1,Không bỏ qua đặc điểm nào,5,Xe xăng hiện tại vẫn còn tốt,Trợ giá của thành phố; Miễn lệ phí trước bạ; Trạm sạc tại chung cư/văn phòng,25 – dưới 35 triệu
RESP_0545,A,K2,offline,1251,0,0,0,0,0,1,25-30,28,Nữ,Đại học,Kỹ thuật/sản xuất,7 – dưới 10 triệu,1 – dưới 3 triệu,10–20 km,405,Không,"Phường 2, Quận Bình Thạnh","Phường Tân Thuận Đông, Quận 7",0,0,Vài lần mỗi tuần,Biết rõ,Chuyển sang xe máy điện,4,4,3,3,5,2,2,3,2,2,3,3,5,4,5,3,4,4,2,1,Không bỏ qua đặc điểm nào,4,Xe xăng hiện tại vẫn còn tốt,Trợ giá của thành phố; Miễn lệ phí trước bạ; Trạm sạc tại chung cư/văn phòng,25 – dưới 35 triệu
RESP_0546,B,K3,offline,1369,0,0,0,0,0,1,25-30,28,Nữ,Đại học,Nhân viên văn phòng,Từ 30 triệu trở lên,Hầu như không dư,10–20 km,883,"Có nhưng bị hạn chế (phí, giờ, chủ nhà/ban quản lý không cho)","Phường 12, Quận 10","Phường 5, Quận Gò Vấp",0,0,Vài lần mỗi tuần,Có nghe qua,Chuyển sang xe máy điện,4,4,4,4,8,3,3,2,2,4,2,3,2,3,3,3,1,3,3,1,Phụ phí LEZ,4,Xe xăng hiện tại vẫn còn tốt,Trợ giá của thành phố; Miễn lệ phí trước bạ; Trạm sạc tại chung cư/văn phòng,25 – dưới 35 triệu
RESP_0547,A,K1,offline,1294,0,0,0,0,0,1,25-30,27,Nam,Trung cấp/Cao đẳng,Khác,15 – dưới 20 triệu,Từ 5 triệu trở lên,Dưới 10 km,1426,"Có nhưng bị hạn chế (phí, giờ, chủ nhà/ban quản lý không cho)","Thị trấn Tân Túc, Huyện Bình Chánh","Phường 5, Quận Gò Vấp",0,0,Vài lần mỗi tuần,Biết rõ,Chuyển hẳn sang giao thông công cộng,5,5,4,5,9,2,2,3,2,2,2,3,2,3,3,3,3,2,4,1,Không bỏ qua đặc điểm nào,4,Xe xăng hiện tại vẫn còn tốt,Trợ giá của thành phố; Miễn lệ phí trước bạ; Trạm sạc tại chung cư/văn phòng,15 – dưới 25 triệu
RESP_0548,B,K2,offline,1475,0,0,0,0,0,1,25-30,26,Nam,Đại học,"Kinh doanh, bán hàng",10 – dưới 15 triệu,Dưới 1 triệu,10–20 km,565,Không,"Phường 15, Quận Bình Thạnh","Thị trấn Tân Túc, Huyện Bình Chánh",0,0,Hầu như không,Biết rõ,Chuyển sang xe máy điện,3,3,3,3,7,3,2,3,3,3,3,3,3,4,4,2,2,3,4,1,Không bỏ qua đặc điểm nào,3,Xe xăng hiện tại vẫn còn tốt,Trợ giá của thành phố; Miễn lệ phí trước bạ; Trạm sạc tại chung cư/văn phòng,15 – dưới 25 triệu
RESP_0549,A,K3,offline,1447,0,0,0,0,0,1,25-30,27,Nam,Đại học,Kỹ thuật/sản xuất,7 – dưới 10 triệu,1 – dưới 3 triệu,10–20 km,281,"Có nhưng bị hạn chế (phí, giờ, chủ nhà/ban quản lý không cho)","Phường Thảo Điền, TP Thủ Đức","Phường Bình Trưng Đông, TP Thủ Đức",0,0,Hầu như không,Có nghe qua,Thay đổi nơi ở hoặc nơi làm việc,3,3,4,3,6,3,4,3,3,3,3,3,3,2,3,3,4,3,3,1,Phụ phí LEZ,4,Xe xăng hiện tại vẫn còn tốt,Trợ giá của thành phố; Miễn lệ phí trước bạ; Trạm sạc tại chung cư/văn phòng,25 – dưới 35 triệu
RESP_0550,B,K1,offline,1037,0,0,0,0,0,1,18-24,20,Nam,Đại học,Nhân viên văn phòng,15 – dưới 20 triệu,1 – dưới 3 triệu,10–20 km,543,"Có, dễ dàng","Phường An Phú, TP Thủ Đức","Phường 5, Quận 5",0,0,Vài lần mỗi tháng,Có nghe qua,Chấp nhận nộp phụ phí và tiếp tục đi xe xăng,3,4,3,2,5,2,3,3,3,4,3,3,4,3,4,5,3,1,3,1,Không bỏ qua đặc điểm nào,3,Xe xăng hiện tại vẫn còn tốt,Trợ giá của thành phố; Miễn lệ phí trước bạ; Trạm sạc tại chung cư/văn phòng,Dưới 15 triệu
RESP_0551,A,K2,offline,1438,0,0,0,0,0,1,18-24,23,Nam,THPT trở xuống,Kỹ thuật/sản xuất,10 – dưới 15 triệu,Từ 5 triệu trở lên,10–20 km,521,Không biết,"Phường Linh Chiểu, TP Thủ Đức",Không có nơi làm việc cố định,0,0,Vài lần mỗi tháng,Biết rõ,Chuyển hẳn sang giao thông công cộng,4,4,4,4,8,4,4,3,4,4,3,2,2,3,3,2,4,3,4,1,Phụ phí LEZ,4,Xe xăng hiện tại vẫn còn tốt,Trợ giá của thành phố; Miễn lệ phí trước bạ; Trạm sạc tại chung cư/văn phòng,15 – dưới 25 triệu
RESP_0552,B,K3,offline,1183,0,0,0,0,0,1,18-24,18,Nam,Sau đại học,Nhân viên văn phòng,7 – dưới 10 triệu,1 – dưới 3 triệu,10–20 km,396,"Có, dễ dàng","Phường Thảo Điền, TP Thủ Đức",Không có nơi làm việc cố định,0,0,Hằng ngày,Có nghe qua,Chuyển sang xe máy điện,4,3,3,3,7,3,3,3,3,3,3,2,5,4,4,2,2,3,3,1,Không bỏ qua đặc điểm nào,3,Xe xăng hiện tại vẫn còn tốt,Trợ giá của thành phố; Miễn lệ phí trước bạ; Trạm sạc tại chung cư/văn phòng,25 – dưới 35 triệu
RESP_0553,A,K1,offline,1089,0,0,0,0,0,1,18-24,21,Nam,Đại học,"Kinh doanh, bán hàng",7 – dưới 10 triệu,1 – dưới 3 triệu,20–40 km,963,"Có, dễ dàng","Phường Tân Mỹ, Quận 7",Không có nơi làm việc cố định,0,0,Hầu như không,Chưa biết,Chuyển sang xe máy điện,2,4,2,2,8,3,3,3,4,3,2,2,4,5,2,3,3,2,3,1,Không bỏ qua đặc điểm nào,3,Xe xăng hiện tại vẫn còn tốt,Trợ giá của thành phố; Miễn lệ phí trước bạ; Trạm sạc tại chung cư/văn phòng,Dưới 15 triệu
RESP_0554,B,K2,offline,1422,0,0,0,0,0,1,18-24,23,Nữ,Trung cấp/Cao đẳng,Kỹ thuật/sản xuất,7 – dưới 10 triệu,1 – dưới 3 triệu,20–40 km,1195,"Có nhưng bị hạn chế (phí, giờ, chủ nhà/ban quản lý không cho)","Phường 5, Quận Gò Vấp",Không có nơi làm việc cố định,0,0,Vài lần mỗi tháng,Chưa biết,Chấp nhận nộp phụ phí và tiếp tục đi xe xăng,3,2,4,2,6,3,4,4,4,3,4,3,2,3,3,2,3,3,4,1,Không bỏ qua đặc điểm nào,3,Xe xăng hiện tại vẫn còn tốt,Trợ giá của thành phố; Miễn lệ phí trước bạ; Trạm sạc tại chung cư/văn phòng,15 – dưới 25 triệu
RESP_0555,A,K3,offline,1484,0,0,0,0,0,1,25-30,25,Nam,Đại học,Kỹ thuật/sản xuất,7 – dưới 10 triệu,Hầu như không dư,10–20 km,646,"Có, dễ dàng","Phường Tây Thạnh, Quận Tân Phú",Không có nơi làm việc cố định,0,0,Hằng ngày,Có nghe qua,Chuyển hẳn sang giao thông công cộng,4,3,4,2,7,3,2,3,2,3,3,3,4,4,3,3,3,3,3,1,Phụ phí LEZ,4,Xe xăng hiện tại vẫn còn tốt,Trợ giá của thành phố; Miễn lệ phí trước bạ; Trạm sạc tại chung cư/văn phòng,25 – dưới 35 triệu
RESP_0556,B,K1,offline,1038,0,0,0,0,0,1,25-30,28,Nữ,Đại học,Nhân viên văn phòng,10 – dưới 15 triệu,3 – dưới 5 triệu,Dưới 10 km,916,Không,"Phường Bình Hưng Hòa, Quận Bình Tân",Không có nơi làm việc cố định,0,0,Vài lần mỗi tháng,Có nghe qua,Thay đổi nơi ở hoặc nơi làm việc,4,4,4,4,8,2,1,1,2,2,3,1,3,3,3,2,2,3,3,1,Không bỏ qua đặc điểm nào,4,Xe xăng hiện tại vẫn còn tốt,Trợ giá của thành phố; Miễn lệ phí trước bạ; Trạm sạc tại chung cư/văn phòng,15 – dưới 25 triệu
RESP_0557,A,K2,offline,1335,0,0,0,0,0,1,25-30,26,Nam,Đại học,Nhân viên văn phòng,7 – dưới 10 triệu,Hầu như không dư,20–40 km,906,Không,"Phường Tây Thạnh, Quận Tân Phú",Không có nơi làm việc cố định,0,0,Hằng ngày,Có nghe qua,Chuyển sang xe máy điện,4,3,4,3,7,2,2,1,2,3,2,3,3,2,4,2,3,3,4,1,Không bỏ qua đặc điểm nào,5,Xe xăng hiện tại vẫn còn tốt,Trợ giá của thành phố; Miễn lệ phí trước bạ; Trạm sạc tại chung cư/văn phòng,15 – dưới 25 triệu
RESP_0558,B,K3,offline,1241,0,0,0,0,0,1,25-30,26,Nam,Trung cấp/Cao đẳng,Sinh viên có việc làm,7 – dưới 10 triệu,1 – dưới 3 triệu,Trên 40 km,1383,"Có, dễ dàng","Phường 19, Quận Bình Thạnh",Không có nơi làm việc cố định,0,0,Vài lần mỗi tuần,Có nghe qua,Chuyển sang xe máy điện,3,4,3,2,8,2,3,3,2,4,4,4,3,3,3,2,4,3,4,1,Không bỏ qua đặc điểm nào,5,Xe xăng hiện tại vẫn còn tốt,Trợ giá của thành phố; Miễn lệ phí trước bạ; Trạm sạc tại chung cư/văn phòng,15 – dưới 25 triệu
RESP_0559,A,K1,offline,1183,0,0,0,0,0,1,25-30,27,Nam,Đại học,Nhân viên văn phòng,10 – dưới 15 triệu,1 – dưới 3 triệu,10–20 km,511,"Có, dễ dàng","Phường Bình Hưng Hòa, Quận Bình Tân",Không có nơi làm việc cố định,0,0,Hầu như không,Có nghe qua,Chuyển sang xe máy điện,4,4,5,4,10,2,1,2,1,1,2,3,3,3,3,3,3,3,3,1,Không bỏ qua đặc điểm nào,5,Xe xăng hiện tại vẫn còn tốt,Trợ giá của thành phố; Miễn lệ phí trước bạ; Trạm sạc tại chung cư/văn phòng,25 – dưới 35 triệu
RESP_0560,B,K2,offline,1281,0,1,0,0,0,0,18-24,23,Nữ,Đại học,"Tài xế công nghệ, giao hàng",10 – dưới 15 triệu,3 – dưới 5 triệu,20–40 km,457,Không,"Phường 1, Quận 4",Không có nơi làm việc cố định,0,0,Hầu như không,Có nghe qua,"Gửi xe ở rìa vùng rồi đi bộ, xe buýt hoặc metro vào trung tâm",4,4,4,4,8,1,3,2,1,2,2,4,3,4,4,3,3,2,3,1,Không bỏ qua đặc điểm nào,4,Xe xăng hiện tại vẫn còn tốt,Trợ giá của thành phố; Miễn lệ phí trước bạ; Trạm sạc tại chung cư/văn phòng,15 – dưới 25 triệu
RESP_0561,A,K3,offline,1222,0,0,0,0,0,1,18-24,22,Nữ,Đại học,Nhân viên văn phòng,7 – dưới 10 triệu,3 – dưới 5 triệu,10–20 km,555,"Có, dễ dàng","Phường Bình Hưng Hòa, Quận Bình Tân",Không có nơi làm việc cố định,0,0,Hằng ngày,Chưa biết,Chuyển hẳn sang giao thông công cộng,3,3,3,3,6,3,3,3,4,4,4,4,4,4,3,2,3,3,3,1,Không bỏ qua đặc điểm nào,4,Xe xăng hiện tại vẫn còn tốt,Trợ giá của thành phố; Miễn lệ phí trước bạ; Trạm sạc tại chung cư/văn phòng,15 – dưới 25 triệu
RESP_0562,B,K1,offline,1367,0,0,0,0,0,1,18-24,24,Nam,Đại học,Nhân viên văn phòng,10 – dưới 15 triệu,Dưới 1 triệu,10–20 km,678,Không,"Phường Bình Trưng Đông, TP Thủ Đức",Không có nơi làm việc cố định,0,0,Vài lần mỗi tuần,Có nghe qua,Chuyển sang xe máy điện,4,5,4,3,7,2,2,2,1,2,2,4,3,3,2,1,5,3,4,1,Không bỏ qua đặc điểm nào,5,Xe xăng hiện tại vẫn còn tốt,Trợ giá của thành phố; Miễn lệ phí trước bạ; Trạm sạc tại chung cư/văn phòng,Từ 35 triệu trở lên
RESP_0563,A,K2,offline,957,0,0,0,0,0,1,18-24,20,Nam,Đại học,Nhân viên văn phòng,15 – dưới 20 triệu,Dưới 1 triệu,10–20 km,624,Không biết,"Phường Linh Trung, TP Thủ Đức",Không có nơi làm việc cố định,0,0,Vài lần mỗi tuần,Chưa biết,Chuyển hẳn sang giao thông công cộng,2,3,2,2,5,5,4,5,5,5,5,3,4,3,4,3,3,2,3,1,Không bỏ qua đặc điểm nào,5,Xe xăng hiện tại vẫn còn tốt,Trợ giá của thành phố; Miễn lệ phí trước bạ; Trạm sạc tại chung cư/văn phòng,15 – dưới 25 triệu
RESP_0564,B,K3,offline,1125,0,0,0,0,0,1,18-24,21,Nữ,Đại học,Nhân viên văn phòng,15 – dưới 20 triệu,1 – dưới 3 triệu,10–20 km,723,Không,"Phường Tăng Nhơn Phú A, TP Thủ Đức",Không có nơi làm việc cố định,0,0,Hằng ngày,Có nghe qua,Không bị ảnh hưởng,3,3,2,4,7,5,4,5,4,4,4,3,3,3,3,3,4,2,2,1,Phụ phí LEZ,4,Xe xăng hiện tại vẫn còn tốt,Trợ giá của thành phố; Miễn lệ phí trước bạ; Trạm sạc tại chung cư/văn phòng,Từ 35 triệu trở lên
RESP_0565,A,K1,offline,965,0,0,0,0,0,1,25-30,29,Nam,Đại học,"Tài xế công nghệ, giao hàng",7 – dưới 10 triệu,1 – dưới 3 triệu,20–40 km,897,Không biết,"Phường 1, Quận 5",Không có nơi làm việc cố định,0,0,Vài lần mỗi tháng,Biết rõ,Chuyển hẳn sang giao thông công cộng,5,4,4,4,7,3,3,4,3,3,2,2,2,3,2,3,2,3,3,1,Không bỏ qua đặc điểm nào,4,Xe xăng hiện tại vẫn còn tốt,Trợ giá của thành phố; Miễn lệ phí trước bạ; Trạm sạc tại chung cư/văn phòng,Dưới 15 triệu
RESP_0566,B,K2,offline,1012,0,0,0,0,0,1,25-30,26,Nữ,Đại học,Nhân viên văn phòng,10 – dưới 15 triệu,Dưới 1 triệu,10–20 km,1211,"Có, dễ dàng","Phường Tân Phú, Quận 7",Không có nơi làm việc cố định,0,0,Hằng ngày,Chưa biết,Chuyển sang xe máy điện,4,3,4,4,6,3,3,3,3,3,3,4,4,4,3,5,3,4,3,1,Không bỏ qua đặc điểm nào,5,Xe xăng hiện tại vẫn còn tốt,Trợ giá của thành phố; Miễn lệ phí trước bạ; Trạm sạc tại chung cư/văn phòng,15 – dưới 25 triệu
RESP_0567,A,K3,offline,1279,0,0,0,0,0,1,25-30,25,Nữ,Đại học,Tự doanh/freelance,7 – dưới 10 triệu,3 – dưới 5 triệu,Dưới 10 km,1250,Không biết,"Phường Bình Hưng Hòa, Quận Bình Tân",Không có nơi làm việc cố định,0,0,Vài lần mỗi tuần,Chưa biết,Chuyển hẳn sang giao thông công cộng,4,4,4,3,6,2,2,4,2,3,2,2,4,2,3,2,3,2,4,1,Không bỏ qua đặc điểm nào,3,Xe xăng hiện tại vẫn còn tốt,Trợ giá của thành phố; Miễn lệ phí trước bạ; Trạm sạc tại chung cư/văn phòng,15 – dưới 25 triệu
RESP_0568,B,K1,offline,976,0,0,0,0,0,1,25-30,28,Nam,Đại học,Tự doanh/freelance,10 – dưới 15 triệu,1 – dưới 3 triệu,10–20 km,939,"Có nhưng bị hạn chế (phí, giờ, chủ nhà/ban quản lý không cho)","Phường Linh Trung, TP Thủ Đức",Không có nơi làm việc cố định,0,0,Vài lần mỗi tháng,Có nghe qua,Chuyển sang xe máy điện,3,3,4,3,8,2,2,2,2,2,1,5,4,5,4,3,3,2,4,1,Không bỏ qua đặc điểm nào,5,Xe xăng hiện tại vẫn còn tốt,Trợ giá của thành phố; Miễn lệ phí trước bạ; Trạm sạc tại chung cư/văn phòng,25 – dưới 35 triệu
RESP_0569,A,K2,offline,1315,0,0,0,0,0,1,25-30,28,Nữ,Đại học,Nhân viên văn phòng,7 – dưới 10 triệu,3 – dưới 5 triệu,20–40 km,1433,"Có, dễ dàng","Phường An Phú, TP Thủ Đức",Không có nơi làm việc cố định,0,0,Vài lần mỗi tuần,Có nghe qua,Chuyển sang xe máy điện,5,4,4,4,8,2,2,4,2,2,4,3,2,3,3,3,3,4,4,1,Không bỏ qua đặc điểm nào,4,Xe xăng hiện tại vẫn còn tốt,Trợ giá của thành phố; Miễn lệ phí trước bạ; Trạm sạc tại chung cư/văn phòng,15 – dưới 25 triệu
RESP_0570,B,K3,offline,1218,0,0,0,0,0,1,18-24,21,Nam,Đại học,Tự doanh/freelance,7 – dưới 10 triệu,Dưới 1 triệu,20–40 km,1348,"Có, dễ dàng","Phường Bình Trưng Đông, TP Thủ Đức",Không có nơi làm việc cố định,0,0,Vài lần mỗi tháng,Có nghe qua,Chuyển sang xe máy điện,3,3,4,2,6,2,1,3,2,3,3,3,4,3,3,3,3,3,3,1,Không bỏ qua đặc điểm nào,3,Xe xăng hiện tại vẫn còn tốt,Trợ giá của thành phố; Miễn lệ phí trước bạ; Trạm sạc tại chung cư/văn phòng,15 – dưới 25 triệu
RESP_0571,A,K1,offline,1266,0,0,0,0,0,1,18-24,22,Nữ,Đại học,Nhân viên văn phòng,7 – dưới 10 triệu,Hầu như không dư,20–40 km,1439,Không,"Phường Tân Thuận Đông, Quận 7",Không có nơi làm việc cố định,0,0,Vài lần mỗi tháng,Có nghe qua,Không bị ảnh hưởng,3,2,3,2,6,3,3,2,2,4,3,3,5,4,4,2,3,3,4,1,Không bỏ qua đặc điểm nào,3,Xe xăng hiện tại vẫn còn tốt,Trợ giá của thành phố; Miễn lệ phí trước bạ; Trạm sạc tại chung cư/văn phòng,15 – dưới 25 triệu
RESP_0572,B,K2,offline,1389,0,0,0,0,0,1,18-24,18,Nữ,Đại học,Nhân viên văn phòng,7 – dưới 10 triệu,1 – dưới 3 triệu,Dưới 10 km,861,"Có nhưng bị hạn chế (phí, giờ, chủ nhà/ban quản lý không cho)","Phường 25, Quận Bình Thạnh",Không có nơi làm việc cố định,0,0,Vài lần mỗi tháng,Có nghe qua,Chuyển sang xe máy điện,3,3,4,2,5,2,2,3,3,3,3,3,3,4,3,2,3,3,4,1,Không bỏ qua đặc điểm nào,3,Xe xăng hiện tại vẫn còn tốt,Trợ giá của thành phố; Miễn lệ phí trước bạ; Trạm sạc tại chung cư/văn phòng,Từ 35 triệu trở lên
RESP_0573,A,K3,offline,1388,0,0,0,0,0,1,18-24,18,Nam,Đại học,"Kinh doanh, bán hàng",7 – dưới 10 triệu,1 – dưới 3 triệu,Dưới 10 km,1367,"Có nhưng bị hạn chế (phí, giờ, chủ nhà/ban quản lý không cho)","Phường Bình Trưng Đông, TP Thủ Đức",Không có nơi làm việc cố định,0,0,Vài lần mỗi tuần,Biết rõ,Chuyển sang xe máy điện,4,3,3,4,7,3,3,2,1,3,3,2,4,3,3,4,3,3,3,1,Không bỏ qua đặc điểm nào,5,Xe xăng hiện tại vẫn còn tốt,Trợ giá của thành phố; Miễn lệ phí trước bạ; Trạm sạc tại chung cư/văn phòng,25 – dưới 35 triệu
RESP_0574,B,K1,offline,1301,0,0,0,0,0,1,18-24,24,Nam,Trung cấp/Cao đẳng,"Kinh doanh, bán hàng",10 – dưới 15 triệu,Dưới 1 triệu,10–20 km,582,Không biết,"Phường 25, Quận Bình Thạnh",Không có nơi làm việc cố định,0,0,Hằng ngày,Có nghe qua,Chấp nhận nộp phụ phí và tiếp tục đi xe xăng,5,5,5,5,8,2,3,3,2,3,3,2,2,3,3,3,2,3,4,1,Không bỏ qua đặc điểm nào,4,Xe xăng hiện tại vẫn còn tốt,Trợ giá của thành phố; Miễn lệ phí trước bạ; Trạm sạc tại chung cư/văn phòng,15 – dưới 25 triệu
RESP_0575,A,K2,offline,1428,0,0,0,0,0,1,25-30,29,Nữ,Đại học,Nhân viên văn phòng,7 – dưới 10 triệu,1 – dưới 3 triệu,20–40 km,1245,Không,"Phường 12, Quận 10",Không có nơi làm việc cố định,0,0,Vài lần mỗi tuần,Chưa biết,Chuyển sang xe máy điện,4,3,4,4,5,3,4,3,3,3,2,2,3,3,2,3,3,2,4,1,Phụ phí LEZ,5,Xe xăng hiện tại vẫn còn tốt,Trợ giá của thành phố; Miễn lệ phí trước bạ; Trạm sạc tại chung cư/văn phòng,25 – dưới 35 triệu
RESP_0576,B,K3,offline,1360,0,0,0,0,0,1,25-30,25,Nữ,Đại học,Nhân viên văn phòng,15 – dưới 20 triệu,1 – dưới 3 triệu,10–20 km,771,"Có, dễ dàng","Phường Tân Thuận Đông, Quận 7",Không có nơi làm việc cố định,0,0,Vài lần mỗi tuần,Biết rõ,Chuyển sang xe máy điện,4,3,3,3,8,3,3,3,2,3,3,3,3,3,3,3,3,3,3,1,Phụ phí LEZ,5,Xe xăng hiện tại vẫn còn tốt,Trợ giá của thành phố; Miễn lệ phí trước bạ; Trạm sạc tại chung cư/văn phòng,25 – dưới 35 triệu
RESP_0577,A,K1,offline,1399,0,0,0,0,0,1,25-30,29,Nam,Sau đại học,Nhân viên văn phòng,15 – dưới 20 triệu,1 – dưới 3 triệu,10–20 km,465,"Có nhưng bị hạn chế (phí, giờ, chủ nhà/ban quản lý không cho)","Phường 9, Quận Phú Nhuận",Không có nơi làm việc cố định,0,0,Hằng ngày,Biết rõ,"Gửi xe ở rìa vùng rồi đi bộ, xe buýt hoặc metro vào trung tâm",3,3,3,3,7,2,2,2,1,2,1,5,4,5,4,2,3,2,4,1,Phụ phí LEZ,5,Xe xăng hiện tại vẫn còn tốt,Trợ giá của thành phố; Miễn lệ phí trước bạ; Trạm sạc tại chung cư/văn phòng,25 – dưới 35 triệu
RESP_0578,B,K2,offline,975,0,0,0,0,0,1,25-30,29,Nam,Đại học,"Kinh doanh, bán hàng",20 – dưới 30 triệu,1 – dưới 3 triệu,20–40 km,1233,"Có, dễ dàng","Phường Tân Phú, Quận 7",Không có nơi làm việc cố định,0,0,Hằng ngày,Có nghe qua,Không bị ảnh hưởng,3,1,4,3,7,4,4,3,3,4,3,3,3,3,3,2,2,2,3,1,Phụ phí LEZ,5,Xe xăng hiện tại vẫn còn tốt,Trợ giá của thành phố; Miễn lệ phí trước bạ; Trạm sạc tại chung cư/văn phòng,15 – dưới 25 triệu
RESP_0579,A,K3,offline,1422,0,0,0,0,0,1,25-30,28,Nam,Sau đại học,Khác,10 – dưới 15 triệu,Hầu như không dư,Dưới 10 km,664,"Có, dễ dàng","Phường 1, Quận 10",Không có nơi làm việc cố định,0,0,Vài lần mỗi tuần,Biết rõ,Chuyển sang xe máy điện,3,4,4,4,10,2,1,2,1,1,3,4,2,3,3,2,2,3,3,1,Không bỏ qua đặc điểm nào,3,Xe xăng hiện tại vẫn còn tốt,Trợ giá của thành phố; Miễn lệ phí trước bạ; Trạm sạc tại chung cư/văn phòng,15 – dưới 25 triệu
RESP_0580,B,K1,offline,1082,0,0,0,0,0,1,18-24,20,Nam,Đại học,Nhân viên văn phòng,7 – dưới 10 triệu,3 – dưới 5 triệu,20–40 km,1061,"Có, dễ dàng","Phường 1, Quận Phú Nhuận",Không có nơi làm việc cố định,0,0,Hằng ngày,Chưa biết,Chuyển sang xe máy điện,4,4,4,4,10,3,2,2,1,2,2,3,3,3,3,3,3,3,3,1,Không bỏ qua đặc điểm nào,3,Xe xăng hiện tại vẫn còn tốt,Trợ giá của thành phố; Miễn lệ phí trước bạ; Trạm sạc tại chung cư/văn phòng,15 – dưới 25 triệu
RESP_0581,A,K2,offline,1352,0,0,0,0,0,1,18-24,23,Nam,Sau đại học,Sinh viên có việc làm,20 – dưới 30 triệu,1 – dưới 3 triệu,20–40 km,552,"Có, dễ dàng","Phường 1, Quận Gò Vấp",Không có nơi làm việc cố định,0,0,Hằng ngày,Có nghe qua,Chuyển hẳn sang giao thông công cộng,4,4,2,3,7,4,4,4,4,3,4,2,2,2,2,4,3,3,3,1,Không bỏ qua đặc điểm nào,5,Xe xăng hiện tại vẫn còn tốt,Trợ giá của thành phố; Miễn lệ phí trước bạ; Trạm sạc tại chung cư/văn phòng,Từ 35 triệu trở lên
RESP_0582,B,K3,offline,1484,0,0,0,0,0,1,18-24,24,Nữ,Sau đại học,Nhân viên văn phòng,15 – dưới 20 triệu,Dưới 1 triệu,10–20 km,817,"Có nhưng bị hạn chế (phí, giờ, chủ nhà/ban quản lý không cho)","Phường 5, Quận 5",Không có nơi làm việc cố định,0,0,Hầu như không,Chưa biết,Chuyển sang xe máy điện,3,3,4,3,7,4,3,3,3,3,2,2,2,2,3,3,3,3,3,1,Không bỏ qua đặc điểm nào,3,Xe xăng hiện tại vẫn còn tốt,Trợ giá của thành phố; Miễn lệ phí trước bạ; Trạm sạc tại chung cư/văn phòng,15 – dưới 25 triệu
RESP_0583,A,K1,offline,1265,0,0,0,0,0,1,18-24,20,Nam,Sau đại học,Nhân viên văn phòng,15 – dưới 20 triệu,3 – dưới 5 triệu,Dưới 10 km,1344,"Có nhưng bị hạn chế (phí, giờ, chủ nhà/ban quản lý không cho)","Phường 25, Quận Bình Thạnh",Không có nơi làm việc cố định,0,0,Vài lần mỗi tháng,Biết rõ,Chuyển hẳn sang giao thông công cộng,3,4,2,3,7,4,3,3,4,4,4,4,3,3,3,3,3,3,2,1,Không bỏ qua đặc điểm nào,5,Xe xăng hiện tại vẫn còn tốt,Trợ giá của thành phố; Miễn lệ phí trước bạ; Trạm sạc tại chung cư/văn phòng,25 – dưới 35 triệu
RESP_0584,B,K2,offline,1472,0,0,0,0,0,1,18-24,23,Nữ,Đại học,"Kinh doanh, bán hàng",7 – dưới 10 triệu,1 – dưới 3 triệu,Dưới 10 km,778,"Có, dễ dàng","Phường 1, Quận 10",Không có nơi làm việc cố định,0,0,Vài lần mỗi tuần,Biết rõ,"Gửi xe ở rìa vùng rồi đi bộ, xe buýt hoặc metro vào trung tâm",3,2,3,3,4,2,3,3,3,3,3,4,4,4,4,4,3,3,3,1,Không bỏ qua đặc điểm nào,3,Xe xăng hiện tại vẫn còn tốt,Trợ giá của thành phố; Miễn lệ phí trước bạ; Trạm sạc tại chung cư/văn phòng,25 – dưới 35 triệu
RESP_0585,A,K3,offline,1096,1,0,0,0,0,0,25-30,26,Nữ,Đại học,Nhân viên văn phòng,20 – dưới 30 triệu,3 – dưới 5 triệu,10–20 km,635,"Có, dễ dàng","Phường Bình Trưng Đông, TP Thủ Đức",Không có nơi làm việc cố định,0,0,Hầu như không,Có nghe qua,Chuyển sang xe máy điện,3,4,4,4,8,3,3,3,3,3,2,3,3,2,2,3,3,3,3,0,Không bỏ qua đặc điểm nào,5,Xe xăng hiện tại vẫn còn tốt,Trợ giá của thành phố; Miễn lệ phí trước bạ; Trạm sạc tại chung cư/văn phòng,Dưới 15 triệu
RESP_0586,B,K1,offline,1466,0,0,0,0,0,1,25-30,28,Nữ,Đại học,Nhân viên văn phòng,7 – dưới 10 triệu,Dưới 1 triệu,Dưới 10 km,394,"Có, dễ dàng","Xã Phước Kiển, Huyện Nhà Bè",Không có nơi làm việc cố định,0,0,Vài lần mỗi tháng,Biết rõ,Không bị ảnh hưởng,3,3,5,4,7,4,3,2,3,4,3,2,2,3,3,4,3,3,2,1,Không bỏ qua đặc điểm nào,5,Xe xăng hiện tại vẫn còn tốt,Trợ giá của thành phố; Miễn lệ phí trước bạ; Trạm sạc tại chung cư/văn phòng,15 – dưới 25 triệu
RESP_0587,A,K2,offline,1082,0,0,0,0,0,1,25-30,27,Nữ,Sau đại học,Kỹ thuật/sản xuất,7 – dưới 10 triệu,Dưới 1 triệu,20–40 km,617,"Có, dễ dàng","Phường 1, Quận 5",Không có nơi làm việc cố định,0,0,Hầu như không,Có nghe qua,Chuyển sang xe máy điện,4,4,5,4,7,2,2,2,2,1,1,3,3,2,4,4,3,3,4,1,Không bỏ qua đặc điểm nào,5,Xe xăng hiện tại vẫn còn tốt,Trợ giá của thành phố; Miễn lệ phí trước bạ; Trạm sạc tại chung cư/văn phòng,Dưới 15 triệu
RESP_0588,B,K3,offline,1420,0,0,0,0,0,1,25-30,26,Nam,Đại học,"Kinh doanh, bán hàng",7 – dưới 10 triệu,1 – dưới 3 triệu,Dưới 10 km,943,"Có nhưng bị hạn chế (phí, giờ, chủ nhà/ban quản lý không cho)","Phường 6, Quận 4",Không có nơi làm việc cố định,0,0,Vài lần mỗi tuần,Có nghe qua,"Gửi xe ở rìa vùng rồi đi bộ, xe buýt hoặc metro vào trung tâm",3,2,4,4,8,2,2,4,3,2,3,5,3,3,3,4,1,4,3,1,Không bỏ qua đặc điểm nào,3,Xe xăng hiện tại vẫn còn tốt,Trợ giá của thành phố; Miễn lệ phí trước bạ; Trạm sạc tại chung cư/văn phòng,15 – dưới 25 triệu
RESP_0589,A,K1,offline,1320,0,0,0,0,0,1,25-30,28,Nữ,Đại học,"Tài xế công nghệ, giao hàng",7 – dưới 10 triệu,Dưới 1 triệu,10–20 km,916,"Có nhưng bị hạn chế (phí, giờ, chủ nhà/ban quản lý không cho)","Phường 1, Quận 4",Không có nơi làm việc cố định,0,0,Vài lần mỗi tháng,Có nghe qua,Thay đổi nơi ở hoặc nơi làm việc,2,2,3,1,7,4,4,5,3,3,4,4,4,4,4,4,3,2,3,1,Phụ phí LEZ,4,Xe xăng hiện tại vẫn còn tốt,Trợ giá của thành phố; Miễn lệ phí trước bạ; Trạm sạc tại chung cư/văn phòng,25 – dưới 35 triệu
RESP_0590,B,K2,offline,1332,0,0,0,0,0,1,18-24,23,Nữ,Đại học,Nhân viên văn phòng,10 – dưới 15 triệu,Từ 5 triệu trở lên,10–20 km,1201,"Có, dễ dàng","Phường 6, Quận 4",Không có nơi làm việc cố định,0,0,Vài lần mỗi tháng,Biết rõ,Chuyển hẳn sang giao thông công cộng,4,4,4,3,6,4,2,3,3,4,3,3,3,3,4,4,3,3,2,1,Không bỏ qua đặc điểm nào,4,Xe xăng hiện tại vẫn còn tốt,Trợ giá của thành phố; Miễn lệ phí trước bạ; Trạm sạc tại chung cư/văn phòng,15 – dưới 25 triệu
RESP_0591,A,K3,offline,1206,0,0,0,0,0,1,18-24,20,Nữ,Trung cấp/Cao đẳng,Nhân viên văn phòng,15 – dưới 20 triệu,Hầu như không dư,20–40 km,762,"Có, dễ dàng","Phường 1, Quận 5",Không có nơi làm việc cố định,0,0,Vài lần mỗi tháng,Có nghe qua,"Gửi xe ở rìa vùng rồi đi bộ, xe buýt hoặc metro vào trung tâm",3,4,4,3,9,4,3,2,2,2,3,2,2,2,3,4,3,4,1,1,Không bỏ qua đặc điểm nào,4,Xe xăng hiện tại vẫn còn tốt,Trợ giá của thành phố; Miễn lệ phí trước bạ; Trạm sạc tại chung cư/văn phòng,Từ 35 triệu trở lên
RESP_0592,B,K1,offline,1364,0,0,0,0,0,1,18-24,21,Nữ,Đại học,Sinh viên có việc làm,15 – dưới 20 triệu,1 – dưới 3 triệu,20–40 km,1053,"Có, dễ dàng","Thị trấn Hóc Môn, Huyện Hóc Môn",Không có nơi làm việc cố định,0,0,Hầu như không,Có nghe qua,Chuyển sang xe máy điện,3,3,3,4,7,2,2,2,3,4,2,3,4,4,3,2,3,3,3,1,Phụ phí LEZ,3,Xe xăng hiện tại vẫn còn tốt,Trợ giá của thành phố; Miễn lệ phí trước bạ; Trạm sạc tại chung cư/văn phòng,Từ 35 triệu trở lên
RESP_0593,A,K2,offline,986,0,0,0,0,0,1,18-24,19,Nam,Đại học,Sinh viên có việc làm,7 – dưới 10 triệu,Dưới 1 triệu,10–20 km,327,Không,"Phường 13, Quận Tân Bình",Không có nơi làm việc cố định,0,0,Hằng ngày,Chưa biết,Chấp nhận nộp phụ phí và tiếp tục đi xe xăng,3,4,3,4,7,3,4,3,3,4,3,3,3,3,3,3,4,2,4,1,Không bỏ qua đặc điểm nào,4,Xe xăng hiện tại vẫn còn tốt,Trợ giá của thành phố; Miễn lệ phí trước bạ; Trạm sạc tại chung cư/văn phòng,25 – dưới 35 triệu
RESP_0594,B,K3,offline,1263,0,0,0,0,0,1,18-24,18,Nam,Đại học,Sinh viên có việc làm,7 – dưới 10 triệu,Dưới 1 triệu,10–20 km,1406,"Có, dễ dàng","Phường 5, Quận 5",Không có nơi làm việc cố định,0,0,Hầu như không,Chưa biết,Chuyển sang xe máy điện,4,3,3,3,9,4,3,4,3,2,4,4,3,4,4,4,3,3,3,1,Không bỏ qua đặc điểm nào,5,Xe xăng hiện tại vẫn còn tốt,Trợ giá của thành phố; Miễn lệ phí trước bạ; Trạm sạc tại chung cư/văn phòng,Dưới 15 triệu
RESP_0595,A,K1,offline,1164,0,0,0,0,0,1,25-30,29,Nữ,Đại học,Kỹ thuật/sản xuất,7 – dưới 10 triệu,1 – dưới 3 triệu,20–40 km,1166,Không biết,"Phường 1, Quận 4",Không có nơi làm việc cố định,0,0,Vài lần mỗi tuần,Có nghe qua,Chấp nhận nộp phụ phí và tiếp tục đi xe xăng,4,3,4,3,8,2,3,2,2,1,4,4,3,3,4,2,4,2,4,1,Không bỏ qua đặc điểm nào,4,Xe xăng hiện tại vẫn còn tốt,Trợ giá của thành phố; Miễn lệ phí trước bạ; Trạm sạc tại chung cư/văn phòng,15 – dưới 25 triệu
RESP_0596,B,K2,offline,1084,0,0,0,0,0,1,25-30,27,Nữ,Đại học,Nhân viên văn phòng,15 – dưới 20 triệu,3 – dưới 5 triệu,10–20 km,734,Không,"Phường 5, Quận Gò Vấp",Không có nơi làm việc cố định,0,0,Hằng ngày,Chưa biết,Chuyển sang xe máy điện,5,4,4,5,7,3,3,2,1,1,1,3,3,3,2,3,4,3,4,1,Không bỏ qua đặc điểm nào,5,Xe xăng hiện tại vẫn còn tốt,Trợ giá của thành phố; Miễn lệ phí trước bạ; Trạm sạc tại chung cư/văn phòng,25 – dưới 35 triệu
RESP_0597,A,K3,offline,1373,0,0,0,0,0,1,25-30,25,Nam,Đại học,Kỹ thuật/sản xuất,10 – dưới 15 triệu,1 – dưới 3 triệu,20–40 km,1405,"Có, dễ dàng","Phường Tăng Nhơn Phú A, TP Thủ Đức",Không có nơi làm việc cố định,0,0,Vài lần mỗi tuần,Chưa biết,Chuyển sang xe máy điện,4,4,4,5,7,1,1,2,2,3,2,3,2,3,3,3,4,2,3,1,Không bỏ qua đặc điểm nào,4,,Trợ giá của thành phố; Miễn lệ phí trước bạ; Trạm sạc tại chung cư/văn phòng,15 – dưới 25 triệu
RESP_0598,B,K1,offline,1259,0,0,0,0,0,1,25-30,27,Nữ,THPT trở xuống,"Kinh doanh, bán hàng",10 – dưới 15 triệu,1 – dưới 3 triệu,10–20 km,537,Không,"Phường Tân Mỹ, Quận 7",Không có nơi làm việc cố định,0,0,Hầu như không,Có nghe qua,"Gửi xe ở rìa vùng rồi đi bộ, xe buýt hoặc metro vào trung tâm",4,4,4,3,4,4,3,3,4,4,4,2,2,2,3,3,3,3,2,1,Phụ phí LEZ,5,Xe xăng hiện tại vẫn còn tốt,Trợ giá của thành phố; Miễn lệ phí trước bạ; Trạm sạc tại chung cư/văn phòng,25 – dưới 35 triệu
RESP_0599,A,K2,offline,1392,0,0,0,0,0,1,25-30,29,Nữ,Đại học,Tự doanh/freelance,10 – dưới 15 triệu,Hầu như không dư,20–40 km,1449,"Có, dễ dàng","Phường 25, Quận Bình Thạnh",Không có nơi làm việc cố định,0,0,Vài lần mỗi tuần,Có nghe qua,Chuyển sang xe máy điện,3,3,4,3,6,4,3,3,3,5,2,3,3,3,3,4,3,3,4,1,Phụ phí LEZ,4,Xe xăng hiện tại vẫn còn tốt,Trợ giá của thành phố; Miễn lệ phí trước bạ; Trạm sạc tại chung cư/văn phòng,25 – dưới 35 triệu
RESP_0600,B,K3,offline,487,0,0,1,0,0,0,18-24,22,Nam,Đại học,Tự doanh/freelance,7 – dưới 10 triệu,1 – dưới 3 triệu,20–40 km,874,"Có, dễ dàng","Phường 25, Quận Bình Thạnh",Không có nơi làm việc cố định,0,0,Hầu như không,Có nghe qua,Chấp nhận nộp phụ phí và tiếp tục đi xe xăng,2,4,3,2,7,3,3,3,3,3,3,4,4,4,4,4,3,3,3,1,Không bỏ qua đặc điểm nào,5,Xe xăng hiện tại vẫn còn tốt,Trợ giá của thành phố; Miễn lệ phí trước bạ; Trạm sạc tại chung cư/văn phòng,25 – dưới 35 triệu
