respondent_id,block,order_version,card_num,display_pos,is_dominance_check,choice,price_A,battery_A,energy_A,recycle_A,flex1_A,flex2_A,price_B,battery_B,energy_B,recycle_B,flex1_B,flex2_B,fuel_cost_OPT,lez_fee_OPT,certainty,peer_choice,LEZ_Residence,LEZ_Workplace,SK_mean,FR_mean,SD_mean,channel
RESP_0001,K1,A,4,1,1,1,18.0,buy,solar,100audit,home,60pct,36.0,rent350,grid,none,3km,none,1459,100.0,9,,1,1,3.33,4.0,3.25,online
RESP_0001,K1,A,5,2,0,3,30.0,rent150,solar,none,1km,40pct,24.0,buy,solar,cert50,home,none,1459,200.0,8,,1,1,3.33,4.0,3.25,online
RESP_0001,K1,A,3,3,0,3,36.0,buy,solar,cert50,home,60pct,18.0,rent250,grid,none,3km,none,1459,0.0,8,2,1,1,3.33,4.0,3.25,online
RESP_0001,K1,A,8,4,0,3,36.0,rent250,solar,100audit,1km,60pct,18.0,buy,grid,none,home,none,1459,200.0,5,,1,1,3.33,4.0,3.25,online
RESP_0001,K1,A,6,5,0,3,18.0,rent150,grid,100audit,3km,none,36.0,rent250,solar,none,1km,60pct,1459,100.0,6,,1,1,3.33,4.0,3.25,online
RESP_0001,K1,A,1,6,0,1,24.0,rent250,solar,none,1km,none,30.0,buy,grid,100audit,home,60pct,1459,100.0,6,3,1,1,3.33,4.0,3.25,online
RESP_0001,K1,A,7,7,0,3,24.0,buy,grid,cert50,home,40pct,30.0,rent350,grid,100audit,3km,none,1459,0.0,5,,1,1,3.33,4.0,3.25,online
RESP_0001,K1,A,2,8,0,3,18.0,rent350,grid,cert50,3km,40pct,24.0,rent150,solar,100audit,1km,none,1459,200.0,8,,1,1,3.33,4.0,3.25,online
RESP_0002,K2,B,4,1,0,3,36.0,rent150,grid,cert50,home,40pct,30.0,buy,grid,100audit,1km,60pct,1411,200.0,8,,1,1,3.17,3.75,3.25,online
RESP_0002,K2,B,5,2,1,2,36.0,rent350,grid,none,3km,none,18.0,buy,solar,100audit,home,60pct,1411,100.0,10,,1,1,3.17,3.75,3.25,online
RESP_0002,K2,B,1,3,0,3,30.0,rent350,solar,100audit,home,none,18.0,rent150,grid,cert50,1km,40pct,1411,200.0,5,2,1,1,3.17,3.75,3.25,online
RESP_0002,K2,B,6,4,0,2,24.0,rent250,solar,cert50,3km,none,18.0,buy,grid,100audit,home,40pct,1411,0.0,10,,1,1,3.17,3.75,3.25,online
RESP_0002,K2,B,3,5,0,3,18.0,rent250,grid,100audit,1km,none,24.0,rent350,solar,none,3km,40pct,1411,100.0,8,,1,1,3.17,3.75,3.25,online
RESP_0002,K2,B,7,6,0,3,30.0,rent150,grid,none,1km,60pct,36.0,rent250,solar,cert50,3km,none,1411,100.0,6,1,1,1,3.17,3.75,3.25,online
RESP_0002,K2,B,2,7,0,3,24.0,buy,solar,none,3km,60pct,36.0,buy,solar,100audit,home,none,1411,0.0,7,,1,1,3.17,3.75,3.25,online
RESP_0002,K2,B,8,8,0,2,18.0,buy,solar,cert50,home,none,24.0,rent150,solar,100audit,1km,60pct,1411,200.0,9,,1,1,3.17,3.75,3.25,online
RESP_0003,K3,A,7,1,0,3,18.0,rent250,solar,none,3km,60pct,36.0,buy,grid,100audit,1km,none,573,100.0,8,,1,1,2.0,3.0,2.25,online
RESP_0003,K3,A,5,2,0,3,36.0,buy,solar,none,home,60pct,18.0,rent150,grid,cert50,3km,none,573,0.0,6,,1,1,2.0,3.0,2.25,online
RESP_0003,K3,A,2,3,0,2,18.0,buy,solar,cert50,1km,60pct,36.0,rent350,grid,100audit,home,none,573,200.0,6,3,1,1,2.0,3.0,2.25,online
RESP_0003,K3,A,1,4,0,3,24.0,rent150,grid,100audit,home,none,30.0,buy,solar,none,3km,40pct,573,0.0,8,,1,1,2.0,3.0,2.25,online
RESP_0003,K3,A,6,5,0,1,24.0,rent350,solar,100audit,1km,40pct,30.0,rent150,solar,cert50,home,none,573,200.0,7,,1,1,2.0,3.0,2.25,online
RESP_0003,K3,A,3,6,1,1,18.0,buy,solar,100audit,home,60pct,36.0,rent350,grid,none,3km,none,573,100.0,10,3,1,1,2.0,3.0,2.25,online
RESP_0003,K3,A,8,7,0,3,30.0,buy,grid,100audit,home,40pct,24.0,rent250,grid,cert50,3km,none,573,0.0,6,,1,1,2.0,3.0,2.25,online
RESP_0003,K3,A,4,8,0,3,30.0,rent250,grid,cert50,3km,40pct,24.0,rent350,solar,100audit,1km,none,573,100.0,8,,1,1,2.0,3.0,2.25,online
RESP_0004,K1,B,6,1,0,3,18.0,rent150,grid,100audit,3km,none,36.0,rent250,solar,none,1km,60pct,1026,100.0,8,,1,1,2.67,3.25,2.75,online
RESP_0004,K1,B,1,2,0,3,24.0,rent250,solar,none,1km,none,30.0,buy,grid,100audit,home,60pct,1026,100.0,8,,1,1,2.67,3.25,2.75,online
RESP_0004,K1,B,2,3,0,3,18.0,rent350,grid,cert50,3km,40pct,24.0,rent150,solar,100audit,1km,none,1026,200.0,7,2,1,1,2.67,3.25,2.75,online
RESP_0004,K1,B,8,4,0,3,36.0,rent250,solar,100audit,1km,60pct,18.0,buy,grid,none,home,none,1026,200.0,5,,1,1,2.67,3.25,2.75,online
RESP_0004,K1,B,5,5,0,3,30.0,rent150,solar,none,1km,40pct,24.0,buy,solar,cert50,home,none,1026,200.0,7,,1,1,2.67,3.25,2.75,online
RESP_0004,K1,B,3,6,0,3,36.0,buy,solar,cert50,home,60pct,18.0,rent250,grid,none,3km,none,1026,0.0,5,2,1,1,2.67,3.25,2.75,online
RESP_0004,K1,B,4,7,1,1,18.0,buy,solar,100audit,home,60pct,36.0,rent350,grid,none,3km,none,1026,100.0,9,,1,1,2.67,3.25,2.75,online
RESP_0004,K1,B,7,8,0,3,24.0,buy,grid,cert50,home,40pct,30.0,rent350,grid,100audit,3km,none,1026,0.0,7,,1,1,2.67,3.25,2.75,online
RESP_0005,K2,A,4,1,0,3,36.0,rent150,grid,cert50,home,40pct,30.0,buy,grid,100audit,1km,60pct,1113,200.0,7,,1,1,2.67,3.25,3.0,online
RESP_0005,K2,A,3,2,0,3,18.0,rent250,grid,100audit,1km,none,24.0,rent350,solar,none,3km,40pct,1113,100.0,4,,1,1,2.67,3.25,3.0,online
RESP_0005,K2,A,6,3,0,3,24.0,rent250,solar,cert50,3km,none,18.0,buy,grid,100audit,home,40pct,1113,0.0,8,2,1,1,2.67,3.25,3.0,online
RESP_0005,K2,A,2,4,0,3,24.0,buy,solar,none,3km,60pct,36.0,buy,solar,100audit,home,none,1113,0.0,8,,1,1,2.67,3.25,3.0,online
RESP_0005,K2,A,7,5,0,3,30.0,rent150,grid,none,1km,60pct,36.0,rent250,solar,cert50,3km,none,1113,100.0,6,,1,1,2.67,3.25,3.0,online
RESP_0005,K2,A,1,6,0,2,30.0,rent350,solar,100audit,home,none,18.0,rent150,grid,cert50,1km,40pct,1113,200.0,10,3,1,1,2.67,3.25,3.0,online
RESP_0005,K2,A,8,7,0,3,18.0,buy,solar,cert50,home,none,24.0,rent150,solar,100audit,1km,60pct,1113,200.0,8,,1,1,2.67,3.25,3.0,online
RESP_0005,K2,A,5,8,1,2,36.0,rent350,grid,none,3km,none,18.0,buy,solar,100audit,home,60pct,1113,100.0,6,,1,1,2.67,3.25,3.0,online
RESP_0006,K3,B,6,1,0,1,24.0,rent350,solar,100audit,1km,40pct,30.0,rent150,solar,cert50,home,none,508,200.0,9,,1,1,2.67,3.25,3.5,online
RESP_0006,K3,B,7,2,0,1,18.0,rent250,solar,none,3km,60pct,36.0,buy,grid,100audit,1km,none,508,100.0,8,,1,1,2.67,3.25,3.5,online
RESP_0006,K3,B,3,3,1,1,18.0,buy,solar,100audit,home,60pct,36.0,rent350,grid,none,3km,none,508,100.0,9,2,1,1,2.67,3.25,3.5,online
RESP_0006,K3,B,4,4,0,3,30.0,rent250,grid,cert50,3km,40pct,24.0,rent350,solar,100audit,1km,none,508,100.0,4,,1,1,2.67,3.25,3.5,online
RESP_0006,K3,B,2,5,0,1,18.0,buy,solar,cert50,1km,60pct,36.0,rent350,grid,100audit,home,none,508,200.0,9,,1,1,2.67,3.25,3.5,online
RESP_0006,K3,B,1,6,0,1,24.0,rent150,grid,100audit,home,none,30.0,buy,solar,none,3km,40pct,508,0.0,10,2,1,1,2.67,3.25,3.5,online
RESP_0006,K3,B,8,7,0,3,30.0,buy,grid,100audit,home,40pct,24.0,rent250,grid,cert50,3km,none,508,0.0,7,,1,1,2.67,3.25,3.5,online
RESP_0006,K3,B,5,8,0,2,36.0,buy,solar,none,home,60pct,18.0,rent150,grid,cert50,3km,none,508,0.0,10,,1,1,2.67,3.25,3.5,online
RESP_0007,K1,A,7,1,0,3,24.0,buy,grid,cert50,home,40pct,30.0,rent350,grid,100audit,3km,none,278,0.0,4,,1,1,3.67,3.5,3.0,online
RESP_0007,K1,A,3,2,0,3,36.0,buy,solar,cert50,home,60pct,18.0,rent250,grid,none,3km,none,278,0.0,7,,1,1,3.67,3.5,3.0,online
RESP_0007,K1,A,8,3,0,3,36.0,rent250,solar,100audit,1km,60pct,18.0,buy,grid,none,home,none,278,200.0,5,1,1,1,3.67,3.5,3.0,online
RESP_0007,K1,A,4,4,1,1,18.0,buy,solar,100audit,home,60pct,36.0,rent350,grid,none,3km,none,278,100.0,7,,1,1,3.67,3.5,3.0,online
RESP_0007,K1,A,1,5,0,3,24.0,rent250,solar,none,1km,none,30.0,buy,grid,100audit,home,60pct,278,100.0,6,,1,1,3.67,3.5,3.0,online
RESP_0007,K1,A,6,6,0,3,18.0,rent150,grid,100audit,3km,none,36.0,rent250,solar,none,1km,60pct,278,100.0,7,2,1,1,3.67,3.5,3.0,online
RESP_0007,K1,A,2,7,0,3,18.0,rent350,grid,cert50,3km,40pct,24.0,rent150,solar,100audit,1km,none,278,200.0,6,,1,1,3.67,3.5,3.0,online
RESP_0007,K1,A,5,8,0,3,30.0,rent150,solar,none,1km,40pct,24.0,buy,solar,cert50,home,none,278,200.0,6,,1,1,3.67,3.5,3.0,online
RESP_0008,K2,B,2,1,0,3,24.0,buy,solar,none,3km,60pct,36.0,buy,solar,100audit,home,none,294,0.0,8,,1,1,2.33,2.75,2.25,online
RESP_0008,K2,B,1,2,0,2,30.0,rent350,solar,100audit,home,none,18.0,rent150,grid,cert50,1km,40pct,294,200.0,8,,1,1,2.33,2.75,2.25,online
RESP_0008,K2,B,5,3,1,2,36.0,rent350,grid,none,3km,none,18.0,buy,solar,100audit,home,60pct,294,100.0,8,1,1,1,2.33,2.75,2.25,online
RESP_0008,K2,B,6,4,0,1,24.0,rent250,solar,cert50,3km,none,18.0,buy,grid,100audit,home,40pct,294,0.0,8,,1,1,2.33,2.75,2.25,online
RESP_0008,K2,B,8,5,0,3,18.0,buy,solar,cert50,home,none,24.0,rent150,solar,100audit,1km,60pct,294,200.0,7,,1,1,2.33,2.75,2.25,online
RESP_0008,K2,B,7,6,0,3,30.0,rent150,grid,none,1km,60pct,36.0,rent250,solar,cert50,3km,none,294,100.0,4,1,1,1,2.33,2.75,2.25,online
RESP_0008,K2,B,4,7,0,3,36.0,rent150,grid,cert50,home,40pct,30.0,buy,grid,100audit,1km,60pct,294,200.0,8,,1,1,2.33,2.75,2.25,online
RESP_0008,K2,B,3,8,0,3,18.0,rent250,grid,100audit,1km,none,24.0,rent350,solar,none,3km,40pct,294,100.0,8,,1,1,2.33,2.75,2.25,online
RESP_0009,K3,A,7,1,0,3,18.0,rent250,solar,none,3km,60pct,36.0,buy,grid,100audit,1km,none,607,100.0,7,,1,1,2.67,3.25,3.25,online
RESP_0009,K3,A,8,2,0,3,30.0,buy,grid,100audit,home,40pct,24.0,rent250,grid,cert50,3km,none,607,0.0,8,,1,1,2.67,3.25,3.25,online
RESP_0009,K3,A,5,3,0,3,36.0,buy,solar,none,home,60pct,18.0,rent150,grid,cert50,3km,none,607,0.0,6,1,1,1,2.67,3.25,3.25,online
RESP_0009,K3,A,1,4,0,3,24.0,rent150,grid,100audit,home,none,30.0,buy,solar,none,3km,40pct,607,0.0,6,,1,1,2.67,3.25,3.25,online
RESP_0009,K3,A,2,5,0,1,18.0,buy,solar,cert50,1km,60pct,36.0,rent350,grid,100audit,home,none,607,200.0,9,,1,1,2.67,3.25,3.25,online
RESP_0009,K3,A,4,6,0,3,30.0,rent250,grid,cert50,3km,40pct,24.0,rent350,solar,100audit,1km,none,607,100.0,4,3,1,1,2.67,3.25,3.25,online
RESP_0009,K3,A,6,7,0,3,24.0,rent350,solar,100audit,1km,40pct,30.0,rent150,solar,cert50,home,none,607,200.0,5,,1,1,2.67,3.25,3.25,online
RESP_0009,K3,A,3,8,1,1,18.0,buy,solar,100audit,home,60pct,36.0,rent350,grid,none,3km,none,607,100.0,10,,1,1,2.67,3.25,3.25,online
RESP_0010,K1,B,5,1,0,2,30.0,rent150,solar,none,1km,40pct,24.0,buy,solar,cert50,home,none,809,200.0,8,,1,1,2.0,3.25,2.5,online
RESP_0010,K1,B,4,2,1,1,18.0,buy,solar,100audit,home,60pct,36.0,rent350,grid,none,3km,none,809,100.0,10,,1,1,2.0,3.25,2.5,online
RESP_0010,K1,B,2,3,0,1,18.0,rent350,grid,cert50,3km,40pct,24.0,rent150,solar,100audit,1km,none,809,200.0,6,2,1,1,2.0,3.25,2.5,online
RESP_0010,K1,B,1,4,0,1,24.0,rent250,solar,none,1km,none,30.0,buy,grid,100audit,home,60pct,809,100.0,10,,1,1,2.0,3.25,2.5,online
RESP_0010,K1,B,7,5,0,3,24.0,buy,grid,cert50,home,40pct,30.0,rent350,grid,100audit,3km,none,809,0.0,4,,1,1,2.0,3.25,2.5,online
RESP_0010,K1,B,3,6,0,3,36.0,buy,solar,cert50,home,60pct,18.0,rent250,grid,none,3km,none,809,0.0,4,3,1,1,2.0,3.25,2.5,online
RESP_0010,K1,B,6,7,0,3,18.0,rent150,grid,100audit,3km,none,36.0,rent250,solar,none,1km,60pct,809,100.0,7,,1,1,2.0,3.25,2.5,online
RESP_0010,K1,B,8,8,0,2,36.0,rent250,solar,100audit,1km,60pct,18.0,buy,grid,none,home,none,809,200.0,8,,1,1,2.0,3.25,2.5,online
RESP_0011,K2,A,5,1,1,2,36.0,rent350,grid,none,3km,none,18.0,buy,solar,100audit,home,60pct,1484,100.0,8,,1,1,3.5,3.0,2.75,online
RESP_0011,K2,A,8,2,0,2,18.0,buy,solar,cert50,home,none,24.0,rent150,solar,100audit,1km,60pct,1484,200.0,6,,1,1,3.5,3.0,2.75,online
RESP_0011,K2,A,6,3,0,3,24.0,rent250,solar,cert50,3km,none,18.0,buy,grid,100audit,home,40pct,1484,0.0,6,1,1,1,3.5,3.0,2.75,online
RESP_0011,K2,A,2,4,0,3,24.0,buy,solar,none,3km,60pct,36.0,buy,solar,100audit,home,none,1484,0.0,5,,1,1,3.5,3.0,2.75,online
RESP_0011,K2,A,1,5,0,3,30.0,rent350,solar,100audit,home,none,18.0,rent150,grid,cert50,1km,40pct,1484,200.0,4,,1,1,3.5,3.0,2.75,online
RESP_0011,K2,A,4,6,0,3,36.0,rent150,grid,cert50,home,40pct,30.0,buy,grid,100audit,1km,60pct,1484,200.0,8,3,1,1,3.5,3.0,2.75,online
RESP_0011,K2,A,7,7,0,3,30.0,rent150,grid,none,1km,60pct,36.0,rent250,solar,cert50,3km,none,1484,100.0,4,,1,1,3.5,3.0,2.75,online
RESP_0011,K2,A,3,8,0,3,18.0,rent250,grid,100audit,1km,none,24.0,rent350,solar,none,3km,40pct,1484,100.0,7,,1,1,3.5,3.0,2.75,online
RESP_0012,K3,B,2,1,0,1,18.0,buy,solar,cert50,1km,60pct,36.0,rent350,grid,100audit,home,none,1418,200.0,9,,1,1,1.67,2.75,3.25,online
RESP_0012,K3,B,7,2,0,3,18.0,rent250,solar,none,3km,60pct,36.0,buy,grid,100audit,1km,none,1418,100.0,6,,1,1,1.67,2.75,3.25,online
RESP_0012,K3,B,5,3,0,2,36.0,buy,solar,none,home,60pct,18.0,rent150,grid,cert50,3km,none,1418,0.0,7,3,1,1,1.67,2.75,3.25,online
RESP_0012,K3,B,3,4,1,1,18.0,buy,solar,100audit,home,60pct,36.0,rent350,grid,none,3km,none,1418,100.0,6,,1,1,1.67,2.75,3.25,online
RESP_0012,K3,B,4,5,0,3,30.0,rent250,grid,cert50,3km,40pct,24.0,rent350,solar,100audit,1km,none,1418,100.0,6,,1,1,1.67,2.75,3.25,online
RESP_0012,K3,B,6,6,0,3,24.0,rent350,solar,100audit,1km,40pct,30.0,rent150,solar,cert50,home,none,1418,200.0,7,3,1,1,1.67,2.75,3.25,online
RESP_0012,K3,B,8,7,0,3,30.0,buy,grid,100audit,home,40pct,24.0,rent250,grid,cert50,3km,none,1418,0.0,6,,1,1,1.67,2.75,3.25,online
RESP_0012,K3,B,1,8,0,3,24.0,rent150,grid,100audit,home,none,30.0,buy,solar,none,3km,40pct,1418,0.0,7,,1,1,1.67,2.75,3.25,online
RESP_0013,K1,A,8,1,0,2,36.0,rent250,solar,100audit,1km,60pct,18.0,buy,grid,none,home,none,961,200.0,7,,1,1,2.5,2.25,2.75,online
RESP_0013,K1,A,2,2,0,3,18.0,rent350,grid,cert50,3km,40pct,24.0,rent150,solar,100audit,1km,none,961,200.0,6,,1,1,2.5,2.25,2.75,online
RESP_0013,K1,A,6,3,0,1,18.0,rent150,grid,100audit,3km,none,36.0,rent250,solar,none,1km,60pct,961,100.0,10,1,1,1,2.5,2.25,2.75,online
RESP_0013,K1,A,5,4,0,2,30.0,rent150,solar,none,1km,40pct,24.0,buy,solar,cert50,home,none,961,200.0,7,,1,1,2.5,2.25,2.75,online
RESP_0013,K1,A,1,5,0,3,24.0,rent250,solar,none,1km,none,30.0,buy,grid,100audit,home,60pct,961,100.0,8,,1,1,2.5,2.25,2.75,online
RESP_0013,K1,A,4,6,1,1,18.0,buy,solar,100audit,home,60pct,36.0,rent350,grid,none,3km,none,961,100.0,8,3,1,1,2.5,2.25,2.75,online
RESP_0013,K1,A,3,7,0,3,36.0,buy,solar,cert50,home,60pct,18.0,rent250,grid,none,3km,none,961,0.0,8,,1,1,2.5,2.25,2.75,online
RESP_0013,K1,A,7,8,0,3,24.0,buy,grid,cert50,home,40pct,30.0,rent350,grid,100audit,3km,none,961,0.0,4,,1,1,2.5,2.25,2.75,online
RESP_0014,K2,B,1,1,0,2,30.0,rent350,solar,100audit,home,none,18.0,rent150,grid,cert50,1km,40pct,1213,200.0,10,,1,1,3.5,2.75,2.75,online
RESP_0014,K2,B,6,2,0,3,24.0,rent250,solar,cert50,3km,none,18.0,buy,grid,100audit,home,40pct,1213,0.0,6,,1,1,3.5,2.75,2.75,online
RESP_0014,K2,B,4,3,0,3,36.0,rent150,grid,cert50,home,40pct,30.0,buy,grid,100audit,1km,60pct,1213,200.0,8,2,1,1,3.5,2.75,2.75,online
RESP_0014,K2,B,8,4,0,2,18.0,buy,solar,cert50,home,none,24.0,rent150,solar,100audit,1km,60pct,1213,200.0,8,,1,1,3.5,2.75,2.75,online
RESP_0014,K2,B,7,5,0,3,30.0,rent150,grid,none,1km,60pct,36.0,rent250,solar,cert50,3km,none,1213,100.0,7,,1,1,3.5,2.75,2.75,online
RESP_0014,K2,B,2,6,0,3,24.0,buy,solar,none,3km,60pct,36.0,buy,solar,100audit,home,none,1213,0.0,6,2,1,1,3.5,2.75,2.75,online
RESP_0014,K2,B,5,7,1,2,36.0,rent350,grid,none,3km,none,18.0,buy,solar,100audit,home,60pct,1213,100.0,9,,1,1,3.5,2.75,2.75,online
RESP_0014,K2,B,3,8,0,2,18.0,rent250,grid,100audit,1km,none,24.0,rent350,solar,none,3km,40pct,1213,100.0,8,,1,1,3.5,2.75,2.75,online
RESP_0015,K3,A,3,1,1,1,18.0,buy,solar,100audit,home,60pct,36.0,rent350,grid,none,3km,none,806,100.0,8,,1,1,2.5,3.5,3.0,online
RESP_0015,K3,A,5,2,0,3,36.0,buy,solar,none,home,60pct,18.0,rent150,grid,cert50,3km,none,806,0.0,6,,1,1,2.5,3.5,3.0,online
RESP_0015,K3,A,2,3,0,1,18.0,buy,solar,cert50,1km,60pct,36.0,rent350,grid,100audit,home,none,806,200.0,7,2,1,1,2.5,3.5,3.0,online
RESP_0015,K3,A,8,4,0,3,30.0,buy,grid,100audit,home,40pct,24.0,rent250,grid,cert50,3km,none,806,0.0,8,,1,1,2.5,3.5,3.0,online
RESP_0015,K3,A,7,5,0,3,18.0,rent250,solar,none,3km,60pct,36.0,buy,grid,100audit,1km,none,806,100.0,5,,1,1,2.5,3.5,3.0,online
RESP_0015,K3,A,6,6,0,3,24.0,rent350,solar,100audit,1km,40pct,30.0,rent150,solar,cert50,home,none,806,200.0,4,3,1,1,2.5,3.5,3.0,online
RESP_0015,K3,A,1,7,0,3,24.0,rent150,grid,100audit,home,none,30.0,buy,solar,none,3km,40pct,806,0.0,8,,1,1,2.5,3.5,3.0,online
RESP_0015,K3,A,4,8,0,3,30.0,rent250,grid,cert50,3km,40pct,24.0,rent350,solar,100audit,1km,none,806,100.0,5,,1,1,2.5,3.5,3.0,online
RESP_0016,K1,B,2,1,0,1,18.0,rent350,grid,cert50,3km,40pct,24.0,rent150,solar,100audit,1km,none,363,200.0,8,,1,1,3.5,2.25,2.75,online
RESP_0016,K1,B,7,2,0,3,24.0,buy,grid,cert50,home,40pct,30.0,rent350,grid,100audit,3km,none,363,0.0,6,,1,1,3.5,2.25,2.75,online
RESP_0016,K1,B,5,3,0,3,30.0,rent150,solar,none,1km,40pct,24.0,buy,solar,cert50,home,none,363,200.0,5,3,1,1,3.5,2.25,2.75,online
RESP_0016,K1,B,1,4,0,2,24.0,rent250,solar,none,1km,none,30.0,buy,grid,100audit,home,60pct,363,100.0,7,,1,1,3.5,2.25,2.75,online
RESP_0016,K1,B,6,5,0,1,18.0,rent150,grid,100audit,3km,none,36.0,rent250,solar,none,1km,60pct,363,100.0,9,,1,1,3.5,2.25,2.75,online
RESP_0016,K1,B,3,6,0,3,36.0,buy,solar,cert50,home,60pct,18.0,rent250,grid,none,3km,none,363,0.0,5,2,1,1,3.5,2.25,2.75,online
RESP_0016,K1,B,8,7,0,2,36.0,rent250,solar,100audit,1km,60pct,18.0,buy,grid,none,home,none,363,200.0,6,,1,1,3.5,2.25,2.75,online
RESP_0016,K1,B,4,8,1,1,18.0,buy,solar,100audit,home,60pct,36.0,rent350,grid,none,3km,none,363,100.0,9,,1,1,3.5,2.25,2.75,online
RESP_0017,K2,A,6,1,0,3,24.0,rent250,solar,cert50,3km,none,18.0,buy,grid,100audit,home,40pct,931,0.0,6,,1,1,3.5,3.25,3.0,online
RESP_0017,K2,A,4,2,0,3,36.0,rent150,grid,cert50,home,40pct,30.0,buy,grid,100audit,1km,60pct,931,200.0,7,,1,1,3.5,3.25,3.0,online
RESP_0017,K2,A,3,3,0,3,18.0,rent250,grid,100audit,1km,none,24.0,rent350,solar,none,3km,40pct,931,100.0,6,3,1,1,3.5,3.25,3.0,online
RESP_0017,K2,A,5,4,1,2,36.0,rent350,grid,none,3km,none,18.0,buy,solar,100audit,home,60pct,931,100.0,6,,1,1,3.5,3.25,3.0,online
RESP_0017,K2,A,1,5,0,3,30.0,rent350,solar,100audit,home,none,18.0,rent150,grid,cert50,1km,40pct,931,200.0,4,,1,1,3.5,3.25,3.0,online
RESP_0017,K2,A,2,6,0,3,24.0,buy,solar,none,3km,60pct,36.0,buy,solar,100audit,home,none,931,0.0,7,3,1,1,3.5,3.25,3.0,online
RESP_0017,K2,A,8,7,0,3,18.0,buy,solar,cert50,home,none,24.0,rent150,solar,100audit,1km,60pct,931,200.0,4,,1,1,3.5,3.25,3.0,online
RESP_0017,K2,A,7,8,0,3,30.0,rent150,grid,none,1km,60pct,36.0,rent250,solar,cert50,3km,none,931,100.0,8,,1,1,3.5,3.25,3.0,online
RESP_0018,K3,B,7,1,0,3,18.0,rent250,solar,none,3km,60pct,36.0,buy,grid,100audit,1km,none,674,100.0,6,,1,1,2.0,1.75,2.5,online
RESP_0018,K3,B,5,2,0,3,36.0,buy,solar,none,home,60pct,18.0,rent150,grid,cert50,3km,none,674,0.0,8,,1,1,2.0,1.75,2.5,online
RESP_0018,K3,B,6,3,0,3,24.0,rent350,solar,100audit,1km,40pct,30.0,rent150,solar,cert50,home,none,674,200.0,5,2,1,1,2.0,1.75,2.5,online
RESP_0018,K3,B,3,4,1,1,18.0,buy,solar,100audit,home,60pct,36.0,rent350,grid,none,3km,none,674,100.0,8,,1,1,2.0,1.75,2.5,online
RESP_0018,K3,B,2,5,0,3,18.0,buy,solar,cert50,1km,60pct,36.0,rent350,grid,100audit,home,none,674,200.0,5,,1,1,2.0,1.75,2.5,online
RESP_0018,K3,B,1,6,0,3,24.0,rent150,grid,100audit,home,none,30.0,buy,solar,none,3km,40pct,674,0.0,6,1,1,1,2.0,1.75,2.5,online
RESP_0018,K3,B,8,7,0,3,30.0,buy,grid,100audit,home,40pct,24.0,rent250,grid,cert50,3km,none,674,0.0,5,,1,1,2.0,1.75,2.5,online
RESP_0018,K3,B,4,8,0,3,30.0,rent250,grid,cert50,3km,40pct,24.0,rent350,solar,100audit,1km,none,674,100.0,7,,1,1,2.0,1.75,2.5,online
RESP_0019,K1,A,2,1,0,1,18.0,rent350,grid,cert50,3km,40pct,24.0,rent150,solar,100audit,1km,none,870,200.0,9,,1,1,3.5,3.0,2.75,online
RESP_0019,K1,A,4,2,1,1,18.0,buy,solar,100audit,home,60pct,36.0,rent350,grid,none,3km,none,870,100.0,10,,1,1,3.5,3.0,2.75,online
RESP_0019,K1,A,3,3,0,3,36.0,buy,solar,cert50,home,60pct,18.0,rent250,grid,none,3km,none,870,0.0,7,3,1,1,3.5,3.0,2.75,online
RESP_0019,K1,A,8,4,0,3,36.0,rent250,solar,100audit,1km,60pct,18.0,buy,grid,none,home,none,870,200.0,8,,1,1,3.5,3.0,2.75,online
RESP_0019,K1,A,1,5,0,3,24.0,rent250,solar,none,1km,none,30.0,buy,grid,100audit,home,60pct,870,100.0,5,,1,1,3.5,3.0,2.75,online
RESP_0019,K1,A,6,6,0,3,18.0,rent150,grid,100audit,3km,none,36.0,rent250,solar,none,1km,60pct,870,100.0,8,2,1,1,3.5,3.0,2.75,online
RESP_0019,K1,A,7,7,0,3,24.0,buy,grid,cert50,home,40pct,30.0,rent350,grid,100audit,3km,none,870,0.0,5,,1,1,3.5,3.0,2.75,online
RESP_0019,K1,A,5,8,0,3,30.0,rent150,solar,none,1km,40pct,24.0,buy,solar,cert50,home,none,870,200.0,5,,1,1,3.5,3.0,2.75,online
RESP_0020,K2,B,1,1,0,3,30.0,rent350,solar,100audit,home,none,18.0,rent150,grid,cert50,1km,40pct,1036,200.0,4,,1,1,3.17,3.0,3.25,online
RESP_0020,K2,B,7,2,0,3,30.0,rent150,grid,none,1km,60pct,36.0,rent250,solar,cert50,3km,none,1036,100.0,6,,1,1,3.17,3.0,3.25,online
RESP_0020,K2,B,8,3,0,1,18.0,buy,solar,cert50,home,none,24.0,rent150,solar,100audit,1km,60pct,1036,200.0,9,1,1,1,3.17,3.0,3.25,online
RESP_0020,K2,B,6,4,0,3,24.0,rent250,solar,cert50,3km,none,18.0,buy,grid,100audit,home,40pct,1036,0.0,8,,1,1,3.17,3.0,3.25,online
RESP_0020,K2,B,3,5,0,3,18.0,rent250,grid,100audit,1km,none,24.0,rent350,solar,none,3km,40pct,1036,100.0,6,,1,1,3.17,3.0,3.25,online
RESP_0020,K2,B,5,6,1,2,36.0,rent350,grid,none,3km,none,18.0,buy,solar,100audit,home,60pct,1036,100.0,9,1,1,1,3.17,3.0,3.25,online
RESP_0020,K2,B,4,7,0,2,36.0,rent150,grid,cert50,home,40pct,30.0,buy,grid,100audit,1km,60pct,1036,200.0,6,,1,1,3.17,3.0,3.25,online
RESP_0020,K2,B,2,8,0,3,24.0,buy,solar,none,3km,60pct,36.0,buy,solar,100audit,home,none,1036,0.0,5,,1,1,3.17,3.0,3.25,online
RESP_0021,K3,A,6,1,0,3,24.0,rent350,solar,100audit,1km,40pct,30.0,rent150,solar,cert50,home,none,356,200.0,7,,1,1,3.33,3.25,3.5,online
RESP_0021,K3,A,5,2,0,3,36.0,buy,solar,none,home,60pct,18.0,rent150,grid,cert50,3km,none,356,0.0,8,,1,1,3.33,3.25,3.5,online
RESP_0021,K3,A,4,3,0,3,30.0,rent250,grid,cert50,3km,40pct,24.0,rent350,solar,100audit,1km,none,356,100.0,8,1,1,1,3.33,3.25,3.5,online
RESP_0021,K3,A,7,4,0,1,18.0,rent250,solar,none,3km,60pct,36.0,buy,grid,100audit,1km,none,356,100.0,10,,1,1,3.33,3.25,3.5,online
RESP_0021,K3,A,8,5,0,3,30.0,buy,grid,100audit,home,40pct,24.0,rent250,grid,cert50,3km,none,356,0.0,4,,1,1,3.33,3.25,3.5,online
RESP_0021,K3,A,3,6,1,1,18.0,buy,solar,100audit,home,60pct,36.0,rent350,grid,none,3km,none,356,100.0,7,1,1,1,3.33,3.25,3.5,online
RESP_0021,K3,A,1,7,0,2,24.0,rent150,grid,100audit,home,none,30.0,buy,solar,none,3km,40pct,356,0.0,10,,1,1,3.33,3.25,3.5,online
RESP_0021,K3,A,2,8,0,3,18.0,buy,solar,cert50,1km,60pct,36.0,rent350,grid,100audit,home,none,356,200.0,5,,1,1,3.33,3.25,3.5,online
RESP_0022,K1,B,6,1,0,3,18.0,rent150,grid,100audit,3km,none,36.0,rent250,solar,none,1km,60pct,800,100.0,8,,1,1,2.83,4.5,2.0,online
RESP_0022,K1,B,8,2,0,2,36.0,rent250,solar,100audit,1km,60pct,18.0,buy,grid,none,home,none,800,200.0,10,,1,1,2.83,4.5,2.0,online
RESP_0022,K1,B,3,3,0,3,36.0,buy,solar,cert50,home,60pct,18.0,rent250,grid,none,3km,none,800,0.0,6,2,1,1,2.83,4.5,2.0,online
RESP_0022,K1,B,4,4,1,1,18.0,buy,solar,100audit,home,60pct,36.0,rent350,grid,none,3km,none,800,100.0,8,,1,1,2.83,4.5,2.0,online
RESP_0022,K1,B,2,5,0,3,18.0,rent350,grid,cert50,3km,40pct,24.0,rent150,solar,100audit,1km,none,800,200.0,5,,1,1,2.83,4.5,2.0,online
RESP_0022,K1,B,7,6,0,3,24.0,buy,grid,cert50,home,40pct,30.0,rent350,grid,100audit,3km,none,800,0.0,4,1,1,1,2.83,4.5,2.0,online
RESP_0022,K1,B,1,7,0,3,24.0,rent250,solar,none,1km,none,30.0,buy,grid,100audit,home,60pct,800,100.0,6,,1,1,2.83,4.5,2.0,online
RESP_0022,K1,B,5,8,0,1,30.0,rent150,solar,none,1km,40pct,24.0,buy,solar,cert50,home,none,800,200.0,8,,1,1,2.83,4.5,2.0,online
RESP_0023,K2,A,5,1,1,2,36.0,rent350,grid,none,3km,none,18.0,buy,solar,100audit,home,60pct,758,100.0,7,,1,1,3.83,4.0,3.25,online
RESP_0023,K2,A,7,2,0,3,30.0,rent150,grid,none,1km,60pct,36.0,rent250,solar,cert50,3km,none,758,100.0,6,,1,1,3.83,4.0,3.25,online
RESP_0023,K2,A,8,3,0,1,18.0,buy,solar,cert50,home,none,24.0,rent150,solar,100audit,1km,60pct,758,200.0,10,3,1,1,3.83,4.0,3.25,online
RESP_0023,K2,A,1,4,0,3,30.0,rent350,solar,100audit,home,none,18.0,rent150,grid,cert50,1km,40pct,758,200.0,7,,1,1,3.83,4.0,3.25,online
RESP_0023,K2,A,3,5,0,3,18.0,rent250,grid,100audit,1km,none,24.0,rent350,solar,none,3km,40pct,758,100.0,4,,1,1,3.83,4.0,3.25,online
RESP_0023,K2,A,2,6,0,3,24.0,buy,solar,none,3km,60pct,36.0,buy,solar,100audit,home,none,758,0.0,4,2,1,1,3.83,4.0,3.25,online
RESP_0023,K2,A,6,7,0,1,24.0,rent250,solar,cert50,3km,none,18.0,buy,grid,100audit,home,40pct,758,0.0,7,,1,1,3.83,4.0,3.25,online
RESP_0023,K2,A,4,8,0,3,36.0,rent150,grid,cert50,home,40pct,30.0,buy,grid,100audit,1km,60pct,758,200.0,4,,1,1,3.83,4.0,3.25,online
RESP_0024,K3,B,7,1,0,1,18.0,rent250,solar,none,3km,60pct,36.0,buy,grid,100audit,1km,none,939,100.0,9,,1,1,2.17,2.75,2.5,online
RESP_0024,K3,B,6,2,0,2,24.0,rent350,solar,100audit,1km,40pct,30.0,rent150,solar,cert50,home,none,939,200.0,8,,1,1,2.17,2.75,2.5,online
RESP_0024,K3,B,4,3,0,3,30.0,rent250,grid,cert50,3km,40pct,24.0,rent350,solar,100audit,1km,none,939,100.0,8,2,1,1,2.17,2.75,2.5,online
RESP_0024,K3,B,5,4,0,3,36.0,buy,solar,none,home,60pct,18.0,rent150,grid,cert50,3km,none,939,0.0,6,,1,1,2.17,2.75,2.5,online
RESP_0024,K3,B,2,5,0,1,18.0,buy,solar,cert50,1km,60pct,36.0,rent350,grid,100audit,home,none,939,200.0,9,,1,1,2.17,2.75,2.5,online
RESP_0024,K3,B,3,6,1,1,18.0,buy,solar,100audit,home,60pct,36.0,rent350,grid,none,3km,none,939,100.0,10,2,1,1,2.17,2.75,2.5,online
RESP_0024,K3,B,8,7,0,2,30.0,buy,grid,100audit,home,40pct,24.0,rent250,grid,cert50,3km,none,939,0.0,9,,1,1,2.17,2.75,2.5,online
RESP_0024,K3,B,1,8,0,3,24.0,rent150,grid,100audit,home,none,30.0,buy,solar,none,3km,40pct,939,0.0,6,,1,1,2.17,2.75,2.5,online
RESP_0025,K1,A,7,1,0,3,24.0,buy,grid,cert50,home,40pct,30.0,rent350,grid,100audit,3km,none,1042,0.0,8,,1,1,3.17,3.75,2.75,online
RESP_0025,K1,A,2,2,0,1,18.0,rent350,grid,cert50,3km,40pct,24.0,rent150,solar,100audit,1km,none,1042,200.0,7,,1,1,3.17,3.75,2.75,online
RESP_0025,K1,A,5,3,0,3,30.0,rent150,solar,none,1km,40pct,24.0,buy,solar,cert50,home,none,1042,200.0,8,3,1,1,3.17,3.75,2.75,online
RESP_0025,K1,A,1,4,0,3,24.0,rent250,solar,none,1km,none,30.0,buy,grid,100audit,home,60pct,1042,100.0,4,,1,1,3.17,3.75,2.75,online
RESP_0025,K1,A,4,5,1,1,18.0,buy,solar,100audit,home,60pct,36.0,rent350,grid,none,3km,none,1042,100.0,7,,1,1,3.17,3.75,2.75,online
RESP_0025,K1,A,8,6,0,2,36.0,rent250,solar,100audit,1km,60pct,18.0,buy,grid,none,home,none,1042,200.0,6,3,1,1,3.17,3.75,2.75,online
RESP_0025,K1,A,3,7,0,3,36.0,buy,solar,cert50,home,60pct,18.0,rent250,grid,none,3km,none,1042,0.0,5,,1,1,3.17,3.75,2.75,online
RESP_0025,K1,A,6,8,0,1,18.0,rent150,grid,100audit,3km,none,36.0,rent250,solar,none,1km,60pct,1042,100.0,8,,1,1,3.17,3.75,2.75,online
RESP_0026,K2,B,1,1,0,1,30.0,rent350,solar,100audit,home,none,18.0,rent150,grid,cert50,1km,40pct,703,200.0,10,,1,1,3.17,2.5,3.75,online
RESP_0026,K2,B,2,2,0,3,24.0,buy,solar,none,3km,60pct,36.0,buy,solar,100audit,home,none,703,0.0,5,,1,1,3.17,2.5,3.75,online
RESP_0026,K2,B,7,3,0,3,30.0,rent150,grid,none,1km,60pct,36.0,rent250,solar,cert50,3km,none,703,100.0,6,2,1,1,3.17,2.5,3.75,online
RESP_0026,K2,B,8,4,0,2,18.0,buy,solar,cert50,home,none,24.0,rent150,solar,100audit,1km,60pct,703,200.0,7,,1,1,3.17,2.5,3.75,online
RESP_0026,K2,B,6,5,0,2,24.0,rent250,solar,cert50,3km,none,18.0,buy,grid,100audit,home,40pct,703,0.0,9,,1,1,3.17,2.5,3.75,online
RESP_0026,K2,B,3,6,0,2,18.0,rent250,grid,100audit,1km,none,24.0,rent350,solar,none,3km,40pct,703,100.0,6,2,1,1,3.17,2.5,3.75,online
RESP_0026,K2,B,4,7,0,2,36.0,rent150,grid,cert50,home,40pct,30.0,buy,grid,100audit,1km,60pct,703,200.0,6,,1,1,3.17,2.5,3.75,online
RESP_0026,K2,B,5,8,1,2,36.0,rent350,grid,none,3km,none,18.0,buy,solar,100audit,home,60pct,703,100.0,7,,1,1,3.17,2.5,3.75,online
RESP_0027,K3,A,4,1,0,3,30.0,rent250,grid,cert50,3km,40pct,24.0,rent350,solar,100audit,1km,none,259,100.0,4,,1,1,2.67,2.5,3.5,online
RESP_0027,K3,A,2,2,0,1,18.0,buy,solar,cert50,1km,60pct,36.0,rent350,grid,100audit,home,none,259,200.0,8,,1,1,2.67,2.5,3.5,online
RESP_0027,K3,A,3,3,1,1,18.0,buy,solar,100audit,home,60pct,36.0,rent350,grid,none,3km,none,259,100.0,6,2,1,1,2.67,2.5,3.5,online
RESP_0027,K3,A,5,4,0,3,36.0,buy,solar,none,home,60pct,18.0,rent150,grid,cert50,3km,none,259,0.0,4,,1,1,2.67,2.5,3.5,online
RESP_0027,K3,A,7,5,0,3,18.0,rent250,solar,none,3km,60pct,36.0,buy,grid,100audit,1km,none,259,100.0,5,,1,1,2.67,2.5,3.5,online
RESP_0027,K3,A,6,6,0,1,24.0,rent350,solar,100audit,1km,40pct,30.0,rent150,solar,cert50,home,none,259,200.0,9,3,1,1,2.67,2.5,3.5,online
RESP_0027,K3,A,8,7,0,3,30.0,buy,grid,100audit,home,40pct,24.0,rent250,grid,cert50,3km,none,259,0.0,6,,1,1,2.67,2.5,3.5,online
RESP_0027,K3,A,1,8,0,3,24.0,rent150,grid,100audit,home,none,30.0,buy,solar,none,3km,40pct,259,0.0,6,,1,1,2.67,2.5,3.5,online
RESP_0028,K1,B,4,1,1,1,18.0,buy,solar,100audit,home,60pct,36.0,rent350,grid,none,3km,none,1102,100.0,10,,1,1,2.67,2.25,2.5,online
RESP_0028,K1,B,3,2,0,3,36.0,buy,solar,cert50,home,60pct,18.0,rent250,grid,none,3km,none,1102,0.0,7,,1,1,2.67,2.25,2.5,online
RESP_0028,K1,B,5,3,0,3,30.0,rent150,solar,none,1km,40pct,24.0,buy,solar,cert50,home,none,1102,200.0,4,2,1,1,2.67,2.25,2.5,online
RESP_0028,K1,B,6,4,0,3,18.0,rent150,grid,100audit,3km,none,36.0,rent250,solar,none,1km,60pct,1102,100.0,7,,1,1,2.67,2.25,2.5,online
RESP_0028,K1,B,2,5,0,2,18.0,rent350,grid,cert50,3km,40pct,24.0,rent150,solar,100audit,1km,none,1102,200.0,8,,1,1,2.67,2.25,2.5,online
RESP_0028,K1,B,7,6,0,3,24.0,buy,grid,cert50,home,40pct,30.0,rent350,grid,100audit,3km,none,1102,0.0,8,1,1,1,2.67,2.25,2.5,online
RESP_0028,K1,B,1,7,0,3,24.0,rent250,solar,none,1km,none,30.0,buy,grid,100audit,home,60pct,1102,100.0,8,,1,1,2.67,2.25,2.5,online
RESP_0028,K1,B,8,8,0,3,36.0,rent250,solar,100audit,1km,60pct,18.0,buy,grid,none,home,none,1102,200.0,4,,1,1,2.67,2.25,2.5,online
RESP_0029,K2,A,4,1,0,3,36.0,rent150,grid,cert50,home,40pct,30.0,buy,grid,100audit,1km,60pct,1043,200.0,5,,1,1,3.67,3.25,2.75,online
RESP_0029,K2,A,1,2,0,1,30.0,rent350,solar,100audit,home,none,18.0,rent150,grid,cert50,1km,40pct,1043,200.0,6,,1,1,3.67,3.25,2.75,online
RESP_0029,K2,A,3,3,0,3,18.0,rent250,grid,100audit,1km,none,24.0,rent350,solar,none,3km,40pct,1043,100.0,8,2,1,1,3.67,3.25,2.75,online
RESP_0029,K2,A,2,4,0,3,24.0,buy,solar,none,3km,60pct,36.0,buy,solar,100audit,home,none,1043,0.0,4,,1,1,3.67,3.25,2.75,online
RESP_0029,K2,A,8,5,0,1,18.0,buy,solar,cert50,home,none,24.0,rent150,solar,100audit,1km,60pct,1043,200.0,10,,1,1,3.67,3.25,2.75,online
RESP_0029,K2,A,5,6,1,2,36.0,rent350,grid,none,3km,none,18.0,buy,solar,100audit,home,60pct,1043,100.0,10,2,1,1,3.67,3.25,2.75,online
RESP_0029,K2,A,7,7,0,3,30.0,rent150,grid,none,1km,60pct,36.0,rent250,solar,cert50,3km,none,1043,100.0,5,,1,1,3.67,3.25,2.75,online
RESP_0029,K2,A,6,8,0,2,24.0,rent250,solar,cert50,3km,none,18.0,buy,grid,100audit,home,40pct,1043,0.0,10,,1,1,3.67,3.25,2.75,online
RESP_0030,K3,B,2,1,0,3,18.0,buy,solar,cert50,1km,60pct,36.0,rent350,grid,100audit,home,none,1399,200.0,8,,1,1,2.17,2.25,3.0,online
RESP_0030,K3,B,4,2,0,3,30.0,rent250,grid,cert50,3km,40pct,24.0,rent350,solar,100audit,1km,none,1399,100.0,6,,1,1,2.17,2.25,3.0,online
RESP_0030,K3,B,5,3,0,3,36.0,buy,solar,none,home,60pct,18.0,rent150,grid,cert50,3km,none,1399,0.0,5,1,1,1,2.17,2.25,3.0,online
RESP_0030,K3,B,1,4,0,3,24.0,rent150,grid,100audit,home,none,30.0,buy,solar,none,3km,40pct,1399,0.0,4,,1,1,2.17,2.25,3.0,online
RESP_0030,K3,B,7,5,0,3,18.0,rent250,solar,none,3km,60pct,36.0,buy,grid,100audit,1km,none,1399,100.0,8,,1,1,2.17,2.25,3.0,online
RESP_0030,K3,B,6,6,0,1,24.0,rent350,solar,100audit,1km,40pct,30.0,rent150,solar,cert50,home,none,1399,200.0,6,2,1,1,2.17,2.25,3.0,online
RESP_0030,K3,B,8,7,0,3,30.0,buy,grid,100audit,home,40pct,24.0,rent250,grid,cert50,3km,none,1399,0.0,6,,1,1,2.17,2.25,3.0,online
RESP_0030,K3,B,3,8,1,1,18.0,buy,solar,100audit,home,60pct,36.0,rent350,grid,none,3km,none,1399,100.0,8,,1,1,2.17,2.25,3.0,online
RESP_0031,K1,A,1,1,0,3,24.0,rent250,solar,none,1km,none,30.0,buy,grid,100audit,home,60pct,1127,100.0,7,,1,1,2.83,3.5,3.5,online
RESP_0031,K1,A,7,2,0,3,24.0,buy,grid,cert50,home,40pct,30.0,rent350,grid,100audit,3km,none,1127,0.0,7,,1,1,2.83,3.5,3.5,online
RESP_0031,K1,A,6,3,0,3,18.0,rent150,grid,100audit,3km,none,36.0,rent250,solar,none,1km,60pct,1127,100.0,5,1,1,1,2.83,3.5,3.5,online
RESP_0031,K1,A,8,4,0,3,36.0,rent250,solar,100audit,1km,60pct,18.0,buy,grid,none,home,none,1127,200.0,4,,1,1,2.83,3.5,3.5,online
RESP_0031,K1,A,4,5,1,1,18.0,buy,solar,100audit,home,60pct,36.0,rent350,grid,none,3km,none,1127,100.0,6,,1,1,2.83,3.5,3.5,online
RESP_0031,K1,A,3,6,0,3,36.0,buy,solar,cert50,home,60pct,18.0,rent250,grid,none,3km,none,1127,0.0,5,3,1,1,2.83,3.5,3.5,online
RESP_0031,K1,A,5,7,0,1,30.0,rent150,solar,none,1km,40pct,24.0,buy,solar,cert50,home,none,1127,200.0,10,,1,1,2.83,3.5,3.5,online
RESP_0031,K1,A,2,8,0,3,18.0,rent350,grid,cert50,3km,40pct,24.0,rent150,solar,100audit,1km,none,1127,200.0,8,,1,1,2.83,3.5,3.5,online
RESP_0032,K2,B,1,1,0,2,30.0,rent350,solar,100audit,home,none,18.0,rent150,grid,cert50,1km,40pct,830,200.0,7,,1,1,2.67,3.75,3.5,online
RESP_0032,K2,B,7,2,0,3,30.0,rent150,grid,none,1km,60pct,36.0,rent250,solar,cert50,3km,none,830,100.0,7,,1,1,2.67,3.75,3.5,online
RESP_0032,K2,B,2,3,0,2,24.0,buy,solar,none,3km,60pct,36.0,buy,solar,100audit,home,none,830,0.0,10,2,1,1,2.67,3.75,3.5,online
RESP_0032,K2,B,4,4,0,3,36.0,rent150,grid,cert50,home,40pct,30.0,buy,grid,100audit,1km,60pct,830,200.0,4,,1,1,2.67,3.75,3.5,online
RESP_0032,K2,B,6,5,0,2,24.0,rent250,solar,cert50,3km,none,18.0,buy,grid,100audit,home,40pct,830,0.0,6,,1,1,2.67,3.75,3.5,online
RESP_0032,K2,B,5,6,1,2,36.0,rent350,grid,none,3km,none,18.0,buy,solar,100audit,home,60pct,830,100.0,6,1,1,1,2.67,3.75,3.5,online
RESP_0032,K2,B,8,7,0,3,18.0,buy,solar,cert50,home,none,24.0,rent150,solar,100audit,1km,60pct,830,200.0,7,,1,1,2.67,3.75,3.5,online
RESP_0032,K2,B,3,8,0,1,18.0,rent250,grid,100audit,1km,none,24.0,rent350,solar,none,3km,40pct,830,100.0,8,,1,1,2.67,3.75,3.5,online
RESP_0033,K3,A,4,1,0,3,30.0,rent250,grid,cert50,3km,40pct,24.0,rent350,solar,100audit,1km,none,835,100.0,4,,1,1,3.17,3.0,2.75,online
RESP_0033,K3,A,7,2,0,1,18.0,rent250,solar,none,3km,60pct,36.0,buy,grid,100audit,1km,none,835,100.0,10,,1,1,3.17,3.0,2.75,online
RESP_0033,K3,A,3,3,1,1,18.0,buy,solar,100audit,home,60pct,36.0,rent350,grid,none,3km,none,835,100.0,10,2,1,1,3.17,3.0,2.75,online
RESP_0033,K3,A,5,4,0,2,36.0,buy,solar,none,home,60pct,18.0,rent150,grid,cert50,3km,none,835,0.0,10,,1,1,3.17,3.0,2.75,online
RESP_0033,K3,A,8,5,0,3,30.0,buy,grid,100audit,home,40pct,24.0,rent250,grid,cert50,3km,none,835,0.0,8,,1,1,3.17,3.0,2.75,online
RESP_0033,K3,A,1,6,0,3,24.0,rent150,grid,100audit,home,none,30.0,buy,solar,none,3km,40pct,835,0.0,7,1,1,1,3.17,3.0,2.75,online
RESP_0033,K3,A,2,7,0,3,18.0,buy,solar,cert50,1km,60pct,36.0,rent350,grid,100audit,home,none,835,200.0,4,,1,1,3.17,3.0,2.75,online
RESP_0033,K3,A,6,8,0,1,24.0,rent350,solar,100audit,1km,40pct,30.0,rent150,solar,cert50,home,none,835,200.0,8,,1,1,3.17,3.0,2.75,online
RESP_0034,K1,B,6,1,0,1,18.0,rent150,grid,100audit,3km,none,36.0,rent250,solar,none,1km,60pct,1012,100.0,9,,1,1,2.5,2.25,2.75,online
RESP_0034,K1,B,3,2,0,2,36.0,buy,solar,cert50,home,60pct,18.0,rent250,grid,none,3km,none,1012,0.0,10,,1,1,2.5,2.25,2.75,online
RESP_0034,K1,B,5,3,0,3,30.0,rent150,solar,none,1km,40pct,24.0,buy,solar,cert50,home,none,1012,200.0,6,1,1,1,2.5,2.25,2.75,online
RESP_0034,K1,B,1,4,0,3,24.0,rent250,solar,none,1km,none,30.0,buy,grid,100audit,home,60pct,1012,100.0,5,,1,1,2.5,2.25,2.75,online
RESP_0034,K1,B,4,5,1,1,18.0,buy,solar,100audit,home,60pct,36.0,rent350,grid,none,3km,none,1012,100.0,8,,1,1,2.5,2.25,2.75,online
RESP_0034,K1,B,7,6,0,1,24.0,buy,grid,cert50,home,40pct,30.0,rent350,grid,100audit,3km,none,1012,0.0,10,2,1,1,2.5,2.25,2.75,online
RESP_0034,K1,B,8,7,0,3,36.0,rent250,solar,100audit,1km,60pct,18.0,buy,grid,none,home,none,1012,200.0,8,,1,1,2.5,2.25,2.75,online
RESP_0034,K1,B,2,8,0,2,18.0,rent350,grid,cert50,3km,40pct,24.0,rent150,solar,100audit,1km,none,1012,200.0,10,,1,1,2.5,2.25,2.75,online
RESP_0035,K2,A,4,1,0,3,36.0,rent150,grid,cert50,home,40pct,30.0,buy,grid,100audit,1km,60pct,271,200.0,5,,1,1,1.83,3.5,2.5,online
RESP_0035,K2,A,7,2,0,1,30.0,rent150,grid,none,1km,60pct,36.0,rent250,solar,cert50,3km,none,271,100.0,6,,1,1,1.83,3.5,2.5,online
RESP_0035,K2,A,6,3,0,3,24.0,rent250,solar,cert50,3km,none,18.0,buy,grid,100audit,home,40pct,271,0.0,5,1,1,1,1.83,3.5,2.5,online
RESP_0035,K2,A,8,4,0,1,18.0,buy,solar,cert50,home,none,24.0,rent150,solar,100audit,1km,60pct,271,200.0,10,,1,1,1.83,3.5,2.5,online
RESP_0035,K2,A,1,5,0,2,30.0,rent350,solar,100audit,home,none,18.0,rent150,grid,cert50,1km,40pct,271,200.0,9,,1,1,1.83,3.5,2.5,online
RESP_0035,K2,A,2,6,0,3,24.0,buy,solar,none,3km,60pct,36.0,buy,solar,100audit,home,none,271,0.0,4,1,1,1,1.83,3.5,2.5,online
RESP_0035,K2,A,3,7,0,3,18.0,rent250,grid,100audit,1km,none,24.0,rent350,solar,none,3km,40pct,271,100.0,4,,1,1,1.83,3.5,2.5,online
RESP_0035,K2,A,5,8,1,2,36.0,rent350,grid,none,3km,none,18.0,buy,solar,100audit,home,60pct,271,100.0,8,,1,1,1.83,3.5,2.5,online
RESP_0036,K3,B,2,1,0,3,18.0,buy,solar,cert50,1km,60pct,36.0,rent350,grid,100audit,home,none,853,200.0,8,,1,1,1.17,3.0,3.0,online
RESP_0036,K3,B,3,2,1,1,18.0,buy,solar,100audit,home,60pct,36.0,rent350,grid,none,3km,none,853,100.0,8,,1,1,1.17,3.0,3.0,online
RESP_0036,K3,B,5,3,0,2,36.0,buy,solar,none,home,60pct,18.0,rent150,grid,cert50,3km,none,853,0.0,9,3,1,1,1.17,3.0,3.0,online
RESP_0036,K3,B,1,4,0,3,24.0,rent150,grid,100audit,home,none,30.0,buy,solar,none,3km,40pct,853,0.0,8,,1,1,1.17,3.0,3.0,online
RESP_0036,K3,B,7,5,0,3,18.0,rent250,solar,none,3km,60pct,36.0,buy,grid,100audit,1km,none,853,100.0,6,,1,1,1.17,3.0,3.0,online
RESP_0036,K3,B,4,6,0,3,30.0,rent250,grid,cert50,3km,40pct,24.0,rent350,solar,100audit,1km,none,853,100.0,4,3,1,1,1.17,3.0,3.0,online
RESP_0036,K3,B,8,7,0,3,30.0,buy,grid,100audit,home,40pct,24.0,rent250,grid,cert50,3km,none,853,0.0,5,,1,1,1.17,3.0,3.0,online
RESP_0036,K3,B,6,8,0,1,24.0,rent350,solar,100audit,1km,40pct,30.0,rent150,solar,cert50,home,none,853,200.0,7,,1,1,1.17,3.0,3.0,online
RESP_0037,K1,A,7,1,0,3,24.0,buy,grid,cert50,home,40pct,30.0,rent350,grid,100audit,3km,none,443,0.0,5,,1,1,3.0,4.25,3.0,online
RESP_0037,K1,A,1,2,0,3,24.0,rent250,solar,none,1km,none,30.0,buy,grid,100audit,home,60pct,443,100.0,4,,1,1,3.0,4.25,3.0,online
RESP_0037,K1,A,6,3,0,3,18.0,rent150,grid,100audit,3km,none,36.0,rent250,solar,none,1km,60pct,443,100.0,6,1,1,1,3.0,4.25,3.0,online
RESP_0037,K1,A,2,4,0,2,18.0,rent350,grid,cert50,3km,40pct,24.0,rent150,solar,100audit,1km,none,443,200.0,9,,1,1,3.0,4.25,3.0,online
RESP_0037,K1,A,4,5,1,1,18.0,buy,solar,100audit,home,60pct,36.0,rent350,grid,none,3km,none,443,100.0,7,,1,1,3.0,4.25,3.0,online
RESP_0037,K1,A,5,6,0,3,30.0,rent150,solar,none,1km,40pct,24.0,buy,solar,cert50,home,none,443,200.0,8,3,1,1,3.0,4.25,3.0,online
RESP_0037,K1,A,8,7,0,1,36.0,rent250,solar,100audit,1km,60pct,18.0,buy,grid,none,home,none,443,200.0,9,,1,1,3.0,4.25,3.0,online
RESP_0037,K1,A,3,8,0,3,36.0,buy,solar,cert50,home,60pct,18.0,rent250,grid,none,3km,none,443,0.0,5,,1,1,3.0,4.25,3.0,online
RESP_0038,K2,B,8,1,0,3,18.0,buy,solar,cert50,home,none,24.0,rent150,solar,100audit,1km,60pct,987,200.0,5,,1,1,1.67,4.25,3.5,online
RESP_0038,K2,B,5,2,1,2,36.0,rent350,grid,none,3km,none,18.0,buy,solar,100audit,home,60pct,987,100.0,9,,1,1,1.67,4.25,3.5,online
RESP_0038,K2,B,3,3,0,3,18.0,rent250,grid,100audit,1km,none,24.0,rent350,solar,none,3km,40pct,987,100.0,6,1,1,1,1.67,4.25,3.5,online
RESP_0038,K2,B,7,4,0,3,30.0,rent150,grid,none,1km,60pct,36.0,rent250,solar,cert50,3km,none,987,100.0,5,,1,1,1.67,4.25,3.5,online
RESP_0038,K2,B,6,5,0,3,24.0,rent250,solar,cert50,3km,none,18.0,buy,grid,100audit,home,40pct,987,0.0,6,,1,1,1.67,4.25,3.5,online
RESP_0038,K2,B,2,6,0,3,24.0,buy,solar,none,3km,60pct,36.0,buy,solar,100audit,home,none,987,0.0,5,1,1,1,1.67,4.25,3.5,online
RESP_0038,K2,B,1,7,0,3,30.0,rent350,solar,100audit,home,none,18.0,rent150,grid,cert50,1km,40pct,987,200.0,8,,1,1,1.67,4.25,3.5,online
RESP_0038,K2,B,4,8,0,3,36.0,rent150,grid,cert50,home,40pct,30.0,buy,grid,100audit,1km,60pct,987,200.0,5,,1,1,1.67,4.25,3.5,online
RESP_0039,K3,A,4,1,0,2,30.0,rent250,grid,cert50,3km,40pct,24.0,rent350,solar,100audit,1km,none,328,100.0,6,,1,1,2.0,3.75,2.75,online
RESP_0039,K3,A,6,2,0,2,24.0,rent350,solar,100audit,1km,40pct,30.0,rent150,solar,cert50,home,none,328,200.0,6,,1,1,2.0,3.75,2.75,online
RESP_0039,K3,A,8,3,0,3,30.0,buy,grid,100audit,home,40pct,24.0,rent250,grid,cert50,3km,none,328,0.0,6,3,1,1,2.0,3.75,2.75,online
RESP_0039,K3,A,7,4,0,3,18.0,rent250,solar,none,3km,60pct,36.0,buy,grid,100audit,1km,none,328,100.0,8,,1,1,2.0,3.75,2.75,online
RESP_0039,K3,A,3,5,1,1,18.0,buy,solar,100audit,home,60pct,36.0,rent350,grid,none,3km,none,328,100.0,6,,1,1,2.0,3.75,2.75,online
RESP_0039,K3,A,5,6,0,3,36.0,buy,solar,none,home,60pct,18.0,rent150,grid,cert50,3km,none,328,0.0,7,1,1,1,2.0,3.75,2.75,online
RESP_0039,K3,A,2,7,0,1,18.0,buy,solar,cert50,1km,60pct,36.0,rent350,grid,100audit,home,none,328,200.0,9,,1,1,2.0,3.75,2.75,online
RESP_0039,K3,A,1,8,0,3,24.0,rent150,grid,100audit,home,none,30.0,buy,solar,none,3km,40pct,328,0.0,8,,1,1,2.0,3.75,2.75,online
RESP_0040,K1,B,8,1,0,2,36.0,rent250,solar,100audit,1km,60pct,18.0,buy,grid,none,home,none,1488,200.0,6,,1,1,2.33,3.0,3.0,online
RESP_0040,K1,B,6,2,0,1,18.0,rent150,grid,100audit,3km,none,36.0,rent250,solar,none,1km,60pct,1488,100.0,6,,1,1,2.33,3.0,3.0,online
RESP_0040,K1,B,5,3,0,2,30.0,rent150,solar,none,1km,40pct,24.0,buy,solar,cert50,home,none,1488,200.0,8,2,1,1,2.33,3.0,3.0,online
RESP_0040,K1,B,3,4,0,3,36.0,buy,solar,cert50,home,60pct,18.0,rent250,grid,none,3km,none,1488,0.0,5,,1,1,2.33,3.0,3.0,online
RESP_0040,K1,B,2,5,0,3,18.0,rent350,grid,cert50,3km,40pct,24.0,rent150,solar,100audit,1km,none,1488,200.0,8,,1,1,2.33,3.0,3.0,online
RESP_0040,K1,B,4,6,1,1,18.0,buy,solar,100audit,home,60pct,36.0,rent350,grid,none,3km,none,1488,100.0,9,2,1,1,2.33,3.0,3.0,online
RESP_0040,K1,B,1,7,0,1,24.0,rent250,solar,none,1km,none,30.0,buy,grid,100audit,home,60pct,1488,100.0,6,,1,1,2.33,3.0,3.0,online
RESP_0040,K1,B,7,8,0,1,24.0,buy,grid,cert50,home,40pct,30.0,rent350,grid,100audit,3km,none,1488,0.0,9,,1,1,2.33,3.0,3.0,online
RESP_0041,K2,A,4,1,0,3,36.0,rent150,grid,cert50,home,40pct,30.0,buy,grid,100audit,1km,60pct,836,200.0,4,,1,1,3.83,4.0,2.5,online
RESP_0041,K2,A,6,2,0,3,24.0,rent250,solar,cert50,3km,none,18.0,buy,grid,100audit,home,40pct,836,0.0,7,,1,1,3.83,4.0,2.5,online
RESP_0041,K2,A,1,3,0,2,30.0,rent350,solar,100audit,home,none,18.0,rent150,grid,cert50,1km,40pct,836,200.0,6,3,1,1,3.83,4.0,2.5,online
RESP_0041,K2,A,2,4,0,3,24.0,buy,solar,none,3km,60pct,36.0,buy,solar,100audit,home,none,836,0.0,7,,1,1,3.83,4.0,2.5,online
RESP_0041,K2,A,8,5,0,1,18.0,buy,solar,cert50,home,none,24.0,rent150,solar,100audit,1km,60pct,836,200.0,7,,1,1,3.83,4.0,2.5,online
RESP_0041,K2,A,3,6,0,3,18.0,rent250,grid,100audit,1km,none,24.0,rent350,solar,none,3km,40pct,836,100.0,4,1,1,1,3.83,4.0,2.5,online
RESP_0041,K2,A,5,7,1,2,36.0,rent350,grid,none,3km,none,18.0,buy,solar,100audit,home,60pct,836,100.0,10,,1,1,3.83,4.0,2.5,online
RESP_0041,K2,A,7,8,0,3,30.0,rent150,grid,none,1km,60pct,36.0,rent250,solar,cert50,3km,none,836,100.0,6,,1,1,3.83,4.0,2.5,online
RESP_0042,K3,B,2,1,0,1,18.0,buy,solar,cert50,1km,60pct,36.0,rent350,grid,100audit,home,none,852,200.0,10,,1,1,2.83,3.5,3.25,online
RESP_0042,K3,B,7,2,0,3,18.0,rent250,solar,none,3km,60pct,36.0,buy,grid,100audit,1km,none,852,100.0,8,,1,1,2.83,3.5,3.25,online
RESP_0042,K3,B,1,3,0,2,24.0,rent150,grid,100audit,home,none,30.0,buy,solar,none,3km,40pct,852,0.0,10,1,1,1,2.83,3.5,3.25,online
RESP_0042,K3,B,5,4,0,3,36.0,buy,solar,none,home,60pct,18.0,rent150,grid,cert50,3km,none,852,0.0,6,,1,1,2.83,3.5,3.25,online
RESP_0042,K3,B,8,5,0,3,30.0,buy,grid,100audit,home,40pct,24.0,rent250,grid,cert50,3km,none,852,0.0,6,,1,1,2.83,3.5,3.25,online
RESP_0042,K3,B,3,6,1,1,18.0,buy,solar,100audit,home,60pct,36.0,rent350,grid,none,3km,none,852,100.0,10,3,1,1,2.83,3.5,3.25,online
RESP_0042,K3,B,4,7,0,3,30.0,rent250,grid,cert50,3km,40pct,24.0,rent350,solar,100audit,1km,none,852,100.0,6,,1,1,2.83,3.5,3.25,online
RESP_0042,K3,B,6,8,0,1,24.0,rent350,solar,100audit,1km,40pct,30.0,rent150,solar,cert50,home,none,852,200.0,10,,1,1,2.83,3.5,3.25,online
RESP_0043,K1,A,4,1,1,1,18.0,buy,solar,100audit,home,60pct,36.0,rent350,grid,none,3km,none,1151,100.0,8,,1,1,2.83,4.25,3.25,online
RESP_0043,K1,A,8,2,0,3,36.0,rent250,solar,100audit,1km,60pct,18.0,buy,grid,none,home,none,1151,200.0,5,,1,1,2.83,4.25,3.25,online
RESP_0043,K1,A,5,3,0,3,30.0,rent150,solar,none,1km,40pct,24.0,buy,solar,cert50,home,none,1151,200.0,5,3,1,1,2.83,4.25,3.25,online
RESP_0043,K1,A,7,4,0,3,24.0,buy,grid,cert50,home,40pct,30.0,rent350,grid,100audit,3km,none,1151,0.0,7,,1,1,2.83,4.25,3.25,online
RESP_0043,K1,A,1,5,0,1,24.0,rent250,solar,none,1km,none,30.0,buy,grid,100audit,home,60pct,1151,100.0,10,,1,1,2.83,4.25,3.25,online
RESP_0043,K1,A,2,6,0,2,18.0,rent350,grid,cert50,3km,40pct,24.0,rent150,solar,100audit,1km,none,1151,200.0,9,1,1,1,2.83,4.25,3.25,online
RESP_0043,K1,A,3,7,0,3,36.0,buy,solar,cert50,home,60pct,18.0,rent250,grid,none,3km,none,1151,0.0,7,,1,1,2.83,4.25,3.25,online
RESP_0043,K1,A,6,8,0,3,18.0,rent150,grid,100audit,3km,none,36.0,rent250,solar,none,1km,60pct,1151,100.0,8,,1,1,2.83,4.25,3.25,online
RESP_0044,K2,B,7,1,0,3,30.0,rent150,grid,none,1km,60pct,36.0,rent250,solar,cert50,3km,none,1237,100.0,8,,1,1,3.83,3.25,2.5,online
RESP_0044,K2,B,6,2,0,3,24.0,rent250,solar,cert50,3km,none,18.0,buy,grid,100audit,home,40pct,1237,0.0,5,,1,1,3.83,3.25,2.5,online
RESP_0044,K2,B,4,3,0,3,36.0,rent150,grid,cert50,home,40pct,30.0,buy,grid,100audit,1km,60pct,1237,200.0,5,1,1,1,3.83,3.25,2.5,online
RESP_0044,K2,B,8,4,0,1,18.0,buy,solar,cert50,home,none,24.0,rent150,solar,100audit,1km,60pct,1237,200.0,6,,1,1,3.83,3.25,2.5,online
RESP_0044,K2,B,3,5,0,1,18.0,rent250,grid,100audit,1km,none,24.0,rent350,solar,none,3km,40pct,1237,100.0,9,,1,1,3.83,3.25,2.5,online
RESP_0044,K2,B,2,6,0,3,24.0,buy,solar,none,3km,60pct,36.0,buy,solar,100audit,home,none,1237,0.0,8,2,1,1,3.83,3.25,2.5,online
RESP_0044,K2,B,5,7,1,2,36.0,rent350,grid,none,3km,none,18.0,buy,solar,100audit,home,60pct,1237,100.0,6,,1,1,3.83,3.25,2.5,online
RESP_0044,K2,B,1,8,0,3,30.0,rent350,solar,100audit,home,none,18.0,rent150,grid,cert50,1km,40pct,1237,200.0,4,,1,1,3.83,3.25,2.5,online
RESP_0045,K3,A,8,1,0,3,30.0,buy,grid,100audit,home,40pct,24.0,rent250,grid,cert50,3km,none,1355,0.0,7,,1,1,3.17,2.25,3.5,online
RESP_0045,K3,A,2,2,0,3,18.0,buy,solar,cert50,1km,60pct,36.0,rent350,grid,100audit,home,none,1355,200.0,7,,1,1,3.17,2.25,3.5,online
RESP_0045,K3,A,7,3,0,3,18.0,rent250,solar,none,3km,60pct,36.0,buy,grid,100audit,1km,none,1355,100.0,7,1,1,1,3.17,2.25,3.5,online
RESP_0045,K3,A,6,4,0,3,24.0,rent350,solar,100audit,1km,40pct,30.0,rent150,solar,cert50,home,none,1355,200.0,4,,1,1,3.17,2.25,3.5,online
RESP_0045,K3,A,4,5,0,2,30.0,rent250,grid,cert50,3km,40pct,24.0,rent350,solar,100audit,1km,none,1355,100.0,9,,1,1,3.17,2.25,3.5,online
RESP_0045,K3,A,1,6,0,1,24.0,rent150,grid,100audit,home,none,30.0,buy,solar,none,3km,40pct,1355,0.0,9,2,1,1,3.17,2.25,3.5,online
RESP_0045,K3,A,5,7,0,2,36.0,buy,solar,none,home,60pct,18.0,rent150,grid,cert50,3km,none,1355,0.0,8,,1,1,3.17,2.25,3.5,online
RESP_0045,K3,A,3,8,1,1,18.0,buy,solar,100audit,home,60pct,36.0,rent350,grid,none,3km,none,1355,100.0,6,,1,1,3.17,2.25,3.5,online
RESP_0046,K1,B,1,1,0,3,24.0,rent250,solar,none,1km,none,30.0,buy,grid,100audit,home,60pct,415,100.0,7,,1,1,3.17,2.5,3.0,online
RESP_0046,K1,B,6,2,0,1,18.0,rent150,grid,100audit,3km,none,36.0,rent250,solar,none,1km,60pct,415,100.0,10,,1,1,3.17,2.5,3.0,online
RESP_0046,K1,B,8,3,0,2,36.0,rent250,solar,100audit,1km,60pct,18.0,buy,grid,none,home,none,415,200.0,7,1,1,1,3.17,2.5,3.0,online
RESP_0046,K1,B,4,4,1,1,18.0,buy,solar,100audit,home,60pct,36.0,rent350,grid,none,3km,none,415,100.0,7,,1,1,3.17,2.5,3.0,online
RESP_0046,K1,B,7,5,0,3,24.0,buy,grid,cert50,home,40pct,30.0,rent350,grid,100audit,3km,none,415,0.0,4,,1,1,3.17,2.5,3.0,online
RESP_0046,K1,B,3,6,0,2,36.0,buy,solar,cert50,home,60pct,18.0,rent250,grid,none,3km,none,415,0.0,9,3,1,1,3.17,2.5,3.0,online
RESP_0046,K1,B,2,7,0,1,18.0,rent350,grid,cert50,3km,40pct,24.0,rent150,solar,100audit,1km,none,415,200.0,6,,1,1,3.17,2.5,3.0,online
RESP_0046,K1,B,5,8,0,3,30.0,rent150,solar,none,1km,40pct,24.0,buy,solar,cert50,home,none,415,200.0,7,,1,1,3.17,2.5,3.0,online
RESP_0047,K2,A,5,1,1,2,36.0,rent350,grid,none,3km,none,18.0,buy,solar,100audit,home,60pct,1424,100.0,8,,1,1,3.33,3.25,3.0,online
RESP_0047,K2,A,2,2,0,3,24.0,buy,solar,none,3km,60pct,36.0,buy,solar,100audit,home,none,1424,0.0,6,,1,1,3.33,3.25,3.0,online
RESP_0047,K2,A,7,3,0,3,30.0,rent150,grid,none,1km,60pct,36.0,rent250,solar,cert50,3km,none,1424,100.0,7,3,1,1,3.33,3.25,3.0,online
RESP_0047,K2,A,4,4,0,3,36.0,rent150,grid,cert50,home,40pct,30.0,buy,grid,100audit,1km,60pct,1424,200.0,4,,1,1,3.33,3.25,3.0,online
RESP_0047,K2,A,3,5,0,1,18.0,rent250,grid,100audit,1km,none,24.0,rent350,solar,none,3km,40pct,1424,100.0,8,,1,1,3.33,3.25,3.0,online
RESP_0047,K2,A,6,6,0,3,24.0,rent250,solar,cert50,3km,none,18.0,buy,grid,100audit,home,40pct,1424,0.0,4,2,1,1,3.33,3.25,3.0,online
RESP_0047,K2,A,1,7,0,3,30.0,rent350,solar,100audit,home,none,18.0,rent150,grid,cert50,1km,40pct,1424,200.0,4,,1,1,3.33,3.25,3.0,online
RESP_0047,K2,A,8,8,0,3,18.0,buy,solar,cert50,home,none,24.0,rent150,solar,100audit,1km,60pct,1424,200.0,8,,1,1,3.33,3.25,3.0,online
RESP_0048,K3,B,8,1,0,3,30.0,buy,grid,100audit,home,40pct,24.0,rent250,grid,cert50,3km,none,992,0.0,4,,1,1,2.33,3.5,3.0,online
RESP_0048,K3,B,2,2,0,3,18.0,buy,solar,cert50,1km,60pct,36.0,rent350,grid,100audit,home,none,992,200.0,5,,1,1,2.33,3.5,3.0,online
RESP_0048,K3,B,4,3,0,3,30.0,rent250,grid,cert50,3km,40pct,24.0,rent350,solar,100audit,1km,none,992,100.0,6,1,1,1,2.33,3.5,3.0,online
RESP_0048,K3,B,6,4,0,3,24.0,rent350,solar,100audit,1km,40pct,30.0,rent150,solar,cert50,home,none,992,200.0,6,,1,1,2.33,3.5,3.0,online
RESP_0048,K3,B,1,5,0,1,24.0,rent150,grid,100audit,home,none,30.0,buy,solar,none,3km,40pct,992,0.0,8,,1,1,2.33,3.5,3.0,online
RESP_0048,K3,B,5,6,0,3,36.0,buy,solar,none,home,60pct,18.0,rent150,grid,cert50,3km,none,992,0.0,6,3,1,1,2.33,3.5,3.0,online
RESP_0048,K3,B,7,7,0,1,18.0,rent250,solar,none,3km,60pct,36.0,buy,grid,100audit,1km,none,992,100.0,8,,1,1,2.33,3.5,3.0,online
RESP_0048,K3,B,3,8,1,1,18.0,buy,solar,100audit,home,60pct,36.0,rent350,grid,none,3km,none,992,100.0,9,,1,1,2.33,3.5,3.0,online
RESP_0049,K1,A,2,1,0,3,18.0,rent350,grid,cert50,3km,40pct,24.0,rent150,solar,100audit,1km,none,1058,200.0,8,,1,1,2.0,3.75,3.0,online
RESP_0049,K1,A,5,2,0,2,30.0,rent150,solar,none,1km,40pct,24.0,buy,solar,cert50,home,none,1058,200.0,6,,1,1,2.0,3.75,3.0,online
RESP_0049,K1,A,4,3,1,1,18.0,buy,solar,100audit,home,60pct,36.0,rent350,grid,none,3km,none,1058,100.0,6,3,1,1,2.0,3.75,3.0,online
RESP_0049,K1,A,1,4,0,3,24.0,rent250,solar,none,1km,none,30.0,buy,grid,100audit,home,60pct,1058,100.0,4,,1,1,2.0,3.75,3.0,online
RESP_0049,K1,A,8,5,0,1,36.0,rent250,solar,100audit,1km,60pct,18.0,buy,grid,none,home,none,1058,200.0,8,,1,1,2.0,3.75,3.0,online
RESP_0049,K1,A,3,6,0,2,36.0,buy,solar,cert50,home,60pct,18.0,rent250,grid,none,3km,none,1058,0.0,9,3,1,1,2.0,3.75,3.0,online
RESP_0049,K1,A,7,7,0,3,24.0,buy,grid,cert50,home,40pct,30.0,rent350,grid,100audit,3km,none,1058,0.0,7,,1,1,2.0,3.75,3.0,online
RESP_0049,K1,A,6,8,0,2,18.0,rent150,grid,100audit,3km,none,36.0,rent250,solar,none,1km,60pct,1058,100.0,9,,1,1,2.0,3.75,3.0,online
RESP_0050,K2,B,3,1,0,3,18.0,rent250,grid,100audit,1km,none,24.0,rent350,solar,none,3km,40pct,863,100.0,7,,1,1,3.83,2.5,2.5,online
RESP_0050,K2,B,2,2,0,3,24.0,buy,solar,none,3km,60pct,36.0,buy,solar,100audit,home,none,863,0.0,7,,1,1,3.83,2.5,2.5,online
RESP_0050,K2,B,7,3,0,1,30.0,rent150,grid,none,1km,60pct,36.0,rent250,solar,cert50,3km,none,863,100.0,6,3,1,1,3.83,2.5,2.5,online
RESP_0050,K2,B,5,4,1,2,36.0,rent350,grid,none,3km,none,18.0,buy,solar,100audit,home,60pct,863,100.0,10,,1,1,3.83,2.5,2.5,online
RESP_0050,K2,B,8,5,0,1,18.0,buy,solar,cert50,home,none,24.0,rent150,solar,100audit,1km,60pct,863,200.0,6,,1,1,3.83,2.5,2.5,online
RESP_0050,K2,B,4,6,0,3,36.0,rent150,grid,cert50,home,40pct,30.0,buy,grid,100audit,1km,60pct,863,200.0,6,3,1,1,3.83,2.5,2.5,online
RESP_0050,K2,B,6,7,0,3,24.0,rent250,solar,cert50,3km,none,18.0,buy,grid,100audit,home,40pct,863,0.0,7,,1,1,3.83,2.5,2.5,online
RESP_0050,K2,B,1,8,0,3,30.0,rent350,solar,100audit,home,none,18.0,rent150,grid,cert50,1km,40pct,863,200.0,6,,1,1,3.83,2.5,2.5,online
RESP_0051,K3,A,5,1,0,3,36.0,buy,solar,none,home,60pct,18.0,rent150,grid,cert50,3km,none,818,0.0,4,,1,1,1.83,2.0,4.25,online
RESP_0051,K3,A,3,2,1,1,18.0,buy,solar,100audit,home,60pct,36.0,rent350,grid,none,3km,none,818,100.0,7,,1,1,1.83,2.0,4.25,online
RESP_0051,K3,A,1,3,0,3,24.0,rent150,grid,100audit,home,none,30.0,buy,solar,none,3km,40pct,818,0.0,5,1,1,1,1.83,2.0,4.25,online
RESP_0051,K3,A,7,4,0,1,18.0,rent250,solar,none,3km,60pct,36.0,buy,grid,100audit,1km,none,818,100.0,6,,1,1,1.83,2.0,4.25,online
RESP_0051,K3,A,8,5,0,3,30.0,buy,grid,100audit,home,40pct,24.0,rent250,grid,cert50,3km,none,818,0.0,7,,1,1,1.83,2.0,4.25,online
RESP_0051,K3,A,4,6,0,1,30.0,rent250,grid,cert50,3km,40pct,24.0,rent350,solar,100audit,1km,none,818,100.0,7,1,1,1,1.83,2.0,4.25,online
RESP_0051,K3,A,2,7,0,1,18.0,buy,solar,cert50,1km,60pct,36.0,rent350,grid,100audit,home,none,818,200.0,9,,1,1,1.83,2.0,4.25,online
RESP_0051,K3,A,6,8,0,1,24.0,rent350,solar,100audit,1km,40pct,30.0,rent150,solar,cert50,home,none,818,200.0,7,,1,1,1.83,2.0,4.25,online
RESP_0052,K1,B,4,1,1,1,18.0,buy,solar,100audit,home,60pct,36.0,rent350,grid,none,3km,none,758,100.0,6,,1,1,3.17,4.25,2.5,online
RESP_0052,K1,B,1,2,0,3,24.0,rent250,solar,none,1km,none,30.0,buy,grid,100audit,home,60pct,758,100.0,6,,1,1,3.17,4.25,2.5,online
RESP_0052,K1,B,7,3,0,3,24.0,buy,grid,cert50,home,40pct,30.0,rent350,grid,100audit,3km,none,758,0.0,7,2,1,1,3.17,4.25,2.5,online
RESP_0052,K1,B,2,4,0,2,18.0,rent350,grid,cert50,3km,40pct,24.0,rent150,solar,100audit,1km,none,758,200.0,7,,1,1,3.17,4.25,2.5,online
RESP_0052,K1,B,8,5,0,3,36.0,rent250,solar,100audit,1km,60pct,18.0,buy,grid,none,home,none,758,200.0,7,,1,1,3.17,4.25,2.5,online
RESP_0052,K1,B,5,6,0,2,30.0,rent150,solar,none,1km,40pct,24.0,buy,solar,cert50,home,none,758,200.0,6,2,1,1,3.17,4.25,2.5,online
RESP_0052,K1,B,6,7,0,3,18.0,rent150,grid,100audit,3km,none,36.0,rent250,solar,none,1km,60pct,758,100.0,6,,1,1,3.17,4.25,2.5,online
RESP_0052,K1,B,3,8,0,2,36.0,buy,solar,cert50,home,60pct,18.0,rent250,grid,none,3km,none,758,0.0,10,,1,1,3.17,4.25,2.5,online
RESP_0053,K2,A,2,1,0,3,24.0,buy,solar,none,3km,60pct,36.0,buy,solar,100audit,home,none,614,0.0,8,,1,1,2.17,3.75,3.25,online
RESP_0053,K2,A,3,2,0,3,18.0,rent250,grid,100audit,1km,none,24.0,rent350,solar,none,3km,40pct,614,100.0,8,,1,1,2.17,3.75,3.25,online
RESP_0053,K2,A,8,3,0,3,18.0,buy,solar,cert50,home,none,24.0,rent150,solar,100audit,1km,60pct,614,200.0,7,2,1,1,2.17,3.75,3.25,online
RESP_0053,K2,A,4,4,0,3,36.0,rent150,grid,cert50,home,40pct,30.0,buy,grid,100audit,1km,60pct,614,200.0,4,,1,1,2.17,3.75,3.25,online
RESP_0053,K2,A,6,5,0,1,24.0,rent250,solar,cert50,3km,none,18.0,buy,grid,100audit,home,40pct,614,0.0,9,,1,1,2.17,3.75,3.25,online
RESP_0053,K2,A,1,6,0,2,30.0,rent350,solar,100audit,home,none,18.0,rent150,grid,cert50,1km,40pct,614,200.0,10,1,1,1,2.17,3.75,3.25,online
RESP_0053,K2,A,5,7,1,2,36.0,rent350,grid,none,3km,none,18.0,buy,solar,100audit,home,60pct,614,100.0,9,,1,1,2.17,3.75,3.25,online
RESP_0053,K2,A,7,8,0,3,30.0,rent150,grid,none,1km,60pct,36.0,rent250,solar,cert50,3km,none,614,100.0,7,,1,1,2.17,3.75,3.25,online
RESP_0054,K3,B,8,1,0,3,30.0,buy,grid,100audit,home,40pct,24.0,rent250,grid,cert50,3km,none,1134,0.0,4,,1,1,2.0,3.0,2.75,online
RESP_0054,K3,B,3,2,1,1,18.0,buy,solar,100audit,home,60pct,36.0,rent350,grid,none,3km,none,1134,100.0,6,,1,1,2.0,3.0,2.75,online
RESP_0054,K3,B,7,3,0,1,18.0,rent250,solar,none,3km,60pct,36.0,buy,grid,100audit,1km,none,1134,100.0,8,3,1,1,2.0,3.0,2.75,online
RESP_0054,K3,B,5,4,0,3,36.0,buy,solar,none,home,60pct,18.0,rent150,grid,cert50,3km,none,1134,0.0,4,,1,1,2.0,3.0,2.75,online
RESP_0054,K3,B,4,5,0,3,30.0,rent250,grid,cert50,3km,40pct,24.0,rent350,solar,100audit,1km,none,1134,100.0,4,,1,1,2.0,3.0,2.75,online
RESP_0054,K3,B,1,6,0,1,24.0,rent150,grid,100audit,home,none,30.0,buy,solar,none,3km,40pct,1134,0.0,6,1,1,1,2.0,3.0,2.75,online
RESP_0054,K3,B,6,7,0,1,24.0,rent350,solar,100audit,1km,40pct,30.0,rent150,solar,cert50,home,none,1134,200.0,7,,1,1,2.0,3.0,2.75,online
RESP_0054,K3,B,2,8,0,3,18.0,buy,solar,cert50,1km,60pct,36.0,rent350,grid,100audit,home,none,1134,200.0,6,,1,1,2.0,3.0,2.75,online
RESP_0055,K1,A,1,1,0,3,24.0,rent250,solar,none,1km,none,30.0,buy,grid,100audit,home,60pct,1307,100.0,8,,1,1,2.33,3.0,3.0,online
RESP_0055,K1,A,8,2,0,2,36.0,rent250,solar,100audit,1km,60pct,18.0,buy,grid,none,home,none,1307,200.0,7,,1,1,2.33,3.0,3.0,online
RESP_0055,K1,A,5,3,0,2,30.0,rent150,solar,none,1km,40pct,24.0,buy,solar,cert50,home,none,1307,200.0,6,2,1,1,2.33,3.0,3.0,online
RESP_0055,K1,A,2,4,0,1,18.0,rent350,grid,cert50,3km,40pct,24.0,rent150,solar,100audit,1km,none,1307,200.0,8,,1,1,2.33,3.0,3.0,online
RESP_0055,K1,A,6,5,0,3,18.0,rent150,grid,100audit,3km,none,36.0,rent250,solar,none,1km,60pct,1307,100.0,7,,1,1,2.33,3.0,3.0,online
RESP_0055,K1,A,7,6,0,3,24.0,buy,grid,cert50,home,40pct,30.0,rent350,grid,100audit,3km,none,1307,0.0,7,3,1,1,2.33,3.0,3.0,online
RESP_0055,K1,A,3,7,0,3,36.0,buy,solar,cert50,home,60pct,18.0,rent250,grid,none,3km,none,1307,0.0,5,,1,1,2.33,3.0,3.0,online
RESP_0055,K1,A,4,8,1,1,18.0,buy,solar,100audit,home,60pct,36.0,rent350,grid,none,3km,none,1307,100.0,7,,1,1,2.33,3.0,3.0,online
RESP_0056,K2,B,3,1,0,2,18.0,rent250,grid,100audit,1km,none,24.0,rent350,solar,none,3km,40pct,1482,100.0,9,,1,1,3.33,3.25,2.25,online
RESP_0056,K2,B,8,2,0,3,18.0,buy,solar,cert50,home,none,24.0,rent150,solar,100audit,1km,60pct,1482,200.0,5,,1,1,3.33,3.25,2.25,online
RESP_0056,K2,B,4,3,0,3,36.0,rent150,grid,cert50,home,40pct,30.0,buy,grid,100audit,1km,60pct,1482,200.0,6,1,1,1,3.33,3.25,2.25,online
RESP_0056,K2,B,2,4,0,3,24.0,buy,solar,none,3km,60pct,36.0,buy,solar,100audit,home,none,1482,0.0,4,,1,1,3.33,3.25,2.25,online
RESP_0056,K2,B,6,5,0,3,24.0,rent250,solar,cert50,3km,none,18.0,buy,grid,100audit,home,40pct,1482,0.0,5,,1,1,3.33,3.25,2.25,online
RESP_0056,K2,B,7,6,0,3,30.0,rent150,grid,none,1km,60pct,36.0,rent250,solar,cert50,3km,none,1482,100.0,4,2,1,1,3.33,3.25,2.25,online
RESP_0056,K2,B,1,7,0,3,30.0,rent350,solar,100audit,home,none,18.0,rent150,grid,cert50,1km,40pct,1482,200.0,7,,1,1,3.33,3.25,2.25,online
RESP_0056,K2,B,5,8,1,2,36.0,rent350,grid,none,3km,none,18.0,buy,solar,100audit,home,60pct,1482,100.0,6,,1,1,3.33,3.25,2.25,online
RESP_0057,K3,A,7,1,0,3,18.0,rent250,solar,none,3km,60pct,36.0,buy,grid,100audit,1km,none,1274,100.0,6,,1,1,4.67,3.5,3.0,online
RESP_0057,K3,A,8,2,0,3,30.0,buy,grid,100audit,home,40pct,24.0,rent250,grid,cert50,3km,none,1274,0.0,4,,1,1,4.67,3.5,3.0,online
RESP_0057,K3,A,4,3,0,3,30.0,rent250,grid,cert50,3km,40pct,24.0,rent350,solar,100audit,1km,none,1274,100.0,6,3,1,1,4.67,3.5,3.0,online
RESP_0057,K3,A,3,4,1,1,18.0,buy,solar,100audit,home,60pct,36.0,rent350,grid,none,3km,none,1274,100.0,10,,1,1,4.67,3.5,3.0,online
RESP_0057,K3,A,5,5,0,3,36.0,buy,solar,none,home,60pct,18.0,rent150,grid,cert50,3km,none,1274,0.0,8,,1,1,4.67,3.5,3.0,online
RESP_0057,K3,A,1,6,0,3,24.0,rent150,grid,100audit,home,none,30.0,buy,solar,none,3km,40pct,1274,0.0,8,1,1,1,4.67,3.5,3.0,online
RESP_0057,K3,A,2,7,0,1,18.0,buy,solar,cert50,1km,60pct,36.0,rent350,grid,100audit,home,none,1274,200.0,6,,1,1,4.67,3.5,3.0,online
RESP_0057,K3,A,6,8,0,1,24.0,rent350,solar,100audit,1km,40pct,30.0,rent150,solar,cert50,home,none,1274,200.0,8,,1,1,4.67,3.5,3.0,online
RESP_0058,K1,B,2,1,0,3,18.0,rent350,grid,cert50,3km,40pct,24.0,rent150,solar,100audit,1km,none,811,200.0,8,,1,1,2.83,3.5,3.5,online
RESP_0058,K1,B,7,2,0,3,24.0,buy,grid,cert50,home,40pct,30.0,rent350,grid,100audit,3km,none,811,0.0,6,,1,1,2.83,3.5,3.5,online
RESP_0058,K1,B,1,3,0,3,24.0,rent250,solar,none,1km,none,30.0,buy,grid,100audit,home,60pct,811,100.0,7,2,1,1,2.83,3.5,3.5,online
RESP_0058,K1,B,8,4,0,3,36.0,rent250,solar,100audit,1km,60pct,18.0,buy,grid,none,home,none,811,200.0,8,,1,1,2.83,3.5,3.5,online
RESP_0058,K1,B,6,5,0,1,18.0,rent150,grid,100audit,3km,none,36.0,rent250,solar,none,1km,60pct,811,100.0,10,,1,1,2.83,3.5,3.5,online
RESP_0058,K1,B,4,6,1,1,18.0,buy,solar,100audit,home,60pct,36.0,rent350,grid,none,3km,none,811,100.0,8,1,1,1,2.83,3.5,3.5,online
RESP_0058,K1,B,3,7,0,1,36.0,buy,solar,cert50,home,60pct,18.0,rent250,grid,none,3km,none,811,0.0,6,,1,1,2.83,3.5,3.5,online
RESP_0058,K1,B,5,8,0,3,30.0,rent150,solar,none,1km,40pct,24.0,buy,solar,cert50,home,none,811,200.0,7,,1,1,2.83,3.5,3.5,online
RESP_0059,K2,A,1,1,0,3,30.0,rent350,solar,100audit,home,none,18.0,rent150,grid,cert50,1km,40pct,1265,200.0,8,,1,1,3.0,3.5,3.5,online
RESP_0059,K2,A,7,2,0,3,30.0,rent150,grid,none,1km,60pct,36.0,rent250,solar,cert50,3km,none,1265,100.0,7,,1,1,3.0,3.5,3.5,online
RESP_0059,K2,A,5,3,1,2,36.0,rent350,grid,none,3km,none,18.0,buy,solar,100audit,home,60pct,1265,100.0,9,3,1,1,3.0,3.5,3.5,online
RESP_0059,K2,A,4,4,0,3,36.0,rent150,grid,cert50,home,40pct,30.0,buy,grid,100audit,1km,60pct,1265,200.0,4,,1,1,3.0,3.5,3.5,online
RESP_0059,K2,A,6,5,0,3,24.0,rent250,solar,cert50,3km,none,18.0,buy,grid,100audit,home,40pct,1265,0.0,6,,1,1,3.0,3.5,3.5,online
RESP_0059,K2,A,3,6,0,3,18.0,rent250,grid,100audit,1km,none,24.0,rent350,solar,none,3km,40pct,1265,100.0,6,2,1,1,3.0,3.5,3.5,online
RESP_0059,K2,A,2,7,0,3,24.0,buy,solar,none,3km,60pct,36.0,buy,solar,100audit,home,none,1265,0.0,7,,1,1,3.0,3.5,3.5,online
RESP_0059,K2,A,8,8,0,3,18.0,buy,solar,cert50,home,none,24.0,rent150,solar,100audit,1km,60pct,1265,200.0,5,,1,1,3.0,3.5,3.5,online
RESP_0060,K3,B,2,1,0,3,18.0,buy,solar,cert50,1km,60pct,36.0,rent350,grid,100audit,home,none,492,200.0,5,,1,1,2.0,3.25,2.75,online
RESP_0060,K3,B,8,2,0,3,30.0,buy,grid,100audit,home,40pct,24.0,rent250,grid,cert50,3km,none,492,0.0,4,,1,1,2.0,3.25,2.75,online
RESP_0060,K3,B,7,3,0,3,18.0,rent250,solar,none,3km,60pct,36.0,buy,grid,100audit,1km,none,492,100.0,7,2,1,1,2.0,3.25,2.75,online
RESP_0060,K3,B,4,4,0,3,30.0,rent250,grid,cert50,3km,40pct,24.0,rent350,solar,100audit,1km,none,492,100.0,7,,1,1,2.0,3.25,2.75,online
RESP_0060,K3,B,5,5,0,3,36.0,buy,solar,none,home,60pct,18.0,rent150,grid,cert50,3km,none,492,0.0,5,,1,1,2.0,3.25,2.75,online
RESP_0060,K3,B,6,6,0,3,24.0,rent350,solar,100audit,1km,40pct,30.0,rent150,solar,cert50,home,none,492,200.0,7,1,1,1,2.0,3.25,2.75,online
RESP_0060,K3,B,1,7,0,3,24.0,rent150,grid,100audit,home,none,30.0,buy,solar,none,3km,40pct,492,0.0,8,,1,1,2.0,3.25,2.75,online
RESP_0060,K3,B,3,8,1,1,18.0,buy,solar,100audit,home,60pct,36.0,rent350,grid,none,3km,none,492,100.0,7,,1,1,2.0,3.25,2.75,online
RESP_0061,K1,A,2,1,0,1,18.0,rent350,grid,cert50,3km,40pct,24.0,rent150,solar,100audit,1km,none,839,200.0,9,,1,1,2.33,2.75,3.0,online
RESP_0061,K1,A,3,2,0,3,36.0,buy,solar,cert50,home,60pct,18.0,rent250,grid,none,3km,none,839,0.0,4,,1,1,2.33,2.75,3.0,online
RESP_0061,K1,A,7,3,0,3,24.0,buy,grid,cert50,home,40pct,30.0,rent350,grid,100audit,3km,none,839,0.0,5,3,1,1,2.33,2.75,3.0,online
RESP_0061,K1,A,4,4,1,1,18.0,buy,solar,100audit,home,60pct,36.0,rent350,grid,none,3km,none,839,100.0,8,,1,1,2.33,2.75,3.0,online
RESP_0061,K1,A,6,5,0,3,18.0,rent150,grid,100audit,3km,none,36.0,rent250,solar,none,1km,60pct,839,100.0,8,,1,1,2.33,2.75,3.0,online
RESP_0061,K1,A,8,6,0,2,36.0,rent250,solar,100audit,1km,60pct,18.0,buy,grid,none,home,none,839,200.0,6,2,1,1,2.33,2.75,3.0,online
RESP_0061,K1,A,5,7,0,3,30.0,rent150,solar,none,1km,40pct,24.0,buy,solar,cert50,home,none,839,200.0,4,,1,1,2.33,2.75,3.0,online
RESP_0061,K1,A,1,8,0,1,24.0,rent250,solar,none,1km,none,30.0,buy,grid,100audit,home,60pct,839,100.0,8,,1,1,2.33,2.75,3.0,online
RESP_0062,K2,B,6,1,0,1,24.0,rent250,solar,cert50,3km,none,18.0,buy,grid,100audit,home,40pct,1415,0.0,9,,1,1,3.83,2.75,3.0,online
RESP_0062,K2,B,1,2,0,3,30.0,rent350,solar,100audit,home,none,18.0,rent150,grid,cert50,1km,40pct,1415,200.0,5,,1,1,3.83,2.75,3.0,online
RESP_0062,K2,B,7,3,0,1,30.0,rent150,grid,none,1km,60pct,36.0,rent250,solar,cert50,3km,none,1415,100.0,9,2,1,1,3.83,2.75,3.0,online
RESP_0062,K2,B,3,4,0,3,18.0,rent250,grid,100audit,1km,none,24.0,rent350,solar,none,3km,40pct,1415,100.0,8,,1,1,3.83,2.75,3.0,online
RESP_0062,K2,B,2,5,0,3,24.0,buy,solar,none,3km,60pct,36.0,buy,solar,100audit,home,none,1415,0.0,7,,1,1,3.83,2.75,3.0,online
RESP_0062,K2,B,4,6,0,3,36.0,rent150,grid,cert50,home,40pct,30.0,buy,grid,100audit,1km,60pct,1415,200.0,8,2,1,1,3.83,2.75,3.0,online
RESP_0062,K2,B,8,7,0,3,18.0,buy,solar,cert50,home,none,24.0,rent150,solar,100audit,1km,60pct,1415,200.0,5,,1,1,3.83,2.75,3.0,online
RESP_0062,K2,B,5,8,1,2,36.0,rent350,grid,none,3km,none,18.0,buy,solar,100audit,home,60pct,1415,100.0,8,,1,1,3.83,2.75,3.0,online
RESP_0063,K3,A,3,1,1,1,18.0,buy,solar,100audit,home,60pct,36.0,rent350,grid,none,3km,none,504,100.0,10,,1,1,3.67,2.5,2.25,online
RESP_0063,K3,A,4,2,0,3,30.0,rent250,grid,cert50,3km,40pct,24.0,rent350,solar,100audit,1km,none,504,100.0,4,,1,1,3.67,2.5,2.25,online
RESP_0063,K3,A,5,3,0,2,36.0,buy,solar,none,home,60pct,18.0,rent150,grid,cert50,3km,none,504,0.0,10,1,1,1,3.67,2.5,2.25,online
RESP_0063,K3,A,1,4,0,3,24.0,rent150,grid,100audit,home,none,30.0,buy,solar,none,3km,40pct,504,0.0,8,,1,1,3.67,2.5,2.25,online
RESP_0063,K3,A,8,5,0,2,30.0,buy,grid,100audit,home,40pct,24.0,rent250,grid,cert50,3km,none,504,0.0,9,,1,1,3.67,2.5,2.25,online
RESP_0063,K3,A,6,6,0,3,24.0,rent350,solar,100audit,1km,40pct,30.0,rent150,solar,cert50,home,none,504,200.0,6,3,1,1,3.67,2.5,2.25,online
RESP_0063,K3,A,7,7,0,2,18.0,rent250,solar,none,3km,60pct,36.0,buy,grid,100audit,1km,none,504,100.0,8,,1,1,3.67,2.5,2.25,online
RESP_0063,K3,A,2,8,0,1,18.0,buy,solar,cert50,1km,60pct,36.0,rent350,grid,100audit,home,none,504,200.0,8,,1,1,3.67,2.5,2.25,online
RESP_0064,K1,B,7,1,0,3,24.0,buy,grid,cert50,home,40pct,30.0,rent350,grid,100audit,3km,none,822,0.0,6,,1,1,1.83,2.75,3.25,online
RESP_0064,K1,B,4,2,1,1,18.0,buy,solar,100audit,home,60pct,36.0,rent350,grid,none,3km,none,822,100.0,6,,1,1,1.83,2.75,3.25,online
RESP_0064,K1,B,8,3,0,3,36.0,rent250,solar,100audit,1km,60pct,18.0,buy,grid,none,home,none,822,200.0,7,2,1,1,1.83,2.75,3.25,online
RESP_0064,K1,B,5,4,0,3,30.0,rent150,solar,none,1km,40pct,24.0,buy,solar,cert50,home,none,822,200.0,5,,1,1,1.83,2.75,3.25,online
RESP_0064,K1,B,6,5,0,1,18.0,rent150,grid,100audit,3km,none,36.0,rent250,solar,none,1km,60pct,822,100.0,9,,1,1,1.83,2.75,3.25,online
RESP_0064,K1,B,1,6,0,2,24.0,rent250,solar,none,1km,none,30.0,buy,grid,100audit,home,60pct,822,100.0,8,1,1,1,1.83,2.75,3.25,online
RESP_0064,K1,B,3,7,0,3,36.0,buy,solar,cert50,home,60pct,18.0,rent250,grid,none,3km,none,822,0.0,5,,1,1,1.83,2.75,3.25,online
RESP_0064,K1,B,2,8,0,2,18.0,rent350,grid,cert50,3km,40pct,24.0,rent150,solar,100audit,1km,none,822,200.0,6,,1,1,1.83,2.75,3.25,online
RESP_0065,K2,A,3,1,0,3,18.0,rent250,grid,100audit,1km,none,24.0,rent350,solar,none,3km,40pct,1021,100.0,5,,1,1,3.17,2.5,3.25,online
RESP_0065,K2,A,5,2,1,2,36.0,rent350,grid,none,3km,none,18.0,buy,solar,100audit,home,60pct,1021,100.0,8,,1,1,3.17,2.5,3.25,online
RESP_0065,K2,A,6,3,0,1,24.0,rent250,solar,cert50,3km,none,18.0,buy,grid,100audit,home,40pct,1021,0.0,10,1,1,1,3.17,2.5,3.25,online
RESP_0065,K2,A,8,4,0,2,18.0,buy,solar,cert50,home,none,24.0,rent150,solar,100audit,1km,60pct,1021,200.0,10,,1,1,3.17,2.5,3.25,online
RESP_0065,K2,A,4,5,0,1,36.0,rent150,grid,cert50,home,40pct,30.0,buy,grid,100audit,1km,60pct,1021,200.0,10,,1,1,3.17,2.5,3.25,online
RESP_0065,K2,A,7,6,0,3,30.0,rent150,grid,none,1km,60pct,36.0,rent250,solar,cert50,3km,none,1021,100.0,5,3,1,1,3.17,2.5,3.25,online
RESP_0065,K2,A,1,7,0,1,30.0,rent350,solar,100audit,home,none,18.0,rent150,grid,cert50,1km,40pct,1021,200.0,7,,1,1,3.17,2.5,3.25,online
RESP_0065,K2,A,2,8,0,3,24.0,buy,solar,none,3km,60pct,36.0,buy,solar,100audit,home,none,1021,0.0,4,,1,1,3.17,2.5,3.25,online
RESP_0066,K3,B,8,1,0,3,30.0,buy,grid,100audit,home,40pct,24.0,rent250,grid,cert50,3km,none,1364,0.0,8,,1,1,2.83,3.5,2.5,online
RESP_0066,K3,B,6,2,0,1,24.0,rent350,solar,100audit,1km,40pct,30.0,rent150,solar,cert50,home,none,1364,200.0,10,,1,1,2.83,3.5,2.5,online
RESP_0066,K3,B,5,3,0,3,36.0,buy,solar,none,home,60pct,18.0,rent150,grid,cert50,3km,none,1364,0.0,6,3,1,1,2.83,3.5,2.5,online
RESP_0066,K3,B,7,4,0,1,18.0,rent250,solar,none,3km,60pct,36.0,buy,grid,100audit,1km,none,1364,100.0,9,,1,1,2.83,3.5,2.5,online
RESP_0066,K3,B,4,5,0,2,30.0,rent250,grid,cert50,3km,40pct,24.0,rent350,solar,100audit,1km,none,1364,100.0,10,,1,1,2.83,3.5,2.5,online
RESP_0066,K3,B,3,6,1,1,18.0,buy,solar,100audit,home,60pct,36.0,rent350,grid,none,3km,none,1364,100.0,7,2,1,1,2.83,3.5,2.5,online
RESP_0066,K3,B,2,7,0,1,18.0,buy,solar,cert50,1km,60pct,36.0,rent350,grid,100audit,home,none,1364,200.0,8,,1,1,2.83,3.5,2.5,online
RESP_0066,K3,B,1,8,0,1,24.0,rent150,grid,100audit,home,none,30.0,buy,solar,none,3km,40pct,1364,0.0,7,,1,1,2.83,3.5,2.5,online
RESP_0067,K1,A,6,1,0,3,18.0,rent150,grid,100audit,3km,none,36.0,rent250,solar,none,1km,60pct,1291,100.0,7,,1,1,2.33,3.0,3.75,online
RESP_0067,K1,A,5,2,0,2,30.0,rent150,solar,none,1km,40pct,24.0,buy,solar,cert50,home,none,1291,200.0,7,,1,1,2.33,3.0,3.75,online
RESP_0067,K1,A,7,3,0,3,24.0,buy,grid,cert50,home,40pct,30.0,rent350,grid,100audit,3km,none,1291,0.0,4,2,1,1,2.33,3.0,3.75,online
RESP_0067,K1,A,1,4,0,3,24.0,rent250,solar,none,1km,none,30.0,buy,grid,100audit,home,60pct,1291,100.0,5,,1,1,2.33,3.0,3.75,online
RESP_0067,K1,A,4,5,1,1,18.0,buy,solar,100audit,home,60pct,36.0,rent350,grid,none,3km,none,1291,100.0,10,,1,1,2.33,3.0,3.75,online
RESP_0067,K1,A,8,6,0,3,36.0,rent250,solar,100audit,1km,60pct,18.0,buy,grid,none,home,none,1291,200.0,5,1,1,1,2.33,3.0,3.75,online
RESP_0067,K1,A,2,7,0,1,18.0,rent350,grid,cert50,3km,40pct,24.0,rent150,solar,100audit,1km,none,1291,200.0,8,,1,1,2.33,3.0,3.75,online
RESP_0067,K1,A,3,8,0,2,36.0,buy,solar,cert50,home,60pct,18.0,rent250,grid,none,3km,none,1291,0.0,8,,1,1,2.33,3.0,3.75,online
RESP_0068,K2,B,1,1,0,3,30.0,rent350,solar,100audit,home,none,18.0,rent150,grid,cert50,1km,40pct,632,200.0,7,,1,1,3.33,3.75,3.25,online
RESP_0068,K2,B,7,2,0,3,30.0,rent150,grid,none,1km,60pct,36.0,rent250,solar,cert50,3km,none,632,100.0,8,,1,1,3.33,3.75,3.25,online
RESP_0068,K2,B,6,3,0,3,24.0,rent250,solar,cert50,3km,none,18.0,buy,grid,100audit,home,40pct,632,0.0,5,2,1,1,3.33,3.75,3.25,online
RESP_0068,K2,B,8,4,0,3,18.0,buy,solar,cert50,home,none,24.0,rent150,solar,100audit,1km,60pct,632,200.0,5,,1,1,3.33,3.75,3.25,online
RESP_0068,K2,B,5,5,1,2,36.0,rent350,grid,none,3km,none,18.0,buy,solar,100audit,home,60pct,632,100.0,10,,1,1,3.33,3.75,3.25,online
RESP_0068,K2,B,4,6,0,3,36.0,rent150,grid,cert50,home,40pct,30.0,buy,grid,100audit,1km,60pct,632,200.0,7,3,1,1,3.33,3.75,3.25,online
RESP_0068,K2,B,2,7,0,3,24.0,buy,solar,none,3km,60pct,36.0,buy,solar,100audit,home,none,632,0.0,5,,1,1,3.33,3.75,3.25,online
RESP_0068,K2,B,3,8,0,3,18.0,rent250,grid,100audit,1km,none,24.0,rent350,solar,none,3km,40pct,632,100.0,4,,1,1,3.33,3.75,3.25,online
RESP_0069,K3,A,6,1,0,3,24.0,rent350,solar,100audit,1km,40pct,30.0,rent150,solar,cert50,home,none,708,200.0,8,,1,1,3.0,2.5,3.5,online
RESP_0069,K3,A,4,2,0,3,30.0,rent250,grid,cert50,3km,40pct,24.0,rent350,solar,100audit,1km,none,708,100.0,5,,1,1,3.0,2.5,3.5,online
RESP_0069,K3,A,5,3,0,3,36.0,buy,solar,none,home,60pct,18.0,rent150,grid,cert50,3km,none,708,0.0,5,2,1,1,3.0,2.5,3.5,online
RESP_0069,K3,A,3,4,1,1,18.0,buy,solar,100audit,home,60pct,36.0,rent350,grid,none,3km,none,708,100.0,8,,1,1,3.0,2.5,3.5,online
RESP_0069,K3,A,8,5,0,3,30.0,buy,grid,100audit,home,40pct,24.0,rent250,grid,cert50,3km,none,708,0.0,4,,1,1,3.0,2.5,3.5,online
RESP_0069,K3,A,7,6,0,3,18.0,rent250,solar,none,3km,60pct,36.0,buy,grid,100audit,1km,none,708,100.0,7,1,1,1,3.0,2.5,3.5,online
RESP_0069,K3,A,2,7,0,3,18.0,buy,solar,cert50,1km,60pct,36.0,rent350,grid,100audit,home,none,708,200.0,7,,1,1,3.0,2.5,3.5,online
RESP_0069,K3,A,1,8,0,3,24.0,rent150,grid,100audit,home,none,30.0,buy,solar,none,3km,40pct,708,0.0,7,,1,1,3.0,2.5,3.5,online
RESP_0070,K1,B,2,1,0,3,18.0,rent350,grid,cert50,3km,40pct,24.0,rent150,solar,100audit,1km,none,423,200.0,5,,1,1,2.5,2.5,2.75,online
RESP_0070,K1,B,7,2,0,3,24.0,buy,grid,cert50,home,40pct,30.0,rent350,grid,100audit,3km,none,423,0.0,4,,1,1,2.5,2.5,2.75,online
RESP_0070,K1,B,5,3,0,2,30.0,rent150,solar,none,1km,40pct,24.0,buy,solar,cert50,home,none,423,200.0,7,2,1,1,2.5,2.5,2.75,online
RESP_0070,K1,B,8,4,0,2,36.0,rent250,solar,100audit,1km,60pct,18.0,buy,grid,none,home,none,423,200.0,8,,1,1,2.5,2.5,2.75,online
RESP_0070,K1,B,3,5,0,3,36.0,buy,solar,cert50,home,60pct,18.0,rent250,grid,none,3km,none,423,0.0,4,,1,1,2.5,2.5,2.75,online
RESP_0070,K1,B,4,6,1,1,18.0,buy,solar,100audit,home,60pct,36.0,rent350,grid,none,3km,none,423,100.0,6,3,1,1,2.5,2.5,2.75,online
RESP_0070,K1,B,6,7,0,1,18.0,rent150,grid,100audit,3km,none,36.0,rent250,solar,none,1km,60pct,423,100.0,9,,1,1,2.5,2.5,2.75,online
RESP_0070,K1,B,1,8,0,3,24.0,rent250,solar,none,1km,none,30.0,buy,grid,100audit,home,60pct,423,100.0,6,,1,1,2.5,2.5,2.75,online
RESP_0071,K2,A,3,1,0,3,18.0,rent250,grid,100audit,1km,none,24.0,rent350,solar,none,3km,40pct,683,100.0,6,,1,1,2.67,3.0,3.0,online
RESP_0071,K2,A,6,2,0,2,24.0,rent250,solar,cert50,3km,none,18.0,buy,grid,100audit,home,40pct,683,0.0,6,,1,1,2.67,3.0,3.0,online
RESP_0071,K2,A,4,3,0,3,36.0,rent150,grid,cert50,home,40pct,30.0,buy,grid,100audit,1km,60pct,683,200.0,6,1,1,1,2.67,3.0,3.0,online
RESP_0071,K2,A,1,4,0,2,30.0,rent350,solar,100audit,home,none,18.0,rent150,grid,cert50,1km,40pct,683,200.0,6,,1,1,2.67,3.0,3.0,online
RESP_0071,K2,A,5,5,1,2,36.0,rent350,grid,none,3km,none,18.0,buy,solar,100audit,home,60pct,683,100.0,9,,1,1,2.67,3.0,3.0,online
RESP_0071,K2,A,8,6,0,1,18.0,buy,solar,cert50,home,none,24.0,rent150,solar,100audit,1km,60pct,683,200.0,7,1,1,1,2.67,3.0,3.0,online
RESP_0071,K2,A,2,7,0,1,24.0,buy,solar,none,3km,60pct,36.0,buy,solar,100audit,home,none,683,0.0,8,,1,1,2.67,3.0,3.0,online
RESP_0071,K2,A,7,8,0,3,30.0,rent150,grid,none,1km,60pct,36.0,rent250,solar,cert50,3km,none,683,100.0,5,,1,1,2.67,3.0,3.0,online
RESP_0072,K3,B,7,1,0,3,18.0,rent250,solar,none,3km,60pct,36.0,buy,grid,100audit,1km,none,337,100.0,8,,1,1,3.83,3.0,2.0,online
RESP_0072,K3,B,3,2,1,1,18.0,buy,solar,100audit,home,60pct,36.0,rent350,grid,none,3km,none,337,100.0,7,,1,1,3.83,3.0,2.0,online
RESP_0072,K3,B,5,3,0,3,36.0,buy,solar,none,home,60pct,18.0,rent150,grid,cert50,3km,none,337,0.0,4,1,1,1,3.83,3.0,2.0,online
RESP_0072,K3,B,8,4,0,3,30.0,buy,grid,100audit,home,40pct,24.0,rent250,grid,cert50,3km,none,337,0.0,5,,1,1,3.83,3.0,2.0,online
RESP_0072,K3,B,4,5,0,3,30.0,rent250,grid,cert50,3km,40pct,24.0,rent350,solar,100audit,1km,none,337,100.0,5,,1,1,3.83,3.0,2.0,online
RESP_0072,K3,B,2,6,0,1,18.0,buy,solar,cert50,1km,60pct,36.0,rent350,grid,100audit,home,none,337,200.0,8,1,1,1,3.83,3.0,2.0,online
RESP_0072,K3,B,1,7,0,3,24.0,rent150,grid,100audit,home,none,30.0,buy,solar,none,3km,40pct,337,0.0,4,,1,1,3.83,3.0,2.0,online
RESP_0072,K3,B,6,8,0,3,24.0,rent350,solar,100audit,1km,40pct,30.0,rent150,solar,cert50,home,none,337,200.0,7,,1,1,3.83,3.0,2.0,online
RESP_0073,K1,A,3,1,0,2,36.0,buy,solar,cert50,home,60pct,18.0,rent250,grid,none,3km,none,1361,0.0,10,,1,1,1.67,2.25,3.25,online
RESP_0073,K1,A,4,2,1,1,18.0,buy,solar,100audit,home,60pct,36.0,rent350,grid,none,3km,none,1361,100.0,7,,1,1,1.67,2.25,3.25,online
RESP_0073,K1,A,7,3,0,1,24.0,buy,grid,cert50,home,40pct,30.0,rent350,grid,100audit,3km,none,1361,0.0,7,1,1,1,1.67,2.25,3.25,online
RESP_0073,K1,A,5,4,0,1,30.0,rent150,solar,none,1km,40pct,24.0,buy,solar,cert50,home,none,1361,200.0,7,,1,1,1.67,2.25,3.25,online
RESP_0073,K1,A,8,5,0,2,36.0,rent250,solar,100audit,1km,60pct,18.0,buy,grid,none,home,none,1361,200.0,8,,1,1,1.67,2.25,3.25,online
RESP_0073,K1,A,1,6,0,3,24.0,rent250,solar,none,1km,none,30.0,buy,grid,100audit,home,60pct,1361,100.0,4,3,1,1,1.67,2.25,3.25,online
RESP_0073,K1,A,2,7,0,1,18.0,rent350,grid,cert50,3km,40pct,24.0,rent150,solar,100audit,1km,none,1361,200.0,10,,1,1,1.67,2.25,3.25,online
RESP_0073,K1,A,6,8,0,3,18.0,rent150,grid,100audit,3km,none,36.0,rent250,solar,none,1km,60pct,1361,100.0,5,,1,1,1.67,2.25,3.25,online
RESP_0074,K2,B,5,1,1,2,36.0,rent350,grid,none,3km,none,18.0,buy,solar,100audit,home,60pct,406,100.0,10,,1,1,3.17,3.5,3.0,online
RESP_0074,K2,B,8,2,0,2,18.0,buy,solar,cert50,home,none,24.0,rent150,solar,100audit,1km,60pct,406,200.0,9,,1,1,3.17,3.5,3.0,online
RESP_0074,K2,B,4,3,0,3,36.0,rent150,grid,cert50,home,40pct,30.0,buy,grid,100audit,1km,60pct,406,200.0,8,2,1,1,3.17,3.5,3.0,online
RESP_0074,K2,B,1,4,0,2,30.0,rent350,solar,100audit,home,none,18.0,rent150,grid,cert50,1km,40pct,406,200.0,6,,1,1,3.17,3.5,3.0,online
RESP_0074,K2,B,7,5,0,3,30.0,rent150,grid,none,1km,60pct,36.0,rent250,solar,cert50,3km,none,406,100.0,7,,1,1,3.17,3.5,3.0,online
RESP_0074,K2,B,2,6,0,3,24.0,buy,solar,none,3km,60pct,36.0,buy,solar,100audit,home,none,406,0.0,7,2,1,1,3.17,3.5,3.0,online
RESP_0074,K2,B,3,7,0,3,18.0,rent250,grid,100audit,1km,none,24.0,rent350,solar,none,3km,40pct,406,100.0,7,,1,1,3.17,3.5,3.0,online
RESP_0074,K2,B,6,8,0,3,24.0,rent250,solar,cert50,3km,none,18.0,buy,grid,100audit,home,40pct,406,0.0,8,,1,1,3.17,3.5,3.0,online
RESP_0075,K3,A,5,1,0,3,36.0,buy,solar,none,home,60pct,18.0,rent150,grid,cert50,3km,none,1342,0.0,7,,1,1,2.83,2.25,2.75,online
RESP_0075,K3,A,1,2,0,3,24.0,rent150,grid,100audit,home,none,30.0,buy,solar,none,3km,40pct,1342,0.0,5,,1,1,2.83,2.25,2.75,online
RESP_0075,K3,A,8,3,0,3,30.0,buy,grid,100audit,home,40pct,24.0,rent250,grid,cert50,3km,none,1342,0.0,8,3,1,1,2.83,2.25,2.75,online
RESP_0075,K3,A,2,4,0,1,18.0,buy,solar,cert50,1km,60pct,36.0,rent350,grid,100audit,home,none,1342,200.0,6,,1,1,2.83,2.25,2.75,online
RESP_0075,K3,A,4,5,0,2,30.0,rent250,grid,cert50,3km,40pct,24.0,rent350,solar,100audit,1km,none,1342,100.0,6,,1,1,2.83,2.25,2.75,online
RESP_0075,K3,A,3,6,1,1,18.0,buy,solar,100audit,home,60pct,36.0,rent350,grid,none,3km,none,1342,100.0,6,3,1,1,2.83,2.25,2.75,online
RESP_0075,K3,A,7,7,0,3,18.0,rent250,solar,none,3km,60pct,36.0,buy,grid,100audit,1km,none,1342,100.0,8,,1,1,2.83,2.25,2.75,online
RESP_0075,K3,A,6,8,0,3,24.0,rent350,solar,100audit,1km,40pct,30.0,rent150,solar,cert50,home,none,1342,200.0,6,,1,1,2.83,2.25,2.75,online
RESP_0076,K1,B,5,1,0,2,30.0,rent150,solar,none,1km,40pct,24.0,buy,solar,cert50,home,none,473,200.0,9,,1,1,3.83,3.0,3.5,online
RESP_0076,K1,B,6,2,0,3,18.0,rent150,grid,100audit,3km,none,36.0,rent250,solar,none,1km,60pct,473,100.0,8,,1,1,3.83,3.0,3.5,online
RESP_0076,K1,B,7,3,0,3,24.0,buy,grid,cert50,home,40pct,30.0,rent350,grid,100audit,3km,none,473,0.0,8,1,1,1,3.83,3.0,3.5,online
RESP_0076,K1,B,2,4,0,3,18.0,rent350,grid,cert50,3km,40pct,24.0,rent150,solar,100audit,1km,none,473,200.0,7,,1,1,3.83,3.0,3.5,online
RESP_0076,K1,B,1,5,0,2,24.0,rent250,solar,none,1km,none,30.0,buy,grid,100audit,home,60pct,473,100.0,7,,1,1,3.83,3.0,3.5,online
RESP_0076,K1,B,4,6,1,1,18.0,buy,solar,100audit,home,60pct,36.0,rent350,grid,none,3km,none,473,100.0,10,1,1,1,3.83,3.0,3.5,online
RESP_0076,K1,B,8,7,0,3,36.0,rent250,solar,100audit,1km,60pct,18.0,buy,grid,none,home,none,473,200.0,6,,1,1,3.83,3.0,3.5,online
RESP_0076,K1,B,3,8,0,2,36.0,buy,solar,cert50,home,60pct,18.0,rent250,grid,none,3km,none,473,0.0,7,,1,1,3.83,3.0,3.5,online
RESP_0077,K2,A,6,1,0,2,24.0,rent250,solar,cert50,3km,none,18.0,buy,grid,100audit,home,40pct,333,0.0,10,,1,1,3.5,3.25,2.75,online
RESP_0077,K2,A,8,2,0,1,18.0,buy,solar,cert50,home,none,24.0,rent150,solar,100audit,1km,60pct,333,200.0,7,,1,1,3.5,3.25,2.75,online
RESP_0077,K2,A,4,3,0,3,36.0,rent150,grid,cert50,home,40pct,30.0,buy,grid,100audit,1km,60pct,333,200.0,5,1,1,1,3.5,3.25,2.75,online
RESP_0077,K2,A,7,4,0,1,30.0,rent150,grid,none,1km,60pct,36.0,rent250,solar,cert50,3km,none,333,100.0,8,,1,1,3.5,3.25,2.75,online
RESP_0077,K2,A,1,5,0,2,30.0,rent350,solar,100audit,home,none,18.0,rent150,grid,cert50,1km,40pct,333,200.0,10,,1,1,3.5,3.25,2.75,online
RESP_0077,K2,A,5,6,1,2,36.0,rent350,grid,none,3km,none,18.0,buy,solar,100audit,home,60pct,333,100.0,10,1,1,1,3.5,3.25,2.75,online
RESP_0077,K2,A,3,7,0,1,18.0,rent250,grid,100audit,1km,none,24.0,rent350,solar,none,3km,40pct,333,100.0,6,,1,1,3.5,3.25,2.75,online
RESP_0077,K2,A,2,8,0,1,24.0,buy,solar,none,3km,60pct,36.0,buy,solar,100audit,home,none,333,0.0,6,,1,1,3.5,3.25,2.75,online
RESP_0078,K3,B,2,1,0,1,18.0,buy,solar,cert50,1km,60pct,36.0,rent350,grid,100audit,home,none,1135,200.0,10,,1,1,1.67,2.75,3.5,online
RESP_0078,K3,B,4,2,0,3,30.0,rent250,grid,cert50,3km,40pct,24.0,rent350,solar,100audit,1km,none,1135,100.0,4,,1,1,1.67,2.75,3.5,online
RESP_0078,K3,B,6,3,0,3,24.0,rent350,solar,100audit,1km,40pct,30.0,rent150,solar,cert50,home,none,1135,200.0,8,3,1,1,1.67,2.75,3.5,online
RESP_0078,K3,B,3,4,1,1,18.0,buy,solar,100audit,home,60pct,36.0,rent350,grid,none,3km,none,1135,100.0,8,,1,1,1.67,2.75,3.5,online
RESP_0078,K3,B,5,5,0,2,36.0,buy,solar,none,home,60pct,18.0,rent150,grid,cert50,3km,none,1135,0.0,10,,1,1,1.67,2.75,3.5,online
RESP_0078,K3,B,8,6,0,3,30.0,buy,grid,100audit,home,40pct,24.0,rent250,grid,cert50,3km,none,1135,0.0,4,1,1,1,1.67,2.75,3.5,online
RESP_0078,K3,B,1,7,0,3,24.0,rent150,grid,100audit,home,none,30.0,buy,solar,none,3km,40pct,1135,0.0,7,,1,1,1.67,2.75,3.5,online
RESP_0078,K3,B,7,8,0,1,18.0,rent250,solar,none,3km,60pct,36.0,buy,grid,100audit,1km,none,1135,100.0,10,,1,1,1.67,2.75,3.5,online
RESP_0079,K1,A,8,1,0,2,36.0,rent250,solar,100audit,1km,60pct,18.0,buy,grid,none,home,none,1020,200.0,10,,1,1,2.5,3.0,2.75,online
RESP_0079,K1,A,5,2,0,2,30.0,rent150,solar,none,1km,40pct,24.0,buy,solar,cert50,home,none,1020,200.0,7,,1,1,2.5,3.0,2.75,online
RESP_0079,K1,A,1,3,0,1,24.0,rent250,solar,none,1km,none,30.0,buy,grid,100audit,home,60pct,1020,100.0,7,2,1,1,2.5,3.0,2.75,online
RESP_0079,K1,A,4,4,1,1,18.0,buy,solar,100audit,home,60pct,36.0,rent350,grid,none,3km,none,1020,100.0,7,,1,1,2.5,3.0,2.75,online
RESP_0079,K1,A,7,5,0,1,24.0,buy,grid,cert50,home,40pct,30.0,rent350,grid,100audit,3km,none,1020,0.0,6,,1,1,2.5,3.0,2.75,online
RESP_0079,K1,A,2,6,0,3,18.0,rent350,grid,cert50,3km,40pct,24.0,rent150,solar,100audit,1km,none,1020,200.0,5,2,1,1,2.5,3.0,2.75,online
RESP_0079,K1,A,3,7,0,3,36.0,buy,solar,cert50,home,60pct,18.0,rent250,grid,none,3km,none,1020,0.0,5,,1,1,2.5,3.0,2.75,online
RESP_0079,K1,A,6,8,0,3,18.0,rent150,grid,100audit,3km,none,36.0,rent250,solar,none,1km,60pct,1020,100.0,8,,1,1,2.5,3.0,2.75,online
RESP_0080,K2,B,8,1,0,3,18.0,buy,solar,cert50,home,none,24.0,rent150,solar,100audit,1km,60pct,1245,200.0,7,,1,1,2.5,3.0,3.0,online
RESP_0080,K2,B,1,2,0,2,30.0,rent350,solar,100audit,home,none,18.0,rent150,grid,cert50,1km,40pct,1245,200.0,10,,1,1,2.5,3.0,3.0,online
RESP_0080,K2,B,5,3,1,1,36.0,rent350,grid,none,3km,none,18.0,buy,solar,100audit,home,60pct,1245,100.0,8,1,1,1,2.5,3.0,3.0,online
RESP_0080,K2,B,4,4,0,3,36.0,rent150,grid,cert50,home,40pct,30.0,buy,grid,100audit,1km,60pct,1245,200.0,6,,1,1,2.5,3.0,3.0,online
RESP_0080,K2,B,2,5,0,3,24.0,buy,solar,none,3km,60pct,36.0,buy,solar,100audit,home,none,1245,0.0,5,,1,1,2.5,3.0,3.0,online
RESP_0080,K2,B,3,6,0,1,18.0,rent250,grid,100audit,1km,none,24.0,rent350,solar,none,3km,40pct,1245,100.0,6,1,1,1,2.5,3.0,3.0,online
RESP_0080,K2,B,7,7,0,3,30.0,rent150,grid,none,1km,60pct,36.0,rent250,solar,cert50,3km,none,1245,100.0,4,,1,1,2.5,3.0,3.0,online
RESP_0080,K2,B,6,8,0,3,24.0,rent250,solar,cert50,3km,none,18.0,buy,grid,100audit,home,40pct,1245,0.0,6,,1,1,2.5,3.0,3.0,online
RESP_0081,K3,A,7,1,0,3,18.0,rent250,solar,none,3km,60pct,36.0,buy,grid,100audit,1km,none,481,100.0,5,,1,1,2.17,4.0,3.5,online
RESP_0081,K3,A,5,2,0,3,36.0,buy,solar,none,home,60pct,18.0,rent150,grid,cert50,3km,none,481,0.0,6,,1,1,2.17,4.0,3.5,online
RESP_0081,K3,A,2,3,0,1,18.0,buy,solar,cert50,1km,60pct,36.0,rent350,grid,100audit,home,none,481,200.0,6,1,1,1,2.17,4.0,3.5,online
RESP_0081,K3,A,4,4,0,2,30.0,rent250,grid,cert50,3km,40pct,24.0,rent350,solar,100audit,1km,none,481,100.0,7,,1,1,2.17,4.0,3.5,online
RESP_0081,K3,A,8,5,0,1,30.0,buy,grid,100audit,home,40pct,24.0,rent250,grid,cert50,3km,none,481,0.0,9,,1,1,2.17,4.0,3.5,online
RESP_0081,K3,A,1,6,0,1,24.0,rent150,grid,100audit,home,none,30.0,buy,solar,none,3km,40pct,481,0.0,10,1,1,1,2.17,4.0,3.5,online
RESP_0081,K3,A,3,7,1,1,18.0,buy,solar,100audit,home,60pct,36.0,rent350,grid,none,3km,none,481,100.0,8,,1,1,2.17,4.0,3.5,online
RESP_0081,K3,A,6,8,0,3,24.0,rent350,solar,100audit,1km,40pct,30.0,rent150,solar,cert50,home,none,481,200.0,4,,1,1,2.17,4.0,3.5,online
RESP_0082,K1,B,5,1,0,1,30.0,rent150,solar,none,1km,40pct,24.0,buy,solar,cert50,home,none,1457,200.0,10,,1,1,1.83,2.25,3.75,online
RESP_0082,K1,B,4,2,1,1,18.0,buy,solar,100audit,home,60pct,36.0,rent350,grid,none,3km,none,1457,100.0,6,,1,1,1.83,2.25,3.75,online
RESP_0082,K1,B,8,3,0,3,36.0,rent250,solar,100audit,1km,60pct,18.0,buy,grid,none,home,none,1457,200.0,5,3,1,1,1.83,2.25,3.75,online
RESP_0082,K1,B,1,4,0,3,24.0,rent250,solar,none,1km,none,30.0,buy,grid,100audit,home,60pct,1457,100.0,5,,1,1,1.83,2.25,3.75,online
RESP_0082,K1,B,3,5,0,3,36.0,buy,solar,cert50,home,60pct,18.0,rent250,grid,none,3km,none,1457,0.0,4,,1,1,1.83,2.25,3.75,online
RESP_0082,K1,B,7,6,0,1,24.0,buy,grid,cert50,home,40pct,30.0,rent350,grid,100audit,3km,none,1457,0.0,6,2,1,1,1.83,2.25,3.75,online
RESP_0082,K1,B,6,7,0,3,18.0,rent150,grid,100audit,3km,none,36.0,rent250,solar,none,1km,60pct,1457,100.0,5,,1,1,1.83,2.25,3.75,online
RESP_0082,K1,B,2,8,0,2,18.0,rent350,grid,cert50,3km,40pct,24.0,rent150,solar,100audit,1km,none,1457,200.0,10,,1,1,1.83,2.25,3.75,online
RESP_0083,K2,A,5,1,1,2,36.0,rent350,grid,none,3km,none,18.0,buy,solar,100audit,home,60pct,1053,100.0,6,,1,1,3.33,2.25,2.75,online
RESP_0083,K2,A,2,2,0,3,24.0,buy,solar,none,3km,60pct,36.0,buy,solar,100audit,home,none,1053,0.0,7,,1,1,3.33,2.25,2.75,online
RESP_0083,K2,A,6,3,0,3,24.0,rent250,solar,cert50,3km,none,18.0,buy,grid,100audit,home,40pct,1053,0.0,5,1,1,1,3.33,2.25,2.75,online
RESP_0083,K2,A,8,4,0,1,18.0,buy,solar,cert50,home,none,24.0,rent150,solar,100audit,1km,60pct,1053,200.0,10,,1,1,3.33,2.25,2.75,online
RESP_0083,K2,A,7,5,0,3,30.0,rent150,grid,none,1km,60pct,36.0,rent250,solar,cert50,3km,none,1053,100.0,4,,1,1,3.33,2.25,2.75,online
RESP_0083,K2,A,3,6,0,1,18.0,rent250,grid,100audit,1km,none,24.0,rent350,solar,none,3km,40pct,1053,100.0,10,2,1,1,3.33,2.25,2.75,online
RESP_0083,K2,A,1,7,0,2,30.0,rent350,solar,100audit,home,none,18.0,rent150,grid,cert50,1km,40pct,1053,200.0,9,,1,1,3.33,2.25,2.75,online
RESP_0083,K2,A,4,8,0,3,36.0,rent150,grid,cert50,home,40pct,30.0,buy,grid,100audit,1km,60pct,1053,200.0,8,,1,1,3.33,2.25,2.75,online
RESP_0084,K3,B,6,1,0,2,24.0,rent350,solar,100audit,1km,40pct,30.0,rent150,solar,cert50,home,none,300,200.0,7,,1,1,2.17,3.75,3.0,online
RESP_0084,K3,B,5,2,0,3,36.0,buy,solar,none,home,60pct,18.0,rent150,grid,cert50,3km,none,300,0.0,4,,1,1,2.17,3.75,3.0,online
RESP_0084,K3,B,7,3,0,3,18.0,rent250,solar,none,3km,60pct,36.0,buy,grid,100audit,1km,none,300,100.0,6,3,1,1,2.17,3.75,3.0,online
RESP_0084,K3,B,2,4,0,3,18.0,buy,solar,cert50,1km,60pct,36.0,rent350,grid,100audit,home,none,300,200.0,5,,1,1,2.17,3.75,3.0,online
RESP_0084,K3,B,4,5,0,3,30.0,rent250,grid,cert50,3km,40pct,24.0,rent350,solar,100audit,1km,none,300,100.0,8,,1,1,2.17,3.75,3.0,online
RESP_0084,K3,B,3,6,1,1,18.0,buy,solar,100audit,home,60pct,36.0,rent350,grid,none,3km,none,300,100.0,8,3,1,1,2.17,3.75,3.0,online
RESP_0084,K3,B,1,7,0,3,24.0,rent150,grid,100audit,home,none,30.0,buy,solar,none,3km,40pct,300,0.0,5,,1,1,2.17,3.75,3.0,online
RESP_0084,K3,B,8,8,0,3,30.0,buy,grid,100audit,home,40pct,24.0,rent250,grid,cert50,3km,none,300,0.0,8,,1,1,2.17,3.75,3.0,online
RESP_0085,K1,A,8,1,0,3,36.0,rent250,solar,100audit,1km,60pct,18.0,buy,grid,none,home,none,1219,200.0,4,,1,1,2.83,3.5,3.25,online
RESP_0085,K1,A,4,2,1,1,18.0,buy,solar,100audit,home,60pct,36.0,rent350,grid,none,3km,none,1219,100.0,7,,1,1,2.83,3.5,3.25,online
RESP_0085,K1,A,1,3,0,3,24.0,rent250,solar,none,1km,none,30.0,buy,grid,100audit,home,60pct,1219,100.0,6,3,1,1,2.83,3.5,3.25,online
RESP_0085,K1,A,5,4,0,2,30.0,rent150,solar,none,1km,40pct,24.0,buy,solar,cert50,home,none,1219,200.0,8,,1,1,2.83,3.5,3.25,online
RESP_0085,K1,A,2,5,0,2,18.0,rent350,grid,cert50,3km,40pct,24.0,rent150,solar,100audit,1km,none,1219,200.0,6,,1,1,2.83,3.5,3.25,online
RESP_0085,K1,A,7,6,0,3,24.0,buy,grid,cert50,home,40pct,30.0,rent350,grid,100audit,3km,none,1219,0.0,6,1,1,1,2.83,3.5,3.25,online
RESP_0085,K1,A,6,7,0,3,18.0,rent150,grid,100audit,3km,none,36.0,rent250,solar,none,1km,60pct,1219,100.0,8,,1,1,2.83,3.5,3.25,online
RESP_0085,K1,A,3,8,0,3,36.0,buy,solar,cert50,home,60pct,18.0,rent250,grid,none,3km,none,1219,0.0,4,,1,1,2.83,3.5,3.25,online
RESP_0086,K2,B,1,1,0,3,30.0,rent350,solar,100audit,home,none,18.0,rent150,grid,cert50,1km,40pct,623,200.0,4,,1,1,3.17,3.0,2.5,online
RESP_0086,K2,B,3,2,0,1,18.0,rent250,grid,100audit,1km,none,24.0,rent350,solar,none,3km,40pct,623,100.0,10,,1,1,3.17,3.0,2.5,online
RESP_0086,K2,B,5,3,1,2,36.0,rent350,grid,none,3km,none,18.0,buy,solar,100audit,home,60pct,623,100.0,10,2,1,1,3.17,3.0,2.5,online
RESP_0086,K2,B,2,4,0,3,24.0,buy,solar,none,3km,60pct,36.0,buy,solar,100audit,home,none,623,0.0,6,,1,1,3.17,3.0,2.5,online
RESP_0086,K2,B,8,5,0,3,18.0,buy,solar,cert50,home,none,24.0,rent150,solar,100audit,1km,60pct,623,200.0,5,,1,1,3.17,3.0,2.5,online
RESP_0086,K2,B,4,6,0,1,36.0,rent150,grid,cert50,home,40pct,30.0,buy,grid,100audit,1km,60pct,623,200.0,8,1,1,1,3.17,3.0,2.5,online
RESP_0086,K2,B,6,7,0,1,24.0,rent250,solar,cert50,3km,none,18.0,buy,grid,100audit,home,40pct,623,0.0,8,,1,1,3.17,3.0,2.5,online
RESP_0086,K2,B,7,8,0,3,30.0,rent150,grid,none,1km,60pct,36.0,rent250,solar,cert50,3km,none,623,100.0,5,,1,1,3.17,3.0,2.5,online
RESP_0087,K3,A,3,1,1,1,18.0,buy,solar,100audit,home,60pct,36.0,rent350,grid,none,3km,none,1016,100.0,10,,1,1,3.0,3.25,3.0,online
RESP_0087,K3,A,4,2,0,3,30.0,rent250,grid,cert50,3km,40pct,24.0,rent350,solar,100audit,1km,none,1016,100.0,4,,1,1,3.0,3.25,3.0,online
RESP_0087,K3,A,5,3,0,3,36.0,buy,solar,none,home,60pct,18.0,rent150,grid,cert50,3km,none,1016,0.0,7,2,1,1,3.0,3.25,3.0,online
RESP_0087,K3,A,2,4,0,3,18.0,buy,solar,cert50,1km,60pct,36.0,rent350,grid,100audit,home,none,1016,200.0,7,,1,1,3.0,3.25,3.0,online
RESP_0087,K3,A,1,5,0,3,24.0,rent150,grid,100audit,home,none,30.0,buy,solar,none,3km,40pct,1016,0.0,8,,1,1,3.0,3.25,3.0,online
RESP_0087,K3,A,6,6,0,3,24.0,rent350,solar,100audit,1km,40pct,30.0,rent150,solar,cert50,home,none,1016,200.0,7,2,1,1,3.0,3.25,3.0,online
RESP_0087,K3,A,8,7,0,3,30.0,buy,grid,100audit,home,40pct,24.0,rent250,grid,cert50,3km,none,1016,0.0,4,,1,1,3.0,3.25,3.0,online
RESP_0087,K3,A,7,8,0,3,18.0,rent250,solar,none,3km,60pct,36.0,buy,grid,100audit,1km,none,1016,100.0,8,,1,1,3.0,3.25,3.0,online
RESP_0088,K1,B,2,1,0,1,18.0,rent350,grid,cert50,3km,40pct,24.0,rent150,solar,100audit,1km,none,1322,200.0,6,,1,1,2.5,1.75,3.25,online
RESP_0088,K1,B,3,2,0,3,36.0,buy,solar,cert50,home,60pct,18.0,rent250,grid,none,3km,none,1322,0.0,5,,1,1,2.5,1.75,3.25,online
RESP_0088,K1,B,5,3,0,2,30.0,rent150,solar,none,1km,40pct,24.0,buy,solar,cert50,home,none,1322,200.0,6,1,1,1,2.5,1.75,3.25,online
RESP_0088,K1,B,1,4,0,1,24.0,rent250,solar,none,1km,none,30.0,buy,grid,100audit,home,60pct,1322,100.0,8,,1,1,2.5,1.75,3.25,online
RESP_0088,K1,B,7,5,0,3,24.0,buy,grid,cert50,home,40pct,30.0,rent350,grid,100audit,3km,none,1322,0.0,7,,1,1,2.5,1.75,3.25,online
RESP_0088,K1,B,8,6,0,2,36.0,rent250,solar,100audit,1km,60pct,18.0,buy,grid,none,home,none,1322,200.0,10,2,1,1,2.5,1.75,3.25,online
RESP_0088,K1,B,4,7,1,1,18.0,buy,solar,100audit,home,60pct,36.0,rent350,grid,none,3km,none,1322,100.0,8,,1,1,2.5,1.75,3.25,online
RESP_0088,K1,B,6,8,0,1,18.0,rent150,grid,100audit,3km,none,36.0,rent250,solar,none,1km,60pct,1322,100.0,9,,1,1,2.5,1.75,3.25,online
RESP_0089,K2,A,1,1,0,3,30.0,rent350,solar,100audit,home,none,18.0,rent150,grid,cert50,1km,40pct,1200,200.0,6,,1,1,2.33,3.5,2.75,online
RESP_0089,K2,A,7,2,0,3,30.0,rent150,grid,none,1km,60pct,36.0,rent250,solar,cert50,3km,none,1200,100.0,7,,1,1,2.33,3.5,2.75,online
RESP_0089,K2,A,5,3,1,2,36.0,rent350,grid,none,3km,none,18.0,buy,solar,100audit,home,60pct,1200,100.0,9,2,1,1,2.33,3.5,2.75,online
RESP_0089,K2,A,4,4,0,3,36.0,rent150,grid,cert50,home,40pct,30.0,buy,grid,100audit,1km,60pct,1200,200.0,8,,1,1,2.33,3.5,2.75,online
RESP_0089,K2,A,3,5,0,3,18.0,rent250,grid,100audit,1km,none,24.0,rent350,solar,none,3km,40pct,1200,100.0,4,,1,1,2.33,3.5,2.75,online
RESP_0089,K2,A,8,6,0,3,18.0,buy,solar,cert50,home,none,24.0,rent150,solar,100audit,1km,60pct,1200,200.0,6,2,1,1,2.33,3.5,2.75,online
RESP_0089,K2,A,6,7,0,1,24.0,rent250,solar,cert50,3km,none,18.0,buy,grid,100audit,home,40pct,1200,0.0,9,,1,1,2.33,3.5,2.75,online
RESP_0089,K2,A,2,8,0,3,24.0,buy,solar,none,3km,60pct,36.0,buy,solar,100audit,home,none,1200,0.0,5,,1,1,2.33,3.5,2.75,online
RESP_0090,K3,B,6,1,0,1,24.0,rent350,solar,100audit,1km,40pct,30.0,rent150,solar,cert50,home,none,1291,200.0,8,,1,1,2.5,2.5,2.5,online
RESP_0090,K3,B,5,2,0,3,36.0,buy,solar,none,home,60pct,18.0,rent150,grid,cert50,3km,none,1291,0.0,8,,1,1,2.5,2.5,2.5,online
RESP_0090,K3,B,3,3,1,1,18.0,buy,solar,100audit,home,60pct,36.0,rent350,grid,none,3km,none,1291,100.0,10,1,1,1,2.5,2.5,2.5,online
RESP_0090,K3,B,2,4,0,3,18.0,buy,solar,cert50,1km,60pct,36.0,rent350,grid,100audit,home,none,1291,200.0,7,,1,1,2.5,2.5,2.5,online
RESP_0090,K3,B,4,5,0,2,30.0,rent250,grid,cert50,3km,40pct,24.0,rent350,solar,100audit,1km,none,1291,100.0,6,,1,1,2.5,2.5,2.5,online
RESP_0090,K3,B,1,6,0,2,24.0,rent150,grid,100audit,home,none,30.0,buy,solar,none,3km,40pct,1291,0.0,7,1,1,1,2.5,2.5,2.5,online
RESP_0090,K3,B,8,7,0,3,30.0,buy,grid,100audit,home,40pct,24.0,rent250,grid,cert50,3km,none,1291,0.0,7,,1,1,2.5,2.5,2.5,online
RESP_0090,K3,B,7,8,0,3,18.0,rent250,solar,none,3km,60pct,36.0,buy,grid,100audit,1km,none,1291,100.0,5,,1,1,2.5,2.5,2.5,online
RESP_0091,K1,A,4,1,1,1,18.0,buy,solar,100audit,home,60pct,36.0,rent350,grid,none,3km,none,566,100.0,7,,1,1,3.5,3.5,2.75,online
RESP_0091,K1,A,8,2,0,3,36.0,rent250,solar,100audit,1km,60pct,18.0,buy,grid,none,home,none,566,200.0,6,,1,1,3.5,3.5,2.75,online
RESP_0091,K1,A,3,3,0,2,36.0,buy,solar,cert50,home,60pct,18.0,rent250,grid,none,3km,none,566,0.0,10,3,1,1,3.5,3.5,2.75,online
RESP_0091,K1,A,7,4,0,3,24.0,buy,grid,cert50,home,40pct,30.0,rent350,grid,100audit,3km,none,566,0.0,7,,1,1,3.5,3.5,2.75,online
RESP_0091,K1,A,2,5,0,3,18.0,rent350,grid,cert50,3km,40pct,24.0,rent150,solar,100audit,1km,none,566,200.0,8,,1,1,3.5,3.5,2.75,online
RESP_0091,K1,A,1,6,0,2,24.0,rent250,solar,none,1km,none,30.0,buy,grid,100audit,home,60pct,566,100.0,10,2,1,1,3.5,3.5,2.75,online
RESP_0091,K1,A,6,7,0,1,18.0,rent150,grid,100audit,3km,none,36.0,rent250,solar,none,1km,60pct,566,100.0,8,,1,1,3.5,3.5,2.75,online
RESP_0091,K1,A,5,8,0,3,30.0,rent150,solar,none,1km,40pct,24.0,buy,solar,cert50,home,none,566,200.0,4,,1,1,3.5,3.5,2.75,online
RESP_0092,K2,B,6,1,0,1,24.0,rent250,solar,cert50,3km,none,18.0,buy,grid,100audit,home,40pct,1499,0.0,9,,1,1,1.17,3.25,3.0,online
RESP_0092,K2,B,7,2,0,3,30.0,rent150,grid,none,1km,60pct,36.0,rent250,solar,cert50,3km,none,1499,100.0,6,,1,1,1.17,3.25,3.0,online
RESP_0092,K2,B,2,3,0,3,24.0,buy,solar,none,3km,60pct,36.0,buy,solar,100audit,home,none,1499,0.0,6,1,1,1,1.17,3.25,3.0,online
RESP_0092,K2,B,8,4,0,1,18.0,buy,solar,cert50,home,none,24.0,rent150,solar,100audit,1km,60pct,1499,200.0,9,,1,1,1.17,3.25,3.0,online
RESP_0092,K2,B,3,5,0,3,18.0,rent250,grid,100audit,1km,none,24.0,rent350,solar,none,3km,40pct,1499,100.0,6,,1,1,1.17,3.25,3.0,online
RESP_0092,K2,B,5,6,1,2,36.0,rent350,grid,none,3km,none,18.0,buy,solar,100audit,home,60pct,1499,100.0,6,1,1,1,1.17,3.25,3.0,online
RESP_0092,K2,B,1,7,0,3,30.0,rent350,solar,100audit,home,none,18.0,rent150,grid,cert50,1km,40pct,1499,200.0,4,,1,1,1.17,3.25,3.0,online
RESP_0092,K2,B,4,8,0,3,36.0,rent150,grid,cert50,home,40pct,30.0,buy,grid,100audit,1km,60pct,1499,200.0,6,,1,1,1.17,3.25,3.0,online
RESP_0093,K3,A,3,1,1,1,18.0,buy,solar,100audit,home,60pct,36.0,rent350,grid,none,3km,none,474,100.0,8,,1,1,3.33,2.5,2.75,online
RESP_0093,K3,A,1,2,0,3,24.0,rent150,grid,100audit,home,none,30.0,buy,solar,none,3km,40pct,474,0.0,5,,1,1,3.33,2.5,2.75,online
RESP_0093,K3,A,7,3,0,3,18.0,rent250,solar,none,3km,60pct,36.0,buy,grid,100audit,1km,none,474,100.0,8,2,1,1,3.33,2.5,2.75,online
RESP_0093,K3,A,4,4,0,2,30.0,rent250,grid,cert50,3km,40pct,24.0,rent350,solar,100audit,1km,none,474,100.0,10,,1,1,3.33,2.5,2.75,online
RESP_0093,K3,A,5,5,0,2,36.0,buy,solar,none,home,60pct,18.0,rent150,grid,cert50,3km,none,474,0.0,6,,1,1,3.33,2.5,2.75,online
RESP_0093,K3,A,8,6,0,1,30.0,buy,grid,100audit,home,40pct,24.0,rent250,grid,cert50,3km,none,474,0.0,9,1,1,1,3.33,2.5,2.75,online
RESP_0093,K3,A,2,7,0,1,18.0,buy,solar,cert50,1km,60pct,36.0,rent350,grid,100audit,home,none,474,200.0,8,,1,1,3.33,2.5,2.75,online
RESP_0093,K3,A,6,8,0,3,24.0,rent350,solar,100audit,1km,40pct,30.0,rent150,solar,cert50,home,none,474,200.0,4,,1,1,3.33,2.5,2.75,online
RESP_0094,K1,B,2,1,0,3,18.0,rent350,grid,cert50,3km,40pct,24.0,rent150,solar,100audit,1km,none,974,200.0,6,,1,1,2.33,3.75,3.5,online
RESP_0094,K1,B,7,2,0,3,24.0,buy,grid,cert50,home,40pct,30.0,rent350,grid,100audit,3km,none,974,0.0,8,,1,1,2.33,3.75,3.5,online
RESP_0094,K1,B,3,3,0,2,36.0,buy,solar,cert50,home,60pct,18.0,rent250,grid,none,3km,none,974,0.0,9,3,1,1,2.33,3.75,3.5,online
RESP_0094,K1,B,8,4,0,1,36.0,rent250,solar,100audit,1km,60pct,18.0,buy,grid,none,home,none,974,200.0,8,,1,1,2.33,3.75,3.5,online
RESP_0094,K1,B,4,5,1,1,18.0,buy,solar,100audit,home,60pct,36.0,rent350,grid,none,3km,none,974,100.0,10,,1,1,2.33,3.75,3.5,online
RESP_0094,K1,B,6,6,0,3,18.0,rent150,grid,100audit,3km,none,36.0,rent250,solar,none,1km,60pct,974,100.0,6,1,1,1,2.33,3.75,3.5,online
RESP_0094,K1,B,1,7,0,3,24.0,rent250,solar,none,1km,none,30.0,buy,grid,100audit,home,60pct,974,100.0,8,,1,1,2.33,3.75,3.5,online
RESP_0094,K1,B,5,8,0,3,30.0,rent150,solar,none,1km,40pct,24.0,buy,solar,cert50,home,none,974,200.0,4,,1,1,2.33,3.75,3.5,online
RESP_0095,K2,A,1,1,0,2,30.0,rent350,solar,100audit,home,none,18.0,rent150,grid,cert50,1km,40pct,451,200.0,8,,1,1,1.83,3.25,3.75,online
RESP_0095,K2,A,5,2,1,2,36.0,rent350,grid,none,3km,none,18.0,buy,solar,100audit,home,60pct,451,100.0,7,,1,1,1.83,3.25,3.75,online
RESP_0095,K2,A,4,3,0,3,36.0,rent150,grid,cert50,home,40pct,30.0,buy,grid,100audit,1km,60pct,451,200.0,6,1,1,1,1.83,3.25,3.75,online
RESP_0095,K2,A,6,4,0,3,24.0,rent250,solar,cert50,3km,none,18.0,buy,grid,100audit,home,40pct,451,0.0,5,,1,1,1.83,3.25,3.75,online
RESP_0095,K2,A,2,5,0,3,24.0,buy,solar,none,3km,60pct,36.0,buy,solar,100audit,home,none,451,0.0,5,,1,1,1.83,3.25,3.75,online
RESP_0095,K2,A,3,6,0,3,18.0,rent250,grid,100audit,1km,none,24.0,rent350,solar,none,3km,40pct,451,100.0,8,2,1,1,1.83,3.25,3.75,online
RESP_0095,K2,A,8,7,0,1,18.0,buy,solar,cert50,home,none,24.0,rent150,solar,100audit,1km,60pct,451,200.0,10,,1,1,1.83,3.25,3.75,online
RESP_0095,K2,A,7,8,0,3,30.0,rent150,grid,none,1km,60pct,36.0,rent250,solar,cert50,3km,none,451,100.0,7,,1,1,1.83,3.25,3.75,online
RESP_0096,K3,B,3,1,1,1,18.0,buy,solar,100audit,home,60pct,36.0,rent350,grid,none,3km,none,730,100.0,8,,1,1,2.83,2.0,3.0,online
RESP_0096,K3,B,1,2,0,3,24.0,rent150,grid,100audit,home,none,30.0,buy,solar,none,3km,40pct,730,0.0,5,,1,1,2.83,2.0,3.0,online
RESP_0096,K3,B,5,3,0,2,36.0,buy,solar,none,home,60pct,18.0,rent150,grid,cert50,3km,none,730,0.0,9,1,1,1,2.83,2.0,3.0,online
RESP_0096,K3,B,2,4,0,3,18.0,buy,solar,cert50,1km,60pct,36.0,rent350,grid,100audit,home,none,730,200.0,8,,1,1,2.83,2.0,3.0,online
RESP_0096,K3,B,8,5,0,3,30.0,buy,grid,100audit,home,40pct,24.0,rent250,grid,cert50,3km,none,730,0.0,8,,1,1,2.83,2.0,3.0,online
RESP_0096,K3,B,6,6,0,3,24.0,rent350,solar,100audit,1km,40pct,30.0,rent150,solar,cert50,home,none,730,200.0,8,3,1,1,2.83,2.0,3.0,online
RESP_0096,K3,B,4,7,0,3,30.0,rent250,grid,cert50,3km,40pct,24.0,rent350,solar,100audit,1km,none,730,100.0,8,,1,1,2.83,2.0,3.0,online
RESP_0096,K3,B,7,8,0,3,18.0,rent250,solar,none,3km,60pct,36.0,buy,grid,100audit,1km,none,730,100.0,4,,1,1,2.83,2.0,3.0,online
RESP_0097,K1,A,6,1,0,1,18.0,rent150,grid,100audit,3km,none,36.0,rent250,solar,none,1km,60pct,1161,100.0,6,,1,1,4.33,2.0,3.5,online
RESP_0097,K1,A,4,2,1,1,18.0,buy,solar,100audit,home,60pct,36.0,rent350,grid,none,3km,none,1161,100.0,10,,1,1,4.33,2.0,3.5,online
RESP_0097,K1,A,7,3,0,3,24.0,buy,grid,cert50,home,40pct,30.0,rent350,grid,100audit,3km,none,1161,0.0,4,2,1,1,4.33,2.0,3.5,online
RESP_0097,K1,A,2,4,0,3,18.0,rent350,grid,cert50,3km,40pct,24.0,rent150,solar,100audit,1km,none,1161,200.0,6,,1,1,4.33,2.0,3.5,online
RESP_0097,K1,A,1,5,0,1,24.0,rent250,solar,none,1km,none,30.0,buy,grid,100audit,home,60pct,1161,100.0,8,,1,1,4.33,2.0,3.5,online
RESP_0097,K1,A,8,6,0,1,36.0,rent250,solar,100audit,1km,60pct,18.0,buy,grid,none,home,none,1161,200.0,10,1,1,1,4.33,2.0,3.5,online
RESP_0097,K1,A,5,7,0,3,30.0,rent150,solar,none,1km,40pct,24.0,buy,solar,cert50,home,none,1161,200.0,8,,1,1,4.33,2.0,3.5,online
RESP_0097,K1,A,3,8,0,2,36.0,buy,solar,cert50,home,60pct,18.0,rent250,grid,none,3km,none,1161,0.0,8,,1,1,4.33,2.0,3.5,online
RESP_0098,K2,B,2,1,0,3,24.0,buy,solar,none,3km,60pct,36.0,buy,solar,100audit,home,none,1059,0.0,7,,1,1,3.83,4.5,2.5,online
RESP_0098,K2,B,3,2,0,1,18.0,rent250,grid,100audit,1km,none,24.0,rent350,solar,none,3km,40pct,1059,100.0,10,,1,1,3.83,4.5,2.5,online
RESP_0098,K2,B,7,3,0,3,30.0,rent150,grid,none,1km,60pct,36.0,rent250,solar,cert50,3km,none,1059,100.0,7,3,1,1,3.83,4.5,2.5,online
RESP_0098,K2,B,6,4,0,2,24.0,rent250,solar,cert50,3km,none,18.0,buy,grid,100audit,home,40pct,1059,0.0,9,,1,1,3.83,4.5,2.5,online
RESP_0098,K2,B,4,5,0,3,36.0,rent150,grid,cert50,home,40pct,30.0,buy,grid,100audit,1km,60pct,1059,200.0,6,,1,1,3.83,4.5,2.5,online
RESP_0098,K2,B,8,6,0,3,18.0,buy,solar,cert50,home,none,24.0,rent150,solar,100audit,1km,60pct,1059,200.0,7,2,1,1,3.83,4.5,2.5,online
RESP_0098,K2,B,5,7,1,2,36.0,rent350,grid,none,3km,none,18.0,buy,solar,100audit,home,60pct,1059,100.0,8,,1,1,3.83,4.5,2.5,online
RESP_0098,K2,B,1,8,0,3,30.0,rent350,solar,100audit,home,none,18.0,rent150,grid,cert50,1km,40pct,1059,200.0,8,,1,1,3.83,4.5,2.5,online
RESP_0099,K3,A,5,1,0,3,36.0,buy,solar,none,home,60pct,18.0,rent150,grid,cert50,3km,none,1045,0.0,7,,1,1,2.5,3.75,2.5,online
RESP_0099,K3,A,4,2,0,3,30.0,rent250,grid,cert50,3km,40pct,24.0,rent350,solar,100audit,1km,none,1045,100.0,8,,1,1,2.5,3.75,2.5,online
RESP_0099,K3,A,7,3,0,3,18.0,rent250,solar,none,3km,60pct,36.0,buy,grid,100audit,1km,none,1045,100.0,8,3,1,1,2.5,3.75,2.5,online
RESP_0099,K3,A,1,4,0,3,24.0,rent150,grid,100audit,home,none,30.0,buy,solar,none,3km,40pct,1045,0.0,8,,1,1,2.5,3.75,2.5,online
RESP_0099,K3,A,2,5,0,1,18.0,buy,solar,cert50,1km,60pct,36.0,rent350,grid,100audit,home,none,1045,200.0,8,,1,1,2.5,3.75,2.5,online
RESP_0099,K3,A,3,6,1,1,18.0,buy,solar,100audit,home,60pct,36.0,rent350,grid,none,3km,none,1045,100.0,9,1,1,1,2.5,3.75,2.5,online
RESP_0099,K3,A,6,7,0,3,24.0,rent350,solar,100audit,1km,40pct,30.0,rent150,solar,cert50,home,none,1045,200.0,5,,1,1,2.5,3.75,2.5,online
RESP_0099,K3,A,8,8,0,3,30.0,buy,grid,100audit,home,40pct,24.0,rent250,grid,cert50,3km,none,1045,0.0,4,,1,1,2.5,3.75,2.5,online
RESP_0100,K1,B,6,1,0,3,18.0,rent150,grid,100audit,3km,none,36.0,rent250,solar,none,1km,60pct,298,100.0,6,,1,1,3.33,3.0,2.0,online
RESP_0100,K1,B,7,2,0,3,24.0,buy,grid,cert50,home,40pct,30.0,rent350,grid,100audit,3km,none,298,0.0,4,,1,1,3.33,3.0,2.0,online
RESP_0100,K1,B,2,3,0,1,18.0,rent350,grid,cert50,3km,40pct,24.0,rent150,solar,100audit,1km,none,298,200.0,8,1,1,1,3.33,3.0,2.0,online
RESP_0100,K1,B,1,4,0,3,24.0,rent250,solar,none,1km,none,30.0,buy,grid,100audit,home,60pct,298,100.0,8,,1,1,3.33,3.0,2.0,online
RESP_0100,K1,B,5,5,0,2,30.0,rent150,solar,none,1km,40pct,24.0,buy,solar,cert50,home,none,298,200.0,8,,1,1,3.33,3.0,2.0,online
RESP_0100,K1,B,8,6,0,3,36.0,rent250,solar,100audit,1km,60pct,18.0,buy,grid,none,home,none,298,200.0,6,2,1,1,3.33,3.0,2.0,online
RESP_0100,K1,B,4,7,1,1,18.0,buy,solar,100audit,home,60pct,36.0,rent350,grid,none,3km,none,298,100.0,8,,1,1,3.33,3.0,2.0,online
RESP_0100,K1,B,3,8,0,3,36.0,buy,solar,cert50,home,60pct,18.0,rent250,grid,none,3km,none,298,0.0,7,,1,1,3.33,3.0,2.0,online
RESP_0101,K2,A,1,1,0,3,30.0,rent350,solar,100audit,home,none,18.0,rent150,grid,cert50,1km,40pct,384,200.0,5,,1,1,2.33,3.5,3.25,online
RESP_0101,K2,A,2,2,0,1,24.0,buy,solar,none,3km,60pct,36.0,buy,solar,100audit,home,none,384,0.0,7,,1,1,2.33,3.5,3.25,online
RESP_0101,K2,A,5,3,1,2,36.0,rent350,grid,none,3km,none,18.0,buy,solar,100audit,home,60pct,384,100.0,7,2,1,1,2.33,3.5,3.25,online
RESP_0101,K2,A,6,4,0,2,24.0,rent250,solar,cert50,3km,none,18.0,buy,grid,100audit,home,40pct,384,0.0,6,,1,1,2.33,3.5,3.25,online
RESP_0101,K2,A,8,5,0,3,18.0,buy,solar,cert50,home,none,24.0,rent150,solar,100audit,1km,60pct,384,200.0,8,,1,1,2.33,3.5,3.25,online
RESP_0101,K2,A,3,6,0,3,18.0,rent250,grid,100audit,1km,none,24.0,rent350,solar,none,3km,40pct,384,100.0,6,1,1,1,2.33,3.5,3.25,online
RESP_0101,K2,A,7,7,0,3,30.0,rent150,grid,none,1km,60pct,36.0,rent250,solar,cert50,3km,none,384,100.0,6,,1,1,2.33,3.5,3.25,online
RESP_0101,K2,A,4,8,0,3,36.0,rent150,grid,cert50,home,40pct,30.0,buy,grid,100audit,1km,60pct,384,200.0,7,,1,1,2.33,3.5,3.25,online
RESP_0102,K3,B,5,1,0,3,36.0,buy,solar,none,home,60pct,18.0,rent150,grid,cert50,3km,none,1348,0.0,5,,1,1,2.67,2.75,3.25,online
RESP_0102,K3,B,3,2,1,1,18.0,buy,solar,100audit,home,60pct,36.0,rent350,grid,none,3km,none,1348,100.0,9,,1,1,2.67,2.75,3.25,online
RESP_0102,K3,B,7,3,0,3,18.0,rent250,solar,none,3km,60pct,36.0,buy,grid,100audit,1km,none,1348,100.0,7,3,1,1,2.67,2.75,3.25,online
RESP_0102,K3,B,4,4,0,2,30.0,rent250,grid,cert50,3km,40pct,24.0,rent350,solar,100audit,1km,none,1348,100.0,7,,1,1,2.67,2.75,3.25,online
RESP_0102,K3,B,2,5,0,1,18.0,buy,solar,cert50,1km,60pct,36.0,rent350,grid,100audit,home,none,1348,200.0,10,,1,1,2.67,2.75,3.25,online
RESP_0102,K3,B,6,6,0,1,24.0,rent350,solar,100audit,1km,40pct,30.0,rent150,solar,cert50,home,none,1348,200.0,9,1,1,1,2.67,2.75,3.25,online
RESP_0102,K3,B,8,7,0,3,30.0,buy,grid,100audit,home,40pct,24.0,rent250,grid,cert50,3km,none,1348,0.0,8,,1,1,2.67,2.75,3.25,online
RESP_0102,K3,B,1,8,0,3,24.0,rent150,grid,100audit,home,none,30.0,buy,solar,none,3km,40pct,1348,0.0,5,,1,1,2.67,2.75,3.25,online
RESP_0103,K1,A,7,1,0,3,24.0,buy,grid,cert50,home,40pct,30.0,rent350,grid,100audit,3km,none,1298,0.0,4,,1,1,3.33,3.25,3.25,online
RESP_0103,K1,A,8,2,0,3,36.0,rent250,solar,100audit,1km,60pct,18.0,buy,grid,none,home,none,1298,200.0,6,,1,1,3.33,3.25,3.25,online
RESP_0103,K1,A,6,3,0,1,18.0,rent150,grid,100audit,3km,none,36.0,rent250,solar,none,1km,60pct,1298,100.0,8,1,1,1,3.33,3.25,3.25,online
RESP_0103,K1,A,5,4,0,2,30.0,rent150,solar,none,1km,40pct,24.0,buy,solar,cert50,home,none,1298,200.0,9,,1,1,3.33,3.25,3.25,online
RESP_0103,K1,A,4,5,1,1,18.0,buy,solar,100audit,home,60pct,36.0,rent350,grid,none,3km,none,1298,100.0,10,,1,1,3.33,3.25,3.25,online
RESP_0103,K1,A,1,6,0,3,24.0,rent250,solar,none,1km,none,30.0,buy,grid,100audit,home,60pct,1298,100.0,7,1,1,1,3.33,3.25,3.25,online
RESP_0103,K1,A,2,7,0,1,18.0,rent350,grid,cert50,3km,40pct,24.0,rent150,solar,100audit,1km,none,1298,200.0,6,,1,1,3.33,3.25,3.25,online
RESP_0103,K1,A,3,8,0,3,36.0,buy,solar,cert50,home,60pct,18.0,rent250,grid,none,3km,none,1298,0.0,5,,1,1,3.33,3.25,3.25,online
RESP_0104,K2,B,8,1,0,3,18.0,buy,solar,cert50,home,none,24.0,rent150,solar,100audit,1km,60pct,961,200.0,7,,1,1,2.67,3.25,3.0,online
RESP_0104,K2,B,4,2,0,3,36.0,rent150,grid,cert50,home,40pct,30.0,buy,grid,100audit,1km,60pct,961,200.0,4,,1,1,2.67,3.25,3.0,online
RESP_0104,K2,B,2,3,0,3,24.0,buy,solar,none,3km,60pct,36.0,buy,solar,100audit,home,none,961,0.0,7,2,1,1,2.67,3.25,3.0,online
RESP_0104,K2,B,3,4,0,1,18.0,rent250,grid,100audit,1km,none,24.0,rent350,solar,none,3km,40pct,961,100.0,10,,1,1,2.67,3.25,3.0,online
RESP_0104,K2,B,5,5,1,2,36.0,rent350,grid,none,3km,none,18.0,buy,solar,100audit,home,60pct,961,100.0,9,,1,1,2.67,3.25,3.0,online
RESP_0104,K2,B,6,6,0,3,24.0,rent250,solar,cert50,3km,none,18.0,buy,grid,100audit,home,40pct,961,0.0,4,2,1,1,2.67,3.25,3.0,online
RESP_0104,K2,B,1,7,0,3,30.0,rent350,solar,100audit,home,none,18.0,rent150,grid,cert50,1km,40pct,961,200.0,4,,1,1,2.67,3.25,3.0,online
RESP_0104,K2,B,7,8,0,3,30.0,rent150,grid,none,1km,60pct,36.0,rent250,solar,cert50,3km,none,961,100.0,7,,1,1,2.67,3.25,3.0,online
RESP_0105,K3,A,6,1,0,3,24.0,rent350,solar,100audit,1km,40pct,30.0,rent150,solar,cert50,home,none,307,200.0,5,,1,1,2.0,3.75,3.75,online
RESP_0105,K3,A,4,2,0,3,30.0,rent250,grid,cert50,3km,40pct,24.0,rent350,solar,100audit,1km,none,307,100.0,4,,1,1,2.0,3.75,3.75,online
RESP_0105,K3,A,2,3,0,3,18.0,buy,solar,cert50,1km,60pct,36.0,rent350,grid,100audit,home,none,307,200.0,4,1,1,1,2.0,3.75,3.75,online
RESP_0105,K3,A,7,4,0,1,18.0,rent250,solar,none,3km,60pct,36.0,buy,grid,100audit,1km,none,307,100.0,6,,1,1,2.0,3.75,3.75,online
RESP_0105,K3,A,3,5,1,1,18.0,buy,solar,100audit,home,60pct,36.0,rent350,grid,none,3km,none,307,100.0,7,,1,1,2.0,3.75,3.75,online
RESP_0105,K3,A,5,6,0,3,36.0,buy,solar,none,home,60pct,18.0,rent150,grid,cert50,3km,none,307,0.0,6,1,1,1,2.0,3.75,3.75,online
RESP_0105,K3,A,8,7,0,3,30.0,buy,grid,100audit,home,40pct,24.0,rent250,grid,cert50,3km,none,307,0.0,4,,1,1,2.0,3.75,3.75,online
RESP_0105,K3,A,1,8,0,1,24.0,rent150,grid,100audit,home,none,30.0,buy,solar,none,3km,40pct,307,0.0,8,,1,1,2.0,3.75,3.75,online
RESP_0106,K1,B,2,1,0,1,18.0,rent350,grid,cert50,3km,40pct,24.0,rent150,solar,100audit,1km,none,572,200.0,10,,1,1,1.5,3.0,3.0,online
RESP_0106,K1,B,3,2,0,3,36.0,buy,solar,cert50,home,60pct,18.0,rent250,grid,none,3km,none,572,0.0,5,,1,1,1.5,3.0,3.0,online
RESP_0106,K1,B,6,3,0,2,18.0,rent150,grid,100audit,3km,none,36.0,rent250,solar,none,1km,60pct,572,100.0,9,3,1,1,1.5,3.0,3.0,online
RESP_0106,K1,B,1,4,0,3,24.0,rent250,solar,none,1km,none,30.0,buy,grid,100audit,home,60pct,572,100.0,5,,1,1,1.5,3.0,3.0,online
RESP_0106,K1,B,4,5,1,1,18.0,buy,solar,100audit,home,60pct,36.0,rent350,grid,none,3km,none,572,100.0,6,,1,1,1.5,3.0,3.0,online
RESP_0106,K1,B,5,6,0,3,30.0,rent150,solar,none,1km,40pct,24.0,buy,solar,cert50,home,none,572,200.0,8,2,1,1,1.5,3.0,3.0,online
RESP_0106,K1,B,8,7,0,3,36.0,rent250,solar,100audit,1km,60pct,18.0,buy,grid,none,home,none,572,200.0,7,,1,1,1.5,3.0,3.0,online
RESP_0106,K1,B,7,8,0,3,24.0,buy,grid,cert50,home,40pct,30.0,rent350,grid,100audit,3km,none,572,0.0,4,,1,1,1.5,3.0,3.0,online
RESP_0107,K2,A,3,1,0,2,18.0,rent250,grid,100audit,1km,none,24.0,rent350,solar,none,3km,40pct,734,100.0,7,,1,1,3.0,3.0,2.25,online
RESP_0107,K2,A,8,2,0,2,18.0,buy,solar,cert50,home,none,24.0,rent150,solar,100audit,1km,60pct,734,200.0,6,,1,1,3.0,3.0,2.25,online
RESP_0107,K2,A,1,3,0,2,30.0,rent350,solar,100audit,home,none,18.0,rent150,grid,cert50,1km,40pct,734,200.0,7,2,1,1,3.0,3.0,2.25,online
RESP_0107,K2,A,2,4,0,2,24.0,buy,solar,none,3km,60pct,36.0,buy,solar,100audit,home,none,734,0.0,8,,1,1,3.0,3.0,2.25,online
RESP_0107,K2,A,6,5,0,3,24.0,rent250,solar,cert50,3km,none,18.0,buy,grid,100audit,home,40pct,734,0.0,8,,1,1,3.0,3.0,2.25,online
RESP_0107,K2,A,5,6,1,2,36.0,rent350,grid,none,3km,none,18.0,buy,solar,100audit,home,60pct,734,100.0,7,2,1,1,3.0,3.0,2.25,online
RESP_0107,K2,A,7,7,0,3,30.0,rent150,grid,none,1km,60pct,36.0,rent250,solar,cert50,3km,none,734,100.0,5,,1,1,3.0,3.0,2.25,online
RESP_0107,K2,A,4,8,0,2,36.0,rent150,grid,cert50,home,40pct,30.0,buy,grid,100audit,1km,60pct,734,200.0,6,,1,1,3.0,3.0,2.25,online
RESP_0108,K3,B,8,1,0,3,30.0,buy,grid,100audit,home,40pct,24.0,rent250,grid,cert50,3km,none,632,0.0,4,,1,1,3.83,3.25,2.75,online
RESP_0108,K3,B,2,2,0,3,18.0,buy,solar,cert50,1km,60pct,36.0,rent350,grid,100audit,home,none,632,200.0,5,,1,1,3.83,3.25,2.75,online
RESP_0108,K3,B,4,3,0,3,30.0,rent250,grid,cert50,3km,40pct,24.0,rent350,solar,100audit,1km,none,632,100.0,8,2,1,1,3.83,3.25,2.75,online
RESP_0108,K3,B,6,4,0,3,24.0,rent350,solar,100audit,1km,40pct,30.0,rent150,solar,cert50,home,none,632,200.0,6,,1,1,3.83,3.25,2.75,online
RESP_0108,K3,B,3,5,1,1,18.0,buy,solar,100audit,home,60pct,36.0,rent350,grid,none,3km,none,632,100.0,9,,1,1,3.83,3.25,2.75,online
RESP_0108,K3,B,5,6,0,3,36.0,buy,solar,none,home,60pct,18.0,rent150,grid,cert50,3km,none,632,0.0,8,3,1,1,3.83,3.25,2.75,online
RESP_0108,K3,B,1,7,0,3,24.0,rent150,grid,100audit,home,none,30.0,buy,solar,none,3km,40pct,632,0.0,8,,1,1,3.83,3.25,2.75,online
RESP_0108,K3,B,7,8,0,3,18.0,rent250,solar,none,3km,60pct,36.0,buy,grid,100audit,1km,none,632,100.0,8,,1,1,3.83,3.25,2.75,online
RESP_0109,K1,A,7,1,0,3,24.0,buy,grid,cert50,home,40pct,30.0,rent350,grid,100audit,3km,none,1036,0.0,6,,1,1,2.5,3.0,3.0,online
RESP_0109,K1,A,8,2,0,2,36.0,rent250,solar,100audit,1km,60pct,18.0,buy,grid,none,home,none,1036,200.0,10,,1,1,2.5,3.0,3.0,online
RESP_0109,K1,A,5,3,0,2,30.0,rent150,solar,none,1km,40pct,24.0,buy,solar,cert50,home,none,1036,200.0,6,1,1,1,2.5,3.0,3.0,online
RESP_0109,K1,A,4,4,1,1,18.0,buy,solar,100audit,home,60pct,36.0,rent350,grid,none,3km,none,1036,100.0,9,,1,1,2.5,3.0,3.0,online
RESP_0109,K1,A,2,5,0,2,18.0,rent350,grid,cert50,3km,40pct,24.0,rent150,solar,100audit,1km,none,1036,200.0,7,,1,1,2.5,3.0,3.0,online
RESP_0109,K1,A,3,6,0,1,36.0,buy,solar,cert50,home,60pct,18.0,rent250,grid,none,3km,none,1036,0.0,7,2,1,1,2.5,3.0,3.0,online
RESP_0109,K1,A,1,7,0,1,24.0,rent250,solar,none,1km,none,30.0,buy,grid,100audit,home,60pct,1036,100.0,8,,1,1,2.5,3.0,3.0,online
RESP_0109,K1,A,6,8,0,1,18.0,rent150,grid,100audit,3km,none,36.0,rent250,solar,none,1km,60pct,1036,100.0,8,,1,1,2.5,3.0,3.0,online
RESP_0110,K2,B,3,1,0,3,18.0,rent250,grid,100audit,1km,none,24.0,rent350,solar,none,3km,40pct,1254,100.0,6,,1,1,2.5,3.5,2.0,online
RESP_0110,K2,B,8,2,0,1,18.0,buy,solar,cert50,home,none,24.0,rent150,solar,100audit,1km,60pct,1254,200.0,6,,1,1,2.5,3.5,2.0,online
RESP_0110,K2,B,6,3,0,3,24.0,rent250,solar,cert50,3km,none,18.0,buy,grid,100audit,home,40pct,1254,0.0,5,1,1,1,2.5,3.5,2.0,online
RESP_0110,K2,B,4,4,0,3,36.0,rent150,grid,cert50,home,40pct,30.0,buy,grid,100audit,1km,60pct,1254,200.0,8,,1,1,2.5,3.5,2.0,online
RESP_0110,K2,B,5,5,1,2,36.0,rent350,grid,none,3km,none,18.0,buy,solar,100audit,home,60pct,1254,100.0,10,,1,1,2.5,3.5,2.0,online
RESP_0110,K2,B,7,6,0,3,30.0,rent150,grid,none,1km,60pct,36.0,rent250,solar,cert50,3km,none,1254,100.0,4,2,1,1,2.5,3.5,2.0,online
RESP_0110,K2,B,2,7,0,1,24.0,buy,solar,none,3km,60pct,36.0,buy,solar,100audit,home,none,1254,0.0,9,,1,1,2.5,3.5,2.0,online
RESP_0110,K2,B,1,8,0,3,30.0,rent350,solar,100audit,home,none,18.0,rent150,grid,cert50,1km,40pct,1254,200.0,4,,1,1,2.5,3.5,2.0,online
RESP_0111,K3,A,5,1,0,3,36.0,buy,solar,none,home,60pct,18.0,rent150,grid,cert50,3km,none,329,0.0,4,,1,1,4.5,3.0,2.75,online
RESP_0111,K3,A,4,2,0,3,30.0,rent250,grid,cert50,3km,40pct,24.0,rent350,solar,100audit,1km,none,329,100.0,4,,1,1,4.5,3.0,2.75,online
RESP_0111,K3,A,7,3,0,3,18.0,rent250,solar,none,3km,60pct,36.0,buy,grid,100audit,1km,none,329,100.0,5,1,1,1,4.5,3.0,2.75,online
RESP_0111,K3,A,3,4,1,1,18.0,buy,solar,100audit,home,60pct,36.0,rent350,grid,none,3km,none,329,100.0,6,,1,1,4.5,3.0,2.75,online
RESP_0111,K3,A,6,5,0,1,24.0,rent350,solar,100audit,1km,40pct,30.0,rent150,solar,cert50,home,none,329,200.0,9,,1,1,4.5,3.0,2.75,online
RESP_0111,K3,A,8,6,0,3,30.0,buy,grid,100audit,home,40pct,24.0,rent250,grid,cert50,3km,none,329,0.0,6,1,1,1,4.5,3.0,2.75,online
RESP_0111,K3,A,1,7,0,3,24.0,rent150,grid,100audit,home,none,30.0,buy,solar,none,3km,40pct,329,0.0,8,,1,1,4.5,3.0,2.75,online
RESP_0111,K3,A,2,8,0,3,18.0,buy,solar,cert50,1km,60pct,36.0,rent350,grid,100audit,home,none,329,200.0,6,,1,1,4.5,3.0,2.75,online
RESP_0112,K1,B,7,1,0,1,24.0,buy,grid,cert50,home,40pct,30.0,rent350,grid,100audit,3km,none,1262,0.0,8,,1,1,3.0,3.0,3.0,online
RESP_0112,K1,B,8,2,0,3,36.0,rent250,solar,100audit,1km,60pct,18.0,buy,grid,none,home,none,1262,200.0,7,,1,1,3.0,3.0,3.0,online
RESP_0112,K1,B,3,3,0,3,36.0,buy,solar,cert50,home,60pct,18.0,rent250,grid,none,3km,none,1262,0.0,7,1,1,1,3.0,3.0,3.0,online
RESP_0112,K1,B,5,4,0,1,30.0,rent150,solar,none,1km,40pct,24.0,buy,solar,cert50,home,none,1262,200.0,10,,1,1,3.0,3.0,3.0,online
RESP_0112,K1,B,6,5,0,3,18.0,rent150,grid,100audit,3km,none,36.0,rent250,solar,none,1km,60pct,1262,100.0,8,,1,1,3.0,3.0,3.0,online
RESP_0112,K1,B,2,6,0,1,18.0,rent350,grid,cert50,3km,40pct,24.0,rent150,solar,100audit,1km,none,1262,200.0,10,2,1,1,3.0,3.0,3.0,online
RESP_0112,K1,B,4,7,1,1,18.0,buy,solar,100audit,home,60pct,36.0,rent350,grid,none,3km,none,1262,100.0,8,,1,1,3.0,3.0,3.0,online
RESP_0112,K1,B,1,8,0,3,24.0,rent250,solar,none,1km,none,30.0,buy,grid,100audit,home,60pct,1262,100.0,8,,1,1,3.0,3.0,3.0,online
RESP_0113,K2,A,2,1,0,3,24.0,buy,solar,none,3km,60pct,36.0,buy,solar,100audit,home,none,816,0.0,8,,1,1,3.5,3.25,3.5,online
RESP_0113,K2,A,8,2,0,1,18.0,buy,solar,cert50,home,none,24.0,rent150,solar,100audit,1km,60pct,816,200.0,8,,1,1,3.5,3.25,3.5,online
RESP_0113,K2,A,7,3,0,3,30.0,rent150,grid,none,1km,60pct,36.0,rent250,solar,cert50,3km,none,816,100.0,6,3,1,1,3.5,3.25,3.5,online
RESP_0113,K2,A,1,4,0,3,30.0,rent350,solar,100audit,home,none,18.0,rent150,grid,cert50,1km,40pct,816,200.0,8,,1,1,3.5,3.25,3.5,online
RESP_0113,K2,A,5,5,1,2,36.0,rent350,grid,none,3km,none,18.0,buy,solar,100audit,home,60pct,816,100.0,10,,1,1,3.5,3.25,3.5,online
RESP_0113,K2,A,4,6,0,3,36.0,rent150,grid,cert50,home,40pct,30.0,buy,grid,100audit,1km,60pct,816,200.0,6,2,1,1,3.5,3.25,3.5,online
RESP_0113,K2,A,6,7,0,3,24.0,rent250,solar,cert50,3km,none,18.0,buy,grid,100audit,home,40pct,816,0.0,5,,1,1,3.5,3.25,3.5,online
RESP_0113,K2,A,3,8,0,3,18.0,rent250,grid,100audit,1km,none,24.0,rent350,solar,none,3km,40pct,816,100.0,4,,1,1,3.5,3.25,3.5,online
RESP_0114,K3,B,4,1,0,3,30.0,rent250,grid,cert50,3km,40pct,24.0,rent350,solar,100audit,1km,none,1373,100.0,5,,1,1,2.67,4.25,2.25,online
RESP_0114,K3,B,1,2,0,3,24.0,rent150,grid,100audit,home,none,30.0,buy,solar,none,3km,40pct,1373,0.0,7,,1,1,2.67,4.25,2.25,online
RESP_0114,K3,B,2,3,0,3,18.0,buy,solar,cert50,1km,60pct,36.0,rent350,grid,100audit,home,none,1373,200.0,4,1,1,1,2.67,4.25,2.25,online
RESP_0114,K3,B,3,4,1,1,18.0,buy,solar,100audit,home,60pct,36.0,rent350,grid,none,3km,none,1373,100.0,6,,1,1,2.67,4.25,2.25,online
RESP_0114,K3,B,7,5,0,3,18.0,rent250,solar,none,3km,60pct,36.0,buy,grid,100audit,1km,none,1373,100.0,4,,1,1,2.67,4.25,2.25,online
RESP_0114,K3,B,8,6,0,3,30.0,buy,grid,100audit,home,40pct,24.0,rent250,grid,cert50,3km,none,1373,0.0,4,3,1,1,2.67,4.25,2.25,online
RESP_0114,K3,B,6,7,0,3,24.0,rent350,solar,100audit,1km,40pct,30.0,rent150,solar,cert50,home,none,1373,200.0,5,,1,1,2.67,4.25,2.25,online
RESP_0114,K3,B,5,8,0,3,36.0,buy,solar,none,home,60pct,18.0,rent150,grid,cert50,3km,none,1373,0.0,5,,1,1,2.67,4.25,2.25,online
RESP_0115,K1,A,8,1,0,3,36.0,rent250,solar,100audit,1km,60pct,18.0,buy,grid,none,home,none,784,200.0,7,,1,1,3.67,4.25,3.25,online
RESP_0115,K1,A,1,2,0,3,24.0,rent250,solar,none,1km,none,30.0,buy,grid,100audit,home,60pct,784,100.0,8,,1,1,3.67,4.25,3.25,online
RESP_0115,K1,A,7,3,0,3,24.0,buy,grid,cert50,home,40pct,30.0,rent350,grid,100audit,3km,none,784,0.0,8,3,1,1,3.67,4.25,3.25,online
RESP_0115,K1,A,4,4,1,1,18.0,buy,solar,100audit,home,60pct,36.0,rent350,grid,none,3km,none,784,100.0,7,,1,1,3.67,4.25,3.25,online
RESP_0115,K1,A,5,5,0,3,30.0,rent150,solar,none,1km,40pct,24.0,buy,solar,cert50,home,none,784,200.0,4,,1,1,3.67,4.25,3.25,online
RESP_0115,K1,A,2,6,0,1,18.0,rent350,grid,cert50,3km,40pct,24.0,rent150,solar,100audit,1km,none,784,200.0,10,3,1,1,3.67,4.25,3.25,online
RESP_0115,K1,A,3,7,0,3,36.0,buy,solar,cert50,home,60pct,18.0,rent250,grid,none,3km,none,784,0.0,5,,1,1,3.67,4.25,3.25,online
RESP_0115,K1,A,6,8,0,3,18.0,rent150,grid,100audit,3km,none,36.0,rent250,solar,none,1km,60pct,784,100.0,5,,1,1,3.67,4.25,3.25,online
RESP_0116,K2,B,7,1,0,3,30.0,rent150,grid,none,1km,60pct,36.0,rent250,solar,cert50,3km,none,854,100.0,5,,1,1,3.33,4.0,3.5,online
RESP_0116,K2,B,4,2,0,3,36.0,rent150,grid,cert50,home,40pct,30.0,buy,grid,100audit,1km,60pct,854,200.0,4,,1,1,3.33,4.0,3.5,online
RESP_0116,K2,B,3,3,0,1,18.0,rent250,grid,100audit,1km,none,24.0,rent350,solar,none,3km,40pct,854,100.0,10,2,1,1,3.33,4.0,3.5,online
RESP_0116,K2,B,8,4,0,1,18.0,buy,solar,cert50,home,none,24.0,rent150,solar,100audit,1km,60pct,854,200.0,9,,1,1,3.33,4.0,3.5,online
RESP_0116,K2,B,6,5,0,3,24.0,rent250,solar,cert50,3km,none,18.0,buy,grid,100audit,home,40pct,854,0.0,8,,1,1,3.33,4.0,3.5,online
RESP_0116,K2,B,2,6,0,1,24.0,buy,solar,none,3km,60pct,36.0,buy,solar,100audit,home,none,854,0.0,6,1,1,1,3.33,4.0,3.5,online
RESP_0116,K2,B,5,7,1,2,36.0,rent350,grid,none,3km,none,18.0,buy,solar,100audit,home,60pct,854,100.0,10,,1,1,3.33,4.0,3.5,online
RESP_0116,K2,B,1,8,0,3,30.0,rent350,solar,100audit,home,none,18.0,rent150,grid,cert50,1km,40pct,854,200.0,5,,1,1,3.33,4.0,3.5,online
RESP_0117,K3,A,2,1,0,3,18.0,buy,solar,cert50,1km,60pct,36.0,rent350,grid,100audit,home,none,256,200.0,7,,1,1,2.83,3.0,2.5,online
RESP_0117,K3,A,7,2,0,1,18.0,rent250,solar,none,3km,60pct,36.0,buy,grid,100audit,1km,none,256,100.0,10,,1,1,2.83,3.0,2.5,online
RESP_0117,K3,A,8,3,0,3,30.0,buy,grid,100audit,home,40pct,24.0,rent250,grid,cert50,3km,none,256,0.0,5,1,1,1,2.83,3.0,2.5,online
RESP_0117,K3,A,1,4,0,3,24.0,rent150,grid,100audit,home,none,30.0,buy,solar,none,3km,40pct,256,0.0,4,,1,1,2.83,3.0,2.5,online
RESP_0117,K3,A,6,5,0,3,24.0,rent350,solar,100audit,1km,40pct,30.0,rent150,solar,cert50,home,none,256,200.0,8,,1,1,2.83,3.0,2.5,online
RESP_0117,K3,A,3,6,1,1,18.0,buy,solar,100audit,home,60pct,36.0,rent350,grid,none,3km,none,256,100.0,10,3,1,1,2.83,3.0,2.5,online
RESP_0117,K3,A,5,7,0,3,36.0,buy,solar,none,home,60pct,18.0,rent150,grid,cert50,3km,none,256,0.0,4,,1,1,2.83,3.0,2.5,online
RESP_0117,K3,A,4,8,0,3,30.0,rent250,grid,cert50,3km,40pct,24.0,rent350,solar,100audit,1km,none,256,100.0,5,,1,1,2.83,3.0,2.5,online
RESP_0118,K1,B,2,1,0,2,18.0,rent350,grid,cert50,3km,40pct,24.0,rent150,solar,100audit,1km,none,1381,200.0,8,,1,1,2.67,3.0,3.0,online
RESP_0118,K1,B,7,2,0,1,24.0,buy,grid,cert50,home,40pct,30.0,rent350,grid,100audit,3km,none,1381,0.0,7,,1,1,2.67,3.0,3.0,online
RESP_0118,K1,B,3,3,0,3,36.0,buy,solar,cert50,home,60pct,18.0,rent250,grid,none,3km,none,1381,0.0,8,2,1,1,2.67,3.0,3.0,online
RESP_0118,K1,B,8,4,0,3,36.0,rent250,solar,100audit,1km,60pct,18.0,buy,grid,none,home,none,1381,200.0,4,,1,1,2.67,3.0,3.0,online
RESP_0118,K1,B,6,5,0,3,18.0,rent150,grid,100audit,3km,none,36.0,rent250,solar,none,1km,60pct,1381,100.0,4,,1,1,2.67,3.0,3.0,online
RESP_0118,K1,B,4,6,1,1,18.0,buy,solar,100audit,home,60pct,36.0,rent350,grid,none,3km,none,1381,100.0,9,2,1,1,2.67,3.0,3.0,online
RESP_0118,K1,B,5,7,0,3,30.0,rent150,solar,none,1km,40pct,24.0,buy,solar,cert50,home,none,1381,200.0,7,,1,1,2.67,3.0,3.0,online
RESP_0118,K1,B,1,8,0,3,24.0,rent250,solar,none,1km,none,30.0,buy,grid,100audit,home,60pct,1381,100.0,8,,1,1,2.67,3.0,3.0,online
RESP_0119,K2,A,5,1,1,2,36.0,rent350,grid,none,3km,none,18.0,buy,solar,100audit,home,60pct,908,100.0,7,,1,1,3.67,2.75,3.25,online
RESP_0119,K2,A,7,2,0,3,30.0,rent150,grid,none,1km,60pct,36.0,rent250,solar,cert50,3km,none,908,100.0,8,,1,1,3.67,2.75,3.25,online
RESP_0119,K2,A,6,3,0,3,24.0,rent250,solar,cert50,3km,none,18.0,buy,grid,100audit,home,40pct,908,0.0,7,3,1,1,3.67,2.75,3.25,online
RESP_0119,K2,A,8,4,0,2,18.0,buy,solar,cert50,home,none,24.0,rent150,solar,100audit,1km,60pct,908,200.0,7,,1,1,3.67,2.75,3.25,online
RESP_0119,K2,A,3,5,0,3,18.0,rent250,grid,100audit,1km,none,24.0,rent350,solar,none,3km,40pct,908,100.0,8,,1,1,3.67,2.75,3.25,online
RESP_0119,K2,A,4,6,0,3,36.0,rent150,grid,cert50,home,40pct,30.0,buy,grid,100audit,1km,60pct,908,200.0,6,3,1,1,3.67,2.75,3.25,online
RESP_0119,K2,A,2,7,0,3,24.0,buy,solar,none,3km,60pct,36.0,buy,solar,100audit,home,none,908,0.0,6,,1,1,3.67,2.75,3.25,online
RESP_0119,K2,A,1,8,0,3,30.0,rent350,solar,100audit,home,none,18.0,rent150,grid,cert50,1km,40pct,908,200.0,8,,1,1,3.67,2.75,3.25,online
RESP_0120,K3,B,3,1,1,1,18.0,buy,solar,100audit,home,60pct,36.0,rent350,grid,none,3km,none,902,100.0,10,,1,1,1.83,2.75,2.5,online
RESP_0120,K3,B,2,2,0,1,18.0,buy,solar,cert50,1km,60pct,36.0,rent350,grid,100audit,home,none,902,200.0,7,,1,1,1.83,2.75,2.5,online
RESP_0120,K3,B,1,3,0,3,24.0,rent150,grid,100audit,home,none,30.0,buy,solar,none,3km,40pct,902,0.0,4,3,1,1,1.83,2.75,2.5,online
RESP_0120,K3,B,4,4,0,3,30.0,rent250,grid,cert50,3km,40pct,24.0,rent350,solar,100audit,1km,none,902,100.0,7,,1,1,1.83,2.75,2.5,online
RESP_0120,K3,B,7,5,0,3,18.0,rent250,solar,none,3km,60pct,36.0,buy,grid,100audit,1km,none,902,100.0,8,,1,1,1.83,2.75,2.5,online
RESP_0120,K3,B,5,6,0,3,36.0,buy,solar,none,home,60pct,18.0,rent150,grid,cert50,3km,none,902,0.0,5,1,1,1,1.83,2.75,2.5,online
RESP_0120,K3,B,6,7,0,3,24.0,rent350,solar,100audit,1km,40pct,30.0,rent150,solar,cert50,home,none,902,200.0,4,,1,1,1.83,2.75,2.5,online
RESP_0120,K3,B,8,8,0,3,30.0,buy,grid,100audit,home,40pct,24.0,rent250,grid,cert50,3km,none,902,0.0,4,,1,1,1.83,2.75,2.5,online
RESP_0121,K1,A,7,1,0,3,24.0,buy,grid,cert50,home,40pct,30.0,rent350,grid,100audit,3km,none,1049,0.0,7,,1,1,3.67,3.5,2.0,online
RESP_0121,K1,A,8,2,0,2,36.0,rent250,solar,100audit,1km,60pct,18.0,buy,grid,none,home,none,1049,200.0,7,,1,1,3.67,3.5,2.0,online
RESP_0121,K1,A,4,3,1,1,18.0,buy,solar,100audit,home,60pct,36.0,rent350,grid,none,3km,none,1049,100.0,9,2,1,1,3.67,3.5,2.0,online
RESP_0121,K1,A,1,4,0,2,24.0,rent250,solar,none,1km,none,30.0,buy,grid,100audit,home,60pct,1049,100.0,9,,1,1,3.67,3.5,2.0,online
RESP_0121,K1,A,3,5,0,3,36.0,buy,solar,cert50,home,60pct,18.0,rent250,grid,none,3km,none,1049,0.0,8,,1,1,3.67,3.5,2.0,online
RESP_0121,K1,A,2,6,0,3,18.0,rent350,grid,cert50,3km,40pct,24.0,rent150,solar,100audit,1km,none,1049,200.0,4,2,1,1,3.67,3.5,2.0,online
RESP_0121,K1,A,5,7,0,1,30.0,rent150,solar,none,1km,40pct,24.0,buy,solar,cert50,home,none,1049,200.0,8,,1,1,3.67,3.5,2.0,online
RESP_0121,K1,A,6,8,0,3,18.0,rent150,grid,100audit,3km,none,36.0,rent250,solar,none,1km,60pct,1049,100.0,4,,1,1,3.67,3.5,2.0,online
RESP_0122,K2,B,8,1,0,2,18.0,buy,solar,cert50,home,none,24.0,rent150,solar,100audit,1km,60pct,1303,200.0,7,,1,1,3.17,2.25,2.75,online
RESP_0122,K2,B,6,2,0,2,24.0,rent250,solar,cert50,3km,none,18.0,buy,grid,100audit,home,40pct,1303,0.0,7,,1,1,3.17,2.25,2.75,online
RESP_0122,K2,B,4,3,0,3,36.0,rent150,grid,cert50,home,40pct,30.0,buy,grid,100audit,1km,60pct,1303,200.0,5,3,1,1,3.17,2.25,2.75,online
RESP_0122,K2,B,7,4,0,3,30.0,rent150,grid,none,1km,60pct,36.0,rent250,solar,cert50,3km,none,1303,100.0,7,,1,1,3.17,2.25,2.75,online
RESP_0122,K2,B,5,5,1,2,36.0,rent350,grid,none,3km,none,18.0,buy,solar,100audit,home,60pct,1303,100.0,9,,1,1,3.17,2.25,2.75,online
RESP_0122,K2,B,3,6,0,3,18.0,rent250,grid,100audit,1km,none,24.0,rent350,solar,none,3km,40pct,1303,100.0,7,2,1,1,3.17,2.25,2.75,online
RESP_0122,K2,B,2,7,0,3,24.0,buy,solar,none,3km,60pct,36.0,buy,solar,100audit,home,none,1303,0.0,8,,1,1,3.17,2.25,2.75,online
RESP_0122,K2,B,1,8,0,2,30.0,rent350,solar,100audit,home,none,18.0,rent150,grid,cert50,1km,40pct,1303,200.0,7,,1,1,3.17,2.25,2.75,online
RESP_0123,K3,A,4,1,0,3,30.0,rent250,grid,cert50,3km,40pct,24.0,rent350,solar,100audit,1km,none,316,100.0,5,,1,1,2.0,2.25,2.75,online
RESP_0123,K3,A,3,2,1,1,18.0,buy,solar,100audit,home,60pct,36.0,rent350,grid,none,3km,none,316,100.0,6,,1,1,2.0,2.25,2.75,online
RESP_0123,K3,A,1,3,0,3,24.0,rent150,grid,100audit,home,none,30.0,buy,solar,none,3km,40pct,316,0.0,6,3,1,1,2.0,2.25,2.75,online
RESP_0123,K3,A,7,4,0,3,18.0,rent250,solar,none,3km,60pct,36.0,buy,grid,100audit,1km,none,316,100.0,7,,1,1,2.0,2.25,2.75,online
RESP_0123,K3,A,8,5,0,3,30.0,buy,grid,100audit,home,40pct,24.0,rent250,grid,cert50,3km,none,316,0.0,6,,1,1,2.0,2.25,2.75,online
RESP_0123,K3,A,5,6,0,3,36.0,buy,solar,none,home,60pct,18.0,rent150,grid,cert50,3km,none,316,0.0,6,3,1,1,2.0,2.25,2.75,online
RESP_0123,K3,A,2,7,0,3,18.0,buy,solar,cert50,1km,60pct,36.0,rent350,grid,100audit,home,none,316,200.0,7,,1,1,2.0,2.25,2.75,online
RESP_0123,K3,A,6,8,0,3,24.0,rent350,solar,100audit,1km,40pct,30.0,rent150,solar,cert50,home,none,316,200.0,4,,1,1,2.0,2.25,2.75,online
RESP_0124,K1,B,7,1,0,3,24.0,buy,grid,cert50,home,40pct,30.0,rent350,grid,100audit,3km,none,960,0.0,6,,1,1,3.83,2.75,2.75,online
RESP_0124,K1,B,6,2,0,1,18.0,rent150,grid,100audit,3km,none,36.0,rent250,solar,none,1km,60pct,960,100.0,6,,1,1,3.83,2.75,2.75,online
RESP_0124,K1,B,1,3,0,1,24.0,rent250,solar,none,1km,none,30.0,buy,grid,100audit,home,60pct,960,100.0,7,3,1,1,3.83,2.75,2.75,online
RESP_0124,K1,B,4,4,1,1,18.0,buy,solar,100audit,home,60pct,36.0,rent350,grid,none,3km,none,960,100.0,10,,1,1,3.83,2.75,2.75,online
RESP_0124,K1,B,8,5,0,3,36.0,rent250,solar,100audit,1km,60pct,18.0,buy,grid,none,home,none,960,200.0,7,,1,1,3.83,2.75,2.75,online
RESP_0124,K1,B,5,6,0,3,30.0,rent150,solar,none,1km,40pct,24.0,buy,solar,cert50,home,none,960,200.0,6,3,1,1,3.83,2.75,2.75,online
RESP_0124,K1,B,2,7,0,3,18.0,rent350,grid,cert50,3km,40pct,24.0,rent150,solar,100audit,1km,none,960,200.0,5,,1,1,3.83,2.75,2.75,online
RESP_0124,K1,B,3,8,0,3,36.0,buy,solar,cert50,home,60pct,18.0,rent250,grid,none,3km,none,960,0.0,5,,1,1,3.83,2.75,2.75,online
RESP_0125,K2,A,8,1,0,3,18.0,buy,solar,cert50,home,none,24.0,rent150,solar,100audit,1km,60pct,375,200.0,5,,1,1,4.0,4.0,2.5,online
RESP_0125,K2,A,6,2,0,3,24.0,rent250,solar,cert50,3km,none,18.0,buy,grid,100audit,home,40pct,375,0.0,7,,1,1,4.0,4.0,2.5,online
RESP_0125,K2,A,1,3,0,3,30.0,rent350,solar,100audit,home,none,18.0,rent150,grid,cert50,1km,40pct,375,200.0,4,1,1,1,4.0,4.0,2.5,online
RESP_0125,K2,A,7,4,0,3,30.0,rent150,grid,none,1km,60pct,36.0,rent250,solar,cert50,3km,none,375,100.0,5,,1,1,4.0,4.0,2.5,online
RESP_0125,K2,A,2,5,0,3,24.0,buy,solar,none,3km,60pct,36.0,buy,solar,100audit,home,none,375,0.0,7,,1,1,4.0,4.0,2.5,online
RESP_0125,K2,A,3,6,0,3,18.0,rent250,grid,100audit,1km,none,24.0,rent350,solar,none,3km,40pct,375,100.0,7,1,1,1,4.0,4.0,2.5,online
RESP_0125,K2,A,4,7,0,3,36.0,rent150,grid,cert50,home,40pct,30.0,buy,grid,100audit,1km,60pct,375,200.0,5,,1,1,4.0,4.0,2.5,online
RESP_0125,K2,A,5,8,1,2,36.0,rent350,grid,none,3km,none,18.0,buy,solar,100audit,home,60pct,375,100.0,8,,1,1,4.0,4.0,2.5,online
RESP_0126,K3,B,7,1,0,1,18.0,rent250,solar,none,3km,60pct,36.0,buy,grid,100audit,1km,none,1207,100.0,10,,1,1,1.33,2.25,4.0,online
RESP_0126,K3,B,6,2,0,1,24.0,rent350,solar,100audit,1km,40pct,30.0,rent150,solar,cert50,home,none,1207,200.0,10,,1,1,1.33,2.25,4.0,online
RESP_0126,K3,B,1,3,0,2,24.0,rent150,grid,100audit,home,none,30.0,buy,solar,none,3km,40pct,1207,0.0,10,2,1,1,1.33,2.25,4.0,online
RESP_0126,K3,B,4,4,0,1,30.0,rent250,grid,cert50,3km,40pct,24.0,rent350,solar,100audit,1km,none,1207,100.0,6,,1,1,1.33,2.25,4.0,online
RESP_0126,K3,B,5,5,0,2,36.0,buy,solar,none,home,60pct,18.0,rent150,grid,cert50,3km,none,1207,0.0,10,,1,1,1.33,2.25,4.0,online
RESP_0126,K3,B,3,6,1,1,18.0,buy,solar,100audit,home,60pct,36.0,rent350,grid,none,3km,none,1207,100.0,10,2,1,1,1.33,2.25,4.0,online
RESP_0126,K3,B,8,7,0,3,30.0,buy,grid,100audit,home,40pct,24.0,rent250,grid,cert50,3km,none,1207,0.0,4,,1,1,1.33,2.25,4.0,online
RESP_0126,K3,B,2,8,0,1,18.0,buy,solar,cert50,1km,60pct,36.0,rent350,grid,100audit,home,none,1207,200.0,9,,1,1,1.33,2.25,4.0,online
RESP_0127,K1,A,4,1,1,1,18.0,buy,solar,100audit,home,60pct,36.0,rent350,grid,none,3km,none,1273,100.0,7,,1,1,3.33,2.75,3.25,online
RESP_0127,K1,A,6,2,0,1,18.0,rent150,grid,100audit,3km,none,36.0,rent250,solar,none,1km,60pct,1273,100.0,6,,1,1,3.33,2.75,3.25,online
RESP_0127,K1,A,5,3,0,3,30.0,rent150,solar,none,1km,40pct,24.0,buy,solar,cert50,home,none,1273,200.0,4,2,1,1,3.33,2.75,3.25,online
RESP_0127,K1,A,8,4,0,3,36.0,rent250,solar,100audit,1km,60pct,18.0,buy,grid,none,home,none,1273,200.0,6,,1,1,3.33,2.75,3.25,online
RESP_0127,K1,A,7,5,0,3,24.0,buy,grid,cert50,home,40pct,30.0,rent350,grid,100audit,3km,none,1273,0.0,4,,1,1,3.33,2.75,3.25,online
RESP_0127,K1,A,3,6,0,3,36.0,buy,solar,cert50,home,60pct,18.0,rent250,grid,none,3km,none,1273,0.0,6,2,1,1,3.33,2.75,3.25,online
RESP_0127,K1,A,1,7,0,3,24.0,rent250,solar,none,1km,none,30.0,buy,grid,100audit,home,60pct,1273,100.0,6,,1,1,3.33,2.75,3.25,online
RESP_0127,K1,A,2,8,0,2,18.0,rent350,grid,cert50,3km,40pct,24.0,rent150,solar,100audit,1km,none,1273,200.0,8,,1,1,3.33,2.75,3.25,online
RESP_0128,K2,B,1,1,0,2,30.0,rent350,solar,100audit,home,none,18.0,rent150,grid,cert50,1km,40pct,509,200.0,7,,1,1,1.67,2.75,3.75,online
RESP_0128,K2,B,3,2,0,2,18.0,rent250,grid,100audit,1km,none,24.0,rent350,solar,none,3km,40pct,509,100.0,9,,1,1,1.67,2.75,3.75,online
RESP_0128,K2,B,2,3,0,1,24.0,buy,solar,none,3km,60pct,36.0,buy,solar,100audit,home,none,509,0.0,10,1,1,1,1.67,2.75,3.75,online
RESP_0128,K2,B,4,4,0,2,36.0,rent150,grid,cert50,home,40pct,30.0,buy,grid,100audit,1km,60pct,509,200.0,8,,1,1,1.67,2.75,3.75,online
RESP_0128,K2,B,8,5,0,1,18.0,buy,solar,cert50,home,none,24.0,rent150,solar,100audit,1km,60pct,509,200.0,10,,1,1,1.67,2.75,3.75,online
RESP_0128,K2,B,6,6,0,3,24.0,rent250,solar,cert50,3km,none,18.0,buy,grid,100audit,home,40pct,509,0.0,6,2,1,1,1.67,2.75,3.75,online
RESP_0128,K2,B,7,7,0,3,30.0,rent150,grid,none,1km,60pct,36.0,rent250,solar,cert50,3km,none,509,100.0,5,,1,1,1.67,2.75,3.75,online
RESP_0128,K2,B,5,8,1,2,36.0,rent350,grid,none,3km,none,18.0,buy,solar,100audit,home,60pct,509,100.0,6,,1,1,1.67,2.75,3.75,online
RESP_0129,K3,A,4,1,0,3,30.0,rent250,grid,cert50,3km,40pct,24.0,rent350,solar,100audit,1km,none,608,100.0,7,,1,1,2.67,3.25,2.75,online
RESP_0129,K3,A,7,2,0,3,18.0,rent250,solar,none,3km,60pct,36.0,buy,grid,100audit,1km,none,608,100.0,7,,1,1,2.67,3.25,2.75,online
RESP_0129,K3,A,1,3,0,3,24.0,rent150,grid,100audit,home,none,30.0,buy,solar,none,3km,40pct,608,0.0,4,2,1,1,2.67,3.25,2.75,online
RESP_0129,K3,A,5,4,0,3,36.0,buy,solar,none,home,60pct,18.0,rent150,grid,cert50,3km,none,608,0.0,5,,1,1,2.67,3.25,2.75,online
RESP_0129,K3,A,2,5,0,1,18.0,buy,solar,cert50,1km,60pct,36.0,rent350,grid,100audit,home,none,608,200.0,7,,1,1,2.67,3.25,2.75,online
RESP_0129,K3,A,6,6,0,3,24.0,rent350,solar,100audit,1km,40pct,30.0,rent150,solar,cert50,home,none,608,200.0,8,3,1,1,2.67,3.25,2.75,online
RESP_0129,K3,A,3,7,1,1,18.0,buy,solar,100audit,home,60pct,36.0,rent350,grid,none,3km,none,608,100.0,9,,1,1,2.67,3.25,2.75,online
RESP_0129,K3,A,8,8,0,3,30.0,buy,grid,100audit,home,40pct,24.0,rent250,grid,cert50,3km,none,608,0.0,4,,1,1,2.67,3.25,2.75,online
RESP_0130,K1,B,3,1,0,3,36.0,buy,solar,cert50,home,60pct,18.0,rent250,grid,none,3km,none,915,0.0,5,,1,1,2.83,4.0,3.5,online
RESP_0130,K1,B,7,2,0,1,24.0,buy,grid,cert50,home,40pct,30.0,rent350,grid,100audit,3km,none,915,0.0,6,,1,1,2.83,4.0,3.5,online
RESP_0130,K1,B,6,3,0,1,18.0,rent150,grid,100audit,3km,none,36.0,rent250,solar,none,1km,60pct,915,100.0,7,1,1,1,2.83,4.0,3.5,online
RESP_0130,K1,B,4,4,1,1,18.0,buy,solar,100audit,home,60pct,36.0,rent350,grid,none,3km,none,915,100.0,7,,1,1,2.83,4.0,3.5,online
RESP_0130,K1,B,5,5,0,3,30.0,rent150,solar,none,1km,40pct,24.0,buy,solar,cert50,home,none,915,200.0,7,,1,1,2.83,4.0,3.5,online
RESP_0130,K1,B,1,6,0,3,24.0,rent250,solar,none,1km,none,30.0,buy,grid,100audit,home,60pct,915,100.0,4,3,1,1,2.83,4.0,3.5,online
RESP_0130,K1,B,8,7,0,3,36.0,rent250,solar,100audit,1km,60pct,18.0,buy,grid,none,home,none,915,200.0,7,,1,1,2.83,4.0,3.5,online
RESP_0130,K1,B,2,8,0,3,18.0,rent350,grid,cert50,3km,40pct,24.0,rent150,solar,100audit,1km,none,915,200.0,6,,1,1,2.83,4.0,3.5,online
RESP_0131,K2,A,8,1,0,2,18.0,buy,solar,cert50,home,none,24.0,rent150,solar,100audit,1km,60pct,424,200.0,8,,1,1,2.83,3.25,3.0,online
RESP_0131,K2,A,7,2,0,2,30.0,rent150,grid,none,1km,60pct,36.0,rent250,solar,cert50,3km,none,424,100.0,10,,1,1,2.83,3.25,3.0,online
RESP_0131,K2,A,3,3,0,1,18.0,rent250,grid,100audit,1km,none,24.0,rent350,solar,none,3km,40pct,424,100.0,6,3,1,1,2.83,3.25,3.0,online
RESP_0131,K2,A,1,4,0,3,30.0,rent350,solar,100audit,home,none,18.0,rent150,grid,cert50,1km,40pct,424,200.0,8,,1,1,2.83,3.25,3.0,online
RESP_0131,K2,A,6,5,0,3,24.0,rent250,solar,cert50,3km,none,18.0,buy,grid,100audit,home,40pct,424,0.0,7,,1,1,2.83,3.25,3.0,online
RESP_0131,K2,A,4,6,0,3,36.0,rent150,grid,cert50,home,40pct,30.0,buy,grid,100audit,1km,60pct,424,200.0,4,2,1,1,2.83,3.25,3.0,online
RESP_0131,K2,A,5,7,1,2,36.0,rent350,grid,none,3km,none,18.0,buy,solar,100audit,home,60pct,424,100.0,7,,1,1,2.83,3.25,3.0,online
RESP_0131,K2,A,2,8,0,3,24.0,buy,solar,none,3km,60pct,36.0,buy,solar,100audit,home,none,424,0.0,4,,1,1,2.83,3.25,3.0,online
RESP_0132,K3,B,4,1,0,3,30.0,rent250,grid,cert50,3km,40pct,24.0,rent350,solar,100audit,1km,none,1227,100.0,4,,1,1,3.33,3.5,3.0,online
RESP_0132,K3,B,3,2,1,1,18.0,buy,solar,100audit,home,60pct,36.0,rent350,grid,none,3km,none,1227,100.0,6,,1,1,3.33,3.5,3.0,online
RESP_0132,K3,B,7,3,0,1,18.0,rent250,solar,none,3km,60pct,36.0,buy,grid,100audit,1km,none,1227,100.0,8,3,1,1,3.33,3.5,3.0,online
RESP_0132,K3,B,6,4,0,2,24.0,rent350,solar,100audit,1km,40pct,30.0,rent150,solar,cert50,home,none,1227,200.0,10,,1,1,3.33,3.5,3.0,online
RESP_0132,K3,B,2,5,0,3,18.0,buy,solar,cert50,1km,60pct,36.0,rent350,grid,100audit,home,none,1227,200.0,5,,1,1,3.33,3.5,3.0,online
RESP_0132,K3,B,5,6,0,3,36.0,buy,solar,none,home,60pct,18.0,rent150,grid,cert50,3km,none,1227,0.0,6,2,1,1,3.33,3.5,3.0,online
RESP_0132,K3,B,1,7,0,1,24.0,rent150,grid,100audit,home,none,30.0,buy,solar,none,3km,40pct,1227,0.0,6,,1,1,3.33,3.5,3.0,online
RESP_0132,K3,B,8,8,0,1,30.0,buy,grid,100audit,home,40pct,24.0,rent250,grid,cert50,3km,none,1227,0.0,7,,1,1,3.33,3.5,3.0,online
RESP_0133,K1,A,7,1,0,1,24.0,buy,grid,cert50,home,40pct,30.0,rent350,grid,100audit,3km,none,564,0.0,7,,1,1,2.67,3.0,3.75,online
RESP_0133,K1,A,4,2,1,1,18.0,buy,solar,100audit,home,60pct,36.0,rent350,grid,none,3km,none,564,100.0,10,,1,1,2.67,3.0,3.75,online
RESP_0133,K1,A,5,3,0,2,30.0,rent150,solar,none,1km,40pct,24.0,buy,solar,cert50,home,none,564,200.0,9,3,1,1,2.67,3.0,3.75,online
RESP_0133,K1,A,1,4,0,1,24.0,rent250,solar,none,1km,none,30.0,buy,grid,100audit,home,60pct,564,100.0,7,,1,1,2.67,3.0,3.75,online
RESP_0133,K1,A,8,5,0,2,36.0,rent250,solar,100audit,1km,60pct,18.0,buy,grid,none,home,none,564,200.0,8,,1,1,2.67,3.0,3.75,online
RESP_0133,K1,A,3,6,0,3,36.0,buy,solar,cert50,home,60pct,18.0,rent250,grid,none,3km,none,564,0.0,6,2,1,1,2.67,3.0,3.75,online
RESP_0133,K1,A,2,7,0,1,18.0,rent350,grid,cert50,3km,40pct,24.0,rent150,solar,100audit,1km,none,564,200.0,8,,1,1,2.67,3.0,3.75,online
RESP_0133,K1,A,6,8,0,3,18.0,rent150,grid,100audit,3km,none,36.0,rent250,solar,none,1km,60pct,564,100.0,7,,1,1,2.67,3.0,3.75,online
RESP_0134,K2,B,4,1,0,3,36.0,rent150,grid,cert50,home,40pct,30.0,buy,grid,100audit,1km,60pct,384,200.0,4,,1,1,2.83,2.75,3.0,online
RESP_0134,K2,B,6,2,0,2,24.0,rent250,solar,cert50,3km,none,18.0,buy,grid,100audit,home,40pct,384,0.0,6,,1,1,2.83,2.75,3.0,online
RESP_0134,K2,B,3,3,0,3,18.0,rent250,grid,100audit,1km,none,24.0,rent350,solar,none,3km,40pct,384,100.0,4,2,1,1,2.83,2.75,3.0,online
RESP_0134,K2,B,7,4,0,3,30.0,rent150,grid,none,1km,60pct,36.0,rent250,solar,cert50,3km,none,384,100.0,8,,1,1,2.83,2.75,3.0,online
RESP_0134,K2,B,1,5,0,1,30.0,rent350,solar,100audit,home,none,18.0,rent150,grid,cert50,1km,40pct,384,200.0,7,,1,1,2.83,2.75,3.0,online
RESP_0134,K2,B,8,6,0,1,18.0,buy,solar,cert50,home,none,24.0,rent150,solar,100audit,1km,60pct,384,200.0,9,1,1,1,2.83,2.75,3.0,online
RESP_0134,K2,B,2,7,0,1,24.0,buy,solar,none,3km,60pct,36.0,buy,solar,100audit,home,none,384,0.0,8,,1,1,2.83,2.75,3.0,online
RESP_0134,K2,B,5,8,1,2,36.0,rent350,grid,none,3km,none,18.0,buy,solar,100audit,home,60pct,384,100.0,10,,1,1,2.83,2.75,3.0,online
RESP_0135,K3,A,3,1,1,1,18.0,buy,solar,100audit,home,60pct,36.0,rent350,grid,none,3km,none,1059,100.0,7,,1,1,3.0,3.0,3.25,online
RESP_0135,K3,A,8,2,0,3,30.0,buy,grid,100audit,home,40pct,24.0,rent250,grid,cert50,3km,none,1059,0.0,4,,1,1,3.0,3.0,3.25,online
RESP_0135,K3,A,5,3,0,3,36.0,buy,solar,none,home,60pct,18.0,rent150,grid,cert50,3km,none,1059,0.0,8,3,1,1,3.0,3.0,3.25,online
RESP_0135,K3,A,1,4,0,3,24.0,rent150,grid,100audit,home,none,30.0,buy,solar,none,3km,40pct,1059,0.0,4,,1,1,3.0,3.0,3.25,online
RESP_0135,K3,A,7,5,0,3,18.0,rent250,solar,none,3km,60pct,36.0,buy,grid,100audit,1km,none,1059,100.0,6,,1,1,3.0,3.0,3.25,online
RESP_0135,K3,A,6,6,0,1,24.0,rent350,solar,100audit,1km,40pct,30.0,rent150,solar,cert50,home,none,1059,200.0,7,1,1,1,3.0,3.0,3.25,online
RESP_0135,K3,A,2,7,0,3,18.0,buy,solar,cert50,1km,60pct,36.0,rent350,grid,100audit,home,none,1059,200.0,5,,1,1,3.0,3.0,3.25,online
RESP_0135,K3,A,4,8,0,3,30.0,rent250,grid,cert50,3km,40pct,24.0,rent350,solar,100audit,1km,none,1059,100.0,5,,1,1,3.0,3.0,3.25,online
RESP_0136,K1,B,1,1,0,3,24.0,rent250,solar,none,1km,none,30.0,buy,grid,100audit,home,60pct,955,100.0,8,,1,1,2.5,3.5,3.0,online
RESP_0136,K1,B,5,2,0,2,30.0,rent150,solar,none,1km,40pct,24.0,buy,solar,cert50,home,none,955,200.0,9,,1,1,2.5,3.5,3.0,online
RESP_0136,K1,B,6,3,0,1,18.0,rent150,grid,100audit,3km,none,36.0,rent250,solar,none,1km,60pct,955,100.0,6,3,1,1,2.5,3.5,3.0,online
RESP_0136,K1,B,3,4,0,3,36.0,buy,solar,cert50,home,60pct,18.0,rent250,grid,none,3km,none,955,0.0,6,,1,1,2.5,3.5,3.0,online
RESP_0136,K1,B,2,5,0,1,18.0,rent350,grid,cert50,3km,40pct,24.0,rent150,solar,100audit,1km,none,955,200.0,10,,1,1,2.5,3.5,3.0,online
RESP_0136,K1,B,8,6,0,3,36.0,rent250,solar,100audit,1km,60pct,18.0,buy,grid,none,home,none,955,200.0,6,1,1,1,2.5,3.5,3.0,online
RESP_0136,K1,B,7,7,0,3,24.0,buy,grid,cert50,home,40pct,30.0,rent350,grid,100audit,3km,none,955,0.0,6,,1,1,2.5,3.5,3.0,online
RESP_0136,K1,B,4,8,1,1,18.0,buy,solar,100audit,home,60pct,36.0,rent350,grid,none,3km,none,955,100.0,8,,1,1,2.5,3.5,3.0,online
RESP_0137,K2,A,7,1,0,3,30.0,rent150,grid,none,1km,60pct,36.0,rent250,solar,cert50,3km,none,999,100.0,5,,1,1,1.67,2.75,2.5,online
RESP_0137,K2,A,4,2,0,3,36.0,rent150,grid,cert50,home,40pct,30.0,buy,grid,100audit,1km,60pct,999,200.0,8,,1,1,1.67,2.75,2.5,online
RESP_0137,K2,A,3,3,0,2,18.0,rent250,grid,100audit,1km,none,24.0,rent350,solar,none,3km,40pct,999,100.0,8,1,1,1,1.67,2.75,2.5,online
RESP_0137,K2,A,5,4,1,2,36.0,rent350,grid,none,3km,none,18.0,buy,solar,100audit,home,60pct,999,100.0,7,,1,1,1.67,2.75,2.5,online
RESP_0137,K2,A,6,5,0,3,24.0,rent250,solar,cert50,3km,none,18.0,buy,grid,100audit,home,40pct,999,0.0,6,,1,1,1.67,2.75,2.5,online
RESP_0137,K2,A,1,6,0,3,30.0,rent350,solar,100audit,home,none,18.0,rent150,grid,cert50,1km,40pct,999,200.0,7,1,1,1,1.67,2.75,2.5,online
RESP_0137,K2,A,2,7,0,3,24.0,buy,solar,none,3km,60pct,36.0,buy,solar,100audit,home,none,999,0.0,4,,1,1,1.67,2.75,2.5,online
RESP_0137,K2,A,8,8,0,1,18.0,buy,solar,cert50,home,none,24.0,rent150,solar,100audit,1km,60pct,999,200.0,7,,1,1,1.67,2.75,2.5,online
RESP_0138,K3,B,2,1,0,1,18.0,buy,solar,cert50,1km,60pct,36.0,rent350,grid,100audit,home,none,376,200.0,6,,1,1,3.5,2.5,3.0,online
RESP_0138,K3,B,6,2,0,1,24.0,rent350,solar,100audit,1km,40pct,30.0,rent150,solar,cert50,home,none,376,200.0,10,,1,1,3.5,2.5,3.0,online
RESP_0138,K3,B,8,3,0,2,30.0,buy,grid,100audit,home,40pct,24.0,rent250,grid,cert50,3km,none,376,0.0,7,3,1,1,3.5,2.5,3.0,online
RESP_0138,K3,B,1,4,0,3,24.0,rent150,grid,100audit,home,none,30.0,buy,solar,none,3km,40pct,376,0.0,7,,1,1,3.5,2.5,3.0,online
RESP_0138,K3,B,7,5,0,1,18.0,rent250,solar,none,3km,60pct,36.0,buy,grid,100audit,1km,none,376,100.0,8,,1,1,3.5,2.5,3.0,online
RESP_0138,K3,B,5,6,0,3,36.0,buy,solar,none,home,60pct,18.0,rent150,grid,cert50,3km,none,376,0.0,6,1,1,1,3.5,2.5,3.0,online
RESP_0138,K3,B,4,7,0,3,30.0,rent250,grid,cert50,3km,40pct,24.0,rent350,solar,100audit,1km,none,376,100.0,5,,1,1,3.5,2.5,3.0,online
RESP_0138,K3,B,3,8,1,1,18.0,buy,solar,100audit,home,60pct,36.0,rent350,grid,none,3km,none,376,100.0,6,,1,1,3.5,2.5,3.0,online
RESP_0139,K1,A,4,1,1,1,18.0,buy,solar,100audit,home,60pct,36.0,rent350,grid,none,3km,none,627,100.0,9,,1,1,3.67,3.0,2.75,online
RESP_0139,K1,A,5,2,0,3,30.0,rent150,solar,none,1km,40pct,24.0,buy,solar,cert50,home,none,627,200.0,4,,1,1,3.67,3.0,2.75,online
RESP_0139,K1,A,6,3,0,3,18.0,rent150,grid,100audit,3km,none,36.0,rent250,solar,none,1km,60pct,627,100.0,5,2,1,1,3.67,3.0,2.75,online
RESP_0139,K1,A,7,4,0,3,24.0,buy,grid,cert50,home,40pct,30.0,rent350,grid,100audit,3km,none,627,0.0,8,,1,1,3.67,3.0,2.75,online
RESP_0139,K1,A,1,5,0,1,24.0,rent250,solar,none,1km,none,30.0,buy,grid,100audit,home,60pct,627,100.0,9,,1,1,3.67,3.0,2.75,online
RESP_0139,K1,A,3,6,0,3,36.0,buy,solar,cert50,home,60pct,18.0,rent250,grid,none,3km,none,627,0.0,8,3,1,1,3.67,3.0,2.75,online
RESP_0139,K1,A,8,7,0,3,36.0,rent250,solar,100audit,1km,60pct,18.0,buy,grid,none,home,none,627,200.0,6,,1,1,3.67,3.0,2.75,online
RESP_0139,K1,A,2,8,0,2,18.0,rent350,grid,cert50,3km,40pct,24.0,rent150,solar,100audit,1km,none,627,200.0,10,,1,1,3.67,3.0,2.75,online
RESP_0140,K2,B,4,1,0,3,36.0,rent150,grid,cert50,home,40pct,30.0,buy,grid,100audit,1km,60pct,1434,200.0,8,,1,1,4.0,3.25,2.75,online
RESP_0140,K2,B,7,2,0,3,30.0,rent150,grid,none,1km,60pct,36.0,rent250,solar,cert50,3km,none,1434,100.0,6,,1,1,4.0,3.25,2.75,online
RESP_0140,K2,B,1,3,0,3,30.0,rent350,solar,100audit,home,none,18.0,rent150,grid,cert50,1km,40pct,1434,200.0,6,2,1,1,4.0,3.25,2.75,online
RESP_0140,K2,B,8,4,0,3,18.0,buy,solar,cert50,home,none,24.0,rent150,solar,100audit,1km,60pct,1434,200.0,8,,1,1,4.0,3.25,2.75,online
RESP_0140,K2,B,3,5,0,3,18.0,rent250,grid,100audit,1km,none,24.0,rent350,solar,none,3km,40pct,1434,100.0,8,,1,1,4.0,3.25,2.75,online
RESP_0140,K2,B,2,6,0,3,24.0,buy,solar,none,3km,60pct,36.0,buy,solar,100audit,home,none,1434,0.0,5,3,1,1,4.0,3.25,2.75,online
RESP_0140,K2,B,6,7,0,3,24.0,rent250,solar,cert50,3km,none,18.0,buy,grid,100audit,home,40pct,1434,0.0,8,,1,1,4.0,3.25,2.75,online
RESP_0140,K2,B,5,8,1,2,36.0,rent350,grid,none,3km,none,18.0,buy,solar,100audit,home,60pct,1434,100.0,7,,1,1,4.0,3.25,2.75,online
RESP_0141,K3,A,7,1,0,2,18.0,rent250,solar,none,3km,60pct,36.0,buy,grid,100audit,1km,none,1312,100.0,8,,1,1,3.0,3.5,2.5,online
RESP_0141,K3,A,6,2,0,3,24.0,rent350,solar,100audit,1km,40pct,30.0,rent150,solar,cert50,home,none,1312,200.0,6,,1,1,3.0,3.5,2.5,online
RESP_0141,K3,A,3,3,1,1,18.0,buy,solar,100audit,home,60pct,36.0,rent350,grid,none,3km,none,1312,100.0,10,2,1,1,3.0,3.5,2.5,online
RESP_0141,K3,A,2,4,0,1,18.0,buy,solar,cert50,1km,60pct,36.0,rent350,grid,100audit,home,none,1312,200.0,10,,1,1,3.0,3.5,2.5,online
RESP_0141,K3,A,1,5,0,1,24.0,rent150,grid,100audit,home,none,30.0,buy,solar,none,3km,40pct,1312,0.0,9,,1,1,3.0,3.5,2.5,online
RESP_0141,K3,A,8,6,0,3,30.0,buy,grid,100audit,home,40pct,24.0,rent250,grid,cert50,3km,none,1312,0.0,5,1,1,1,3.0,3.5,2.5,online
RESP_0141,K3,A,4,7,0,3,30.0,rent250,grid,cert50,3km,40pct,24.0,rent350,solar,100audit,1km,none,1312,100.0,5,,1,1,3.0,3.5,2.5,online
RESP_0141,K3,A,5,8,0,3,36.0,buy,solar,none,home,60pct,18.0,rent150,grid,cert50,3km,none,1312,0.0,8,,1,1,3.0,3.5,2.5,online
RESP_0142,K1,B,8,1,0,1,36.0,rent250,solar,100audit,1km,60pct,18.0,buy,grid,none,home,none,1126,200.0,6,,1,1,2.67,3.0,3.0,online
RESP_0142,K1,B,1,2,0,3,24.0,rent250,solar,none,1km,none,30.0,buy,grid,100audit,home,60pct,1126,100.0,5,,1,1,2.67,3.0,3.0,online
RESP_0142,K1,B,6,3,0,2,18.0,rent150,grid,100audit,3km,none,36.0,rent250,solar,none,1km,60pct,1126,100.0,10,1,1,1,2.67,3.0,3.0,online
RESP_0142,K1,B,5,4,0,3,30.0,rent150,solar,none,1km,40pct,24.0,buy,solar,cert50,home,none,1126,200.0,7,,1,1,2.67,3.0,3.0,online
RESP_0142,K1,B,7,5,0,3,24.0,buy,grid,cert50,home,40pct,30.0,rent350,grid,100audit,3km,none,1126,0.0,4,,1,1,2.67,3.0,3.0,online
RESP_0142,K1,B,4,6,1,1,18.0,buy,solar,100audit,home,60pct,36.0,rent350,grid,none,3km,none,1126,100.0,8,1,1,1,2.67,3.0,3.0,online
RESP_0142,K1,B,2,7,0,1,18.0,rent350,grid,cert50,3km,40pct,24.0,rent150,solar,100audit,1km,none,1126,200.0,8,,1,1,2.67,3.0,3.0,online
RESP_0142,K1,B,3,8,0,3,36.0,buy,solar,cert50,home,60pct,18.0,rent250,grid,none,3km,none,1126,0.0,4,,1,1,2.67,3.0,3.0,online
RESP_0143,K2,A,6,1,0,3,24.0,rent250,solar,cert50,3km,none,18.0,buy,grid,100audit,home,40pct,988,0.0,8,,1,1,2.5,3.0,3.25,online
RESP_0143,K2,A,4,2,0,3,36.0,rent150,grid,cert50,home,40pct,30.0,buy,grid,100audit,1km,60pct,988,200.0,5,,1,1,2.5,3.0,3.25,online
RESP_0143,K2,A,1,3,0,3,30.0,rent350,solar,100audit,home,none,18.0,rent150,grid,cert50,1km,40pct,988,200.0,4,1,1,1,2.5,3.0,3.25,online
RESP_0143,K2,A,2,4,0,3,24.0,buy,solar,none,3km,60pct,36.0,buy,solar,100audit,home,none,988,0.0,5,,1,1,2.5,3.0,3.25,online
RESP_0143,K2,A,8,5,0,2,18.0,buy,solar,cert50,home,none,24.0,rent150,solar,100audit,1km,60pct,988,200.0,7,,1,1,2.5,3.0,3.25,online
RESP_0143,K2,A,5,6,1,2,36.0,rent350,grid,none,3km,none,18.0,buy,solar,100audit,home,60pct,988,100.0,8,3,1,1,2.5,3.0,3.25,online
RESP_0143,K2,A,7,7,0,3,30.0,rent150,grid,none,1km,60pct,36.0,rent250,solar,cert50,3km,none,988,100.0,6,,1,1,2.5,3.0,3.25,online
RESP_0143,K2,A,3,8,0,2,18.0,rent250,grid,100audit,1km,none,24.0,rent350,solar,none,3km,40pct,988,100.0,10,,1,1,2.5,3.0,3.25,online
RESP_0144,K3,B,8,1,0,2,30.0,buy,grid,100audit,home,40pct,24.0,rent250,grid,cert50,3km,none,875,0.0,9,,1,1,1.5,2.75,3.0,online
RESP_0144,K3,B,6,2,0,2,24.0,rent350,solar,100audit,1km,40pct,30.0,rent150,solar,cert50,home,none,875,200.0,7,,1,1,1.5,2.75,3.0,online
RESP_0144,K3,B,7,3,0,2,18.0,rent250,solar,none,3km,60pct,36.0,buy,grid,100audit,1km,none,875,100.0,10,3,1,1,1.5,2.75,3.0,online
RESP_0144,K3,B,1,4,0,3,24.0,rent150,grid,100audit,home,none,30.0,buy,solar,none,3km,40pct,875,0.0,5,,1,1,1.5,2.75,3.0,online
RESP_0144,K3,B,2,5,0,3,18.0,buy,solar,cert50,1km,60pct,36.0,rent350,grid,100audit,home,none,875,200.0,4,,1,1,1.5,2.75,3.0,online
RESP_0144,K3,B,5,6,0,3,36.0,buy,solar,none,home,60pct,18.0,rent150,grid,cert50,3km,none,875,0.0,8,2,1,1,1.5,2.75,3.0,online
RESP_0144,K3,B,4,7,0,2,30.0,rent250,grid,cert50,3km,40pct,24.0,rent350,solar,100audit,1km,none,875,100.0,10,,1,1,1.5,2.75,3.0,online
RESP_0144,K3,B,3,8,1,1,18.0,buy,solar,100audit,home,60pct,36.0,rent350,grid,none,3km,none,875,100.0,6,,1,1,1.5,2.75,3.0,online
RESP_0145,K1,A,1,1,0,2,24.0,rent250,solar,none,1km,none,30.0,buy,grid,100audit,home,60pct,965,100.0,8,,1,1,2.83,2.0,3.0,online
RESP_0145,K1,A,2,2,0,3,18.0,rent350,grid,cert50,3km,40pct,24.0,rent150,solar,100audit,1km,none,965,200.0,8,,1,1,2.83,2.0,3.0,online
RESP_0145,K1,A,5,3,0,1,30.0,rent150,solar,none,1km,40pct,24.0,buy,solar,cert50,home,none,965,200.0,8,2,1,1,2.83,2.0,3.0,online
RESP_0145,K1,A,7,4,0,3,24.0,buy,grid,cert50,home,40pct,30.0,rent350,grid,100audit,3km,none,965,0.0,8,,1,1,2.83,2.0,3.0,online
RESP_0145,K1,A,4,5,1,1,18.0,buy,solar,100audit,home,60pct,36.0,rent350,grid,none,3km,none,965,100.0,8,,1,1,2.83,2.0,3.0,online
RESP_0145,K1,A,6,6,0,1,18.0,rent150,grid,100audit,3km,none,36.0,rent250,solar,none,1km,60pct,965,100.0,8,1,1,1,2.83,2.0,3.0,online
RESP_0145,K1,A,3,7,0,3,36.0,buy,solar,cert50,home,60pct,18.0,rent250,grid,none,3km,none,965,0.0,7,,1,1,2.83,2.0,3.0,online
RESP_0145,K1,A,8,8,0,1,36.0,rent250,solar,100audit,1km,60pct,18.0,buy,grid,none,home,none,965,200.0,6,,1,1,2.83,2.0,3.0,online
RESP_0146,K2,B,3,1,0,1,18.0,rent250,grid,100audit,1km,none,24.0,rent350,solar,none,3km,40pct,767,100.0,7,,1,1,3.0,4.0,3.5,online
RESP_0146,K2,B,2,2,0,3,24.0,buy,solar,none,3km,60pct,36.0,buy,solar,100audit,home,none,767,0.0,6,,1,1,3.0,4.0,3.5,online
RESP_0146,K2,B,1,3,0,3,30.0,rent350,solar,100audit,home,none,18.0,rent150,grid,cert50,1km,40pct,767,200.0,7,2,1,1,3.0,4.0,3.5,online
RESP_0146,K2,B,8,4,0,3,18.0,buy,solar,cert50,home,none,24.0,rent150,solar,100audit,1km,60pct,767,200.0,6,,1,1,3.0,4.0,3.5,online
RESP_0146,K2,B,4,5,0,3,36.0,rent150,grid,cert50,home,40pct,30.0,buy,grid,100audit,1km,60pct,767,200.0,4,,1,1,3.0,4.0,3.5,online
RESP_0146,K2,B,7,6,0,3,30.0,rent150,grid,none,1km,60pct,36.0,rent250,solar,cert50,3km,none,767,100.0,6,1,1,1,3.0,4.0,3.5,online
RESP_0146,K2,B,5,7,1,2,36.0,rent350,grid,none,3km,none,18.0,buy,solar,100audit,home,60pct,767,100.0,8,,1,1,3.0,4.0,3.5,online
RESP_0146,K2,B,6,8,0,3,24.0,rent250,solar,cert50,3km,none,18.0,buy,grid,100audit,home,40pct,767,0.0,8,,1,1,3.0,4.0,3.5,online
RESP_0147,K3,A,8,1,0,3,30.0,buy,grid,100audit,home,40pct,24.0,rent250,grid,cert50,3km,none,543,0.0,5,,1,1,2.5,3.0,3.0,online
RESP_0147,K3,A,5,2,0,2,36.0,buy,solar,none,home,60pct,18.0,rent150,grid,cert50,3km,none,543,0.0,6,,1,1,2.5,3.0,3.0,online
RESP_0147,K3,A,7,3,0,3,18.0,rent250,solar,none,3km,60pct,36.0,buy,grid,100audit,1km,none,543,100.0,7,1,1,1,2.5,3.0,3.0,online
RESP_0147,K3,A,3,4,1,1,18.0,buy,solar,100audit,home,60pct,36.0,rent350,grid,none,3km,none,543,100.0,9,,1,1,2.5,3.0,3.0,online
RESP_0147,K3,A,4,5,0,3,30.0,rent250,grid,cert50,3km,40pct,24.0,rent350,solar,100audit,1km,none,543,100.0,7,,1,1,2.5,3.0,3.0,online
RESP_0147,K3,A,1,6,0,3,24.0,rent150,grid,100audit,home,none,30.0,buy,solar,none,3km,40pct,543,0.0,5,2,1,1,2.5,3.0,3.0,online
RESP_0147,K3,A,2,7,0,3,18.0,buy,solar,cert50,1km,60pct,36.0,rent350,grid,100audit,home,none,543,200.0,7,,1,1,2.5,3.0,3.0,online
RESP_0147,K3,A,6,8,0,3,24.0,rent350,solar,100audit,1km,40pct,30.0,rent150,solar,cert50,home,none,543,200.0,6,,1,1,2.5,3.0,3.0,online
RESP_0148,K1,B,3,1,0,3,36.0,buy,solar,cert50,home,60pct,18.0,rent250,grid,none,3km,none,284,0.0,8,,1,1,1.83,2.75,2.25,online
RESP_0148,K1,B,4,2,1,1,18.0,buy,solar,100audit,home,60pct,36.0,rent350,grid,none,3km,none,284,100.0,7,,1,1,1.83,2.75,2.25,online
RESP_0148,K1,B,8,3,0,3,36.0,rent250,solar,100audit,1km,60pct,18.0,buy,grid,none,home,none,284,200.0,6,3,1,1,1.83,2.75,2.25,online
RESP_0148,K1,B,2,4,0,3,18.0,rent350,grid,cert50,3km,40pct,24.0,rent150,solar,100audit,1km,none,284,200.0,7,,1,1,1.83,2.75,2.25,online
RESP_0148,K1,B,7,5,0,3,24.0,buy,grid,cert50,home,40pct,30.0,rent350,grid,100audit,3km,none,284,0.0,6,,1,1,1.83,2.75,2.25,online
RESP_0148,K1,B,5,6,0,2,30.0,rent150,solar,none,1km,40pct,24.0,buy,solar,cert50,home,none,284,200.0,6,1,1,1,1.83,2.75,2.25,online
RESP_0148,K1,B,6,7,0,1,18.0,rent150,grid,100audit,3km,none,36.0,rent250,solar,none,1km,60pct,284,100.0,7,,1,1,1.83,2.75,2.25,online
RESP_0148,K1,B,1,8,0,1,24.0,rent250,solar,none,1km,none,30.0,buy,grid,100audit,home,60pct,284,100.0,9,,1,1,1.83,2.75,2.25,online
RESP_0149,K2,A,3,1,0,1,18.0,rent250,grid,100audit,1km,none,24.0,rent350,solar,none,3km,40pct,1278,100.0,10,,1,1,3.0,3.25,3.25,online
RESP_0149,K2,A,6,2,0,1,24.0,rent250,solar,cert50,3km,none,18.0,buy,grid,100audit,home,40pct,1278,0.0,8,,1,1,3.0,3.25,3.25,online
RESP_0149,K2,A,5,3,1,2,36.0,rent350,grid,none,3km,none,18.0,buy,solar,100audit,home,60pct,1278,100.0,10,2,1,1,3.0,3.25,3.25,online
RESP_0149,K2,A,8,4,0,2,18.0,buy,solar,cert50,home,none,24.0,rent150,solar,100audit,1km,60pct,1278,200.0,10,,1,1,3.0,3.25,3.25,online
RESP_0149,K2,A,7,5,0,3,30.0,rent150,grid,none,1km,60pct,36.0,rent250,solar,cert50,3km,none,1278,100.0,8,,1,1,3.0,3.25,3.25,online
RESP_0149,K2,A,4,6,0,2,36.0,rent150,grid,cert50,home,40pct,30.0,buy,grid,100audit,1km,60pct,1278,200.0,7,1,1,1,3.0,3.25,3.25,online
RESP_0149,K2,A,2,7,0,3,24.0,buy,solar,none,3km,60pct,36.0,buy,solar,100audit,home,none,1278,0.0,8,,1,1,3.0,3.25,3.25,online
RESP_0149,K2,A,1,8,0,3,30.0,rent350,solar,100audit,home,none,18.0,rent150,grid,cert50,1km,40pct,1278,200.0,6,,1,1,3.0,3.25,3.25,online
RESP_0150,K3,B,6,1,0,2,24.0,rent350,solar,100audit,1km,40pct,30.0,rent150,solar,cert50,home,none,652,200.0,7,,1,1,2.67,2.0,2.5,online
RESP_0150,K3,B,3,2,1,1,18.0,buy,solar,100audit,home,60pct,36.0,rent350,grid,none,3km,none,652,100.0,7,,1,1,2.67,2.0,2.5,online
RESP_0150,K3,B,1,3,0,3,24.0,rent150,grid,100audit,home,none,30.0,buy,solar,none,3km,40pct,652,0.0,8,1,1,1,2.67,2.0,2.5,online
RESP_0150,K3,B,2,4,0,3,18.0,buy,solar,cert50,1km,60pct,36.0,rent350,grid,100audit,home,none,652,200.0,4,,1,1,2.67,2.0,2.5,online
RESP_0150,K3,B,4,5,0,3,30.0,rent250,grid,cert50,3km,40pct,24.0,rent350,solar,100audit,1km,none,652,100.0,5,,1,1,2.67,2.0,2.5,online
RESP_0150,K3,B,8,6,0,3,30.0,buy,grid,100audit,home,40pct,24.0,rent250,grid,cert50,3km,none,652,0.0,4,1,1,1,2.67,2.0,2.5,online
RESP_0150,K3,B,7,7,0,1,18.0,rent250,solar,none,3km,60pct,36.0,buy,grid,100audit,1km,none,652,100.0,7,,1,1,2.67,2.0,2.5,online
RESP_0150,K3,B,5,8,0,3,36.0,buy,solar,none,home,60pct,18.0,rent150,grid,cert50,3km,none,652,0.0,4,,1,1,2.67,2.0,2.5,online
RESP_0151,K1,A,6,1,0,3,18.0,rent150,grid,100audit,3km,none,36.0,rent250,solar,none,1km,60pct,748,100.0,4,,0,1,3.67,4.25,4.25,online
RESP_0151,K1,A,4,2,1,1,18.0,buy,solar,100audit,home,60pct,36.0,rent350,grid,none,3km,none,748,100.0,8,,0,1,3.67,4.25,4.25,online
RESP_0151,K1,A,3,3,0,3,36.0,buy,solar,cert50,home,60pct,18.0,rent250,grid,none,3km,none,748,0.0,6,2,0,1,3.67,4.25,4.25,online
RESP_0151,K1,A,5,4,0,3,30.0,rent150,solar,none,1km,40pct,24.0,buy,solar,cert50,home,none,748,200.0,8,,0,1,3.67,4.25,4.25,online
RESP_0151,K1,A,8,5,0,3,36.0,rent250,solar,100audit,1km,60pct,18.0,buy,grid,none,home,none,748,200.0,4,,0,1,3.67,4.25,4.25,online
RESP_0151,K1,A,2,6,0,1,18.0,rent350,grid,cert50,3km,40pct,24.0,rent150,solar,100audit,1km,none,748,200.0,9,2,0,1,3.67,4.25,4.25,online
RESP_0151,K1,A,1,7,0,3,24.0,rent250,solar,none,1km,none,30.0,buy,grid,100audit,home,60pct,748,100.0,8,,0,1,3.67,4.25,4.25,online
RESP_0151,K1,A,7,8,0,1,24.0,buy,grid,cert50,home,40pct,30.0,rent350,grid,100audit,3km,none,748,0.0,6,,0,1,3.67,4.25,4.25,online
RESP_0152,K2,B,7,1,0,1,30.0,rent150,grid,none,1km,60pct,36.0,rent250,solar,cert50,3km,none,662,100.0,6,,0,1,3.83,3.75,2.25,online
RESP_0152,K2,B,6,2,0,3,24.0,rent250,solar,cert50,3km,none,18.0,buy,grid,100audit,home,40pct,662,0.0,6,,0,1,3.83,3.75,2.25,online
RESP_0152,K2,B,3,3,0,1,18.0,rent250,grid,100audit,1km,none,24.0,rent350,solar,none,3km,40pct,662,100.0,10,2,0,1,3.83,3.75,2.25,online
RESP_0152,K2,B,5,4,1,2,36.0,rent350,grid,none,3km,none,18.0,buy,solar,100audit,home,60pct,662,100.0,6,,0,1,3.83,3.75,2.25,online
RESP_0152,K2,B,1,5,0,3,30.0,rent350,solar,100audit,home,none,18.0,rent150,grid,cert50,1km,40pct,662,200.0,6,,0,1,3.83,3.75,2.25,online
RESP_0152,K2,B,8,6,0,3,18.0,buy,solar,cert50,home,none,24.0,rent150,solar,100audit,1km,60pct,662,200.0,8,3,0,1,3.83,3.75,2.25,online
RESP_0152,K2,B,2,7,0,3,24.0,buy,solar,none,3km,60pct,36.0,buy,solar,100audit,home,none,662,0.0,6,,0,1,3.83,3.75,2.25,online
RESP_0152,K2,B,4,8,0,3,36.0,rent150,grid,cert50,home,40pct,30.0,buy,grid,100audit,1km,60pct,662,200.0,4,,0,1,3.83,3.75,2.25,online
RESP_0153,K3,A,6,1,0,1,24.0,rent350,solar,100audit,1km,40pct,30.0,rent150,solar,cert50,home,none,561,200.0,9,,0,1,4.5,3.75,3.0,online
RESP_0153,K3,A,5,2,0,3,36.0,buy,solar,none,home,60pct,18.0,rent150,grid,cert50,3km,none,561,0.0,6,,0,1,4.5,3.75,3.0,online
RESP_0153,K3,A,1,3,0,3,24.0,rent150,grid,100audit,home,none,30.0,buy,solar,none,3km,40pct,561,0.0,8,2,0,1,4.5,3.75,3.0,online
RESP_0153,K3,A,7,4,0,2,18.0,rent250,solar,none,3km,60pct,36.0,buy,grid,100audit,1km,none,561,100.0,7,,0,1,4.5,3.75,3.0,online
RESP_0153,K3,A,3,5,1,1,18.0,buy,solar,100audit,home,60pct,36.0,rent350,grid,none,3km,none,561,100.0,7,,0,1,4.5,3.75,3.0,online
RESP_0153,K3,A,2,6,0,1,18.0,buy,solar,cert50,1km,60pct,36.0,rent350,grid,100audit,home,none,561,200.0,9,1,0,1,4.5,3.75,3.0,online
RESP_0153,K3,A,4,7,0,3,30.0,rent250,grid,cert50,3km,40pct,24.0,rent350,solar,100audit,1km,none,561,100.0,7,,0,1,4.5,3.75,3.0,online
RESP_0153,K3,A,8,8,0,3,30.0,buy,grid,100audit,home,40pct,24.0,rent250,grid,cert50,3km,none,561,0.0,5,,0,1,4.5,3.75,3.0,online
RESP_0154,K1,B,3,1,0,3,36.0,buy,solar,cert50,home,60pct,18.0,rent250,grid,none,3km,none,802,0.0,5,,0,1,3.83,3.25,3.25,online
RESP_0154,K1,B,5,2,0,3,30.0,rent150,solar,none,1km,40pct,24.0,buy,solar,cert50,home,none,802,200.0,8,,0,1,3.83,3.25,3.25,online
RESP_0154,K1,B,8,3,0,2,36.0,rent250,solar,100audit,1km,60pct,18.0,buy,grid,none,home,none,802,200.0,8,1,0,1,3.83,3.25,3.25,online
RESP_0154,K1,B,6,4,0,3,18.0,rent150,grid,100audit,3km,none,36.0,rent250,solar,none,1km,60pct,802,100.0,7,,0,1,3.83,3.25,3.25,online
RESP_0154,K1,B,4,5,1,1,18.0,buy,solar,100audit,home,60pct,36.0,rent350,grid,none,3km,none,802,100.0,9,,0,1,3.83,3.25,3.25,online
RESP_0154,K1,B,2,6,0,1,18.0,rent350,grid,cert50,3km,40pct,24.0,rent150,solar,100audit,1km,none,802,200.0,10,2,0,1,3.83,3.25,3.25,online
RESP_0154,K1,B,1,7,0,3,24.0,rent250,solar,none,1km,none,30.0,buy,grid,100audit,home,60pct,802,100.0,7,,0,1,3.83,3.25,3.25,online
RESP_0154,K1,B,7,8,0,3,24.0,buy,grid,cert50,home,40pct,30.0,rent350,grid,100audit,3km,none,802,0.0,6,,0,1,3.83,3.25,3.25,online
RESP_0155,K2,A,4,1,0,1,36.0,rent150,grid,cert50,home,40pct,30.0,buy,grid,100audit,1km,60pct,996,200.0,6,,0,1,1.67,3.25,3.75,online
RESP_0155,K2,A,6,2,0,3,24.0,rent250,solar,cert50,3km,none,18.0,buy,grid,100audit,home,40pct,996,0.0,8,,0,1,1.67,3.25,3.75,online
RESP_0155,K2,A,2,3,0,1,24.0,buy,solar,none,3km,60pct,36.0,buy,solar,100audit,home,none,996,0.0,7,3,0,1,1.67,3.25,3.75,online
RESP_0155,K2,A,5,4,1,2,36.0,rent350,grid,none,3km,none,18.0,buy,solar,100audit,home,60pct,996,100.0,7,,0,1,1.67,3.25,3.75,online
RESP_0155,K2,A,7,5,0,3,30.0,rent150,grid,none,1km,60pct,36.0,rent250,solar,cert50,3km,none,996,100.0,8,,0,1,1.67,3.25,3.75,online
RESP_0155,K2,A,8,6,0,3,18.0,buy,solar,cert50,home,none,24.0,rent150,solar,100audit,1km,60pct,996,200.0,4,3,0,1,1.67,3.25,3.75,online
RESP_0155,K2,A,1,7,0,2,30.0,rent350,solar,100audit,home,none,18.0,rent150,grid,cert50,1km,40pct,996,200.0,6,,0,1,1.67,3.25,3.75,online
RESP_0155,K2,A,3,8,0,1,18.0,rent250,grid,100audit,1km,none,24.0,rent350,solar,none,3km,40pct,996,100.0,8,,0,1,1.67,3.25,3.75,online
RESP_0156,K3,B,7,1,0,3,18.0,rent250,solar,none,3km,60pct,36.0,buy,grid,100audit,1km,none,723,100.0,4,,0,1,2.67,3.25,3.5,online
RESP_0156,K3,B,2,2,0,1,18.0,buy,solar,cert50,1km,60pct,36.0,rent350,grid,100audit,home,none,723,200.0,9,,0,1,2.67,3.25,3.5,online
RESP_0156,K3,B,1,3,0,3,24.0,rent150,grid,100audit,home,none,30.0,buy,solar,none,3km,40pct,723,0.0,7,1,0,1,2.67,3.25,3.5,online
RESP_0156,K3,B,8,4,0,3,30.0,buy,grid,100audit,home,40pct,24.0,rent250,grid,cert50,3km,none,723,0.0,5,,0,1,2.67,3.25,3.5,online
RESP_0156,K3,B,5,5,0,2,36.0,buy,solar,none,home,60pct,18.0,rent150,grid,cert50,3km,none,723,0.0,9,,0,1,2.67,3.25,3.5,online
RESP_0156,K3,B,4,6,0,3,30.0,rent250,grid,cert50,3km,40pct,24.0,rent350,solar,100audit,1km,none,723,100.0,8,2,0,1,2.67,3.25,3.5,online
RESP_0156,K3,B,3,7,1,1,18.0,buy,solar,100audit,home,60pct,36.0,rent350,grid,none,3km,none,723,100.0,9,,0,1,2.67,3.25,3.5,online
RESP_0156,K3,B,6,8,0,3,24.0,rent350,solar,100audit,1km,40pct,30.0,rent150,solar,cert50,home,none,723,200.0,8,,0,1,2.67,3.25,3.5,online
RESP_0157,K1,A,3,1,0,3,36.0,buy,solar,cert50,home,60pct,18.0,rent250,grid,none,3km,none,302,0.0,6,,0,1,3.67,2.75,2.5,online
RESP_0157,K1,A,6,2,0,3,18.0,rent150,grid,100audit,3km,none,36.0,rent250,solar,none,1km,60pct,302,100.0,7,,0,1,3.67,2.75,2.5,online
RESP_0157,K1,A,5,3,0,2,30.0,rent150,solar,none,1km,40pct,24.0,buy,solar,cert50,home,none,302,200.0,7,1,0,1,3.67,2.75,2.5,online
RESP_0157,K1,A,7,4,0,3,24.0,buy,grid,cert50,home,40pct,30.0,rent350,grid,100audit,3km,none,302,0.0,7,,0,1,3.67,2.75,2.5,online
RESP_0157,K1,A,4,5,1,1,18.0,buy,solar,100audit,home,60pct,36.0,rent350,grid,none,3km,none,302,100.0,10,,0,1,3.67,2.75,2.5,online
RESP_0157,K1,A,8,6,0,3,36.0,rent250,solar,100audit,1km,60pct,18.0,buy,grid,none,home,none,302,200.0,6,2,0,1,3.67,2.75,2.5,online
RESP_0157,K1,A,2,7,0,2,18.0,rent350,grid,cert50,3km,40pct,24.0,rent150,solar,100audit,1km,none,302,200.0,10,,0,1,3.67,2.75,2.5,online
RESP_0157,K1,A,1,8,0,1,24.0,rent250,solar,none,1km,none,30.0,buy,grid,100audit,home,60pct,302,100.0,10,,0,1,3.67,2.75,2.5,online
RESP_0158,K2,B,6,1,0,2,24.0,rent250,solar,cert50,3km,none,18.0,buy,grid,100audit,home,40pct,491,0.0,10,,0,1,3.0,2.5,4.0,online
RESP_0158,K2,B,5,2,1,2,36.0,rent350,grid,none,3km,none,18.0,buy,solar,100audit,home,60pct,491,100.0,6,,0,1,3.0,2.5,4.0,online
RESP_0158,K2,B,1,3,0,2,30.0,rent350,solar,100audit,home,none,18.0,rent150,grid,cert50,1km,40pct,491,200.0,8,1,0,1,3.0,2.5,4.0,online
RESP_0158,K2,B,8,4,0,3,18.0,buy,solar,cert50,home,none,24.0,rent150,solar,100audit,1km,60pct,491,200.0,6,,0,1,3.0,2.5,4.0,online
RESP_0158,K2,B,7,5,0,3,30.0,rent150,grid,none,1km,60pct,36.0,rent250,solar,cert50,3km,none,491,100.0,8,,0,1,3.0,2.5,4.0,online
RESP_0158,K2,B,3,6,0,1,18.0,rent250,grid,100audit,1km,none,24.0,rent350,solar,none,3km,40pct,491,100.0,7,1,0,1,3.0,2.5,4.0,online
RESP_0158,K2,B,2,7,0,1,24.0,buy,solar,none,3km,60pct,36.0,buy,solar,100audit,home,none,491,0.0,9,,0,1,3.0,2.5,4.0,online
RESP_0158,K2,B,4,8,0,3,36.0,rent150,grid,cert50,home,40pct,30.0,buy,grid,100audit,1km,60pct,491,200.0,4,,0,1,3.0,2.5,4.0,online
RESP_0159,K3,A,1,1,0,3,24.0,rent150,grid,100audit,home,none,30.0,buy,solar,none,3km,40pct,1060,0.0,6,,0,1,4.0,3.0,3.0,online
RESP_0159,K3,A,6,2,0,3,24.0,rent350,solar,100audit,1km,40pct,30.0,rent150,solar,cert50,home,none,1060,200.0,8,,0,1,4.0,3.0,3.0,online
RESP_0159,K3,A,2,3,0,3,18.0,buy,solar,cert50,1km,60pct,36.0,rent350,grid,100audit,home,none,1060,200.0,7,1,0,1,4.0,3.0,3.0,online
RESP_0159,K3,A,7,4,0,3,18.0,rent250,solar,none,3km,60pct,36.0,buy,grid,100audit,1km,none,1060,100.0,6,,0,1,4.0,3.0,3.0,online
RESP_0159,K3,A,5,5,0,3,36.0,buy,solar,none,home,60pct,18.0,rent150,grid,cert50,3km,none,1060,0.0,5,,0,1,4.0,3.0,3.0,online
RESP_0159,K3,A,4,6,0,3,30.0,rent250,grid,cert50,3km,40pct,24.0,rent350,solar,100audit,1km,none,1060,100.0,6,3,0,1,4.0,3.0,3.0,online
RESP_0159,K3,A,8,7,0,3,30.0,buy,grid,100audit,home,40pct,24.0,rent250,grid,cert50,3km,none,1060,0.0,8,,0,1,4.0,3.0,3.0,online
RESP_0159,K3,A,3,8,1,1,18.0,buy,solar,100audit,home,60pct,36.0,rent350,grid,none,3km,none,1060,100.0,6,,0,1,4.0,3.0,3.0,online
RESP_0160,K1,B,2,1,0,1,18.0,rent350,grid,cert50,3km,40pct,24.0,rent150,solar,100audit,1km,none,636,200.0,8,,0,1,2.67,3.25,3.25,online
RESP_0160,K1,B,8,2,0,2,36.0,rent250,solar,100audit,1km,60pct,18.0,buy,grid,none,home,none,636,200.0,9,,0,1,2.67,3.25,3.25,online
RESP_0160,K1,B,7,3,0,3,24.0,buy,grid,cert50,home,40pct,30.0,rent350,grid,100audit,3km,none,636,0.0,7,2,0,1,2.67,3.25,3.25,online
RESP_0160,K1,B,3,4,0,3,36.0,buy,solar,cert50,home,60pct,18.0,rent250,grid,none,3km,none,636,0.0,5,,0,1,2.67,3.25,3.25,online
RESP_0160,K1,B,4,5,1,2,18.0,buy,solar,100audit,home,60pct,36.0,rent350,grid,none,3km,none,636,100.0,6,,0,1,2.67,3.25,3.25,online
RESP_0160,K1,B,1,6,0,3,24.0,rent250,solar,none,1km,none,30.0,buy,grid,100audit,home,60pct,636,100.0,7,2,0,1,2.67,3.25,3.25,online
RESP_0160,K1,B,6,7,0,1,18.0,rent150,grid,100audit,3km,none,36.0,rent250,solar,none,1km,60pct,636,100.0,6,,0,1,2.67,3.25,3.25,online
RESP_0160,K1,B,5,8,0,1,30.0,rent150,solar,none,1km,40pct,24.0,buy,solar,cert50,home,none,636,200.0,10,,0,1,2.67,3.25,3.25,online
RESP_0161,K2,A,3,1,0,3,18.0,rent250,grid,100audit,1km,none,24.0,rent350,solar,none,3km,40pct,1266,100.0,8,,0,1,3.0,2.5,2.75,online
RESP_0161,K2,A,5,2,1,2,36.0,rent350,grid,none,3km,none,18.0,buy,solar,100audit,home,60pct,1266,100.0,9,,0,1,3.0,2.5,2.75,online
RESP_0161,K2,A,7,3,0,3,30.0,rent150,grid,none,1km,60pct,36.0,rent250,solar,cert50,3km,none,1266,100.0,4,1,0,1,3.0,2.5,2.75,online
RESP_0161,K2,A,1,4,0,3,30.0,rent350,solar,100audit,home,none,18.0,rent150,grid,cert50,1km,40pct,1266,200.0,8,,0,1,3.0,2.5,2.75,online
RESP_0161,K2,A,2,5,0,3,24.0,buy,solar,none,3km,60pct,36.0,buy,solar,100audit,home,none,1266,0.0,7,,0,1,3.0,2.5,2.75,online
RESP_0161,K2,A,6,6,0,3,24.0,rent250,solar,cert50,3km,none,18.0,buy,grid,100audit,home,40pct,1266,0.0,4,3,0,1,3.0,2.5,2.75,online
RESP_0161,K2,A,4,7,0,1,36.0,rent150,grid,cert50,home,40pct,30.0,buy,grid,100audit,1km,60pct,1266,200.0,9,,0,1,3.0,2.5,2.75,online
RESP_0161,K2,A,8,8,0,1,18.0,buy,solar,cert50,home,none,24.0,rent150,solar,100audit,1km,60pct,1266,200.0,8,,0,1,3.0,2.5,2.75,online
RESP_0162,K3,B,3,1,1,1,18.0,buy,solar,100audit,home,60pct,36.0,rent350,grid,none,3km,none,345,100.0,8,,0,1,2.67,2.75,3.25,online
RESP_0162,K3,B,5,2,0,3,36.0,buy,solar,none,home,60pct,18.0,rent150,grid,cert50,3km,none,345,0.0,6,,0,1,2.67,2.75,3.25,online
RESP_0162,K3,B,6,3,0,2,24.0,rent350,solar,100audit,1km,40pct,30.0,rent150,solar,cert50,home,none,345,200.0,8,3,0,1,2.67,2.75,3.25,online
RESP_0162,K3,B,2,4,0,1,18.0,buy,solar,cert50,1km,60pct,36.0,rent350,grid,100audit,home,none,345,200.0,6,,0,1,2.67,2.75,3.25,online
RESP_0162,K3,B,8,5,0,3,30.0,buy,grid,100audit,home,40pct,24.0,rent250,grid,cert50,3km,none,345,0.0,8,,0,1,2.67,2.75,3.25,online
RESP_0162,K3,B,1,6,0,1,24.0,rent150,grid,100audit,home,none,30.0,buy,solar,none,3km,40pct,345,0.0,8,3,0,1,2.67,2.75,3.25,online
RESP_0162,K3,B,4,7,0,3,30.0,rent250,grid,cert50,3km,40pct,24.0,rent350,solar,100audit,1km,none,345,100.0,8,,0,1,2.67,2.75,3.25,online
RESP_0162,K3,B,7,8,0,3,18.0,rent250,solar,none,3km,60pct,36.0,buy,grid,100audit,1km,none,345,100.0,4,,0,1,2.67,2.75,3.25,online
RESP_0163,K1,A,6,1,0,3,18.0,rent150,grid,100audit,3km,none,36.0,rent250,solar,none,1km,60pct,1169,100.0,7,,0,1,3.17,2.5,3.5,online
RESP_0163,K1,A,5,2,0,2,30.0,rent150,solar,none,1km,40pct,24.0,buy,solar,cert50,home,none,1169,200.0,10,,0,1,3.17,2.5,3.5,online
RESP_0163,K1,A,1,3,0,2,24.0,rent250,solar,none,1km,none,30.0,buy,grid,100audit,home,60pct,1169,100.0,8,1,0,1,3.17,2.5,3.5,online
RESP_0163,K1,A,3,4,0,3,36.0,buy,solar,cert50,home,60pct,18.0,rent250,grid,none,3km,none,1169,0.0,6,,0,1,3.17,2.5,3.5,online
RESP_0163,K1,A,4,5,1,1,18.0,buy,solar,100audit,home,60pct,36.0,rent350,grid,none,3km,none,1169,100.0,9,,0,1,3.17,2.5,3.5,online
RESP_0163,K1,A,7,6,0,3,24.0,buy,grid,cert50,home,40pct,30.0,rent350,grid,100audit,3km,none,1169,0.0,7,2,0,1,3.17,2.5,3.5,online
RESP_0163,K1,A,8,7,0,2,36.0,rent250,solar,100audit,1km,60pct,18.0,buy,grid,none,home,none,1169,200.0,7,,0,1,3.17,2.5,3.5,online
RESP_0163,K1,A,2,8,0,1,18.0,rent350,grid,cert50,3km,40pct,24.0,rent150,solar,100audit,1km,none,1169,200.0,10,,0,1,3.17,2.5,3.5,online
RESP_0164,K2,B,3,1,0,3,18.0,rent250,grid,100audit,1km,none,24.0,rent350,solar,none,3km,40pct,561,100.0,8,,0,1,2.0,3.25,2.25,online
RESP_0164,K2,B,4,2,0,3,36.0,rent150,grid,cert50,home,40pct,30.0,buy,grid,100audit,1km,60pct,561,200.0,8,,0,1,2.0,3.25,2.25,online
RESP_0164,K2,B,8,3,0,1,18.0,buy,solar,cert50,home,none,24.0,rent150,solar,100audit,1km,60pct,561,200.0,9,3,0,1,2.0,3.25,2.25,online
RESP_0164,K2,B,1,4,0,2,30.0,rent350,solar,100audit,home,none,18.0,rent150,grid,cert50,1km,40pct,561,200.0,7,,0,1,2.0,3.25,2.25,online
RESP_0164,K2,B,2,5,0,3,24.0,buy,solar,none,3km,60pct,36.0,buy,solar,100audit,home,none,561,0.0,5,,0,1,2.0,3.25,2.25,online
RESP_0164,K2,B,7,6,0,3,30.0,rent150,grid,none,1km,60pct,36.0,rent250,solar,cert50,3km,none,561,100.0,5,1,0,1,2.0,3.25,2.25,online
RESP_0164,K2,B,6,7,0,3,24.0,rent250,solar,cert50,3km,none,18.0,buy,grid,100audit,home,40pct,561,0.0,8,,0,1,2.0,3.25,2.25,online
RESP_0164,K2,B,5,8,1,2,36.0,rent350,grid,none,3km,none,18.0,buy,solar,100audit,home,60pct,561,100.0,10,,0,1,2.0,3.25,2.25,online
RESP_0165,K3,A,7,1,0,3,18.0,rent250,solar,none,3km,60pct,36.0,buy,grid,100audit,1km,none,1007,100.0,6,,0,1,3.0,3.25,2.75,online
RESP_0165,K3,A,8,2,0,3,30.0,buy,grid,100audit,home,40pct,24.0,rent250,grid,cert50,3km,none,1007,0.0,6,,0,1,3.0,3.25,2.75,online
RESP_0165,K3,A,3,3,1,1,18.0,buy,solar,100audit,home,60pct,36.0,rent350,grid,none,3km,none,1007,100.0,6,3,0,1,3.0,3.25,2.75,online
RESP_0165,K3,A,5,4,0,3,36.0,buy,solar,none,home,60pct,18.0,rent150,grid,cert50,3km,none,1007,0.0,7,,0,1,3.0,3.25,2.75,online
RESP_0165,K3,A,2,5,0,3,18.0,buy,solar,cert50,1km,60pct,36.0,rent350,grid,100audit,home,none,1007,200.0,6,,0,1,3.0,3.25,2.75,online
RESP_0165,K3,A,4,6,0,3,30.0,rent250,grid,cert50,3km,40pct,24.0,rent350,solar,100audit,1km,none,1007,100.0,4,3,0,1,3.0,3.25,2.75,online
RESP_0165,K3,A,1,7,0,3,24.0,rent150,grid,100audit,home,none,30.0,buy,solar,none,3km,40pct,1007,0.0,4,,0,1,3.0,3.25,2.75,online
RESP_0165,K3,A,6,8,0,3,24.0,rent350,solar,100audit,1km,40pct,30.0,rent150,solar,cert50,home,none,1007,200.0,6,,0,1,3.0,3.25,2.75,online
RESP_0166,K1,B,7,1,0,3,24.0,buy,grid,cert50,home,40pct,30.0,rent350,grid,100audit,3km,none,416,0.0,4,,0,1,2.83,2.75,3.25,online
RESP_0166,K1,B,3,2,0,3,36.0,buy,solar,cert50,home,60pct,18.0,rent250,grid,none,3km,none,416,0.0,5,,0,1,2.83,2.75,3.25,online
RESP_0166,K1,B,2,3,0,1,18.0,rent350,grid,cert50,3km,40pct,24.0,rent150,solar,100audit,1km,none,416,200.0,6,2,0,1,2.83,2.75,3.25,online
RESP_0166,K1,B,5,4,0,3,30.0,rent150,solar,none,1km,40pct,24.0,buy,solar,cert50,home,none,416,200.0,6,,0,1,2.83,2.75,3.25,online
RESP_0166,K1,B,4,5,1,1,18.0,buy,solar,100audit,home,60pct,36.0,rent350,grid,none,3km,none,416,100.0,9,,0,1,2.83,2.75,3.25,online
RESP_0166,K1,B,1,6,0,2,24.0,rent250,solar,none,1km,none,30.0,buy,grid,100audit,home,60pct,416,100.0,9,1,0,1,2.83,2.75,3.25,online
RESP_0166,K1,B,6,7,0,3,18.0,rent150,grid,100audit,3km,none,36.0,rent250,solar,none,1km,60pct,416,100.0,4,,0,1,2.83,2.75,3.25,online
RESP_0166,K1,B,8,8,0,2,36.0,rent250,solar,100audit,1km,60pct,18.0,buy,grid,none,home,none,416,200.0,9,,0,1,2.83,2.75,3.25,online
RESP_0167,K2,A,3,1,0,1,18.0,rent250,grid,100audit,1km,none,24.0,rent350,solar,none,3km,40pct,349,100.0,9,,0,1,2.67,3.25,3.0,online
RESP_0167,K2,A,7,2,0,3,30.0,rent150,grid,none,1km,60pct,36.0,rent250,solar,cert50,3km,none,349,100.0,7,,0,1,2.67,3.25,3.0,online
RESP_0167,K2,A,5,3,1,2,36.0,rent350,grid,none,3km,none,18.0,buy,solar,100audit,home,60pct,349,100.0,6,2,0,1,2.67,3.25,3.0,online
RESP_0167,K2,A,6,4,0,3,24.0,rent250,solar,cert50,3km,none,18.0,buy,grid,100audit,home,40pct,349,0.0,5,,0,1,2.67,3.25,3.0,online
RESP_0167,K2,A,8,5,0,1,18.0,buy,solar,cert50,home,none,24.0,rent150,solar,100audit,1km,60pct,349,200.0,6,,0,1,2.67,3.25,3.0,online
RESP_0167,K2,A,4,6,0,2,36.0,rent150,grid,cert50,home,40pct,30.0,buy,grid,100audit,1km,60pct,349,200.0,6,2,0,1,2.67,3.25,3.0,online
RESP_0167,K2,A,2,7,0,3,24.0,buy,solar,none,3km,60pct,36.0,buy,solar,100audit,home,none,349,0.0,5,,0,1,2.67,3.25,3.0,online
RESP_0167,K2,A,1,8,0,3,30.0,rent350,solar,100audit,home,none,18.0,rent150,grid,cert50,1km,40pct,349,200.0,6,,0,1,2.67,3.25,3.0,online
RESP_0168,K3,B,8,1,0,3,30.0,buy,grid,100audit,home,40pct,24.0,rent250,grid,cert50,3km,none,1207,0.0,8,,0,1,2.5,2.0,3.0,online
RESP_0168,K3,B,1,2,0,3,24.0,rent150,grid,100audit,home,none,30.0,buy,solar,none,3km,40pct,1207,0.0,7,,0,1,2.5,2.0,3.0,online
RESP_0168,K3,B,6,3,0,1,24.0,rent350,solar,100audit,1km,40pct,30.0,rent150,solar,cert50,home,none,1207,200.0,8,3,0,1,2.5,2.0,3.0,online
RESP_0168,K3,B,3,4,1,1,18.0,buy,solar,100audit,home,60pct,36.0,rent350,grid,none,3km,none,1207,100.0,9,,0,1,2.5,2.0,3.0,online
RESP_0168,K3,B,5,5,0,3,36.0,buy,solar,none,home,60pct,18.0,rent150,grid,cert50,3km,none,1207,0.0,4,,0,1,2.5,2.0,3.0,online
RESP_0168,K3,B,7,6,0,2,18.0,rent250,solar,none,3km,60pct,36.0,buy,grid,100audit,1km,none,1207,100.0,6,3,0,1,2.5,2.0,3.0,online
RESP_0168,K3,B,2,7,0,3,18.0,buy,solar,cert50,1km,60pct,36.0,rent350,grid,100audit,home,none,1207,200.0,5,,0,1,2.5,2.0,3.0,online
RESP_0168,K3,B,4,8,0,3,30.0,rent250,grid,cert50,3km,40pct,24.0,rent350,solar,100audit,1km,none,1207,100.0,5,,0,1,2.5,2.0,3.0,online
RESP_0169,K1,A,8,1,0,2,36.0,rent250,solar,100audit,1km,60pct,18.0,buy,grid,none,home,none,1065,200.0,8,,0,1,2.67,3.5,3.25,online
RESP_0169,K1,A,3,2,0,3,36.0,buy,solar,cert50,home,60pct,18.0,rent250,grid,none,3km,none,1065,0.0,4,,0,1,2.67,3.5,3.25,online
RESP_0169,K1,A,7,3,0,3,24.0,buy,grid,cert50,home,40pct,30.0,rent350,grid,100audit,3km,none,1065,0.0,5,1,0,1,2.67,3.5,3.25,online
RESP_0169,K1,A,6,4,0,3,18.0,rent150,grid,100audit,3km,none,36.0,rent250,solar,none,1km,60pct,1065,100.0,6,,0,1,2.67,3.5,3.25,online
RESP_0169,K1,A,2,5,0,1,18.0,rent350,grid,cert50,3km,40pct,24.0,rent150,solar,100audit,1km,none,1065,200.0,7,,0,1,2.67,3.5,3.25,online
RESP_0169,K1,A,1,6,0,3,24.0,rent250,solar,none,1km,none,30.0,buy,grid,100audit,home,60pct,1065,100.0,7,1,0,1,2.67,3.5,3.25,online
RESP_0169,K1,A,4,7,1,1,18.0,buy,solar,100audit,home,60pct,36.0,rent350,grid,none,3km,none,1065,100.0,7,,0,1,2.67,3.5,3.25,online
RESP_0169,K1,A,5,8,0,3,30.0,rent150,solar,none,1km,40pct,24.0,buy,solar,cert50,home,none,1065,200.0,7,,0,1,2.67,3.5,3.25,online
RESP_0170,K2,B,5,1,1,2,36.0,rent350,grid,none,3km,none,18.0,buy,solar,100audit,home,60pct,1428,100.0,7,,0,1,4.33,3.0,2.5,online
RESP_0170,K2,B,3,2,0,1,18.0,rent250,grid,100audit,1km,none,24.0,rent350,solar,none,3km,40pct,1428,100.0,7,,0,1,4.33,3.0,2.5,online
RESP_0170,K2,B,6,3,0,3,24.0,rent250,solar,cert50,3km,none,18.0,buy,grid,100audit,home,40pct,1428,0.0,8,3,0,1,4.33,3.0,2.5,online
RESP_0170,K2,B,7,4,0,3,30.0,rent150,grid,none,1km,60pct,36.0,rent250,solar,cert50,3km,none,1428,100.0,6,,0,1,4.33,3.0,2.5,online
RESP_0170,K2,B,8,5,0,3,18.0,buy,solar,cert50,home,none,24.0,rent150,solar,100audit,1km,60pct,1428,200.0,4,,0,1,4.33,3.0,2.5,online
RESP_0170,K2,B,1,6,0,2,30.0,rent350,solar,100audit,home,none,18.0,rent150,grid,cert50,1km,40pct,1428,200.0,10,2,0,1,4.33,3.0,2.5,online
RESP_0170,K2,B,4,7,0,3,36.0,rent150,grid,cert50,home,40pct,30.0,buy,grid,100audit,1km,60pct,1428,200.0,8,,0,1,4.33,3.0,2.5,online
RESP_0170,K2,B,2,8,0,3,24.0,buy,solar,none,3km,60pct,36.0,buy,solar,100audit,home,none,1428,0.0,5,,0,1,4.33,3.0,2.5,online
RESP_0171,K3,A,8,1,0,2,30.0,buy,grid,100audit,home,40pct,24.0,rent250,grid,cert50,3km,none,1023,0.0,6,,0,1,2.0,4.25,3.5,online
RESP_0171,K3,A,1,2,0,3,24.0,rent150,grid,100audit,home,none,30.0,buy,solar,none,3km,40pct,1023,0.0,5,,0,1,2.0,4.25,3.5,online
RESP_0171,K3,A,3,3,1,1,18.0,buy,solar,100audit,home,60pct,36.0,rent350,grid,none,3km,none,1023,100.0,10,2,0,1,2.0,4.25,3.5,online
RESP_0171,K3,A,6,4,0,3,24.0,rent350,solar,100audit,1km,40pct,30.0,rent150,solar,cert50,home,none,1023,200.0,7,,0,1,2.0,4.25,3.5,online
RESP_0171,K3,A,5,5,0,3,36.0,buy,solar,none,home,60pct,18.0,rent150,grid,cert50,3km,none,1023,0.0,5,,0,1,2.0,4.25,3.5,online
RESP_0171,K3,A,2,6,0,3,18.0,buy,solar,cert50,1km,60pct,36.0,rent350,grid,100audit,home,none,1023,200.0,8,3,0,1,2.0,4.25,3.5,online
RESP_0171,K3,A,4,7,0,3,30.0,rent250,grid,cert50,3km,40pct,24.0,rent350,solar,100audit,1km,none,1023,100.0,7,,0,1,2.0,4.25,3.5,online
RESP_0171,K3,A,7,8,0,1,18.0,rent250,solar,none,3km,60pct,36.0,buy,grid,100audit,1km,none,1023,100.0,9,,0,1,2.0,4.25,3.5,online
RESP_0172,K1,B,4,1,1,1,18.0,buy,solar,100audit,home,60pct,36.0,rent350,grid,none,3km,none,1164,100.0,10,,0,1,2.67,3.5,3.25,online
RESP_0172,K1,B,5,2,0,3,30.0,rent150,solar,none,1km,40pct,24.0,buy,solar,cert50,home,none,1164,200.0,5,,0,1,2.67,3.5,3.25,online
RESP_0172,K1,B,6,3,0,1,18.0,rent150,grid,100audit,3km,none,36.0,rent250,solar,none,1km,60pct,1164,100.0,9,2,0,1,2.67,3.5,3.25,online
RESP_0172,K1,B,7,4,0,3,24.0,buy,grid,cert50,home,40pct,30.0,rent350,grid,100audit,3km,none,1164,0.0,5,,0,1,2.67,3.5,3.25,online
RESP_0172,K1,B,3,5,0,3,36.0,buy,solar,cert50,home,60pct,18.0,rent250,grid,none,3km,none,1164,0.0,6,,0,1,2.67,3.5,3.25,online
RESP_0172,K1,B,2,6,0,2,18.0,rent350,grid,cert50,3km,40pct,24.0,rent150,solar,100audit,1km,none,1164,200.0,6,3,0,1,2.67,3.5,3.25,online
RESP_0172,K1,B,1,7,0,3,24.0,rent250,solar,none,1km,none,30.0,buy,grid,100audit,home,60pct,1164,100.0,5,,0,1,2.67,3.5,3.25,online
RESP_0172,K1,B,8,8,0,2,36.0,rent250,solar,100audit,1km,60pct,18.0,buy,grid,none,home,none,1164,200.0,6,,0,1,2.67,3.5,3.25,online
RESP_0173,K2,A,8,1,0,1,18.0,buy,solar,cert50,home,none,24.0,rent150,solar,100audit,1km,60pct,459,200.0,8,,0,1,2.0,3.75,2.5,online
RESP_0173,K2,A,1,2,0,3,30.0,rent350,solar,100audit,home,none,18.0,rent150,grid,cert50,1km,40pct,459,200.0,7,,0,1,2.0,3.75,2.5,online
RESP_0173,K2,A,2,3,0,3,24.0,buy,solar,none,3km,60pct,36.0,buy,solar,100audit,home,none,459,0.0,4,2,0,1,2.0,3.75,2.5,online
RESP_0173,K2,A,3,4,0,1,18.0,rent250,grid,100audit,1km,none,24.0,rent350,solar,none,3km,40pct,459,100.0,7,,0,1,2.0,3.75,2.5,online
RESP_0173,K2,A,6,5,0,3,24.0,rent250,solar,cert50,3km,none,18.0,buy,grid,100audit,home,40pct,459,0.0,7,,0,1,2.0,3.75,2.5,online
RESP_0173,K2,A,4,6,0,3,36.0,rent150,grid,cert50,home,40pct,30.0,buy,grid,100audit,1km,60pct,459,200.0,6,1,0,1,2.0,3.75,2.5,online
RESP_0173,K2,A,7,7,0,3,30.0,rent150,grid,none,1km,60pct,36.0,rent250,solar,cert50,3km,none,459,100.0,7,,0,1,2.0,3.75,2.5,online
RESP_0173,K2,A,5,8,1,2,36.0,rent350,grid,none,3km,none,18.0,buy,solar,100audit,home,60pct,459,100.0,8,,0,1,2.0,3.75,2.5,online
RESP_0174,K3,B,2,1,0,3,18.0,buy,solar,cert50,1km,60pct,36.0,rent350,grid,100audit,home,none,1079,200.0,8,,0,1,4.0,3.0,4.25,online
RESP_0174,K3,B,5,2,0,2,36.0,buy,solar,none,home,60pct,18.0,rent150,grid,cert50,3km,none,1079,0.0,8,,0,1,4.0,3.0,4.25,online
RESP_0174,K3,B,4,3,0,3,30.0,rent250,grid,cert50,3km,40pct,24.0,rent350,solar,100audit,1km,none,1079,100.0,6,2,0,1,4.0,3.0,4.25,online
RESP_0174,K3,B,6,4,0,1,24.0,rent350,solar,100audit,1km,40pct,30.0,rent150,solar,cert50,home,none,1079,200.0,9,,0,1,4.0,3.0,4.25,online
RESP_0174,K3,B,1,5,0,3,24.0,rent150,grid,100audit,home,none,30.0,buy,solar,none,3km,40pct,1079,0.0,8,,0,1,4.0,3.0,4.25,online
RESP_0174,K3,B,3,6,1,1,18.0,buy,solar,100audit,home,60pct,36.0,rent350,grid,none,3km,none,1079,100.0,7,1,0,1,4.0,3.0,4.25,online
RESP_0174,K3,B,8,7,0,3,30.0,buy,grid,100audit,home,40pct,24.0,rent250,grid,cert50,3km,none,1079,0.0,4,,0,1,4.0,3.0,4.25,online
RESP_0174,K3,B,7,8,0,3,18.0,rent250,solar,none,3km,60pct,36.0,buy,grid,100audit,1km,none,1079,100.0,5,,0,1,4.0,3.0,4.25,online
RESP_0175,K1,A,2,1,0,3,18.0,rent350,grid,cert50,3km,40pct,24.0,rent150,solar,100audit,1km,none,266,200.0,5,,0,1,3.0,3.25,3.0,online
RESP_0175,K1,A,4,2,1,1,18.0,buy,solar,100audit,home,60pct,36.0,rent350,grid,none,3km,none,266,100.0,10,,0,1,3.0,3.25,3.0,online
RESP_0175,K1,A,5,3,0,2,30.0,rent150,solar,none,1km,40pct,24.0,buy,solar,cert50,home,none,266,200.0,7,2,0,1,3.0,3.25,3.0,online
RESP_0175,K1,A,7,4,0,3,24.0,buy,grid,cert50,home,40pct,30.0,rent350,grid,100audit,3km,none,266,0.0,5,,0,1,3.0,3.25,3.0,online
RESP_0175,K1,A,6,5,0,3,18.0,rent150,grid,100audit,3km,none,36.0,rent250,solar,none,1km,60pct,266,100.0,7,,0,1,3.0,3.25,3.0,online
RESP_0175,K1,A,1,6,0,1,24.0,rent250,solar,none,1km,none,30.0,buy,grid,100audit,home,60pct,266,100.0,7,3,0,1,3.0,3.25,3.0,online
RESP_0175,K1,A,8,7,0,3,36.0,rent250,solar,100audit,1km,60pct,18.0,buy,grid,none,home,none,266,200.0,6,,0,1,3.0,3.25,3.0,online
RESP_0175,K1,A,3,8,0,3,36.0,buy,solar,cert50,home,60pct,18.0,rent250,grid,none,3km,none,266,0.0,7,,0,1,3.0,3.25,3.0,online
RESP_0176,K2,B,6,1,0,3,24.0,rent250,solar,cert50,3km,none,18.0,buy,grid,100audit,home,40pct,361,0.0,8,,0,1,1.83,2.5,2.75,online
RESP_0176,K2,B,3,2,0,1,18.0,rent250,grid,100audit,1km,none,24.0,rent350,solar,none,3km,40pct,361,100.0,7,,0,1,1.83,2.5,2.75,online
RESP_0176,K2,B,5,3,1,2,36.0,rent350,grid,none,3km,none,18.0,buy,solar,100audit,home,60pct,361,100.0,10,3,0,1,1.83,2.5,2.75,online
RESP_0176,K2,B,2,4,0,3,24.0,buy,solar,none,3km,60pct,36.0,buy,solar,100audit,home,none,361,0.0,4,,0,1,1.83,2.5,2.75,online
RESP_0176,K2,B,7,5,0,3,30.0,rent150,grid,none,1km,60pct,36.0,rent250,solar,cert50,3km,none,361,100.0,4,,0,1,1.83,2.5,2.75,online
RESP_0176,K2,B,8,6,0,3,18.0,buy,solar,cert50,home,none,24.0,rent150,solar,100audit,1km,60pct,361,200.0,4,1,0,1,1.83,2.5,2.75,online
RESP_0176,K2,B,4,7,0,3,36.0,rent150,grid,cert50,home,40pct,30.0,buy,grid,100audit,1km,60pct,361,200.0,8,,0,1,1.83,2.5,2.75,online
RESP_0176,K2,B,1,8,0,3,30.0,rent350,solar,100audit,home,none,18.0,rent150,grid,cert50,1km,40pct,361,200.0,7,,0,1,1.83,2.5,2.75,online
RESP_0177,K3,A,8,1,0,3,30.0,buy,grid,100audit,home,40pct,24.0,rent250,grid,cert50,3km,none,1155,0.0,7,,0,1,2.5,3.5,3.25,online
RESP_0177,K3,A,5,2,0,2,36.0,buy,solar,none,home,60pct,18.0,rent150,grid,cert50,3km,none,1155,0.0,10,,0,1,2.5,3.5,3.25,online
RESP_0177,K3,A,4,3,0,1,30.0,rent250,grid,cert50,3km,40pct,24.0,rent350,solar,100audit,1km,none,1155,100.0,10,3,0,1,2.5,3.5,3.25,online
RESP_0177,K3,A,3,4,1,1,18.0,buy,solar,100audit,home,60pct,36.0,rent350,grid,none,3km,none,1155,100.0,7,,0,1,2.5,3.5,3.25,online
RESP_0177,K3,A,6,5,0,3,24.0,rent350,solar,100audit,1km,40pct,30.0,rent150,solar,cert50,home,none,1155,200.0,6,,0,1,2.5,3.5,3.25,online
RESP_0177,K3,A,1,6,0,3,24.0,rent150,grid,100audit,home,none,30.0,buy,solar,none,3km,40pct,1155,0.0,5,2,0,1,2.5,3.5,3.25,online
RESP_0177,K3,A,7,7,0,3,18.0,rent250,solar,none,3km,60pct,36.0,buy,grid,100audit,1km,none,1155,100.0,8,,0,1,2.5,3.5,3.25,online
RESP_0177,K3,A,2,8,0,1,18.0,buy,solar,cert50,1km,60pct,36.0,rent350,grid,100audit,home,none,1155,200.0,10,,0,1,2.5,3.5,3.25,online
RESP_0178,K1,B,5,1,0,3,30.0,rent150,solar,none,1km,40pct,24.0,buy,solar,cert50,home,none,526,200.0,6,,0,1,3.33,3.5,2.5,online
RESP_0178,K1,B,4,2,1,1,18.0,buy,solar,100audit,home,60pct,36.0,rent350,grid,none,3km,none,526,100.0,7,,0,1,3.33,3.5,2.5,online
RESP_0178,K1,B,2,3,0,2,18.0,rent350,grid,cert50,3km,40pct,24.0,rent150,solar,100audit,1km,none,526,200.0,9,2,0,1,3.33,3.5,2.5,online
RESP_0178,K1,B,6,4,0,3,18.0,rent150,grid,100audit,3km,none,36.0,rent250,solar,none,1km,60pct,526,100.0,4,,0,1,3.33,3.5,2.5,online
RESP_0178,K1,B,7,5,0,3,24.0,buy,grid,cert50,home,40pct,30.0,rent350,grid,100audit,3km,none,526,0.0,4,,0,1,3.33,3.5,2.5,online
RESP_0178,K1,B,3,6,0,3,36.0,buy,solar,cert50,home,60pct,18.0,rent250,grid,none,3km,none,526,0.0,6,1,0,1,3.33,3.5,2.5,online
RESP_0178,K1,B,8,7,0,3,36.0,rent250,solar,100audit,1km,60pct,18.0,buy,grid,none,home,none,526,200.0,8,,0,1,3.33,3.5,2.5,online
RESP_0178,K1,B,1,8,0,3,24.0,rent250,solar,none,1km,none,30.0,buy,grid,100audit,home,60pct,526,100.0,6,,0,1,3.33,3.5,2.5,online
RESP_0179,K2,A,3,1,0,3,18.0,rent250,grid,100audit,1km,none,24.0,rent350,solar,none,3km,40pct,370,100.0,8,,0,1,3.33,3.0,3.5,online
RESP_0179,K2,A,4,2,0,2,36.0,rent150,grid,cert50,home,40pct,30.0,buy,grid,100audit,1km,60pct,370,200.0,7,,0,1,3.33,3.0,3.5,online
RESP_0179,K2,A,6,3,0,3,24.0,rent250,solar,cert50,3km,none,18.0,buy,grid,100audit,home,40pct,370,0.0,5,1,0,1,3.33,3.0,3.5,online
RESP_0179,K2,A,7,4,0,3,30.0,rent150,grid,none,1km,60pct,36.0,rent250,solar,cert50,3km,none,370,100.0,7,,0,1,3.33,3.0,3.5,online
RESP_0179,K2,A,5,5,1,2,36.0,rent350,grid,none,3km,none,18.0,buy,solar,100audit,home,60pct,370,100.0,9,,0,1,3.33,3.0,3.5,online
RESP_0179,K2,A,8,6,0,3,18.0,buy,solar,cert50,home,none,24.0,rent150,solar,100audit,1km,60pct,370,200.0,8,2,0,1,3.33,3.0,3.5,online
RESP_0179,K2,A,2,7,0,3,24.0,buy,solar,none,3km,60pct,36.0,buy,solar,100audit,home,none,370,0.0,8,,0,1,3.33,3.0,3.5,online
RESP_0179,K2,A,1,8,0,2,30.0,rent350,solar,100audit,home,none,18.0,rent150,grid,cert50,1km,40pct,370,200.0,8,,0,1,3.33,3.0,3.5,online
RESP_0180,K3,B,7,1,0,3,18.0,rent250,solar,none,3km,60pct,36.0,buy,grid,100audit,1km,none,1362,100.0,5,,0,1,2.83,3.5,3.0,online
RESP_0180,K3,B,1,2,0,3,24.0,rent150,grid,100audit,home,none,30.0,buy,solar,none,3km,40pct,1362,0.0,4,,0,1,2.83,3.5,3.0,online
RESP_0180,K3,B,8,3,0,3,30.0,buy,grid,100audit,home,40pct,24.0,rent250,grid,cert50,3km,none,1362,0.0,4,2,0,1,2.83,3.5,3.0,online
RESP_0180,K3,B,2,4,0,3,18.0,buy,solar,cert50,1km,60pct,36.0,rent350,grid,100audit,home,none,1362,200.0,7,,0,1,2.83,3.5,3.0,online
RESP_0180,K3,B,6,5,0,3,24.0,rent350,solar,100audit,1km,40pct,30.0,rent150,solar,cert50,home,none,1362,200.0,4,,0,1,2.83,3.5,3.0,online
RESP_0180,K3,B,4,6,0,2,30.0,rent250,grid,cert50,3km,40pct,24.0,rent350,solar,100audit,1km,none,1362,100.0,6,1,0,1,2.83,3.5,3.0,online
RESP_0180,K3,B,5,7,0,3,36.0,buy,solar,none,home,60pct,18.0,rent150,grid,cert50,3km,none,1362,0.0,4,,0,1,2.83,3.5,3.0,online
RESP_0180,K3,B,3,8,1,1,18.0,buy,solar,100audit,home,60pct,36.0,rent350,grid,none,3km,none,1362,100.0,6,,0,1,2.83,3.5,3.0,online
RESP_0181,K1,A,5,1,0,3,30.0,rent150,solar,none,1km,40pct,24.0,buy,solar,cert50,home,none,1487,200.0,8,,0,1,2.67,3.25,3.0,online
RESP_0181,K1,A,7,2,0,3,24.0,buy,grid,cert50,home,40pct,30.0,rent350,grid,100audit,3km,none,1487,0.0,5,,0,1,2.67,3.25,3.0,online
RESP_0181,K1,A,8,3,0,1,36.0,rent250,solar,100audit,1km,60pct,18.0,buy,grid,none,home,none,1487,200.0,7,3,0,1,2.67,3.25,3.0,online
RESP_0181,K1,A,1,4,0,1,24.0,rent250,solar,none,1km,none,30.0,buy,grid,100audit,home,60pct,1487,100.0,7,,0,1,2.67,3.25,3.0,online
RESP_0181,K1,A,4,5,1,1,18.0,buy,solar,100audit,home,60pct,36.0,rent350,grid,none,3km,none,1487,100.0,10,,0,1,2.67,3.25,3.0,online
RESP_0181,K1,A,6,6,0,3,18.0,rent150,grid,100audit,3km,none,36.0,rent250,solar,none,1km,60pct,1487,100.0,5,3,0,1,2.67,3.25,3.0,online
RESP_0181,K1,A,2,7,0,1,18.0,rent350,grid,cert50,3km,40pct,24.0,rent150,solar,100audit,1km,none,1487,200.0,8,,0,1,2.67,3.25,3.0,online
RESP_0181,K1,A,3,8,0,3,36.0,buy,solar,cert50,home,60pct,18.0,rent250,grid,none,3km,none,1487,0.0,7,,0,1,2.67,3.25,3.0,online
RESP_0182,K2,B,6,1,0,3,24.0,rent250,solar,cert50,3km,none,18.0,buy,grid,100audit,home,40pct,951,0.0,4,,0,1,3.0,2.75,4.0,online
RESP_0182,K2,B,2,2,0,3,24.0,buy,solar,none,3km,60pct,36.0,buy,solar,100audit,home,none,951,0.0,8,,0,1,3.0,2.75,4.0,online
RESP_0182,K2,B,8,3,0,3,18.0,buy,solar,cert50,home,none,24.0,rent150,solar,100audit,1km,60pct,951,200.0,5,1,0,1,3.0,2.75,4.0,online
RESP_0182,K2,B,5,4,1,2,36.0,rent350,grid,none,3km,none,18.0,buy,solar,100audit,home,60pct,951,100.0,6,,0,1,3.0,2.75,4.0,online
RESP_0182,K2,B,4,5,0,1,36.0,rent150,grid,cert50,home,40pct,30.0,buy,grid,100audit,1km,60pct,951,200.0,6,,0,1,3.0,2.75,4.0,online
RESP_0182,K2,B,7,6,0,3,30.0,rent150,grid,none,1km,60pct,36.0,rent250,solar,cert50,3km,none,951,100.0,7,1,0,1,3.0,2.75,4.0,online
RESP_0182,K2,B,3,7,0,1,18.0,rent250,grid,100audit,1km,none,24.0,rent350,solar,none,3km,40pct,951,100.0,7,,0,1,3.0,2.75,4.0,online
RESP_0182,K2,B,1,8,0,2,30.0,rent350,solar,100audit,home,none,18.0,rent150,grid,cert50,1km,40pct,951,200.0,9,,0,1,3.0,2.75,4.0,online
RESP_0183,K3,A,7,1,0,3,18.0,rent250,solar,none,3km,60pct,36.0,buy,grid,100audit,1km,none,1310,100.0,8,,0,1,2.5,3.0,3.25,online
RESP_0183,K3,A,6,2,0,3,24.0,rent350,solar,100audit,1km,40pct,30.0,rent150,solar,cert50,home,none,1310,200.0,4,,0,1,2.5,3.0,3.25,online
RESP_0183,K3,A,2,3,0,3,18.0,buy,solar,cert50,1km,60pct,36.0,rent350,grid,100audit,home,none,1310,200.0,4,2,0,1,2.5,3.0,3.25,online
RESP_0183,K3,A,3,4,1,1,18.0,buy,solar,100audit,home,60pct,36.0,rent350,grid,none,3km,none,1310,100.0,7,,0,1,2.5,3.0,3.25,online
RESP_0183,K3,A,5,5,0,3,36.0,buy,solar,none,home,60pct,18.0,rent150,grid,cert50,3km,none,1310,0.0,6,,0,1,2.5,3.0,3.25,online
RESP_0183,K3,A,4,6,0,3,30.0,rent250,grid,cert50,3km,40pct,24.0,rent350,solar,100audit,1km,none,1310,100.0,8,2,0,1,2.5,3.0,3.25,online
RESP_0183,K3,A,8,7,0,3,30.0,buy,grid,100audit,home,40pct,24.0,rent250,grid,cert50,3km,none,1310,0.0,7,,0,1,2.5,3.0,3.25,online
RESP_0183,K3,A,1,8,0,3,24.0,rent150,grid,100audit,home,none,30.0,buy,solar,none,3km,40pct,1310,0.0,5,,0,1,2.5,3.0,3.25,online
RESP_0184,K1,B,6,1,0,1,18.0,rent150,grid,100audit,3km,none,36.0,rent250,solar,none,1km,60pct,638,100.0,7,,0,1,3.33,3.25,2.5,online
RESP_0184,K1,B,3,2,0,3,36.0,buy,solar,cert50,home,60pct,18.0,rent250,grid,none,3km,none,638,0.0,4,,0,1,3.33,3.25,2.5,online
RESP_0184,K1,B,5,3,0,3,30.0,rent150,solar,none,1km,40pct,24.0,buy,solar,cert50,home,none,638,200.0,7,2,0,1,3.33,3.25,2.5,online
RESP_0184,K1,B,2,4,0,3,18.0,rent350,grid,cert50,3km,40pct,24.0,rent150,solar,100audit,1km,none,638,200.0,7,,0,1,3.33,3.25,2.5,online
RESP_0184,K1,B,7,5,0,3,24.0,buy,grid,cert50,home,40pct,30.0,rent350,grid,100audit,3km,none,638,0.0,7,,0,1,3.33,3.25,2.5,online
RESP_0184,K1,B,4,6,1,1,18.0,buy,solar,100audit,home,60pct,36.0,rent350,grid,none,3km,none,638,100.0,8,2,0,1,3.33,3.25,2.5,online
RESP_0184,K1,B,8,7,0,3,36.0,rent250,solar,100audit,1km,60pct,18.0,buy,grid,none,home,none,638,200.0,8,,0,1,3.33,3.25,2.5,online
RESP_0184,K1,B,1,8,0,3,24.0,rent250,solar,none,1km,none,30.0,buy,grid,100audit,home,60pct,638,100.0,5,,0,1,3.33,3.25,2.5,online
RESP_0185,K2,A,8,1,0,1,18.0,buy,solar,cert50,home,none,24.0,rent150,solar,100audit,1km,60pct,1027,200.0,6,,0,1,3.33,4.0,2.5,online
RESP_0185,K2,A,2,2,0,3,24.0,buy,solar,none,3km,60pct,36.0,buy,solar,100audit,home,none,1027,0.0,5,,0,1,3.33,4.0,2.5,online
RESP_0185,K2,A,6,3,0,3,24.0,rent250,solar,cert50,3km,none,18.0,buy,grid,100audit,home,40pct,1027,0.0,5,3,0,1,3.33,4.0,2.5,online
RESP_0185,K2,A,7,4,0,3,30.0,rent150,grid,none,1km,60pct,36.0,rent250,solar,cert50,3km,none,1027,100.0,5,,0,1,3.33,4.0,2.5,online
RESP_0185,K2,A,4,5,0,3,36.0,rent150,grid,cert50,home,40pct,30.0,buy,grid,100audit,1km,60pct,1027,200.0,5,,0,1,3.33,4.0,2.5,online
RESP_0185,K2,A,5,6,1,2,36.0,rent350,grid,none,3km,none,18.0,buy,solar,100audit,home,60pct,1027,100.0,7,1,0,1,3.33,4.0,2.5,online
RESP_0185,K2,A,1,7,0,3,30.0,rent350,solar,100audit,home,none,18.0,rent150,grid,cert50,1km,40pct,1027,200.0,8,,0,1,3.33,4.0,2.5,online
RESP_0185,K2,A,3,8,0,3,18.0,rent250,grid,100audit,1km,none,24.0,rent350,solar,none,3km,40pct,1027,100.0,4,,0,1,3.33,4.0,2.5,online
RESP_0186,K3,B,3,1,1,1,18.0,buy,solar,100audit,home,60pct,36.0,rent350,grid,none,3km,none,722,100.0,9,,0,1,3.5,3.75,3.0,online
RESP_0186,K3,B,1,2,0,3,24.0,rent150,grid,100audit,home,none,30.0,buy,solar,none,3km,40pct,722,0.0,5,,0,1,3.5,3.75,3.0,online
RESP_0186,K3,B,5,3,0,3,36.0,buy,solar,none,home,60pct,18.0,rent150,grid,cert50,3km,none,722,0.0,6,1,0,1,3.5,3.75,3.0,online
RESP_0186,K3,B,4,4,0,2,30.0,rent250,grid,cert50,3km,40pct,24.0,rent350,solar,100audit,1km,none,722,100.0,10,,0,1,3.5,3.75,3.0,online
RESP_0186,K3,B,2,5,0,1,18.0,buy,solar,cert50,1km,60pct,36.0,rent350,grid,100audit,home,none,722,200.0,10,,0,1,3.5,3.75,3.0,online
RESP_0186,K3,B,6,6,0,3,24.0,rent350,solar,100audit,1km,40pct,30.0,rent150,solar,cert50,home,none,722,200.0,5,2,0,1,3.5,3.75,3.0,online
RESP_0186,K3,B,8,7,0,3,30.0,buy,grid,100audit,home,40pct,24.0,rent250,grid,cert50,3km,none,722,0.0,7,,0,1,3.5,3.75,3.0,online
RESP_0186,K3,B,7,8,0,3,18.0,rent250,solar,none,3km,60pct,36.0,buy,grid,100audit,1km,none,722,100.0,6,,0,1,3.5,3.75,3.0,online
RESP_0187,K1,A,1,1,0,3,24.0,rent250,solar,none,1km,none,30.0,buy,grid,100audit,home,60pct,505,100.0,6,,0,1,3.67,3.5,2.0,online
RESP_0187,K1,A,4,2,1,1,18.0,buy,solar,100audit,home,60pct,36.0,rent350,grid,none,3km,none,505,100.0,7,,0,1,3.67,3.5,2.0,online
RESP_0187,K1,A,8,3,0,3,36.0,rent250,solar,100audit,1km,60pct,18.0,buy,grid,none,home,none,505,200.0,5,2,0,1,3.67,3.5,2.0,online
RESP_0187,K1,A,5,4,0,3,30.0,rent150,solar,none,1km,40pct,24.0,buy,solar,cert50,home,none,505,200.0,7,,0,1,3.67,3.5,2.0,online
RESP_0187,K1,A,3,5,0,2,36.0,buy,solar,cert50,home,60pct,18.0,rent250,grid,none,3km,none,505,0.0,9,,0,1,3.67,3.5,2.0,online
RESP_0187,K1,A,6,6,0,3,18.0,rent150,grid,100audit,3km,none,36.0,rent250,solar,none,1km,60pct,505,100.0,6,3,0,1,3.67,3.5,2.0,online
RESP_0187,K1,A,7,7,0,3,24.0,buy,grid,cert50,home,40pct,30.0,rent350,grid,100audit,3km,none,505,0.0,5,,0,1,3.67,3.5,2.0,online
RESP_0187,K1,A,2,8,0,2,18.0,rent350,grid,cert50,3km,40pct,24.0,rent150,solar,100audit,1km,none,505,200.0,9,,0,1,3.67,3.5,2.0,online
RESP_0188,K2,B,5,1,1,2,36.0,rent350,grid,none,3km,none,18.0,buy,solar,100audit,home,60pct,1193,100.0,8,,0,1,2.83,3.75,3.0,online
RESP_0188,K2,B,4,2,0,3,36.0,rent150,grid,cert50,home,40pct,30.0,buy,grid,100audit,1km,60pct,1193,200.0,5,,0,1,2.83,3.75,3.0,online
RESP_0188,K2,B,6,3,0,3,24.0,rent250,solar,cert50,3km,none,18.0,buy,grid,100audit,home,40pct,1193,0.0,8,2,0,1,2.83,3.75,3.0,online
RESP_0188,K2,B,1,4,0,3,30.0,rent350,solar,100audit,home,none,18.0,rent150,grid,cert50,1km,40pct,1193,200.0,6,,0,1,2.83,3.75,3.0,online
RESP_0188,K2,B,3,5,0,3,18.0,rent250,grid,100audit,1km,none,24.0,rent350,solar,none,3km,40pct,1193,100.0,7,,0,1,2.83,3.75,3.0,online
RESP_0188,K2,B,7,6,0,3,30.0,rent150,grid,none,1km,60pct,36.0,rent250,solar,cert50,3km,none,1193,100.0,4,3,0,1,2.83,3.75,3.0,online
RESP_0188,K2,B,8,7,0,3,18.0,buy,solar,cert50,home,none,24.0,rent150,solar,100audit,1km,60pct,1193,200.0,6,,0,1,2.83,3.75,3.0,online
RESP_0188,K2,B,2,8,0,3,24.0,buy,solar,none,3km,60pct,36.0,buy,solar,100audit,home,none,1193,0.0,5,,0,1,2.83,3.75,3.0,online
RESP_0189,K3,A,1,1,0,3,24.0,rent150,grid,100audit,home,none,30.0,buy,solar,none,3km,40pct,537,0.0,5,,0,1,2.5,2.25,3.0,online
RESP_0189,K3,A,5,2,0,3,36.0,buy,solar,none,home,60pct,18.0,rent150,grid,cert50,3km,none,537,0.0,4,,0,1,2.5,2.25,3.0,online
RESP_0189,K3,A,7,3,0,3,18.0,rent250,solar,none,3km,60pct,36.0,buy,grid,100audit,1km,none,537,100.0,4,3,0,1,2.5,2.25,3.0,online
RESP_0189,K3,A,8,4,0,1,30.0,buy,grid,100audit,home,40pct,24.0,rent250,grid,cert50,3km,none,537,0.0,8,,0,1,2.5,2.25,3.0,online
RESP_0189,K3,A,2,5,0,1,18.0,buy,solar,cert50,1km,60pct,36.0,rent350,grid,100audit,home,none,537,200.0,7,,0,1,2.5,2.25,3.0,online
RESP_0189,K3,A,3,6,1,1,18.0,buy,solar,100audit,home,60pct,36.0,rent350,grid,none,3km,none,537,100.0,10,1,0,1,2.5,2.25,3.0,online
RESP_0189,K3,A,6,7,0,1,24.0,rent350,solar,100audit,1km,40pct,30.0,rent150,solar,cert50,home,none,537,200.0,10,,0,1,2.5,2.25,3.0,online
RESP_0189,K3,A,4,8,0,3,30.0,rent250,grid,cert50,3km,40pct,24.0,rent350,solar,100audit,1km,none,537,100.0,7,,0,1,2.5,2.25,3.0,online
RESP_0190,K1,B,5,1,0,2,30.0,rent150,solar,none,1km,40pct,24.0,buy,solar,cert50,home,none,1302,200.0,6,,0,1,2.5,2.25,3.75,online
RESP_0190,K1,B,3,2,0,3,36.0,buy,solar,cert50,home,60pct,18.0,rent250,grid,none,3km,none,1302,0.0,4,,0,1,2.5,2.25,3.75,online
RESP_0190,K1,B,7,3,0,3,24.0,buy,grid,cert50,home,40pct,30.0,rent350,grid,100audit,3km,none,1302,0.0,7,1,0,1,2.5,2.25,3.75,online
RESP_0190,K1,B,1,4,0,3,24.0,rent250,solar,none,1km,none,30.0,buy,grid,100audit,home,60pct,1302,100.0,4,,0,1,2.5,2.25,3.75,online
RESP_0190,K1,B,4,5,1,1,18.0,buy,solar,100audit,home,60pct,36.0,rent350,grid,none,3km,none,1302,100.0,8,,0,1,2.5,2.25,3.75,online
RESP_0190,K1,B,6,6,0,1,18.0,rent150,grid,100audit,3km,none,36.0,rent250,solar,none,1km,60pct,1302,100.0,8,1,0,1,2.5,2.25,3.75,online
RESP_0190,K1,B,2,7,0,2,18.0,rent350,grid,cert50,3km,40pct,24.0,rent150,solar,100audit,1km,none,1302,200.0,6,,0,1,2.5,2.25,3.75,online
RESP_0190,K1,B,8,8,0,2,36.0,rent250,solar,100audit,1km,60pct,18.0,buy,grid,none,home,none,1302,200.0,8,,0,1,2.5,2.25,3.75,online
RESP_0191,K2,A,2,1,0,3,24.0,buy,solar,none,3km,60pct,36.0,buy,solar,100audit,home,none,410,0.0,5,,0,1,1.33,2.75,3.5,online
RESP_0191,K2,A,4,2,0,3,36.0,rent150,grid,cert50,home,40pct,30.0,buy,grid,100audit,1km,60pct,410,200.0,7,,0,1,1.33,2.75,3.5,online
RESP_0191,K2,A,8,3,0,1,18.0,buy,solar,cert50,home,none,24.0,rent150,solar,100audit,1km,60pct,410,200.0,6,3,0,1,1.33,2.75,3.5,online
RESP_0191,K2,A,1,4,0,1,30.0,rent350,solar,100audit,home,none,18.0,rent150,grid,cert50,1km,40pct,410,200.0,9,,0,1,1.33,2.75,3.5,online
RESP_0191,K2,A,5,5,1,2,36.0,rent350,grid,none,3km,none,18.0,buy,solar,100audit,home,60pct,410,100.0,6,,0,1,1.33,2.75,3.5,online
RESP_0191,K2,A,6,6,0,3,24.0,rent250,solar,cert50,3km,none,18.0,buy,grid,100audit,home,40pct,410,0.0,7,3,0,1,1.33,2.75,3.5,online
RESP_0191,K2,A,7,7,0,3,30.0,rent150,grid,none,1km,60pct,36.0,rent250,solar,cert50,3km,none,410,100.0,7,,0,1,1.33,2.75,3.5,online
RESP_0191,K2,A,3,8,0,3,18.0,rent250,grid,100audit,1km,none,24.0,rent350,solar,none,3km,40pct,410,100.0,8,,0,1,1.33,2.75,3.5,online
RESP_0192,K3,B,3,1,1,1,18.0,buy,solar,100audit,home,60pct,36.0,rent350,grid,none,3km,none,1254,100.0,7,,0,1,1.67,4.25,2.25,online
RESP_0192,K3,B,2,2,0,3,18.0,buy,solar,cert50,1km,60pct,36.0,rent350,grid,100audit,home,none,1254,200.0,6,,0,1,1.67,4.25,2.25,online
RESP_0192,K3,B,8,3,0,2,30.0,buy,grid,100audit,home,40pct,24.0,rent250,grid,cert50,3km,none,1254,0.0,10,3,0,1,1.67,4.25,2.25,online
RESP_0192,K3,B,1,4,0,3,24.0,rent150,grid,100audit,home,none,30.0,buy,solar,none,3km,40pct,1254,0.0,4,,0,1,1.67,4.25,2.25,online
RESP_0192,K3,B,7,5,0,3,18.0,rent250,solar,none,3km,60pct,36.0,buy,grid,100audit,1km,none,1254,100.0,6,,0,1,1.67,4.25,2.25,online
RESP_0192,K3,B,5,6,0,3,36.0,buy,solar,none,home,60pct,18.0,rent150,grid,cert50,3km,none,1254,0.0,4,3,0,1,1.67,4.25,2.25,online
RESP_0192,K3,B,6,7,0,1,24.0,rent350,solar,100audit,1km,40pct,30.0,rent150,solar,cert50,home,none,1254,200.0,6,,0,1,1.67,4.25,2.25,online
RESP_0192,K3,B,4,8,0,3,30.0,rent250,grid,cert50,3km,40pct,24.0,rent350,solar,100audit,1km,none,1254,100.0,8,,0,1,1.67,4.25,2.25,online
RESP_0193,K1,A,5,1,0,2,30.0,rent150,solar,none,1km,40pct,24.0,buy,solar,cert50,home,none,1485,200.0,9,,0,1,2.67,2.5,2.25,online
RESP_0193,K1,A,8,2,0,3,36.0,rent250,solar,100audit,1km,60pct,18.0,buy,grid,none,home,none,1485,200.0,4,,0,1,2.67,2.5,2.25,online
RESP_0193,K1,A,2,3,0,1,18.0,rent350,grid,cert50,3km,40pct,24.0,rent150,solar,100audit,1km,none,1485,200.0,7,2,0,1,2.67,2.5,2.25,online
RESP_0193,K1,A,4,4,1,1,18.0,buy,solar,100audit,home,60pct,36.0,rent350,grid,none,3km,none,1485,100.0,10,,0,1,2.67,2.5,2.25,online
RESP_0193,K1,A,3,5,0,2,36.0,buy,solar,cert50,home,60pct,18.0,rent250,grid,none,3km,none,1485,0.0,6,,0,1,2.67,2.5,2.25,online
RESP_0193,K1,A,1,6,0,2,24.0,rent250,solar,none,1km,none,30.0,buy,grid,100audit,home,60pct,1485,100.0,7,2,0,1,2.67,2.5,2.25,online
RESP_0193,K1,A,6,7,0,3,18.0,rent150,grid,100audit,3km,none,36.0,rent250,solar,none,1km,60pct,1485,100.0,8,,0,1,2.67,2.5,2.25,online
RESP_0193,K1,A,7,8,0,3,24.0,buy,grid,cert50,home,40pct,30.0,rent350,grid,100audit,3km,none,1485,0.0,5,,0,1,2.67,2.5,2.25,online
RESP_0194,K2,B,1,1,0,2,30.0,rent350,solar,100audit,home,none,18.0,rent150,grid,cert50,1km,40pct,724,200.0,9,,0,1,1.33,3.0,2.75,online
RESP_0194,K2,B,8,2,0,1,18.0,buy,solar,cert50,home,none,24.0,rent150,solar,100audit,1km,60pct,724,200.0,10,,0,1,1.33,3.0,2.75,online
RESP_0194,K2,B,6,3,0,1,24.0,rent250,solar,cert50,3km,none,18.0,buy,grid,100audit,home,40pct,724,0.0,6,2,0,1,1.33,3.0,2.75,online
RESP_0194,K2,B,2,4,0,1,24.0,buy,solar,none,3km,60pct,36.0,buy,solar,100audit,home,none,724,0.0,9,,0,1,1.33,3.0,2.75,online
RESP_0194,K2,B,4,5,0,3,36.0,rent150,grid,cert50,home,40pct,30.0,buy,grid,100audit,1km,60pct,724,200.0,7,,0,1,1.33,3.0,2.75,online
RESP_0194,K2,B,7,6,0,3,30.0,rent150,grid,none,1km,60pct,36.0,rent250,solar,cert50,3km,none,724,100.0,5,3,0,1,1.33,3.0,2.75,online
RESP_0194,K2,B,5,7,1,2,36.0,rent350,grid,none,3km,none,18.0,buy,solar,100audit,home,60pct,724,100.0,9,,0,1,1.33,3.0,2.75,online
RESP_0194,K2,B,3,8,0,3,18.0,rent250,grid,100audit,1km,none,24.0,rent350,solar,none,3km,40pct,724,100.0,7,,0,1,1.33,3.0,2.75,online
RESP_0195,K3,A,5,1,0,3,36.0,buy,solar,none,home,60pct,18.0,rent150,grid,cert50,3km,none,849,0.0,7,,0,1,2.0,3.25,2.75,online
RESP_0195,K3,A,3,2,1,1,18.0,buy,solar,100audit,home,60pct,36.0,rent350,grid,none,3km,none,849,100.0,10,,0,1,2.0,3.25,2.75,online
RESP_0195,K3,A,6,3,0,3,24.0,rent350,solar,100audit,1km,40pct,30.0,rent150,solar,cert50,home,none,849,200.0,5,1,0,1,2.0,3.25,2.75,online
RESP_0195,K3,A,2,4,0,3,18.0,buy,solar,cert50,1km,60pct,36.0,rent350,grid,100audit,home,none,849,200.0,5,,0,1,2.0,3.25,2.75,online
RESP_0195,K3,A,1,5,0,3,24.0,rent150,grid,100audit,home,none,30.0,buy,solar,none,3km,40pct,849,0.0,7,,0,1,2.0,3.25,2.75,online
RESP_0195,K3,A,4,6,0,2,30.0,rent250,grid,cert50,3km,40pct,24.0,rent350,solar,100audit,1km,none,849,100.0,7,1,0,1,2.0,3.25,2.75,online
RESP_0195,K3,A,8,7,0,3,30.0,buy,grid,100audit,home,40pct,24.0,rent250,grid,cert50,3km,none,849,0.0,7,,0,1,2.0,3.25,2.75,online
RESP_0195,K3,A,7,8,0,3,18.0,rent250,solar,none,3km,60pct,36.0,buy,grid,100audit,1km,none,849,100.0,5,,0,1,2.0,3.25,2.75,online
RESP_0196,K1,B,2,1,0,1,18.0,rent350,grid,cert50,3km,40pct,24.0,rent150,solar,100audit,1km,none,1265,200.0,9,,0,1,4.0,2.75,3.25,online
RESP_0196,K1,B,4,2,1,1,18.0,buy,solar,100audit,home,60pct,36.0,rent350,grid,none,3km,none,1265,100.0,8,,0,1,4.0,2.75,3.25,online
RESP_0196,K1,B,6,3,0,3,18.0,rent150,grid,100audit,3km,none,36.0,rent250,solar,none,1km,60pct,1265,100.0,4,3,0,1,4.0,2.75,3.25,online
RESP_0196,K1,B,5,4,0,3,30.0,rent150,solar,none,1km,40pct,24.0,buy,solar,cert50,home,none,1265,200.0,4,,0,1,4.0,2.75,3.25,online
RESP_0196,K1,B,1,5,0,3,24.0,rent250,solar,none,1km,none,30.0,buy,grid,100audit,home,60pct,1265,100.0,7,,0,1,4.0,2.75,3.25,online
RESP_0196,K1,B,3,6,0,3,36.0,buy,solar,cert50,home,60pct,18.0,rent250,grid,none,3km,none,1265,0.0,8,1,0,1,4.0,2.75,3.25,online
RESP_0196,K1,B,8,7,0,3,36.0,rent250,solar,100audit,1km,60pct,18.0,buy,grid,none,home,none,1265,200.0,5,,0,1,4.0,2.75,3.25,online
RESP_0196,K1,B,7,8,0,3,24.0,buy,grid,cert50,home,40pct,30.0,rent350,grid,100audit,3km,none,1265,0.0,6,,0,1,4.0,2.75,3.25,online
RESP_0197,K2,A,4,1,0,3,36.0,rent150,grid,cert50,home,40pct,30.0,buy,grid,100audit,1km,60pct,1115,200.0,5,,0,1,2.5,3.25,2.75,online
RESP_0197,K2,A,6,2,0,1,24.0,rent250,solar,cert50,3km,none,18.0,buy,grid,100audit,home,40pct,1115,0.0,10,,0,1,2.5,3.25,2.75,online
RESP_0197,K2,A,2,3,0,3,24.0,buy,solar,none,3km,60pct,36.0,buy,solar,100audit,home,none,1115,0.0,4,3,0,1,2.5,3.25,2.75,online
RESP_0197,K2,A,1,4,0,3,30.0,rent350,solar,100audit,home,none,18.0,rent150,grid,cert50,1km,40pct,1115,200.0,6,,0,1,2.5,3.25,2.75,online
RESP_0197,K2,A,5,5,1,2,36.0,rent350,grid,none,3km,none,18.0,buy,solar,100audit,home,60pct,1115,100.0,10,,0,1,2.5,3.25,2.75,online
RESP_0197,K2,A,8,6,0,1,18.0,buy,solar,cert50,home,none,24.0,rent150,solar,100audit,1km,60pct,1115,200.0,6,3,0,1,2.5,3.25,2.75,online
RESP_0197,K2,A,3,7,0,3,18.0,rent250,grid,100audit,1km,none,24.0,rent350,solar,none,3km,40pct,1115,100.0,5,,0,1,2.5,3.25,2.75,online
RESP_0197,K2,A,7,8,0,3,30.0,rent150,grid,none,1km,60pct,36.0,rent250,solar,cert50,3km,none,1115,100.0,4,,0,1,2.5,3.25,2.75,online
RESP_0198,K3,B,8,1,0,3,30.0,buy,grid,100audit,home,40pct,24.0,rent250,grid,cert50,3km,none,421,0.0,7,,0,1,3.17,3.0,2.5,online
RESP_0198,K3,B,4,2,0,3,30.0,rent250,grid,cert50,3km,40pct,24.0,rent350,solar,100audit,1km,none,421,100.0,4,,0,1,3.17,3.0,2.5,online
RESP_0198,K3,B,7,3,0,3,18.0,rent250,solar,none,3km,60pct,36.0,buy,grid,100audit,1km,none,421,100.0,6,3,0,1,3.17,3.0,2.5,online
RESP_0198,K3,B,6,4,0,3,24.0,rent350,solar,100audit,1km,40pct,30.0,rent150,solar,cert50,home,none,421,200.0,5,,0,1,3.17,3.0,2.5,online
RESP_0198,K3,B,2,5,0,2,18.0,buy,solar,cert50,1km,60pct,36.0,rent350,grid,100audit,home,none,421,200.0,8,,0,1,3.17,3.0,2.5,online
RESP_0198,K3,B,5,6,0,3,36.0,buy,solar,none,home,60pct,18.0,rent150,grid,cert50,3km,none,421,0.0,4,2,0,1,3.17,3.0,2.5,online
RESP_0198,K3,B,3,7,1,1,18.0,buy,solar,100audit,home,60pct,36.0,rent350,grid,none,3km,none,421,100.0,6,,0,1,3.17,3.0,2.5,online
RESP_0198,K3,B,1,8,0,3,24.0,rent150,grid,100audit,home,none,30.0,buy,solar,none,3km,40pct,421,0.0,8,,0,1,3.17,3.0,2.5,online
RESP_0199,K1,A,6,1,0,3,18.0,rent150,grid,100audit,3km,none,36.0,rent250,solar,none,1km,60pct,865,100.0,8,,0,1,3.17,3.0,2.5,online
RESP_0199,K1,A,5,2,0,3,30.0,rent150,solar,none,1km,40pct,24.0,buy,solar,cert50,home,none,865,200.0,8,,0,1,3.17,3.0,2.5,online
RESP_0199,K1,A,8,3,0,3,36.0,rent250,solar,100audit,1km,60pct,18.0,buy,grid,none,home,none,865,200.0,7,3,0,1,3.17,3.0,2.5,online
RESP_0199,K1,A,3,4,0,3,36.0,buy,solar,cert50,home,60pct,18.0,rent250,grid,none,3km,none,865,0.0,8,,0,1,3.17,3.0,2.5,online
RESP_0199,K1,A,1,5,0,2,24.0,rent250,solar,none,1km,none,30.0,buy,grid,100audit,home,60pct,865,100.0,7,,0,1,3.17,3.0,2.5,online
RESP_0199,K1,A,2,6,0,2,18.0,rent350,grid,cert50,3km,40pct,24.0,rent150,solar,100audit,1km,none,865,200.0,6,3,0,1,3.17,3.0,2.5,online
RESP_0199,K1,A,4,7,1,1,18.0,buy,solar,100audit,home,60pct,36.0,rent350,grid,none,3km,none,865,100.0,9,,0,1,3.17,3.0,2.5,online
RESP_0199,K1,A,7,8,0,1,24.0,buy,grid,cert50,home,40pct,30.0,rent350,grid,100audit,3km,none,865,0.0,8,,0,1,3.17,3.0,2.5,online
RESP_0200,K2,B,7,1,0,3,30.0,rent150,grid,none,1km,60pct,36.0,rent250,solar,cert50,3km,none,1232,100.0,7,,0,1,2.67,4.0,3.75,online
RESP_0200,K2,B,6,2,0,3,24.0,rent250,solar,cert50,3km,none,18.0,buy,grid,100audit,home,40pct,1232,0.0,7,,0,1,2.67,4.0,3.75,online
RESP_0200,K2,B,4,3,0,2,36.0,rent150,grid,cert50,home,40pct,30.0,buy,grid,100audit,1km,60pct,1232,200.0,8,2,0,1,2.67,4.0,3.75,online
RESP_0200,K2,B,5,4,1,2,36.0,rent350,grid,none,3km,none,18.0,buy,solar,100audit,home,60pct,1232,100.0,7,,0,1,2.67,4.0,3.75,online
RESP_0200,K2,B,2,5,0,2,24.0,buy,solar,none,3km,60pct,36.0,buy,solar,100audit,home,none,1232,0.0,9,,0,1,2.67,4.0,3.75,online
RESP_0200,K2,B,8,6,0,3,18.0,buy,solar,cert50,home,none,24.0,rent150,solar,100audit,1km,60pct,1232,200.0,7,3,0,1,2.67,4.0,3.75,online
RESP_0200,K2,B,3,7,0,1,18.0,rent250,grid,100audit,1km,none,24.0,rent350,solar,none,3km,40pct,1232,100.0,8,,0,1,2.67,4.0,3.75,online
RESP_0200,K2,B,1,8,0,3,30.0,rent350,solar,100audit,home,none,18.0,rent150,grid,cert50,1km,40pct,1232,200.0,6,,0,1,2.67,4.0,3.75,online
RESP_0201,K3,A,6,1,0,3,24.0,rent350,solar,100audit,1km,40pct,30.0,rent150,solar,cert50,home,none,564,200.0,4,,0,1,2.5,3.25,3.5,online
RESP_0201,K3,A,5,2,0,3,36.0,buy,solar,none,home,60pct,18.0,rent150,grid,cert50,3km,none,564,0.0,6,,0,1,2.5,3.25,3.5,online
RESP_0201,K3,A,8,3,0,3,30.0,buy,grid,100audit,home,40pct,24.0,rent250,grid,cert50,3km,none,564,0.0,8,2,0,1,2.5,3.25,3.5,online
RESP_0201,K3,A,3,4,1,1,18.0,buy,solar,100audit,home,60pct,36.0,rent350,grid,none,3km,none,564,100.0,8,,0,1,2.5,3.25,3.5,online
RESP_0201,K3,A,2,5,0,1,18.0,buy,solar,cert50,1km,60pct,36.0,rent350,grid,100audit,home,none,564,200.0,8,,0,1,2.5,3.25,3.5,online
RESP_0201,K3,A,7,6,0,3,18.0,rent250,solar,none,3km,60pct,36.0,buy,grid,100audit,1km,none,564,100.0,4,1,0,1,2.5,3.25,3.5,online
RESP_0201,K3,A,4,7,0,3,30.0,rent250,grid,cert50,3km,40pct,24.0,rent350,solar,100audit,1km,none,564,100.0,7,,0,1,2.5,3.25,3.5,online
RESP_0201,K3,A,1,8,0,3,24.0,rent150,grid,100audit,home,none,30.0,buy,solar,none,3km,40pct,564,0.0,6,,0,1,2.5,3.25,3.5,online
RESP_0202,K1,B,1,1,0,1,24.0,rent250,solar,none,1km,none,30.0,buy,grid,100audit,home,60pct,1442,100.0,6,,0,1,2.67,3.25,3.0,online
RESP_0202,K1,B,3,2,0,3,36.0,buy,solar,cert50,home,60pct,18.0,rent250,grid,none,3km,none,1442,0.0,6,,0,1,2.67,3.25,3.0,online
RESP_0202,K1,B,5,3,0,2,30.0,rent150,solar,none,1km,40pct,24.0,buy,solar,cert50,home,none,1442,200.0,8,1,0,1,2.67,3.25,3.0,online
RESP_0202,K1,B,2,4,0,1,18.0,rent350,grid,cert50,3km,40pct,24.0,rent150,solar,100audit,1km,none,1442,200.0,7,,0,1,2.67,3.25,3.0,online
RESP_0202,K1,B,6,5,0,3,18.0,rent150,grid,100audit,3km,none,36.0,rent250,solar,none,1km,60pct,1442,100.0,5,,0,1,2.67,3.25,3.0,online
RESP_0202,K1,B,8,6,0,3,36.0,rent250,solar,100audit,1km,60pct,18.0,buy,grid,none,home,none,1442,200.0,7,2,0,1,2.67,3.25,3.0,online
RESP_0202,K1,B,7,7,0,3,24.0,buy,grid,cert50,home,40pct,30.0,rent350,grid,100audit,3km,none,1442,0.0,8,,0,1,2.67,3.25,3.0,online
RESP_0202,K1,B,4,8,1,1,18.0,buy,solar,100audit,home,60pct,36.0,rent350,grid,none,3km,none,1442,100.0,8,,0,1,2.67,3.25,3.0,online
RESP_0203,K2,A,7,1,0,3,30.0,rent150,grid,none,1km,60pct,36.0,rent250,solar,cert50,3km,none,995,100.0,6,,0,1,1.17,3.5,3.0,online
RESP_0203,K2,A,3,2,0,1,18.0,rent250,grid,100audit,1km,none,24.0,rent350,solar,none,3km,40pct,995,100.0,7,,0,1,1.17,3.5,3.0,online
RESP_0203,K2,A,1,3,0,3,30.0,rent350,solar,100audit,home,none,18.0,rent150,grid,cert50,1km,40pct,995,200.0,4,1,0,1,1.17,3.5,3.0,online
RESP_0203,K2,A,8,4,0,3,18.0,buy,solar,cert50,home,none,24.0,rent150,solar,100audit,1km,60pct,995,200.0,6,,0,1,1.17,3.5,3.0,online
RESP_0203,K2,A,2,5,0,3,24.0,buy,solar,none,3km,60pct,36.0,buy,solar,100audit,home,none,995,0.0,4,,0,1,1.17,3.5,3.0,online
RESP_0203,K2,A,6,6,0,1,24.0,rent250,solar,cert50,3km,none,18.0,buy,grid,100audit,home,40pct,995,0.0,6,3,0,1,1.17,3.5,3.0,online
RESP_0203,K2,A,4,7,0,2,36.0,rent150,grid,cert50,home,40pct,30.0,buy,grid,100audit,1km,60pct,995,200.0,10,,0,1,1.17,3.5,3.0,online
RESP_0203,K2,A,5,8,1,2,36.0,rent350,grid,none,3km,none,18.0,buy,solar,100audit,home,60pct,995,100.0,6,,0,1,1.17,3.5,3.0,online
RESP_0204,K3,B,7,1,0,1,18.0,rent250,solar,none,3km,60pct,36.0,buy,grid,100audit,1km,none,1276,100.0,7,,0,1,2.33,3.0,2.75,online
RESP_0204,K3,B,1,2,0,3,24.0,rent150,grid,100audit,home,none,30.0,buy,solar,none,3km,40pct,1276,0.0,4,,0,1,2.33,3.0,2.75,online
RESP_0204,K3,B,8,3,0,3,30.0,buy,grid,100audit,home,40pct,24.0,rent250,grid,cert50,3km,none,1276,0.0,8,2,0,1,2.33,3.0,2.75,online
RESP_0204,K3,B,5,4,0,2,36.0,buy,solar,none,home,60pct,18.0,rent150,grid,cert50,3km,none,1276,0.0,9,,0,1,2.33,3.0,2.75,online
RESP_0204,K3,B,6,5,0,1,24.0,rent350,solar,100audit,1km,40pct,30.0,rent150,solar,cert50,home,none,1276,200.0,10,,0,1,2.33,3.0,2.75,online
RESP_0204,K3,B,3,6,1,1,18.0,buy,solar,100audit,home,60pct,36.0,rent350,grid,none,3km,none,1276,100.0,9,3,0,1,2.33,3.0,2.75,online
RESP_0204,K3,B,4,7,0,3,30.0,rent250,grid,cert50,3km,40pct,24.0,rent350,solar,100audit,1km,none,1276,100.0,7,,0,1,2.33,3.0,2.75,online
RESP_0204,K3,B,2,8,0,1,18.0,buy,solar,cert50,1km,60pct,36.0,rent350,grid,100audit,home,none,1276,200.0,7,,0,1,2.33,3.0,2.75,online
RESP_0205,K1,A,4,1,1,1,18.0,buy,solar,100audit,home,60pct,36.0,rent350,grid,none,3km,none,677,100.0,9,,0,1,3.17,2.25,3.25,online
RESP_0205,K1,A,6,2,0,3,18.0,rent150,grid,100audit,3km,none,36.0,rent250,solar,none,1km,60pct,677,100.0,8,,0,1,3.17,2.25,3.25,online
RESP_0205,K1,A,3,3,0,3,36.0,buy,solar,cert50,home,60pct,18.0,rent250,grid,none,3km,none,677,0.0,7,1,0,1,3.17,2.25,3.25,online
RESP_0205,K1,A,8,4,0,3,36.0,rent250,solar,100audit,1km,60pct,18.0,buy,grid,none,home,none,677,200.0,8,,0,1,3.17,2.25,3.25,online
RESP_0205,K1,A,5,5,0,3,30.0,rent150,solar,none,1km,40pct,24.0,buy,solar,cert50,home,none,677,200.0,7,,0,1,3.17,2.25,3.25,online
RESP_0205,K1,A,2,6,0,1,18.0,rent350,grid,cert50,3km,40pct,24.0,rent150,solar,100audit,1km,none,677,200.0,6,3,0,1,3.17,2.25,3.25,online
RESP_0205,K1,A,7,7,0,3,24.0,buy,grid,cert50,home,40pct,30.0,rent350,grid,100audit,3km,none,677,0.0,5,,0,1,3.17,2.25,3.25,online
RESP_0205,K1,A,1,8,0,3,24.0,rent250,solar,none,1km,none,30.0,buy,grid,100audit,home,60pct,677,100.0,7,,0,1,3.17,2.25,3.25,online
RESP_0206,K2,B,7,1,0,3,30.0,rent150,grid,none,1km,60pct,36.0,rent250,solar,cert50,3km,none,316,100.0,7,,0,1,2.83,3.25,3.0,online
RESP_0206,K2,B,1,2,0,2,30.0,rent350,solar,100audit,home,none,18.0,rent150,grid,cert50,1km,40pct,316,200.0,6,,0,1,2.83,3.25,3.0,online
RESP_0206,K2,B,3,3,0,3,18.0,rent250,grid,100audit,1km,none,24.0,rent350,solar,none,3km,40pct,316,100.0,6,2,0,1,2.83,3.25,3.0,online
RESP_0206,K2,B,2,4,0,3,24.0,buy,solar,none,3km,60pct,36.0,buy,solar,100audit,home,none,316,0.0,8,,0,1,2.83,3.25,3.0,online
RESP_0206,K2,B,8,5,0,3,18.0,buy,solar,cert50,home,none,24.0,rent150,solar,100audit,1km,60pct,316,200.0,5,,0,1,2.83,3.25,3.0,online
RESP_0206,K2,B,4,6,0,3,36.0,rent150,grid,cert50,home,40pct,30.0,buy,grid,100audit,1km,60pct,316,200.0,4,2,0,1,2.83,3.25,3.0,online
RESP_0206,K2,B,5,7,1,2,36.0,rent350,grid,none,3km,none,18.0,buy,solar,100audit,home,60pct,316,100.0,7,,0,1,2.83,3.25,3.0,online
RESP_0206,K2,B,6,8,0,3,24.0,rent250,solar,cert50,3km,none,18.0,buy,grid,100audit,home,40pct,316,0.0,5,,0,1,2.83,3.25,3.0,online
RESP_0207,K3,A,7,1,0,3,18.0,rent250,solar,none,3km,60pct,36.0,buy,grid,100audit,1km,none,806,100.0,7,,0,1,4.0,4.25,2.75,online
RESP_0207,K3,A,2,2,0,3,18.0,buy,solar,cert50,1km,60pct,36.0,rent350,grid,100audit,home,none,806,200.0,4,,0,1,4.0,4.25,2.75,online
RESP_0207,K3,A,5,3,0,3,36.0,buy,solar,none,home,60pct,18.0,rent150,grid,cert50,3km,none,806,0.0,6,3,0,1,4.0,4.25,2.75,online
RESP_0207,K3,A,4,4,0,3,30.0,rent250,grid,cert50,3km,40pct,24.0,rent350,solar,100audit,1km,none,806,100.0,5,,0,1,4.0,4.25,2.75,online
RESP_0207,K3,A,8,5,0,3,30.0,buy,grid,100audit,home,40pct,24.0,rent250,grid,cert50,3km,none,806,0.0,8,,0,1,4.0,4.25,2.75,online
RESP_0207,K3,A,1,6,0,3,24.0,rent150,grid,100audit,home,none,30.0,buy,solar,none,3km,40pct,806,0.0,8,2,0,1,4.0,4.25,2.75,online
RESP_0207,K3,A,3,7,1,1,18.0,buy,solar,100audit,home,60pct,36.0,rent350,grid,none,3km,none,806,100.0,9,,0,1,4.0,4.25,2.75,online
RESP_0207,K3,A,6,8,0,3,24.0,rent350,solar,100audit,1km,40pct,30.0,rent150,solar,cert50,home,none,806,200.0,6,,0,1,4.0,4.25,2.75,online
RESP_0208,K1,B,3,1,0,3,36.0,buy,solar,cert50,home,60pct,18.0,rent250,grid,none,3km,none,1020,0.0,5,,0,1,3.33,3.75,2.5,online
RESP_0208,K1,B,2,2,0,2,18.0,rent350,grid,cert50,3km,40pct,24.0,rent150,solar,100audit,1km,none,1020,200.0,9,,0,1,3.33,3.75,2.5,online
RESP_0208,K1,B,1,3,0,3,24.0,rent250,solar,none,1km,none,30.0,buy,grid,100audit,home,60pct,1020,100.0,4,3,0,1,3.33,3.75,2.5,online
RESP_0208,K1,B,5,4,0,2,30.0,rent150,solar,none,1km,40pct,24.0,buy,solar,cert50,home,none,1020,200.0,6,,0,1,3.33,3.75,2.5,online
RESP_0208,K1,B,8,5,0,3,36.0,rent250,solar,100audit,1km,60pct,18.0,buy,grid,none,home,none,1020,200.0,7,,0,1,3.33,3.75,2.5,online
RESP_0208,K1,B,4,6,1,1,18.0,buy,solar,100audit,home,60pct,36.0,rent350,grid,none,3km,none,1020,100.0,8,1,0,1,3.33,3.75,2.5,online
RESP_0208,K1,B,6,7,0,3,18.0,rent150,grid,100audit,3km,none,36.0,rent250,solar,none,1km,60pct,1020,100.0,6,,0,1,3.33,3.75,2.5,online
RESP_0208,K1,B,7,8,0,3,24.0,buy,grid,cert50,home,40pct,30.0,rent350,grid,100audit,3km,none,1020,0.0,6,,0,1,3.33,3.75,2.5,online
RESP_0209,K2,A,7,1,0,2,30.0,rent150,grid,none,1km,60pct,36.0,rent250,solar,cert50,3km,none,798,100.0,9,,0,1,2.5,2.75,2.5,online
RESP_0209,K2,A,5,2,1,2,36.0,rent350,grid,none,3km,none,18.0,buy,solar,100audit,home,60pct,798,100.0,8,,0,1,2.5,2.75,2.5,online
RESP_0209,K2,A,4,3,0,3,36.0,rent150,grid,cert50,home,40pct,30.0,buy,grid,100audit,1km,60pct,798,200.0,7,2,0,1,2.5,2.75,2.5,online
RESP_0209,K2,A,8,4,0,1,18.0,buy,solar,cert50,home,none,24.0,rent150,solar,100audit,1km,60pct,798,200.0,7,,0,1,2.5,2.75,2.5,online
RESP_0209,K2,A,2,5,0,1,24.0,buy,solar,none,3km,60pct,36.0,buy,solar,100audit,home,none,798,0.0,9,,0,1,2.5,2.75,2.5,online
RESP_0209,K2,A,3,6,0,3,18.0,rent250,grid,100audit,1km,none,24.0,rent350,solar,none,3km,40pct,798,100.0,4,3,0,1,2.5,2.75,2.5,online
RESP_0209,K2,A,1,7,0,2,30.0,rent350,solar,100audit,home,none,18.0,rent150,grid,cert50,1km,40pct,798,200.0,9,,0,1,2.5,2.75,2.5,online
RESP_0209,K2,A,6,8,0,3,24.0,rent250,solar,cert50,3km,none,18.0,buy,grid,100audit,home,40pct,798,0.0,4,,0,1,2.5,2.75,2.5,online
RESP_0210,K3,B,5,1,0,3,36.0,buy,solar,none,home,60pct,18.0,rent150,grid,cert50,3km,none,1110,0.0,8,,0,1,1.33,3.5,2.75,online
RESP_0210,K3,B,6,2,0,3,24.0,rent350,solar,100audit,1km,40pct,30.0,rent150,solar,cert50,home,none,1110,200.0,8,,0,1,1.33,3.5,2.75,online
RESP_0210,K3,B,2,3,0,1,18.0,buy,solar,cert50,1km,60pct,36.0,rent350,grid,100audit,home,none,1110,200.0,9,2,0,1,1.33,3.5,2.75,online
RESP_0210,K3,B,3,4,1,1,18.0,buy,solar,100audit,home,60pct,36.0,rent350,grid,none,3km,none,1110,100.0,8,,0,1,1.33,3.5,2.75,online
RESP_0210,K3,B,1,5,0,1,24.0,rent150,grid,100audit,home,none,30.0,buy,solar,none,3km,40pct,1110,0.0,6,,0,1,1.33,3.5,2.75,online
RESP_0210,K3,B,7,6,0,3,18.0,rent250,solar,none,3km,60pct,36.0,buy,grid,100audit,1km,none,1110,100.0,5,3,0,1,1.33,3.5,2.75,online
RESP_0210,K3,B,8,7,0,1,30.0,buy,grid,100audit,home,40pct,24.0,rent250,grid,cert50,3km,none,1110,0.0,8,,0,1,1.33,3.5,2.75,online
RESP_0210,K3,B,4,8,0,2,30.0,rent250,grid,cert50,3km,40pct,24.0,rent350,solar,100audit,1km,none,1110,100.0,7,,0,1,1.33,3.5,2.75,online
RESP_0211,K1,A,4,1,1,1,18.0,buy,solar,100audit,home,60pct,36.0,rent350,grid,none,3km,none,1462,100.0,10,,0,0,2.67,3.5,2.75,online
RESP_0211,K1,A,5,2,0,2,30.0,rent150,solar,none,1km,40pct,24.0,buy,solar,cert50,home,none,1462,200.0,7,,0,0,2.67,3.5,2.75,online
RESP_0211,K1,A,6,3,0,3,18.0,rent150,grid,100audit,3km,none,36.0,rent250,solar,none,1km,60pct,1462,100.0,7,3,0,0,2.67,3.5,2.75,online
RESP_0211,K1,A,2,4,0,3,18.0,rent350,grid,cert50,3km,40pct,24.0,rent150,solar,100audit,1km,none,1462,200.0,5,,0,0,2.67,3.5,2.75,online
RESP_0211,K1,A,8,5,0,3,36.0,rent250,solar,100audit,1km,60pct,18.0,buy,grid,none,home,none,1462,200.0,8,,0,0,2.67,3.5,2.75,online
RESP_0211,K1,A,3,6,0,3,36.0,buy,solar,cert50,home,60pct,18.0,rent250,grid,none,3km,none,1462,0.0,6,2,0,0,2.67,3.5,2.75,online
RESP_0211,K1,A,7,7,0,3,24.0,buy,grid,cert50,home,40pct,30.0,rent350,grid,100audit,3km,none,1462,0.0,6,,0,0,2.67,3.5,2.75,online
RESP_0211,K1,A,1,8,0,3,24.0,rent250,solar,none,1km,none,30.0,buy,grid,100audit,home,60pct,1462,100.0,7,,0,0,2.67,3.5,2.75,online
RESP_0212,K2,B,7,1,0,3,30.0,rent150,grid,none,1km,60pct,36.0,rent250,solar,cert50,3km,none,475,100.0,8,,0,0,3.5,3.75,3.25,online
RESP_0212,K2,B,4,2,0,3,36.0,rent150,grid,cert50,home,40pct,30.0,buy,grid,100audit,1km,60pct,475,200.0,8,,0,0,3.5,3.75,3.25,online
RESP_0212,K2,B,5,3,1,2,36.0,rent350,grid,none,3km,none,18.0,buy,solar,100audit,home,60pct,475,100.0,10,2,0,0,3.5,3.75,3.25,online
RESP_0212,K2,B,2,4,0,3,24.0,buy,solar,none,3km,60pct,36.0,buy,solar,100audit,home,none,475,0.0,6,,0,0,3.5,3.75,3.25,online
RESP_0212,K2,B,1,5,0,2,30.0,rent350,solar,100audit,home,none,18.0,rent150,grid,cert50,1km,40pct,475,200.0,7,,0,0,3.5,3.75,3.25,online
RESP_0212,K2,B,3,6,0,3,18.0,rent250,grid,100audit,1km,none,24.0,rent350,solar,none,3km,40pct,475,100.0,4,3,0,0,3.5,3.75,3.25,online
RESP_0212,K2,B,6,7,0,3,24.0,rent250,solar,cert50,3km,none,18.0,buy,grid,100audit,home,40pct,475,0.0,7,,0,0,3.5,3.75,3.25,online
RESP_0212,K2,B,8,8,0,2,18.0,buy,solar,cert50,home,none,24.0,rent150,solar,100audit,1km,60pct,475,200.0,6,,0,0,3.5,3.75,3.25,online
RESP_0213,K3,A,6,1,0,1,24.0,rent350,solar,100audit,1km,40pct,30.0,rent150,solar,cert50,home,none,293,200.0,10,,0,0,3.5,2.5,3.0,online
RESP_0213,K3,A,5,2,0,3,36.0,buy,solar,none,home,60pct,18.0,rent150,grid,cert50,3km,none,293,0.0,5,,0,0,3.5,2.5,3.0,online
RESP_0213,K3,A,3,3,1,1,18.0,buy,solar,100audit,home,60pct,36.0,rent350,grid,none,3km,none,293,100.0,10,2,0,0,3.5,2.5,3.0,online
RESP_0213,K3,A,7,4,0,1,18.0,rent250,solar,none,3km,60pct,36.0,buy,grid,100audit,1km,none,293,100.0,10,,0,0,3.5,2.5,3.0,online
RESP_0213,K3,A,4,5,0,3,30.0,rent250,grid,cert50,3km,40pct,24.0,rent350,solar,100audit,1km,none,293,100.0,8,,0,0,3.5,2.5,3.0,online
RESP_0213,K3,A,1,6,0,3,24.0,rent150,grid,100audit,home,none,30.0,buy,solar,none,3km,40pct,293,0.0,5,2,0,0,3.5,2.5,3.0,online
RESP_0213,K3,A,2,7,0,3,18.0,buy,solar,cert50,1km,60pct,36.0,rent350,grid,100audit,home,none,293,200.0,7,,0,0,3.5,2.5,3.0,online
RESP_0213,K3,A,8,8,0,3,30.0,buy,grid,100audit,home,40pct,24.0,rent250,grid,cert50,3km,none,293,0.0,7,,0,0,3.5,2.5,3.0,online
RESP_0214,K1,B,1,1,0,3,24.0,rent250,solar,none,1km,none,30.0,buy,grid,100audit,home,60pct,1045,100.0,7,,0,0,3.5,3.25,3.0,online
RESP_0214,K1,B,5,2,0,3,30.0,rent150,solar,none,1km,40pct,24.0,buy,solar,cert50,home,none,1045,200.0,8,,0,0,3.5,3.25,3.0,online
RESP_0214,K1,B,3,3,0,2,36.0,buy,solar,cert50,home,60pct,18.0,rent250,grid,none,3km,none,1045,0.0,7,1,0,0,3.5,3.25,3.0,online
RESP_0214,K1,B,8,4,0,2,36.0,rent250,solar,100audit,1km,60pct,18.0,buy,grid,none,home,none,1045,200.0,6,,0,0,3.5,3.25,3.0,online
RESP_0214,K1,B,7,5,0,3,24.0,buy,grid,cert50,home,40pct,30.0,rent350,grid,100audit,3km,none,1045,0.0,5,,0,0,3.5,3.25,3.0,online
RESP_0214,K1,B,6,6,0,1,18.0,rent150,grid,100audit,3km,none,36.0,rent250,solar,none,1km,60pct,1045,100.0,6,3,0,0,3.5,3.25,3.0,online
RESP_0214,K1,B,4,7,1,1,18.0,buy,solar,100audit,home,60pct,36.0,rent350,grid,none,3km,none,1045,100.0,7,,0,0,3.5,3.25,3.0,online
RESP_0214,K1,B,2,8,0,3,18.0,rent350,grid,cert50,3km,40pct,24.0,rent150,solar,100audit,1km,none,1045,200.0,7,,0,0,3.5,3.25,3.0,online
RESP_0215,K2,A,7,1,0,3,30.0,rent150,grid,none,1km,60pct,36.0,rent250,solar,cert50,3km,none,617,100.0,7,,0,0,3.5,2.0,3.0,online
RESP_0215,K2,A,1,2,0,3,30.0,rent350,solar,100audit,home,none,18.0,rent150,grid,cert50,1km,40pct,617,200.0,5,,0,0,3.5,2.0,3.0,online
RESP_0215,K2,A,2,3,0,1,24.0,buy,solar,none,3km,60pct,36.0,buy,solar,100audit,home,none,617,0.0,7,3,0,0,3.5,2.0,3.0,online
RESP_0215,K2,A,6,4,0,3,24.0,rent250,solar,cert50,3km,none,18.0,buy,grid,100audit,home,40pct,617,0.0,7,,0,0,3.5,2.0,3.0,online
RESP_0215,K2,A,8,5,0,1,18.0,buy,solar,cert50,home,none,24.0,rent150,solar,100audit,1km,60pct,617,200.0,10,,0,0,3.5,2.0,3.0,online
RESP_0215,K2,A,3,6,0,2,18.0,rent250,grid,100audit,1km,none,24.0,rent350,solar,none,3km,40pct,617,100.0,6,1,0,0,3.5,2.0,3.0,online
RESP_0215,K2,A,5,7,1,2,36.0,rent350,grid,none,3km,none,18.0,buy,solar,100audit,home,60pct,617,100.0,6,,0,0,3.5,2.0,3.0,online
RESP_0215,K2,A,4,8,0,3,36.0,rent150,grid,cert50,home,40pct,30.0,buy,grid,100audit,1km,60pct,617,200.0,5,,0,0,3.5,2.0,3.0,online
RESP_0216,K3,B,8,1,0,3,30.0,buy,grid,100audit,home,40pct,24.0,rent250,grid,cert50,3km,none,1318,0.0,8,,0,0,2.0,3.5,2.75,online
RESP_0216,K3,B,3,2,1,1,18.0,buy,solar,100audit,home,60pct,36.0,rent350,grid,none,3km,none,1318,100.0,6,,0,0,2.0,3.5,2.75,online
RESP_0216,K3,B,2,3,0,3,18.0,buy,solar,cert50,1km,60pct,36.0,rent350,grid,100audit,home,none,1318,200.0,7,2,0,0,2.0,3.5,2.75,online
RESP_0216,K3,B,6,4,0,3,24.0,rent350,solar,100audit,1km,40pct,30.0,rent150,solar,cert50,home,none,1318,200.0,5,,0,0,2.0,3.5,2.75,online
RESP_0216,K3,B,4,5,0,3,30.0,rent250,grid,cert50,3km,40pct,24.0,rent350,solar,100audit,1km,none,1318,100.0,4,,0,0,2.0,3.5,2.75,online
RESP_0216,K3,B,7,6,0,1,18.0,rent250,solar,none,3km,60pct,36.0,buy,grid,100audit,1km,none,1318,100.0,10,2,0,0,2.0,3.5,2.75,online
RESP_0216,K3,B,1,7,0,2,24.0,rent150,grid,100audit,home,none,30.0,buy,solar,none,3km,40pct,1318,0.0,7,,0,0,2.0,3.5,2.75,online
RESP_0216,K3,B,5,8,0,3,36.0,buy,solar,none,home,60pct,18.0,rent150,grid,cert50,3km,none,1318,0.0,6,,0,0,2.0,3.5,2.75,online
RESP_0217,K1,A,3,1,0,2,36.0,buy,solar,cert50,home,60pct,18.0,rent250,grid,none,3km,none,1183,0.0,7,,0,0,3.0,2.5,2.25,online
RESP_0217,K1,A,2,2,0,2,18.0,rent350,grid,cert50,3km,40pct,24.0,rent150,solar,100audit,1km,none,1183,200.0,9,,0,0,3.0,2.5,2.25,online
RESP_0217,K1,A,8,3,0,2,36.0,rent250,solar,100audit,1km,60pct,18.0,buy,grid,none,home,none,1183,200.0,9,2,0,0,3.0,2.5,2.25,online
RESP_0217,K1,A,1,4,0,3,24.0,rent250,solar,none,1km,none,30.0,buy,grid,100audit,home,60pct,1183,100.0,8,,0,0,3.0,2.5,2.25,online
RESP_0217,K1,A,4,5,1,1,18.0,buy,solar,100audit,home,60pct,36.0,rent350,grid,none,3km,none,1183,100.0,6,,0,0,3.0,2.5,2.25,online
RESP_0217,K1,A,7,6,0,2,24.0,buy,grid,cert50,home,40pct,30.0,rent350,grid,100audit,3km,none,1183,0.0,6,3,0,0,3.0,2.5,2.25,online
RESP_0217,K1,A,5,7,0,3,30.0,rent150,solar,none,1km,40pct,24.0,buy,solar,cert50,home,none,1183,200.0,8,,0,0,3.0,2.5,2.25,online
RESP_0217,K1,A,6,8,0,3,18.0,rent150,grid,100audit,3km,none,36.0,rent250,solar,none,1km,60pct,1183,100.0,8,,0,0,3.0,2.5,2.25,online
RESP_0218,K2,B,3,1,0,1,18.0,rent250,grid,100audit,1km,none,24.0,rent350,solar,none,3km,40pct,1244,100.0,9,,0,0,2.0,2.25,3.5,online
RESP_0218,K2,B,7,2,0,3,30.0,rent150,grid,none,1km,60pct,36.0,rent250,solar,cert50,3km,none,1244,100.0,5,,0,0,2.0,2.25,3.5,online
RESP_0218,K2,B,5,3,1,2,36.0,rent350,grid,none,3km,none,18.0,buy,solar,100audit,home,60pct,1244,100.0,9,3,0,0,2.0,2.25,3.5,online
RESP_0218,K2,B,8,4,0,1,18.0,buy,solar,cert50,home,none,24.0,rent150,solar,100audit,1km,60pct,1244,200.0,7,,0,0,2.0,2.25,3.5,online
RESP_0218,K2,B,2,5,0,3,24.0,buy,solar,none,3km,60pct,36.0,buy,solar,100audit,home,none,1244,0.0,4,,0,0,2.0,2.25,3.5,online
RESP_0218,K2,B,6,6,0,3,24.0,rent250,solar,cert50,3km,none,18.0,buy,grid,100audit,home,40pct,1244,0.0,8,2,0,0,2.0,2.25,3.5,online
RESP_0218,K2,B,4,7,0,3,36.0,rent150,grid,cert50,home,40pct,30.0,buy,grid,100audit,1km,60pct,1244,200.0,4,,0,0,2.0,2.25,3.5,online
RESP_0218,K2,B,1,8,0,3,30.0,rent350,solar,100audit,home,none,18.0,rent150,grid,cert50,1km,40pct,1244,200.0,5,,0,0,2.0,2.25,3.5,online
RESP_0219,K3,A,3,1,1,1,18.0,buy,solar,100audit,home,60pct,36.0,rent350,grid,none,3km,none,569,100.0,10,,0,0,2.5,3.0,3.25,online
RESP_0219,K3,A,1,2,0,3,24.0,rent150,grid,100audit,home,none,30.0,buy,solar,none,3km,40pct,569,0.0,7,,0,0,2.5,3.0,3.25,online
RESP_0219,K3,A,6,3,0,2,24.0,rent350,solar,100audit,1km,40pct,30.0,rent150,solar,cert50,home,none,569,200.0,9,1,0,0,2.5,3.0,3.25,online
RESP_0219,K3,A,2,4,0,1,18.0,buy,solar,cert50,1km,60pct,36.0,rent350,grid,100audit,home,none,569,200.0,6,,0,0,2.5,3.0,3.25,online
RESP_0219,K3,A,7,5,0,3,18.0,rent250,solar,none,3km,60pct,36.0,buy,grid,100audit,1km,none,569,100.0,5,,0,0,2.5,3.0,3.25,online
RESP_0219,K3,A,5,6,0,3,36.0,buy,solar,none,home,60pct,18.0,rent150,grid,cert50,3km,none,569,0.0,8,2,0,0,2.5,3.0,3.25,online
RESP_0219,K3,A,8,7,0,2,30.0,buy,grid,100audit,home,40pct,24.0,rent250,grid,cert50,3km,none,569,0.0,6,,0,0,2.5,3.0,3.25,online
RESP_0219,K3,A,4,8,0,3,30.0,rent250,grid,cert50,3km,40pct,24.0,rent350,solar,100audit,1km,none,569,100.0,5,,0,0,2.5,3.0,3.25,online
RESP_0220,K1,B,8,1,0,3,36.0,rent250,solar,100audit,1km,60pct,18.0,buy,grid,none,home,none,300,200.0,7,,0,0,1.5,3.0,2.75,online
RESP_0220,K1,B,5,2,0,2,30.0,rent150,solar,none,1km,40pct,24.0,buy,solar,cert50,home,none,300,200.0,8,,0,0,1.5,3.0,2.75,online
RESP_0220,K1,B,2,3,0,2,18.0,rent350,grid,cert50,3km,40pct,24.0,rent150,solar,100audit,1km,none,300,200.0,6,1,0,0,1.5,3.0,2.75,online
RESP_0220,K1,B,7,4,0,3,24.0,buy,grid,cert50,home,40pct,30.0,rent350,grid,100audit,3km,none,300,0.0,7,,0,0,1.5,3.0,2.75,online
RESP_0220,K1,B,1,5,0,3,24.0,rent250,solar,none,1km,none,30.0,buy,grid,100audit,home,60pct,300,100.0,6,,0,0,1.5,3.0,2.75,online
RESP_0220,K1,B,6,6,0,1,18.0,rent150,grid,100audit,3km,none,36.0,rent250,solar,none,1km,60pct,300,100.0,7,1,0,0,1.5,3.0,2.75,online
RESP_0220,K1,B,4,7,1,1,18.0,buy,solar,100audit,home,60pct,36.0,rent350,grid,none,3km,none,300,100.0,7,,0,0,1.5,3.0,2.75,online
RESP_0220,K1,B,3,8,0,3,36.0,buy,solar,cert50,home,60pct,18.0,rent250,grid,none,3km,none,300,0.0,6,,0,0,1.5,3.0,2.75,online
RESP_0221,K2,A,2,1,0,3,24.0,buy,solar,none,3km,60pct,36.0,buy,solar,100audit,home,none,255,0.0,5,,0,0,1.83,3.25,3.5,online
RESP_0221,K2,A,5,2,1,2,36.0,rent350,grid,none,3km,none,18.0,buy,solar,100audit,home,60pct,255,100.0,9,,0,0,1.83,3.25,3.5,online
RESP_0221,K2,A,4,3,0,3,36.0,rent150,grid,cert50,home,40pct,30.0,buy,grid,100audit,1km,60pct,255,200.0,7,2,0,0,1.83,3.25,3.5,online
RESP_0221,K2,A,6,4,0,3,24.0,rent250,solar,cert50,3km,none,18.0,buy,grid,100audit,home,40pct,255,0.0,4,,0,0,1.83,3.25,3.5,online
RESP_0221,K2,A,7,5,0,3,30.0,rent150,grid,none,1km,60pct,36.0,rent250,solar,cert50,3km,none,255,100.0,4,,0,0,1.83,3.25,3.5,online
RESP_0221,K2,A,1,6,0,3,30.0,rent350,solar,100audit,home,none,18.0,rent150,grid,cert50,1km,40pct,255,200.0,4,2,0,0,1.83,3.25,3.5,online
RESP_0221,K2,A,3,7,0,3,18.0,rent250,grid,100audit,1km,none,24.0,rent350,solar,none,3km,40pct,255,100.0,8,,0,0,1.83,3.25,3.5,online
RESP_0221,K2,A,8,8,0,3,18.0,buy,solar,cert50,home,none,24.0,rent150,solar,100audit,1km,60pct,255,200.0,8,,0,0,1.83,3.25,3.5,online
RESP_0222,K3,B,4,1,0,3,30.0,rent250,grid,cert50,3km,40pct,24.0,rent350,solar,100audit,1km,none,1432,100.0,8,,0,0,3.5,2.5,3.5,online
RESP_0222,K3,B,8,2,0,3,30.0,buy,grid,100audit,home,40pct,24.0,rent250,grid,cert50,3km,none,1432,0.0,8,,0,0,3.5,2.5,3.5,online
RESP_0222,K3,B,5,3,0,3,36.0,buy,solar,none,home,60pct,18.0,rent150,grid,cert50,3km,none,1432,0.0,6,2,0,0,3.5,2.5,3.5,online
RESP_0222,K3,B,2,4,0,3,18.0,buy,solar,cert50,1km,60pct,36.0,rent350,grid,100audit,home,none,1432,200.0,6,,0,0,3.5,2.5,3.5,online
RESP_0222,K3,B,6,5,0,1,24.0,rent350,solar,100audit,1km,40pct,30.0,rent150,solar,cert50,home,none,1432,200.0,10,,0,0,3.5,2.5,3.5,online
RESP_0222,K3,B,3,6,1,1,18.0,buy,solar,100audit,home,60pct,36.0,rent350,grid,none,3km,none,1432,100.0,7,2,0,0,3.5,2.5,3.5,online
RESP_0222,K3,B,7,7,0,1,18.0,rent250,solar,none,3km,60pct,36.0,buy,grid,100audit,1km,none,1432,100.0,10,,0,0,3.5,2.5,3.5,online
RESP_0222,K3,B,1,8,0,3,24.0,rent150,grid,100audit,home,none,30.0,buy,solar,none,3km,40pct,1432,0.0,4,,0,0,3.5,2.5,3.5,online
RESP_0223,K1,A,1,1,0,3,24.0,rent250,solar,none,1km,none,30.0,buy,grid,100audit,home,60pct,836,100.0,8,,0,0,3.83,4.0,3.25,online
RESP_0223,K1,A,2,2,0,1,18.0,rent350,grid,cert50,3km,40pct,24.0,rent150,solar,100audit,1km,none,836,200.0,7,,0,0,3.83,4.0,3.25,online
RESP_0223,K1,A,8,3,0,3,36.0,rent250,solar,100audit,1km,60pct,18.0,buy,grid,none,home,none,836,200.0,5,3,0,0,3.83,4.0,3.25,online
RESP_0223,K1,A,4,4,1,1,18.0,buy,solar,100audit,home,60pct,36.0,rent350,grid,none,3km,none,836,100.0,7,,0,0,3.83,4.0,3.25,online
RESP_0223,K1,A,3,5,0,3,36.0,buy,solar,cert50,home,60pct,18.0,rent250,grid,none,3km,none,836,0.0,7,,0,0,3.83,4.0,3.25,online
RESP_0223,K1,A,5,6,0,3,30.0,rent150,solar,none,1km,40pct,24.0,buy,solar,cert50,home,none,836,200.0,5,2,0,0,3.83,4.0,3.25,online
RESP_0223,K1,A,7,7,0,3,24.0,buy,grid,cert50,home,40pct,30.0,rent350,grid,100audit,3km,none,836,0.0,5,,0,0,3.83,4.0,3.25,online
RESP_0223,K1,A,6,8,0,3,18.0,rent150,grid,100audit,3km,none,36.0,rent250,solar,none,1km,60pct,836,100.0,6,,0,0,3.83,4.0,3.25,online
RESP_0224,K2,B,8,1,0,3,18.0,buy,solar,cert50,home,none,24.0,rent150,solar,100audit,1km,60pct,1399,200.0,6,,0,0,3.67,4.0,3.0,online
RESP_0224,K2,B,3,2,0,3,18.0,rent250,grid,100audit,1km,none,24.0,rent350,solar,none,3km,40pct,1399,100.0,7,,0,0,3.67,4.0,3.0,online
RESP_0224,K2,B,1,3,0,3,30.0,rent350,solar,100audit,home,none,18.0,rent150,grid,cert50,1km,40pct,1399,200.0,5,1,0,0,3.67,4.0,3.0,online
RESP_0224,K2,B,5,4,1,2,36.0,rent350,grid,none,3km,none,18.0,buy,solar,100audit,home,60pct,1399,100.0,10,,0,0,3.67,4.0,3.0,online
RESP_0224,K2,B,2,5,0,3,24.0,buy,solar,none,3km,60pct,36.0,buy,solar,100audit,home,none,1399,0.0,6,,0,0,3.67,4.0,3.0,online
RESP_0224,K2,B,6,6,0,3,24.0,rent250,solar,cert50,3km,none,18.0,buy,grid,100audit,home,40pct,1399,0.0,8,2,0,0,3.67,4.0,3.0,online
RESP_0224,K2,B,4,7,0,3,36.0,rent150,grid,cert50,home,40pct,30.0,buy,grid,100audit,1km,60pct,1399,200.0,4,,0,0,3.67,4.0,3.0,online
RESP_0224,K2,B,7,8,0,3,30.0,rent150,grid,none,1km,60pct,36.0,rent250,solar,cert50,3km,none,1399,100.0,4,,0,0,3.67,4.0,3.0,online
RESP_0225,K3,A,5,1,0,3,36.0,buy,solar,none,home,60pct,18.0,rent150,grid,cert50,3km,none,359,0.0,6,,0,0,2.5,3.25,2.0,online
RESP_0225,K3,A,6,2,0,3,24.0,rent350,solar,100audit,1km,40pct,30.0,rent150,solar,cert50,home,none,359,200.0,5,,0,0,2.5,3.25,2.0,online
RESP_0225,K3,A,4,3,0,2,30.0,rent250,grid,cert50,3km,40pct,24.0,rent350,solar,100audit,1km,none,359,100.0,8,3,0,0,2.5,3.25,2.0,online
RESP_0225,K3,A,7,4,0,3,18.0,rent250,solar,none,3km,60pct,36.0,buy,grid,100audit,1km,none,359,100.0,4,,0,0,2.5,3.25,2.0,online
RESP_0225,K3,A,2,5,0,3,18.0,buy,solar,cert50,1km,60pct,36.0,rent350,grid,100audit,home,none,359,200.0,4,,0,0,2.5,3.25,2.0,online
RESP_0225,K3,A,1,6,0,3,24.0,rent150,grid,100audit,home,none,30.0,buy,solar,none,3km,40pct,359,0.0,7,3,0,0,2.5,3.25,2.0,online
RESP_0225,K3,A,8,7,0,3,30.0,buy,grid,100audit,home,40pct,24.0,rent250,grid,cert50,3km,none,359,0.0,6,,0,0,2.5,3.25,2.0,online
RESP_0225,K3,A,3,8,1,1,18.0,buy,solar,100audit,home,60pct,36.0,rent350,grid,none,3km,none,359,100.0,6,,0,0,2.5,3.25,2.0,online
RESP_0226,K1,B,6,1,0,3,18.0,rent150,grid,100audit,3km,none,36.0,rent250,solar,none,1km,60pct,869,100.0,6,,0,0,3.67,3.0,2.75,online
RESP_0226,K1,B,7,2,0,3,24.0,buy,grid,cert50,home,40pct,30.0,rent350,grid,100audit,3km,none,869,0.0,5,,0,0,3.67,3.0,2.75,online
RESP_0226,K1,B,2,3,0,2,18.0,rent350,grid,cert50,3km,40pct,24.0,rent150,solar,100audit,1km,none,869,200.0,7,1,0,0,3.67,3.0,2.75,online
RESP_0226,K1,B,1,4,0,3,24.0,rent250,solar,none,1km,none,30.0,buy,grid,100audit,home,60pct,869,100.0,7,,0,0,3.67,3.0,2.75,online
RESP_0226,K1,B,4,5,1,1,18.0,buy,solar,100audit,home,60pct,36.0,rent350,grid,none,3km,none,869,100.0,10,,0,0,3.67,3.0,2.75,online
RESP_0226,K1,B,3,6,0,3,36.0,buy,solar,cert50,home,60pct,18.0,rent250,grid,none,3km,none,869,0.0,4,2,0,0,3.67,3.0,2.75,online
RESP_0226,K1,B,8,7,0,3,36.0,rent250,solar,100audit,1km,60pct,18.0,buy,grid,none,home,none,869,200.0,4,,0,0,3.67,3.0,2.75,online
RESP_0226,K1,B,5,8,0,3,30.0,rent150,solar,none,1km,40pct,24.0,buy,solar,cert50,home,none,869,200.0,7,,0,0,3.67,3.0,2.75,online
RESP_0227,K2,A,3,1,0,3,18.0,rent250,grid,100audit,1km,none,24.0,rent350,solar,none,3km,40pct,1062,100.0,8,,0,0,3.67,3.25,3.25,online
RESP_0227,K2,A,4,2,0,3,36.0,rent150,grid,cert50,home,40pct,30.0,buy,grid,100audit,1km,60pct,1062,200.0,6,,0,0,3.67,3.25,3.25,online
RESP_0227,K2,A,5,3,1,2,36.0,rent350,grid,none,3km,none,18.0,buy,solar,100audit,home,60pct,1062,100.0,8,2,0,0,3.67,3.25,3.25,online
RESP_0227,K2,A,6,4,0,3,24.0,rent250,solar,cert50,3km,none,18.0,buy,grid,100audit,home,40pct,1062,0.0,4,,0,0,3.67,3.25,3.25,online
RESP_0227,K2,A,2,5,0,3,24.0,buy,solar,none,3km,60pct,36.0,buy,solar,100audit,home,none,1062,0.0,4,,0,0,3.67,3.25,3.25,online
RESP_0227,K2,A,1,6,0,3,30.0,rent350,solar,100audit,home,none,18.0,rent150,grid,cert50,1km,40pct,1062,200.0,6,2,0,0,3.67,3.25,3.25,online
RESP_0227,K2,A,7,7,0,3,30.0,rent150,grid,none,1km,60pct,36.0,rent250,solar,cert50,3km,none,1062,100.0,4,,0,0,3.67,3.25,3.25,online
RESP_0227,K2,A,8,8,0,3,18.0,buy,solar,cert50,home,none,24.0,rent150,solar,100audit,1km,60pct,1062,200.0,4,,0,0,3.67,3.25,3.25,online
RESP_0228,K3,B,1,1,0,3,24.0,rent150,grid,100audit,home,none,30.0,buy,solar,none,3km,40pct,1027,0.0,7,,0,0,3.17,3.0,3.75,online
RESP_0228,K3,B,2,2,0,1,18.0,buy,solar,cert50,1km,60pct,36.0,rent350,grid,100audit,home,none,1027,200.0,9,,0,0,3.17,3.0,3.75,online
RESP_0228,K3,B,7,3,0,3,18.0,rent250,solar,none,3km,60pct,36.0,buy,grid,100audit,1km,none,1027,100.0,4,1,0,0,3.17,3.0,3.75,online
RESP_0228,K3,B,6,4,0,3,24.0,rent350,solar,100audit,1km,40pct,30.0,rent150,solar,cert50,home,none,1027,200.0,4,,0,0,3.17,3.0,3.75,online
RESP_0228,K3,B,4,5,0,3,30.0,rent250,grid,cert50,3km,40pct,24.0,rent350,solar,100audit,1km,none,1027,100.0,7,,0,0,3.17,3.0,3.75,online
RESP_0228,K3,B,8,6,0,3,30.0,buy,grid,100audit,home,40pct,24.0,rent250,grid,cert50,3km,none,1027,0.0,6,3,0,0,3.17,3.0,3.75,online
RESP_0228,K3,B,3,7,1,1,18.0,buy,solar,100audit,home,60pct,36.0,rent350,grid,none,3km,none,1027,100.0,9,,0,0,3.17,3.0,3.75,online
RESP_0228,K3,B,5,8,0,3,36.0,buy,solar,none,home,60pct,18.0,rent150,grid,cert50,3km,none,1027,0.0,7,,0,0,3.17,3.0,3.75,online
RESP_0229,K1,A,1,1,0,3,24.0,rent250,solar,none,1km,none,30.0,buy,grid,100audit,home,60pct,461,100.0,7,,0,0,2.83,3.5,3.75,online
RESP_0229,K1,A,5,2,0,3,30.0,rent150,solar,none,1km,40pct,24.0,buy,solar,cert50,home,none,461,200.0,4,,0,0,2.83,3.5,3.75,online
RESP_0229,K1,A,3,3,0,3,36.0,buy,solar,cert50,home,60pct,18.0,rent250,grid,none,3km,none,461,0.0,4,1,0,0,2.83,3.5,3.75,online
RESP_0229,K1,A,4,4,1,1,18.0,buy,solar,100audit,home,60pct,36.0,rent350,grid,none,3km,none,461,100.0,6,,0,0,2.83,3.5,3.75,online
RESP_0229,K1,A,7,5,0,3,24.0,buy,grid,cert50,home,40pct,30.0,rent350,grid,100audit,3km,none,461,0.0,7,,0,0,2.83,3.5,3.75,online
RESP_0229,K1,A,2,6,0,3,18.0,rent350,grid,cert50,3km,40pct,24.0,rent150,solar,100audit,1km,none,461,200.0,7,2,0,0,2.83,3.5,3.75,online
RESP_0229,K1,A,8,7,0,3,36.0,rent250,solar,100audit,1km,60pct,18.0,buy,grid,none,home,none,461,200.0,5,,0,0,2.83,3.5,3.75,online
RESP_0229,K1,A,6,8,0,3,18.0,rent150,grid,100audit,3km,none,36.0,rent250,solar,none,1km,60pct,461,100.0,6,,0,0,2.83,3.5,3.75,online
RESP_0230,K2,B,7,1,0,3,30.0,rent150,grid,none,1km,60pct,36.0,rent250,solar,cert50,3km,none,1217,100.0,4,,0,0,3.5,3.5,2.75,online
RESP_0230,K2,B,1,2,0,2,30.0,rent350,solar,100audit,home,none,18.0,rent150,grid,cert50,1km,40pct,1217,200.0,10,,0,0,3.5,3.5,2.75,online
RESP_0230,K2,B,6,3,0,3,24.0,rent250,solar,cert50,3km,none,18.0,buy,grid,100audit,home,40pct,1217,0.0,6,1,0,0,3.5,3.5,2.75,online
RESP_0230,K2,B,8,4,0,2,18.0,buy,solar,cert50,home,none,24.0,rent150,solar,100audit,1km,60pct,1217,200.0,7,,0,0,3.5,3.5,2.75,online
RESP_0230,K2,B,3,5,0,3,18.0,rent250,grid,100audit,1km,none,24.0,rent350,solar,none,3km,40pct,1217,100.0,6,,0,0,3.5,3.5,2.75,online
RESP_0230,K2,B,5,6,1,2,36.0,rent350,grid,none,3km,none,18.0,buy,solar,100audit,home,60pct,1217,100.0,9,1,0,0,3.5,3.5,2.75,online
RESP_0230,K2,B,4,7,0,3,36.0,rent150,grid,cert50,home,40pct,30.0,buy,grid,100audit,1km,60pct,1217,200.0,5,,0,0,3.5,3.5,2.75,online
RESP_0230,K2,B,2,8,0,3,24.0,buy,solar,none,3km,60pct,36.0,buy,solar,100audit,home,none,1217,0.0,7,,0,0,3.5,3.5,2.75,online
RESP_0231,K3,A,6,1,0,3,24.0,rent350,solar,100audit,1km,40pct,30.0,rent150,solar,cert50,home,none,358,200.0,8,,0,0,2.83,3.75,3.0,online
RESP_0231,K3,A,2,2,0,1,18.0,buy,solar,cert50,1km,60pct,36.0,rent350,grid,100audit,home,none,358,200.0,9,,0,0,2.83,3.75,3.0,online
RESP_0231,K3,A,4,3,0,3,30.0,rent250,grid,cert50,3km,40pct,24.0,rent350,solar,100audit,1km,none,358,100.0,4,2,0,0,2.83,3.75,3.0,online
RESP_0231,K3,A,5,4,0,3,36.0,buy,solar,none,home,60pct,18.0,rent150,grid,cert50,3km,none,358,0.0,5,,0,0,2.83,3.75,3.0,online
RESP_0231,K3,A,1,5,0,3,24.0,rent150,grid,100audit,home,none,30.0,buy,solar,none,3km,40pct,358,0.0,4,,0,0,2.83,3.75,3.0,online
RESP_0231,K3,A,8,6,0,3,30.0,buy,grid,100audit,home,40pct,24.0,rent250,grid,cert50,3km,none,358,0.0,5,2,0,0,2.83,3.75,3.0,online
RESP_0231,K3,A,3,7,1,1,18.0,buy,solar,100audit,home,60pct,36.0,rent350,grid,none,3km,none,358,100.0,6,,0,0,2.83,3.75,3.0,online
RESP_0231,K3,A,7,8,0,3,18.0,rent250,solar,none,3km,60pct,36.0,buy,grid,100audit,1km,none,358,100.0,7,,0,0,2.83,3.75,3.0,online
RESP_0232,K1,B,8,1,0,3,36.0,rent250,solar,100audit,1km,60pct,18.0,buy,grid,none,home,none,1402,200.0,6,,0,0,3.0,3.5,2.25,online
RESP_0232,K1,B,1,2,0,2,24.0,rent250,solar,none,1km,none,30.0,buy,grid,100audit,home,60pct,1402,100.0,8,,0,0,3.0,3.5,2.25,online
RESP_0232,K1,B,3,3,0,3,36.0,buy,solar,cert50,home,60pct,18.0,rent250,grid,none,3km,none,1402,0.0,8,1,0,0,3.0,3.5,2.25,online
RESP_0232,K1,B,7,4,0,3,24.0,buy,grid,cert50,home,40pct,30.0,rent350,grid,100audit,3km,none,1402,0.0,7,,0,0,3.0,3.5,2.25,online
RESP_0232,K1,B,6,5,0,3,18.0,rent150,grid,100audit,3km,none,36.0,rent250,solar,none,1km,60pct,1402,100.0,8,,0,0,3.0,3.5,2.25,online
RESP_0232,K1,B,2,6,0,2,18.0,rent350,grid,cert50,3km,40pct,24.0,rent150,solar,100audit,1km,none,1402,200.0,8,2,0,0,3.0,3.5,2.25,online
RESP_0232,K1,B,4,7,1,1,18.0,buy,solar,100audit,home,60pct,36.0,rent350,grid,none,3km,none,1402,100.0,10,,0,0,3.0,3.5,2.25,online
RESP_0232,K1,B,5,8,0,3,30.0,rent150,solar,none,1km,40pct,24.0,buy,solar,cert50,home,none,1402,200.0,6,,0,0,3.0,3.5,2.25,online
RESP_0233,K2,A,2,1,0,3,24.0,buy,solar,none,3km,60pct,36.0,buy,solar,100audit,home,none,588,0.0,6,,0,0,2.17,3.5,3.25,online
RESP_0233,K2,A,5,2,1,2,36.0,rent350,grid,none,3km,none,18.0,buy,solar,100audit,home,60pct,588,100.0,6,,0,0,2.17,3.5,3.25,online
RESP_0233,K2,A,7,3,0,3,30.0,rent150,grid,none,1km,60pct,36.0,rent250,solar,cert50,3km,none,588,100.0,8,2,0,0,2.17,3.5,3.25,online
RESP_0233,K2,A,3,4,0,3,18.0,rent250,grid,100audit,1km,none,24.0,rent350,solar,none,3km,40pct,588,100.0,7,,0,0,2.17,3.5,3.25,online
RESP_0233,K2,A,8,5,0,1,18.0,buy,solar,cert50,home,none,24.0,rent150,solar,100audit,1km,60pct,588,200.0,8,,0,0,2.17,3.5,3.25,online
RESP_0233,K2,A,6,6,0,3,24.0,rent250,solar,cert50,3km,none,18.0,buy,grid,100audit,home,40pct,588,0.0,5,3,0,0,2.17,3.5,3.25,online
RESP_0233,K2,A,4,7,0,3,36.0,rent150,grid,cert50,home,40pct,30.0,buy,grid,100audit,1km,60pct,588,200.0,6,,0,0,2.17,3.5,3.25,online
RESP_0233,K2,A,1,8,0,2,30.0,rent350,solar,100audit,home,none,18.0,rent150,grid,cert50,1km,40pct,588,200.0,10,,0,0,2.17,3.5,3.25,online
RESP_0234,K3,B,7,1,0,3,18.0,rent250,solar,none,3km,60pct,36.0,buy,grid,100audit,1km,none,1402,100.0,8,,0,0,2.0,3.75,3.5,online
RESP_0234,K3,B,6,2,0,3,24.0,rent350,solar,100audit,1km,40pct,30.0,rent150,solar,cert50,home,none,1402,200.0,4,,0,0,2.0,3.75,3.5,online
RESP_0234,K3,B,8,3,0,3,30.0,buy,grid,100audit,home,40pct,24.0,rent250,grid,cert50,3km,none,1402,0.0,5,2,0,0,2.0,3.75,3.5,online
RESP_0234,K3,B,5,4,0,3,36.0,buy,solar,none,home,60pct,18.0,rent150,grid,cert50,3km,none,1402,0.0,6,,0,0,2.0,3.75,3.5,online
RESP_0234,K3,B,1,5,0,3,24.0,rent150,grid,100audit,home,none,30.0,buy,solar,none,3km,40pct,1402,0.0,6,,0,0,2.0,3.75,3.5,online
RESP_0234,K3,B,3,6,1,1,18.0,buy,solar,100audit,home,60pct,36.0,rent350,grid,none,3km,none,1402,100.0,7,3,0,0,2.0,3.75,3.5,online
RESP_0234,K3,B,4,7,0,1,30.0,rent250,grid,cert50,3km,40pct,24.0,rent350,solar,100audit,1km,none,1402,100.0,10,,0,0,2.0,3.75,3.5,online
RESP_0234,K3,B,2,8,0,3,18.0,buy,solar,cert50,1km,60pct,36.0,rent350,grid,100audit,home,none,1402,200.0,6,,0,0,2.0,3.75,3.5,online
RESP_0235,K1,A,5,1,0,3,30.0,rent150,solar,none,1km,40pct,24.0,buy,solar,cert50,home,none,985,200.0,7,,0,0,2.5,2.5,2.25,online
RESP_0235,K1,A,4,2,1,1,18.0,buy,solar,100audit,home,60pct,36.0,rent350,grid,none,3km,none,985,100.0,7,,0,0,2.5,2.5,2.25,online
RESP_0235,K1,A,8,3,0,3,36.0,rent250,solar,100audit,1km,60pct,18.0,buy,grid,none,home,none,985,200.0,4,1,0,0,2.5,2.5,2.25,online
RESP_0235,K1,A,7,4,0,3,24.0,buy,grid,cert50,home,40pct,30.0,rent350,grid,100audit,3km,none,985,0.0,8,,0,0,2.5,2.5,2.25,online
RESP_0235,K1,A,2,5,0,3,18.0,rent350,grid,cert50,3km,40pct,24.0,rent150,solar,100audit,1km,none,985,200.0,4,,0,0,2.5,2.5,2.25,online
RESP_0235,K1,A,3,6,0,3,36.0,buy,solar,cert50,home,60pct,18.0,rent250,grid,none,3km,none,985,0.0,4,2,0,0,2.5,2.5,2.25,online
RESP_0235,K1,A,6,7,0,1,18.0,rent150,grid,100audit,3km,none,36.0,rent250,solar,none,1km,60pct,985,100.0,9,,0,0,2.5,2.5,2.25,online
RESP_0235,K1,A,1,8,0,3,24.0,rent250,solar,none,1km,none,30.0,buy,grid,100audit,home,60pct,985,100.0,5,,0,0,2.5,2.5,2.25,online
RESP_0236,K2,B,7,1,0,3,30.0,rent150,grid,none,1km,60pct,36.0,rent250,solar,cert50,3km,none,1337,100.0,6,,0,0,3.5,2.75,2.5,online
RESP_0236,K2,B,8,2,0,2,18.0,buy,solar,cert50,home,none,24.0,rent150,solar,100audit,1km,60pct,1337,200.0,9,,0,0,3.5,2.75,2.5,online
RESP_0236,K2,B,6,3,0,2,24.0,rent250,solar,cert50,3km,none,18.0,buy,grid,100audit,home,40pct,1337,0.0,10,3,0,0,3.5,2.75,2.5,online
RESP_0236,K2,B,5,4,1,2,36.0,rent350,grid,none,3km,none,18.0,buy,solar,100audit,home,60pct,1337,100.0,8,,0,0,3.5,2.75,2.5,online
RESP_0236,K2,B,1,5,0,3,30.0,rent350,solar,100audit,home,none,18.0,rent150,grid,cert50,1km,40pct,1337,200.0,8,,0,0,3.5,2.75,2.5,online
RESP_0236,K2,B,2,6,0,1,24.0,buy,solar,none,3km,60pct,36.0,buy,solar,100audit,home,none,1337,0.0,8,1,0,0,3.5,2.75,2.5,online
RESP_0236,K2,B,4,7,0,3,36.0,rent150,grid,cert50,home,40pct,30.0,buy,grid,100audit,1km,60pct,1337,200.0,8,,0,0,3.5,2.75,2.5,online
RESP_0236,K2,B,3,8,0,1,18.0,rent250,grid,100audit,1km,none,24.0,rent350,solar,none,3km,40pct,1337,100.0,10,,0,0,3.5,2.75,2.5,online
RESP_0237,K3,A,2,1,0,3,18.0,buy,solar,cert50,1km,60pct,36.0,rent350,grid,100audit,home,none,1361,200.0,7,,0,0,4.0,4.0,3.0,online
RESP_0237,K3,A,1,2,0,3,24.0,rent150,grid,100audit,home,none,30.0,buy,solar,none,3km,40pct,1361,0.0,5,,0,0,4.0,4.0,3.0,online
RESP_0237,K3,A,7,3,0,3,18.0,rent250,solar,none,3km,60pct,36.0,buy,grid,100audit,1km,none,1361,100.0,6,1,0,0,4.0,4.0,3.0,online
RESP_0237,K3,A,4,4,0,1,30.0,rent250,grid,cert50,3km,40pct,24.0,rent350,solar,100audit,1km,none,1361,100.0,10,,0,0,4.0,4.0,3.0,online
RESP_0237,K3,A,8,5,0,3,30.0,buy,grid,100audit,home,40pct,24.0,rent250,grid,cert50,3km,none,1361,0.0,8,,0,0,4.0,4.0,3.0,online
RESP_0237,K3,A,3,6,1,1,18.0,buy,solar,100audit,home,60pct,36.0,rent350,grid,none,3km,none,1361,100.0,8,1,0,0,4.0,4.0,3.0,online
RESP_0237,K3,A,6,7,0,3,24.0,rent350,solar,100audit,1km,40pct,30.0,rent150,solar,cert50,home,none,1361,200.0,7,,0,0,4.0,4.0,3.0,online
RESP_0237,K3,A,5,8,0,3,36.0,buy,solar,none,home,60pct,18.0,rent150,grid,cert50,3km,none,1361,0.0,7,,0,0,4.0,4.0,3.0,online
RESP_0238,K1,B,6,1,0,3,18.0,rent150,grid,100audit,3km,none,36.0,rent250,solar,none,1km,60pct,1091,100.0,4,,0,0,2.33,2.5,2.75,online
RESP_0238,K1,B,3,2,0,2,36.0,buy,solar,cert50,home,60pct,18.0,rent250,grid,none,3km,none,1091,0.0,7,,0,0,2.33,2.5,2.75,online
RESP_0238,K1,B,7,3,0,3,24.0,buy,grid,cert50,home,40pct,30.0,rent350,grid,100audit,3km,none,1091,0.0,5,3,0,0,2.33,2.5,2.75,online
RESP_0238,K1,B,4,4,1,1,18.0,buy,solar,100audit,home,60pct,36.0,rent350,grid,none,3km,none,1091,100.0,10,,0,0,2.33,2.5,2.75,online
RESP_0238,K1,B,1,5,0,2,24.0,rent250,solar,none,1km,none,30.0,buy,grid,100audit,home,60pct,1091,100.0,8,,0,0,2.33,2.5,2.75,online
RESP_0238,K1,B,5,6,0,3,30.0,rent150,solar,none,1km,40pct,24.0,buy,solar,cert50,home,none,1091,200.0,6,2,0,0,2.33,2.5,2.75,online
RESP_0238,K1,B,2,7,0,1,18.0,rent350,grid,cert50,3km,40pct,24.0,rent150,solar,100audit,1km,none,1091,200.0,9,,0,0,2.33,2.5,2.75,online
RESP_0238,K1,B,8,8,0,3,36.0,rent250,solar,100audit,1km,60pct,18.0,buy,grid,none,home,none,1091,200.0,6,,0,0,2.33,2.5,2.75,online
RESP_0239,K2,A,7,1,0,3,30.0,rent150,grid,none,1km,60pct,36.0,rent250,solar,cert50,3km,none,1118,100.0,8,,0,0,1.83,3.5,3.0,online
RESP_0239,K2,A,1,2,0,2,30.0,rent350,solar,100audit,home,none,18.0,rent150,grid,cert50,1km,40pct,1118,200.0,6,,0,0,1.83,3.5,3.0,online
RESP_0239,K2,A,3,3,0,1,18.0,rent250,grid,100audit,1km,none,24.0,rent350,solar,none,3km,40pct,1118,100.0,8,1,0,0,1.83,3.5,3.0,online
RESP_0239,K2,A,8,4,0,2,18.0,buy,solar,cert50,home,none,24.0,rent150,solar,100audit,1km,60pct,1118,200.0,7,,0,0,1.83,3.5,3.0,online
RESP_0239,K2,A,2,5,0,3,24.0,buy,solar,none,3km,60pct,36.0,buy,solar,100audit,home,none,1118,0.0,6,,0,0,1.83,3.5,3.0,online
RESP_0239,K2,A,5,6,1,2,36.0,rent350,grid,none,3km,none,18.0,buy,solar,100audit,home,60pct,1118,100.0,9,2,0,0,1.83,3.5,3.0,online
RESP_0239,K2,A,4,7,0,2,36.0,rent150,grid,cert50,home,40pct,30.0,buy,grid,100audit,1km,60pct,1118,200.0,10,,0,0,1.83,3.5,3.0,online
RESP_0239,K2,A,6,8,0,3,24.0,rent250,solar,cert50,3km,none,18.0,buy,grid,100audit,home,40pct,1118,0.0,7,,0,0,1.83,3.5,3.0,online
RESP_0240,K3,B,7,1,0,3,18.0,rent250,solar,none,3km,60pct,36.0,buy,grid,100audit,1km,none,529,100.0,7,,0,0,2.33,3.0,3.0,online
RESP_0240,K3,B,2,2,0,3,18.0,buy,solar,cert50,1km,60pct,36.0,rent350,grid,100audit,home,none,529,200.0,8,,0,0,2.33,3.0,3.0,online
RESP_0240,K3,B,3,3,1,2,18.0,buy,solar,100audit,home,60pct,36.0,rent350,grid,none,3km,none,529,100.0,9,3,0,0,2.33,3.0,3.0,online
RESP_0240,K3,B,6,4,0,1,24.0,rent350,solar,100audit,1km,40pct,30.0,rent150,solar,cert50,home,none,529,200.0,6,,0,0,2.33,3.0,3.0,online
RESP_0240,K3,B,8,5,0,3,30.0,buy,grid,100audit,home,40pct,24.0,rent250,grid,cert50,3km,none,529,0.0,7,,0,0,2.33,3.0,3.0,online
RESP_0240,K3,B,5,6,0,2,36.0,buy,solar,none,home,60pct,18.0,rent150,grid,cert50,3km,none,529,0.0,8,3,0,0,2.33,3.0,3.0,online
RESP_0240,K3,B,4,7,0,3,30.0,rent250,grid,cert50,3km,40pct,24.0,rent350,solar,100audit,1km,none,529,100.0,8,,0,0,2.33,3.0,3.0,online
RESP_0240,K3,B,1,8,0,3,24.0,rent150,grid,100audit,home,none,30.0,buy,solar,none,3km,40pct,529,0.0,4,,0,0,2.33,3.0,3.0,online
RESP_0241,K1,A,1,1,0,3,24.0,rent250,solar,none,1km,none,30.0,buy,grid,100audit,home,60pct,419,100.0,5,,0,0,2.5,3.5,3.25,online
RESP_0241,K1,A,6,2,0,3,18.0,rent150,grid,100audit,3km,none,36.0,rent250,solar,none,1km,60pct,419,100.0,6,,0,0,2.5,3.5,3.25,online
RESP_0241,K1,A,7,3,0,3,24.0,buy,grid,cert50,home,40pct,30.0,rent350,grid,100audit,3km,none,419,0.0,4,3,0,0,2.5,3.5,3.25,online
RESP_0241,K1,A,4,4,1,1,18.0,buy,solar,100audit,home,60pct,36.0,rent350,grid,none,3km,none,419,100.0,10,,0,0,2.5,3.5,3.25,online
RESP_0241,K1,A,3,5,0,3,36.0,buy,solar,cert50,home,60pct,18.0,rent250,grid,none,3km,none,419,0.0,5,,0,0,2.5,3.5,3.25,online
RESP_0241,K1,A,5,6,0,2,30.0,rent150,solar,none,1km,40pct,24.0,buy,solar,cert50,home,none,419,200.0,8,1,0,0,2.5,3.5,3.25,online
RESP_0241,K1,A,2,7,0,1,18.0,rent350,grid,cert50,3km,40pct,24.0,rent150,solar,100audit,1km,none,419,200.0,9,,0,0,2.5,3.5,3.25,online
RESP_0241,K1,A,8,8,0,3,36.0,rent250,solar,100audit,1km,60pct,18.0,buy,grid,none,home,none,419,200.0,4,,0,0,2.5,3.5,3.25,online
RESP_0242,K2,B,6,1,0,3,24.0,rent250,solar,cert50,3km,none,18.0,buy,grid,100audit,home,40pct,871,0.0,5,,0,0,3.33,2.5,2.25,online
RESP_0242,K2,B,5,2,1,2,36.0,rent350,grid,none,3km,none,18.0,buy,solar,100audit,home,60pct,871,100.0,7,,0,0,3.33,2.5,2.25,online
RESP_0242,K2,B,2,3,0,3,24.0,buy,solar,none,3km,60pct,36.0,buy,solar,100audit,home,none,871,0.0,4,3,0,0,3.33,2.5,2.25,online
RESP_0242,K2,B,1,4,0,3,30.0,rent350,solar,100audit,home,none,18.0,rent150,grid,cert50,1km,40pct,871,200.0,4,,0,0,3.33,2.5,2.25,online
RESP_0242,K2,B,3,5,0,3,18.0,rent250,grid,100audit,1km,none,24.0,rent350,solar,none,3km,40pct,871,100.0,8,,0,0,3.33,2.5,2.25,online
RESP_0242,K2,B,7,6,0,3,30.0,rent150,grid,none,1km,60pct,36.0,rent250,solar,cert50,3km,none,871,100.0,6,2,0,0,3.33,2.5,2.25,online
RESP_0242,K2,B,4,7,0,3,36.0,rent150,grid,cert50,home,40pct,30.0,buy,grid,100audit,1km,60pct,871,200.0,7,,0,0,3.33,2.5,2.25,online
RESP_0242,K2,B,8,8,0,1,18.0,buy,solar,cert50,home,none,24.0,rent150,solar,100audit,1km,60pct,871,200.0,7,,0,0,3.33,2.5,2.25,online
RESP_0243,K3,A,1,1,0,3,24.0,rent150,grid,100audit,home,none,30.0,buy,solar,none,3km,40pct,867,0.0,5,,0,0,3.0,3.25,2.75,online
RESP_0243,K3,A,6,2,0,3,24.0,rent350,solar,100audit,1km,40pct,30.0,rent150,solar,cert50,home,none,867,200.0,8,,0,0,3.0,3.25,2.75,online
RESP_0243,K3,A,8,3,0,3,30.0,buy,grid,100audit,home,40pct,24.0,rent250,grid,cert50,3km,none,867,0.0,6,3,0,0,3.0,3.25,2.75,online
RESP_0243,K3,A,7,4,0,3,18.0,rent250,solar,none,3km,60pct,36.0,buy,grid,100audit,1km,none,867,100.0,6,,0,0,3.0,3.25,2.75,online
RESP_0243,K3,A,2,5,0,3,18.0,buy,solar,cert50,1km,60pct,36.0,rent350,grid,100audit,home,none,867,200.0,8,,0,0,3.0,3.25,2.75,online
RESP_0243,K3,A,3,6,1,1,18.0,buy,solar,100audit,home,60pct,36.0,rent350,grid,none,3km,none,867,100.0,8,2,0,0,3.0,3.25,2.75,online
RESP_0243,K3,A,4,7,0,3,30.0,rent250,grid,cert50,3km,40pct,24.0,rent350,solar,100audit,1km,none,867,100.0,8,,0,0,3.0,3.25,2.75,online
RESP_0243,K3,A,5,8,0,3,36.0,buy,solar,none,home,60pct,18.0,rent150,grid,cert50,3km,none,867,0.0,6,,0,0,3.0,3.25,2.75,online
RESP_0244,K1,B,6,1,0,3,18.0,rent150,grid,100audit,3km,none,36.0,rent250,solar,none,1km,60pct,272,100.0,4,,0,0,1.17,4.75,1.75,online
RESP_0244,K1,B,5,2,0,3,30.0,rent150,solar,none,1km,40pct,24.0,buy,solar,cert50,home,none,272,200.0,4,,0,0,1.17,4.75,1.75,online
RESP_0244,K1,B,2,3,0,1,18.0,rent350,grid,cert50,3km,40pct,24.0,rent150,solar,100audit,1km,none,272,200.0,7,1,0,0,1.17,4.75,1.75,online
RESP_0244,K1,B,1,4,0,2,24.0,rent250,solar,none,1km,none,30.0,buy,grid,100audit,home,60pct,272,100.0,10,,0,0,1.17,4.75,1.75,online
RESP_0244,K1,B,8,5,0,3,36.0,rent250,solar,100audit,1km,60pct,18.0,buy,grid,none,home,none,272,200.0,5,,0,0,1.17,4.75,1.75,online
RESP_0244,K1,B,3,6,0,3,36.0,buy,solar,cert50,home,60pct,18.0,rent250,grid,none,3km,none,272,0.0,7,2,0,0,1.17,4.75,1.75,online
RESP_0244,K1,B,4,7,1,1,18.0,buy,solar,100audit,home,60pct,36.0,rent350,grid,none,3km,none,272,100.0,9,,0,0,1.17,4.75,1.75,online
RESP_0244,K1,B,7,8,0,1,24.0,buy,grid,cert50,home,40pct,30.0,rent350,grid,100audit,3km,none,272,0.0,8,,0,0,1.17,4.75,1.75,online
RESP_0245,K2,A,2,1,0,3,24.0,buy,solar,none,3km,60pct,36.0,buy,solar,100audit,home,none,1255,0.0,5,,0,0,1.5,4.0,2.75,online
RESP_0245,K2,A,8,2,0,3,18.0,buy,solar,cert50,home,none,24.0,rent150,solar,100audit,1km,60pct,1255,200.0,7,,0,0,1.5,4.0,2.75,online
RESP_0245,K2,A,3,3,0,1,18.0,rent250,grid,100audit,1km,none,24.0,rent350,solar,none,3km,40pct,1255,100.0,7,2,0,0,1.5,4.0,2.75,online
RESP_0245,K2,A,6,4,0,3,24.0,rent250,solar,cert50,3km,none,18.0,buy,grid,100audit,home,40pct,1255,0.0,5,,0,0,1.5,4.0,2.75,online
RESP_0245,K2,A,1,5,0,2,30.0,rent350,solar,100audit,home,none,18.0,rent150,grid,cert50,1km,40pct,1255,200.0,8,,0,0,1.5,4.0,2.75,online
RESP_0245,K2,A,4,6,0,3,36.0,rent150,grid,cert50,home,40pct,30.0,buy,grid,100audit,1km,60pct,1255,200.0,7,2,0,0,1.5,4.0,2.75,online
RESP_0245,K2,A,5,7,1,2,36.0,rent350,grid,none,3km,none,18.0,buy,solar,100audit,home,60pct,1255,100.0,8,,0,0,1.5,4.0,2.75,online
RESP_0245,K2,A,7,8,0,3,30.0,rent150,grid,none,1km,60pct,36.0,rent250,solar,cert50,3km,none,1255,100.0,5,,0,0,1.5,4.0,2.75,online
RESP_0246,K3,B,8,1,0,3,30.0,buy,grid,100audit,home,40pct,24.0,rent250,grid,cert50,3km,none,1424,0.0,6,,0,0,2.67,3.25,2.75,online
RESP_0246,K3,B,2,2,0,1,18.0,buy,solar,cert50,1km,60pct,36.0,rent350,grid,100audit,home,none,1424,200.0,8,,0,0,2.67,3.25,2.75,online
RESP_0246,K3,B,7,3,0,3,18.0,rent250,solar,none,3km,60pct,36.0,buy,grid,100audit,1km,none,1424,100.0,4,3,0,0,2.67,3.25,2.75,online
RESP_0246,K3,B,3,4,1,1,18.0,buy,solar,100audit,home,60pct,36.0,rent350,grid,none,3km,none,1424,100.0,8,,0,0,2.67,3.25,2.75,online
RESP_0246,K3,B,1,5,0,3,24.0,rent150,grid,100audit,home,none,30.0,buy,solar,none,3km,40pct,1424,0.0,4,,0,0,2.67,3.25,2.75,online
RESP_0246,K3,B,4,6,0,2,30.0,rent250,grid,cert50,3km,40pct,24.0,rent350,solar,100audit,1km,none,1424,100.0,7,3,0,0,2.67,3.25,2.75,online
RESP_0246,K3,B,6,7,0,1,24.0,rent350,solar,100audit,1km,40pct,30.0,rent150,solar,cert50,home,none,1424,200.0,7,,0,0,2.67,3.25,2.75,online
RESP_0246,K3,B,5,8,0,3,36.0,buy,solar,none,home,60pct,18.0,rent150,grid,cert50,3km,none,1424,0.0,7,,0,0,2.67,3.25,2.75,online
RESP_0247,K1,A,4,1,1,1,18.0,buy,solar,100audit,home,60pct,36.0,rent350,grid,none,3km,none,701,100.0,6,,0,0,1.83,2.75,3.25,online
RESP_0247,K1,A,1,2,0,3,24.0,rent250,solar,none,1km,none,30.0,buy,grid,100audit,home,60pct,701,100.0,4,,0,0,1.83,2.75,3.25,online
RESP_0247,K1,A,7,3,0,3,24.0,buy,grid,cert50,home,40pct,30.0,rent350,grid,100audit,3km,none,701,0.0,6,2,0,0,1.83,2.75,3.25,online
RESP_0247,K1,A,2,4,0,1,18.0,rent350,grid,cert50,3km,40pct,24.0,rent150,solar,100audit,1km,none,701,200.0,9,,0,0,1.83,2.75,3.25,online
RESP_0247,K1,A,3,5,0,3,36.0,buy,solar,cert50,home,60pct,18.0,rent250,grid,none,3km,none,701,0.0,8,,0,0,1.83,2.75,3.25,online
RESP_0247,K1,A,5,6,0,3,30.0,rent150,solar,none,1km,40pct,24.0,buy,solar,cert50,home,none,701,200.0,4,1,0,0,1.83,2.75,3.25,online
RESP_0247,K1,A,8,7,0,3,36.0,rent250,solar,100audit,1km,60pct,18.0,buy,grid,none,home,none,701,200.0,8,,0,0,1.83,2.75,3.25,online
RESP_0247,K1,A,6,8,0,3,18.0,rent150,grid,100audit,3km,none,36.0,rent250,solar,none,1km,60pct,701,100.0,5,,0,0,1.83,2.75,3.25,online
RESP_0248,K2,B,7,1,0,3,30.0,rent150,grid,none,1km,60pct,36.0,rent250,solar,cert50,3km,none,1374,100.0,4,,0,0,1.83,3.5,2.75,online
RESP_0248,K2,B,8,2,0,2,18.0,buy,solar,cert50,home,none,24.0,rent150,solar,100audit,1km,60pct,1374,200.0,10,,0,0,1.83,3.5,2.75,online
RESP_0248,K2,B,6,3,0,3,24.0,rent250,solar,cert50,3km,none,18.0,buy,grid,100audit,home,40pct,1374,0.0,8,3,0,0,1.83,3.5,2.75,online
RESP_0248,K2,B,5,4,1,2,36.0,rent350,grid,none,3km,none,18.0,buy,solar,100audit,home,60pct,1374,100.0,10,,0,0,1.83,3.5,2.75,online
RESP_0248,K2,B,4,5,0,3,36.0,rent150,grid,cert50,home,40pct,30.0,buy,grid,100audit,1km,60pct,1374,200.0,5,,0,0,1.83,3.5,2.75,online
RESP_0248,K2,B,2,6,0,3,24.0,buy,solar,none,3km,60pct,36.0,buy,solar,100audit,home,none,1374,0.0,4,1,0,0,1.83,3.5,2.75,online
RESP_0248,K2,B,3,7,0,2,18.0,rent250,grid,100audit,1km,none,24.0,rent350,solar,none,3km,40pct,1374,100.0,7,,0,0,1.83,3.5,2.75,online
RESP_0248,K2,B,1,8,0,2,30.0,rent350,solar,100audit,home,none,18.0,rent150,grid,cert50,1km,40pct,1374,200.0,6,,0,0,1.83,3.5,2.75,online
RESP_0249,K3,A,7,1,0,3,18.0,rent250,solar,none,3km,60pct,36.0,buy,grid,100audit,1km,none,1102,100.0,8,,0,0,2.83,4.0,2.75,online
RESP_0249,K3,A,4,2,0,3,30.0,rent250,grid,cert50,3km,40pct,24.0,rent350,solar,100audit,1km,none,1102,100.0,4,,0,0,2.83,4.0,2.75,online
RESP_0249,K3,A,8,3,0,3,30.0,buy,grid,100audit,home,40pct,24.0,rent250,grid,cert50,3km,none,1102,0.0,6,3,0,0,2.83,4.0,2.75,online
RESP_0249,K3,A,6,4,0,3,24.0,rent350,solar,100audit,1km,40pct,30.0,rent150,solar,cert50,home,none,1102,200.0,8,,0,0,2.83,4.0,2.75,online
RESP_0249,K3,A,5,5,0,3,36.0,buy,solar,none,home,60pct,18.0,rent150,grid,cert50,3km,none,1102,0.0,5,,0,0,2.83,4.0,2.75,online
RESP_0249,K3,A,1,6,0,3,24.0,rent150,grid,100audit,home,none,30.0,buy,solar,none,3km,40pct,1102,0.0,4,1,0,0,2.83,4.0,2.75,online
RESP_0249,K3,A,2,7,0,3,18.0,buy,solar,cert50,1km,60pct,36.0,rent350,grid,100audit,home,none,1102,200.0,8,,0,0,2.83,4.0,2.75,online
RESP_0249,K3,A,3,8,1,1,18.0,buy,solar,100audit,home,60pct,36.0,rent350,grid,none,3km,none,1102,100.0,9,,0,0,2.83,4.0,2.75,online
RESP_0250,K1,B,4,1,1,1,18.0,buy,solar,100audit,home,60pct,36.0,rent350,grid,none,3km,none,1478,100.0,7,,0,0,3.5,3.75,4.0,online
RESP_0250,K1,B,2,2,0,3,18.0,rent350,grid,cert50,3km,40pct,24.0,rent150,solar,100audit,1km,none,1478,200.0,4,,0,0,3.5,3.75,4.0,online
RESP_0250,K1,B,6,3,0,3,18.0,rent150,grid,100audit,3km,none,36.0,rent250,solar,none,1km,60pct,1478,100.0,8,3,0,0,3.5,3.75,4.0,online
RESP_0250,K1,B,5,4,0,3,30.0,rent150,solar,none,1km,40pct,24.0,buy,solar,cert50,home,none,1478,200.0,7,,0,0,3.5,3.75,4.0,online
RESP_0250,K1,B,8,5,0,2,36.0,rent250,solar,100audit,1km,60pct,18.0,buy,grid,none,home,none,1478,200.0,7,,0,0,3.5,3.75,4.0,online
RESP_0250,K1,B,3,6,0,3,36.0,buy,solar,cert50,home,60pct,18.0,rent250,grid,none,3km,none,1478,0.0,8,3,0,0,3.5,3.75,4.0,online
RESP_0250,K1,B,7,7,0,3,24.0,buy,grid,cert50,home,40pct,30.0,rent350,grid,100audit,3km,none,1478,0.0,8,,0,0,3.5,3.75,4.0,online
RESP_0250,K1,B,1,8,0,3,24.0,rent250,solar,none,1km,none,30.0,buy,grid,100audit,home,60pct,1478,100.0,5,,0,0,3.5,3.75,4.0,online
RESP_0251,K2,A,1,1,0,3,30.0,rent350,solar,100audit,home,none,18.0,rent150,grid,cert50,1km,40pct,725,200.0,5,,0,0,2.83,3.75,2.5,online
RESP_0251,K2,A,6,2,0,2,24.0,rent250,solar,cert50,3km,none,18.0,buy,grid,100audit,home,40pct,725,0.0,10,,0,0,2.83,3.75,2.5,online
RESP_0251,K2,A,7,3,0,3,30.0,rent150,grid,none,1km,60pct,36.0,rent250,solar,cert50,3km,none,725,100.0,8,3,0,0,2.83,3.75,2.5,online
RESP_0251,K2,A,5,4,1,2,36.0,rent350,grid,none,3km,none,18.0,buy,solar,100audit,home,60pct,725,100.0,8,,0,0,2.83,3.75,2.5,online
RESP_0251,K2,A,8,5,0,3,18.0,buy,solar,cert50,home,none,24.0,rent150,solar,100audit,1km,60pct,725,200.0,6,,0,0,2.83,3.75,2.5,online
RESP_0251,K2,A,2,6,0,2,24.0,buy,solar,none,3km,60pct,36.0,buy,solar,100audit,home,none,725,0.0,7,2,0,0,2.83,3.75,2.5,online
RESP_0251,K2,A,3,7,0,2,18.0,rent250,grid,100audit,1km,none,24.0,rent350,solar,none,3km,40pct,725,100.0,9,,0,0,2.83,3.75,2.5,online
RESP_0251,K2,A,4,8,0,3,36.0,rent150,grid,cert50,home,40pct,30.0,buy,grid,100audit,1km,60pct,725,200.0,8,,0,0,2.83,3.75,2.5,online
RESP_0252,K3,B,3,1,1,1,18.0,buy,solar,100audit,home,60pct,36.0,rent350,grid,none,3km,none,1134,100.0,7,,0,0,3.17,2.75,2.75,online
RESP_0252,K3,B,1,2,0,1,24.0,rent150,grid,100audit,home,none,30.0,buy,solar,none,3km,40pct,1134,0.0,10,,0,0,3.17,2.75,2.75,online
RESP_0252,K3,B,2,3,0,3,18.0,buy,solar,cert50,1km,60pct,36.0,rent350,grid,100audit,home,none,1134,200.0,5,1,0,0,3.17,2.75,2.75,online
RESP_0252,K3,B,5,4,0,2,36.0,buy,solar,none,home,60pct,18.0,rent150,grid,cert50,3km,none,1134,0.0,8,,0,0,3.17,2.75,2.75,online
RESP_0252,K3,B,6,5,0,3,24.0,rent350,solar,100audit,1km,40pct,30.0,rent150,solar,cert50,home,none,1134,200.0,8,,0,0,3.17,2.75,2.75,online
RESP_0252,K3,B,7,6,0,3,18.0,rent250,solar,none,3km,60pct,36.0,buy,grid,100audit,1km,none,1134,100.0,7,3,0,0,3.17,2.75,2.75,online
RESP_0252,K3,B,4,7,0,3,30.0,rent250,grid,cert50,3km,40pct,24.0,rent350,solar,100audit,1km,none,1134,100.0,4,,0,0,3.17,2.75,2.75,online
RESP_0252,K3,B,8,8,0,2,30.0,buy,grid,100audit,home,40pct,24.0,rent250,grid,cert50,3km,none,1134,0.0,8,,0,0,3.17,2.75,2.75,online
RESP_0253,K1,A,6,1,0,3,18.0,rent150,grid,100audit,3km,none,36.0,rent250,solar,none,1km,60pct,1414,100.0,6,,0,0,2.67,2.75,2.75,online
RESP_0253,K1,A,5,2,0,3,30.0,rent150,solar,none,1km,40pct,24.0,buy,solar,cert50,home,none,1414,200.0,4,,0,0,2.67,2.75,2.75,online
RESP_0253,K1,A,1,3,0,1,24.0,rent250,solar,none,1km,none,30.0,buy,grid,100audit,home,60pct,1414,100.0,6,1,0,0,2.67,2.75,2.75,online
RESP_0253,K1,A,4,4,1,1,18.0,buy,solar,100audit,home,60pct,36.0,rent350,grid,none,3km,none,1414,100.0,8,,0,0,2.67,2.75,2.75,online
RESP_0253,K1,A,2,5,0,3,18.0,rent350,grid,cert50,3km,40pct,24.0,rent150,solar,100audit,1km,none,1414,200.0,7,,0,0,2.67,2.75,2.75,online
RESP_0253,K1,A,8,6,0,3,36.0,rent250,solar,100audit,1km,60pct,18.0,buy,grid,none,home,none,1414,200.0,7,3,0,0,2.67,2.75,2.75,online
RESP_0253,K1,A,3,7,0,3,36.0,buy,solar,cert50,home,60pct,18.0,rent250,grid,none,3km,none,1414,0.0,6,,0,0,2.67,2.75,2.75,online
RESP_0253,K1,A,7,8,0,3,24.0,buy,grid,cert50,home,40pct,30.0,rent350,grid,100audit,3km,none,1414,0.0,5,,0,0,2.67,2.75,2.75,online
RESP_0254,K2,B,8,1,0,2,18.0,buy,solar,cert50,home,none,24.0,rent150,solar,100audit,1km,60pct,1458,200.0,7,,0,0,2.33,4.0,3.75,online
RESP_0254,K2,B,1,2,0,3,30.0,rent350,solar,100audit,home,none,18.0,rent150,grid,cert50,1km,40pct,1458,200.0,8,,0,0,2.33,4.0,3.75,online
RESP_0254,K2,B,7,3,0,1,30.0,rent150,grid,none,1km,60pct,36.0,rent250,solar,cert50,3km,none,1458,100.0,10,2,0,0,2.33,4.0,3.75,online
RESP_0254,K2,B,4,4,0,3,36.0,rent150,grid,cert50,home,40pct,30.0,buy,grid,100audit,1km,60pct,1458,200.0,8,,0,0,2.33,4.0,3.75,online
RESP_0254,K2,B,2,5,0,3,24.0,buy,solar,none,3km,60pct,36.0,buy,solar,100audit,home,none,1458,0.0,5,,0,0,2.33,4.0,3.75,online
RESP_0254,K2,B,6,6,0,3,24.0,rent250,solar,cert50,3km,none,18.0,buy,grid,100audit,home,40pct,1458,0.0,6,3,0,0,2.33,4.0,3.75,online
RESP_0254,K2,B,3,7,0,3,18.0,rent250,grid,100audit,1km,none,24.0,rent350,solar,none,3km,40pct,1458,100.0,5,,0,0,2.33,4.0,3.75,online
RESP_0254,K2,B,5,8,1,2,36.0,rent350,grid,none,3km,none,18.0,buy,solar,100audit,home,60pct,1458,100.0,7,,0,0,2.33,4.0,3.75,online
RESP_0255,K3,A,6,1,0,3,24.0,rent350,solar,100audit,1km,40pct,30.0,rent150,solar,cert50,home,none,1173,200.0,6,,0,0,2.67,3.25,2.5,online
RESP_0255,K3,A,8,2,0,3,30.0,buy,grid,100audit,home,40pct,24.0,rent250,grid,cert50,3km,none,1173,0.0,6,,0,0,2.67,3.25,2.5,online
RESP_0255,K3,A,1,3,0,3,24.0,rent150,grid,100audit,home,none,30.0,buy,solar,none,3km,40pct,1173,0.0,8,2,0,0,2.67,3.25,2.5,online
RESP_0255,K3,A,7,4,0,3,18.0,rent250,solar,none,3km,60pct,36.0,buy,grid,100audit,1km,none,1173,100.0,5,,0,0,2.67,3.25,2.5,online
RESP_0255,K3,A,4,5,0,3,30.0,rent250,grid,cert50,3km,40pct,24.0,rent350,solar,100audit,1km,none,1173,100.0,6,,0,0,2.67,3.25,2.5,online
RESP_0255,K3,A,2,6,0,3,18.0,buy,solar,cert50,1km,60pct,36.0,rent350,grid,100audit,home,none,1173,200.0,7,3,0,0,2.67,3.25,2.5,online
RESP_0255,K3,A,3,7,1,1,18.0,buy,solar,100audit,home,60pct,36.0,rent350,grid,none,3km,none,1173,100.0,8,,0,0,2.67,3.25,2.5,online
RESP_0255,K3,A,5,8,0,3,36.0,buy,solar,none,home,60pct,18.0,rent150,grid,cert50,3km,none,1173,0.0,5,,0,0,2.67,3.25,2.5,online
RESP_0256,K1,B,3,1,0,1,36.0,buy,solar,cert50,home,60pct,18.0,rent250,grid,none,3km,none,819,0.0,6,,0,0,2.5,3.25,4.25,online
RESP_0256,K1,B,5,2,0,2,30.0,rent150,solar,none,1km,40pct,24.0,buy,solar,cert50,home,none,819,200.0,7,,0,0,2.5,3.25,4.25,online
RESP_0256,K1,B,6,3,0,3,18.0,rent150,grid,100audit,3km,none,36.0,rent250,solar,none,1km,60pct,819,100.0,6,3,0,0,2.5,3.25,4.25,online
RESP_0256,K1,B,1,4,0,2,24.0,rent250,solar,none,1km,none,30.0,buy,grid,100audit,home,60pct,819,100.0,7,,0,0,2.5,3.25,4.25,online
RESP_0256,K1,B,2,5,0,2,18.0,rent350,grid,cert50,3km,40pct,24.0,rent150,solar,100audit,1km,none,819,200.0,6,,0,0,2.5,3.25,4.25,online
RESP_0256,K1,B,7,6,0,3,24.0,buy,grid,cert50,home,40pct,30.0,rent350,grid,100audit,3km,none,819,0.0,7,1,0,0,2.5,3.25,4.25,online
RESP_0256,K1,B,8,7,0,2,36.0,rent250,solar,100audit,1km,60pct,18.0,buy,grid,none,home,none,819,200.0,10,,0,0,2.5,3.25,4.25,online
RESP_0256,K1,B,4,8,1,1,18.0,buy,solar,100audit,home,60pct,36.0,rent350,grid,none,3km,none,819,100.0,7,,0,0,2.5,3.25,4.25,online
RESP_0257,K2,A,1,1,0,2,30.0,rent350,solar,100audit,home,none,18.0,rent150,grid,cert50,1km,40pct,1306,200.0,9,,0,0,3.0,4.0,2.75,online
RESP_0257,K2,A,4,2,0,2,36.0,rent150,grid,cert50,home,40pct,30.0,buy,grid,100audit,1km,60pct,1306,200.0,7,,0,0,3.0,4.0,2.75,online
RESP_0257,K2,A,2,3,0,1,24.0,buy,solar,none,3km,60pct,36.0,buy,solar,100audit,home,none,1306,0.0,9,3,0,0,3.0,4.0,2.75,online
RESP_0257,K2,A,6,4,0,3,24.0,rent250,solar,cert50,3km,none,18.0,buy,grid,100audit,home,40pct,1306,0.0,6,,0,0,3.0,4.0,2.75,online
RESP_0257,K2,A,3,5,0,3,18.0,rent250,grid,100audit,1km,none,24.0,rent350,solar,none,3km,40pct,1306,100.0,5,,0,0,3.0,4.0,2.75,online
RESP_0257,K2,A,8,6,0,3,18.0,buy,solar,cert50,home,none,24.0,rent150,solar,100audit,1km,60pct,1306,200.0,7,3,0,0,3.0,4.0,2.75,online
RESP_0257,K2,A,5,7,1,2,36.0,rent350,grid,none,3km,none,18.0,buy,solar,100audit,home,60pct,1306,100.0,7,,0,0,3.0,4.0,2.75,online
RESP_0257,K2,A,7,8,0,3,30.0,rent150,grid,none,1km,60pct,36.0,rent250,solar,cert50,3km,none,1306,100.0,7,,0,0,3.0,4.0,2.75,online
RESP_0258,K3,B,7,1,0,3,18.0,rent250,solar,none,3km,60pct,36.0,buy,grid,100audit,1km,none,1014,100.0,5,,0,0,4.5,4.0,3.0,online
RESP_0258,K3,B,6,2,0,3,24.0,rent350,solar,100audit,1km,40pct,30.0,rent150,solar,cert50,home,none,1014,200.0,7,,0,0,4.5,4.0,3.0,online
RESP_0258,K3,B,1,3,0,3,24.0,rent150,grid,100audit,home,none,30.0,buy,solar,none,3km,40pct,1014,0.0,6,2,0,0,4.5,4.0,3.0,online
RESP_0258,K3,B,8,4,0,3,30.0,buy,grid,100audit,home,40pct,24.0,rent250,grid,cert50,3km,none,1014,0.0,5,,0,0,4.5,4.0,3.0,online
RESP_0258,K3,B,4,5,0,3,30.0,rent250,grid,cert50,3km,40pct,24.0,rent350,solar,100audit,1km,none,1014,100.0,4,,0,0,4.5,4.0,3.0,online
RESP_0258,K3,B,2,6,0,3,18.0,buy,solar,cert50,1km,60pct,36.0,rent350,grid,100audit,home,none,1014,200.0,5,3,0,0,4.5,4.0,3.0,online
RESP_0258,K3,B,3,7,1,1,18.0,buy,solar,100audit,home,60pct,36.0,rent350,grid,none,3km,none,1014,100.0,10,,0,0,4.5,4.0,3.0,online
RESP_0258,K3,B,5,8,0,3,36.0,buy,solar,none,home,60pct,18.0,rent150,grid,cert50,3km,none,1014,0.0,6,,0,0,4.5,4.0,3.0,online
RESP_0259,K1,A,7,1,0,3,24.0,buy,grid,cert50,home,40pct,30.0,rent350,grid,100audit,3km,none,576,0.0,5,,0,0,3.17,3.25,3.0,online
RESP_0259,K1,A,3,2,0,2,36.0,buy,solar,cert50,home,60pct,18.0,rent250,grid,none,3km,none,576,0.0,6,,0,0,3.17,3.25,3.0,online
RESP_0259,K1,A,5,3,0,3,30.0,rent150,solar,none,1km,40pct,24.0,buy,solar,cert50,home,none,576,200.0,8,1,0,0,3.17,3.25,3.0,online
RESP_0259,K1,A,2,4,0,3,18.0,rent350,grid,cert50,3km,40pct,24.0,rent150,solar,100audit,1km,none,576,200.0,4,,0,0,3.17,3.25,3.0,online
RESP_0259,K1,A,6,5,0,3,18.0,rent150,grid,100audit,3km,none,36.0,rent250,solar,none,1km,60pct,576,100.0,7,,0,0,3.17,3.25,3.0,online
RESP_0259,K1,A,4,6,1,1,18.0,buy,solar,100audit,home,60pct,36.0,rent350,grid,none,3km,none,576,100.0,10,2,0,0,3.17,3.25,3.0,online
RESP_0259,K1,A,8,7,0,3,36.0,rent250,solar,100audit,1km,60pct,18.0,buy,grid,none,home,none,576,200.0,5,,0,0,3.17,3.25,3.0,online
RESP_0259,K1,A,1,8,0,3,24.0,rent250,solar,none,1km,none,30.0,buy,grid,100audit,home,60pct,576,100.0,5,,0,0,3.17,3.25,3.0,online
RESP_0260,K2,B,2,1,0,3,24.0,buy,solar,none,3km,60pct,36.0,buy,solar,100audit,home,none,659,0.0,7,,0,0,4.0,3.0,2.5,online
RESP_0260,K2,B,1,2,0,3,30.0,rent350,solar,100audit,home,none,18.0,rent150,grid,cert50,1km,40pct,659,200.0,6,,0,0,4.0,3.0,2.5,online
RESP_0260,K2,B,8,3,0,3,18.0,buy,solar,cert50,home,none,24.0,rent150,solar,100audit,1km,60pct,659,200.0,5,2,0,0,4.0,3.0,2.5,online
RESP_0260,K2,B,4,4,0,3,36.0,rent150,grid,cert50,home,40pct,30.0,buy,grid,100audit,1km,60pct,659,200.0,6,,0,0,4.0,3.0,2.5,online
RESP_0260,K2,B,3,5,0,3,18.0,rent250,grid,100audit,1km,none,24.0,rent350,solar,none,3km,40pct,659,100.0,6,,0,0,4.0,3.0,2.5,online
RESP_0260,K2,B,6,6,0,1,24.0,rent250,solar,cert50,3km,none,18.0,buy,grid,100audit,home,40pct,659,0.0,8,1,0,0,4.0,3.0,2.5,online
RESP_0260,K2,B,7,7,0,3,30.0,rent150,grid,none,1km,60pct,36.0,rent250,solar,cert50,3km,none,659,100.0,6,,0,0,4.0,3.0,2.5,online
RESP_0260,K2,B,5,8,1,2,36.0,rent350,grid,none,3km,none,18.0,buy,solar,100audit,home,60pct,659,100.0,6,,0,0,4.0,3.0,2.5,online
RESP_0261,K3,A,7,1,0,1,18.0,rent250,solar,none,3km,60pct,36.0,buy,grid,100audit,1km,none,1407,100.0,9,,0,0,2.67,2.75,2.5,online
RESP_0261,K3,A,4,2,0,2,30.0,rent250,grid,cert50,3km,40pct,24.0,rent350,solar,100audit,1km,none,1407,100.0,6,,0,0,2.67,2.75,2.5,online
RESP_0261,K3,A,6,3,0,3,24.0,rent350,solar,100audit,1km,40pct,30.0,rent150,solar,cert50,home,none,1407,200.0,5,2,0,0,2.67,2.75,2.5,online
RESP_0261,K3,A,5,4,0,3,36.0,buy,solar,none,home,60pct,18.0,rent150,grid,cert50,3km,none,1407,0.0,6,,0,0,2.67,2.75,2.5,online
RESP_0261,K3,A,1,5,0,3,24.0,rent150,grid,100audit,home,none,30.0,buy,solar,none,3km,40pct,1407,0.0,7,,0,0,2.67,2.75,2.5,online
RESP_0261,K3,A,8,6,0,3,30.0,buy,grid,100audit,home,40pct,24.0,rent250,grid,cert50,3km,none,1407,0.0,4,3,0,0,2.67,2.75,2.5,online
RESP_0261,K3,A,3,7,1,1,18.0,buy,solar,100audit,home,60pct,36.0,rent350,grid,none,3km,none,1407,100.0,9,,0,0,2.67,2.75,2.5,online
RESP_0261,K3,A,2,8,0,3,18.0,buy,solar,cert50,1km,60pct,36.0,rent350,grid,100audit,home,none,1407,200.0,7,,0,0,2.67,2.75,2.5,online
RESP_0262,K1,B,4,1,1,1,18.0,buy,solar,100audit,home,60pct,36.0,rent350,grid,none,3km,none,696,100.0,9,,0,0,3.5,3.0,2.75,online
RESP_0262,K1,B,2,2,0,3,18.0,rent350,grid,cert50,3km,40pct,24.0,rent150,solar,100audit,1km,none,696,200.0,5,,0,0,3.5,3.0,2.75,online
RESP_0262,K1,B,5,3,0,3,30.0,rent150,solar,none,1km,40pct,24.0,buy,solar,cert50,home,none,696,200.0,8,1,0,0,3.5,3.0,2.75,online
RESP_0262,K1,B,6,4,0,3,18.0,rent150,grid,100audit,3km,none,36.0,rent250,solar,none,1km,60pct,696,100.0,5,,0,0,3.5,3.0,2.75,online
RESP_0262,K1,B,8,5,0,3,36.0,rent250,solar,100audit,1km,60pct,18.0,buy,grid,none,home,none,696,200.0,4,,0,0,3.5,3.0,2.75,online
RESP_0262,K1,B,3,6,0,2,36.0,buy,solar,cert50,home,60pct,18.0,rent250,grid,none,3km,none,696,0.0,8,3,0,0,3.5,3.0,2.75,online
RESP_0262,K1,B,1,7,0,3,24.0,rent250,solar,none,1km,none,30.0,buy,grid,100audit,home,60pct,696,100.0,7,,0,0,3.5,3.0,2.75,online
RESP_0262,K1,B,7,8,0,3,24.0,buy,grid,cert50,home,40pct,30.0,rent350,grid,100audit,3km,none,696,0.0,6,,0,0,3.5,3.0,2.75,online
RESP_0263,K2,A,8,1,0,1,18.0,buy,solar,cert50,home,none,24.0,rent150,solar,100audit,1km,60pct,299,200.0,10,,0,0,1.83,3.25,3.0,online
RESP_0263,K2,A,7,2,0,1,30.0,rent150,grid,none,1km,60pct,36.0,rent250,solar,cert50,3km,none,299,100.0,6,,0,0,1.83,3.25,3.0,online
RESP_0263,K2,A,2,3,0,3,24.0,buy,solar,none,3km,60pct,36.0,buy,solar,100audit,home,none,299,0.0,8,3,0,0,1.83,3.25,3.0,online
RESP_0263,K2,A,3,4,0,3,18.0,rent250,grid,100audit,1km,none,24.0,rent350,solar,none,3km,40pct,299,100.0,5,,0,0,1.83,3.25,3.0,online
RESP_0263,K2,A,4,5,0,2,36.0,rent150,grid,cert50,home,40pct,30.0,buy,grid,100audit,1km,60pct,299,200.0,9,,0,0,1.83,3.25,3.0,online
RESP_0263,K2,A,5,6,1,2,36.0,rent350,grid,none,3km,none,18.0,buy,solar,100audit,home,60pct,299,100.0,10,3,0,0,1.83,3.25,3.0,online
RESP_0263,K2,A,1,7,0,3,30.0,rent350,solar,100audit,home,none,18.0,rent150,grid,cert50,1km,40pct,299,200.0,5,,0,0,1.83,3.25,3.0,online
RESP_0263,K2,A,6,8,0,2,24.0,rent250,solar,cert50,3km,none,18.0,buy,grid,100audit,home,40pct,299,0.0,7,,0,0,1.83,3.25,3.0,online
RESP_0264,K3,B,1,1,0,3,24.0,rent150,grid,100audit,home,none,30.0,buy,solar,none,3km,40pct,1058,0.0,4,,0,0,4.17,3.5,3.0,online
RESP_0264,K3,B,4,2,0,3,30.0,rent250,grid,cert50,3km,40pct,24.0,rent350,solar,100audit,1km,none,1058,100.0,7,,0,0,4.17,3.5,3.0,online
RESP_0264,K3,B,5,3,0,3,36.0,buy,solar,none,home,60pct,18.0,rent150,grid,cert50,3km,none,1058,0.0,8,3,0,0,4.17,3.5,3.0,online
RESP_0264,K3,B,2,4,0,3,18.0,buy,solar,cert50,1km,60pct,36.0,rent350,grid,100audit,home,none,1058,200.0,4,,0,0,4.17,3.5,3.0,online
RESP_0264,K3,B,8,5,0,3,30.0,buy,grid,100audit,home,40pct,24.0,rent250,grid,cert50,3km,none,1058,0.0,8,,0,0,4.17,3.5,3.0,online
RESP_0264,K3,B,7,6,0,3,18.0,rent250,solar,none,3km,60pct,36.0,buy,grid,100audit,1km,none,1058,100.0,7,3,0,0,4.17,3.5,3.0,online
RESP_0264,K3,B,6,7,0,3,24.0,rent350,solar,100audit,1km,40pct,30.0,rent150,solar,cert50,home,none,1058,200.0,4,,0,0,4.17,3.5,3.0,online
RESP_0264,K3,B,3,8,1,1,18.0,buy,solar,100audit,home,60pct,36.0,rent350,grid,none,3km,none,1058,100.0,9,,0,0,4.17,3.5,3.0,online
RESP_0265,K1,A,3,1,0,3,36.0,buy,solar,cert50,home,60pct,18.0,rent250,grid,none,3km,none,942,0.0,6,,0,0,3.5,3.5,3.0,online
RESP_0265,K1,A,5,2,0,3,30.0,rent150,solar,none,1km,40pct,24.0,buy,solar,cert50,home,none,942,200.0,8,,0,0,3.5,3.5,3.0,online
RESP_0265,K1,A,4,3,1,1,18.0,buy,solar,100audit,home,60pct,36.0,rent350,grid,none,3km,none,942,100.0,8,2,0,0,3.5,3.5,3.0,online
RESP_0265,K1,A,8,4,0,3,36.0,rent250,solar,100audit,1km,60pct,18.0,buy,grid,none,home,none,942,200.0,7,,0,0,3.5,3.5,3.0,online
RESP_0265,K1,A,1,5,0,3,24.0,rent250,solar,none,1km,none,30.0,buy,grid,100audit,home,60pct,942,100.0,6,,0,0,3.5,3.5,3.0,online
RESP_0265,K1,A,6,6,0,3,18.0,rent150,grid,100audit,3km,none,36.0,rent250,solar,none,1km,60pct,942,100.0,4,2,0,0,3.5,3.5,3.0,online
RESP_0265,K1,A,2,7,0,3,18.0,rent350,grid,cert50,3km,40pct,24.0,rent150,solar,100audit,1km,none,942,200.0,7,,0,0,3.5,3.5,3.0,online
RESP_0265,K1,A,7,8,0,3,24.0,buy,grid,cert50,home,40pct,30.0,rent350,grid,100audit,3km,none,942,0.0,7,,0,0,3.5,3.5,3.0,online
RESP_0266,K2,B,4,1,0,3,36.0,rent150,grid,cert50,home,40pct,30.0,buy,grid,100audit,1km,60pct,1283,200.0,4,,0,0,3.0,3.75,2.75,online
RESP_0266,K2,B,1,2,0,3,30.0,rent350,solar,100audit,home,none,18.0,rent150,grid,cert50,1km,40pct,1283,200.0,5,,0,0,3.0,3.75,2.75,online
RESP_0266,K2,B,5,3,1,2,36.0,rent350,grid,none,3km,none,18.0,buy,solar,100audit,home,60pct,1283,100.0,6,1,0,0,3.0,3.75,2.75,online
RESP_0266,K2,B,3,4,0,3,18.0,rent250,grid,100audit,1km,none,24.0,rent350,solar,none,3km,40pct,1283,100.0,6,,0,0,3.0,3.75,2.75,online
RESP_0266,K2,B,6,5,0,1,24.0,rent250,solar,cert50,3km,none,18.0,buy,grid,100audit,home,40pct,1283,0.0,7,,0,0,3.0,3.75,2.75,online
RESP_0266,K2,B,8,6,0,3,18.0,buy,solar,cert50,home,none,24.0,rent150,solar,100audit,1km,60pct,1283,200.0,6,1,0,0,3.0,3.75,2.75,online
RESP_0266,K2,B,2,7,0,3,24.0,buy,solar,none,3km,60pct,36.0,buy,solar,100audit,home,none,1283,0.0,8,,0,0,3.0,3.75,2.75,online
RESP_0266,K2,B,7,8,0,3,30.0,rent150,grid,none,1km,60pct,36.0,rent250,solar,cert50,3km,none,1283,100.0,4,,0,0,3.0,3.75,2.75,online
RESP_0267,K3,A,7,1,0,3,18.0,rent250,solar,none,3km,60pct,36.0,buy,grid,100audit,1km,none,1276,100.0,5,,0,0,4.0,2.5,4.0,online
RESP_0267,K3,A,5,2,0,3,36.0,buy,solar,none,home,60pct,18.0,rent150,grid,cert50,3km,none,1276,0.0,8,,0,0,4.0,2.5,4.0,online
RESP_0267,K3,A,6,3,0,3,24.0,rent350,solar,100audit,1km,40pct,30.0,rent150,solar,cert50,home,none,1276,200.0,8,3,0,0,4.0,2.5,4.0,online
RESP_0267,K3,A,4,4,0,3,30.0,rent250,grid,cert50,3km,40pct,24.0,rent350,solar,100audit,1km,none,1276,100.0,8,,0,0,4.0,2.5,4.0,online
RESP_0267,K3,A,2,5,0,3,18.0,buy,solar,cert50,1km,60pct,36.0,rent350,grid,100audit,home,none,1276,200.0,7,,0,0,4.0,2.5,4.0,online
RESP_0267,K3,A,8,6,0,3,30.0,buy,grid,100audit,home,40pct,24.0,rent250,grid,cert50,3km,none,1276,0.0,4,3,0,0,4.0,2.5,4.0,online
RESP_0267,K3,A,3,7,1,1,18.0,buy,solar,100audit,home,60pct,36.0,rent350,grid,none,3km,none,1276,100.0,7,,0,0,4.0,2.5,4.0,online
RESP_0267,K3,A,1,8,0,3,24.0,rent150,grid,100audit,home,none,30.0,buy,solar,none,3km,40pct,1276,0.0,7,,0,0,4.0,2.5,4.0,online
RESP_0268,K1,B,5,1,0,3,30.0,rent150,solar,none,1km,40pct,24.0,buy,solar,cert50,home,none,1478,200.0,6,,0,0,1.67,3.5,2.5,online
RESP_0268,K1,B,2,2,0,1,18.0,rent350,grid,cert50,3km,40pct,24.0,rent150,solar,100audit,1km,none,1478,200.0,7,,0,0,1.67,3.5,2.5,online
RESP_0268,K1,B,1,3,0,3,24.0,rent250,solar,none,1km,none,30.0,buy,grid,100audit,home,60pct,1478,100.0,8,2,0,0,1.67,3.5,2.5,online
RESP_0268,K1,B,4,4,1,1,18.0,buy,solar,100audit,home,60pct,36.0,rent350,grid,none,3km,none,1478,100.0,6,,0,0,1.67,3.5,2.5,online
RESP_0268,K1,B,8,5,0,2,36.0,rent250,solar,100audit,1km,60pct,18.0,buy,grid,none,home,none,1478,200.0,7,,0,0,1.67,3.5,2.5,online
RESP_0268,K1,B,3,6,0,2,36.0,buy,solar,cert50,home,60pct,18.0,rent250,grid,none,3km,none,1478,0.0,7,3,0,0,1.67,3.5,2.5,online
RESP_0268,K1,B,6,7,0,3,18.0,rent150,grid,100audit,3km,none,36.0,rent250,solar,none,1km,60pct,1478,100.0,7,,0,0,1.67,3.5,2.5,online
RESP_0268,K1,B,7,8,0,3,24.0,buy,grid,cert50,home,40pct,30.0,rent350,grid,100audit,3km,none,1478,0.0,7,,0,0,1.67,3.5,2.5,online
RESP_0269,K2,A,1,1,0,3,30.0,rent350,solar,100audit,home,none,18.0,rent150,grid,cert50,1km,40pct,1397,200.0,6,,0,0,3.83,3.75,2.5,online
RESP_0269,K2,A,3,2,0,3,18.0,rent250,grid,100audit,1km,none,24.0,rent350,solar,none,3km,40pct,1397,100.0,6,,0,0,3.83,3.75,2.5,online
RESP_0269,K2,A,5,3,1,2,36.0,rent350,grid,none,3km,none,18.0,buy,solar,100audit,home,60pct,1397,100.0,8,1,0,0,3.83,3.75,2.5,online
RESP_0269,K2,A,2,4,0,3,24.0,buy,solar,none,3km,60pct,36.0,buy,solar,100audit,home,none,1397,0.0,4,,0,0,3.83,3.75,2.5,online
RESP_0269,K2,A,6,5,0,3,24.0,rent250,solar,cert50,3km,none,18.0,buy,grid,100audit,home,40pct,1397,0.0,6,,0,0,3.83,3.75,2.5,online
RESP_0269,K2,A,4,6,0,3,36.0,rent150,grid,cert50,home,40pct,30.0,buy,grid,100audit,1km,60pct,1397,200.0,5,1,0,0,3.83,3.75,2.5,online
RESP_0269,K2,A,7,7,0,3,30.0,rent150,grid,none,1km,60pct,36.0,rent250,solar,cert50,3km,none,1397,100.0,4,,0,0,3.83,3.75,2.5,online
RESP_0269,K2,A,8,8,0,3,18.0,buy,solar,cert50,home,none,24.0,rent150,solar,100audit,1km,60pct,1397,200.0,6,,0,0,3.83,3.75,2.5,online
RESP_0270,K3,B,7,1,0,3,18.0,rent250,solar,none,3km,60pct,36.0,buy,grid,100audit,1km,none,1115,100.0,8,,0,0,3.17,2.75,3.0,online
RESP_0270,K3,B,2,2,0,1,18.0,buy,solar,cert50,1km,60pct,36.0,rent350,grid,100audit,home,none,1115,200.0,8,,0,0,3.17,2.75,3.0,online
RESP_0270,K3,B,4,3,0,3,30.0,rent250,grid,cert50,3km,40pct,24.0,rent350,solar,100audit,1km,none,1115,100.0,4,1,0,0,3.17,2.75,3.0,online
RESP_0270,K3,B,1,4,0,1,24.0,rent150,grid,100audit,home,none,30.0,buy,solar,none,3km,40pct,1115,0.0,9,,0,0,3.17,2.75,3.0,online
RESP_0270,K3,B,3,5,1,1,18.0,buy,solar,100audit,home,60pct,36.0,rent350,grid,none,3km,none,1115,100.0,7,,0,0,3.17,2.75,3.0,online
RESP_0270,K3,B,6,6,0,2,24.0,rent350,solar,100audit,1km,40pct,30.0,rent150,solar,cert50,home,none,1115,200.0,7,1,0,0,3.17,2.75,3.0,online
RESP_0270,K3,B,5,7,0,3,36.0,buy,solar,none,home,60pct,18.0,rent150,grid,cert50,3km,none,1115,0.0,7,,0,0,3.17,2.75,3.0,online
RESP_0270,K3,B,8,8,0,3,30.0,buy,grid,100audit,home,40pct,24.0,rent250,grid,cert50,3km,none,1115,0.0,4,,0,0,3.17,2.75,3.0,online
RESP_0271,K1,A,7,1,0,3,24.0,buy,grid,cert50,home,40pct,30.0,rent350,grid,100audit,3km,none,662,0.0,8,,0,0,3.17,3.25,3.75,online
RESP_0271,K1,A,1,2,0,3,24.0,rent250,solar,none,1km,none,30.0,buy,grid,100audit,home,60pct,662,100.0,5,,0,0,3.17,3.25,3.75,online
RESP_0271,K1,A,5,3,0,2,30.0,rent150,solar,none,1km,40pct,24.0,buy,solar,cert50,home,none,662,200.0,10,2,0,0,3.17,3.25,3.75,online
RESP_0271,K1,A,6,4,0,3,18.0,rent150,grid,100audit,3km,none,36.0,rent250,solar,none,1km,60pct,662,100.0,7,,0,0,3.17,3.25,3.75,online
RESP_0271,K1,A,3,5,0,3,36.0,buy,solar,cert50,home,60pct,18.0,rent250,grid,none,3km,none,662,0.0,5,,0,0,3.17,3.25,3.75,online
RESP_0271,K1,A,4,6,1,1,18.0,buy,solar,100audit,home,60pct,36.0,rent350,grid,none,3km,none,662,100.0,8,2,0,0,3.17,3.25,3.75,online
RESP_0271,K1,A,8,7,0,3,36.0,rent250,solar,100audit,1km,60pct,18.0,buy,grid,none,home,none,662,200.0,5,,0,0,3.17,3.25,3.75,online
RESP_0271,K1,A,2,8,0,3,18.0,rent350,grid,cert50,3km,40pct,24.0,rent150,solar,100audit,1km,none,662,200.0,4,,0,0,3.17,3.25,3.75,online
RESP_0272,K2,B,2,1,0,3,24.0,buy,solar,none,3km,60pct,36.0,buy,solar,100audit,home,none,1322,0.0,7,,0,0,3.17,2.5,3.25,online
RESP_0272,K2,B,7,2,0,3,30.0,rent150,grid,none,1km,60pct,36.0,rent250,solar,cert50,3km,none,1322,100.0,6,,0,0,3.17,2.5,3.25,online
RESP_0272,K2,B,6,3,0,3,24.0,rent250,solar,cert50,3km,none,18.0,buy,grid,100audit,home,40pct,1322,0.0,5,3,0,0,3.17,2.5,3.25,online
RESP_0272,K2,B,5,4,1,2,36.0,rent350,grid,none,3km,none,18.0,buy,solar,100audit,home,60pct,1322,100.0,7,,0,0,3.17,2.5,3.25,online
RESP_0272,K2,B,8,5,0,1,18.0,buy,solar,cert50,home,none,24.0,rent150,solar,100audit,1km,60pct,1322,200.0,6,,0,0,3.17,2.5,3.25,online
RESP_0272,K2,B,3,6,0,3,18.0,rent250,grid,100audit,1km,none,24.0,rent350,solar,none,3km,40pct,1322,100.0,6,3,0,0,3.17,2.5,3.25,online
RESP_0272,K2,B,1,7,0,2,30.0,rent350,solar,100audit,home,none,18.0,rent150,grid,cert50,1km,40pct,1322,200.0,8,,0,0,3.17,2.5,3.25,online
RESP_0272,K2,B,4,8,0,2,36.0,rent150,grid,cert50,home,40pct,30.0,buy,grid,100audit,1km,60pct,1322,200.0,7,,0,0,3.17,2.5,3.25,online
RESP_0273,K3,A,7,1,0,3,18.0,rent250,solar,none,3km,60pct,36.0,buy,grid,100audit,1km,none,518,100.0,5,,0,0,2.83,2.75,3.5,online
RESP_0273,K3,A,4,2,0,2,30.0,rent250,grid,cert50,3km,40pct,24.0,rent350,solar,100audit,1km,none,518,100.0,8,,0,0,2.83,2.75,3.5,online
RESP_0273,K3,A,8,3,0,3,30.0,buy,grid,100audit,home,40pct,24.0,rent250,grid,cert50,3km,none,518,0.0,4,2,0,0,2.83,2.75,3.5,online
RESP_0273,K3,A,3,4,1,1,18.0,buy,solar,100audit,home,60pct,36.0,rent350,grid,none,3km,none,518,100.0,8,,0,0,2.83,2.75,3.5,online
RESP_0273,K3,A,1,5,0,3,24.0,rent150,grid,100audit,home,none,30.0,buy,solar,none,3km,40pct,518,0.0,8,,0,0,2.83,2.75,3.5,online
RESP_0273,K3,A,6,6,0,2,24.0,rent350,solar,100audit,1km,40pct,30.0,rent150,solar,cert50,home,none,518,200.0,6,2,0,0,2.83,2.75,3.5,online
RESP_0273,K3,A,5,7,0,3,36.0,buy,solar,none,home,60pct,18.0,rent150,grid,cert50,3km,none,518,0.0,4,,0,0,2.83,2.75,3.5,online
RESP_0273,K3,A,2,8,0,3,18.0,buy,solar,cert50,1km,60pct,36.0,rent350,grid,100audit,home,none,518,200.0,5,,0,0,2.83,2.75,3.5,online
RESP_0274,K1,B,5,1,0,3,30.0,rent150,solar,none,1km,40pct,24.0,buy,solar,cert50,home,none,1404,200.0,5,,0,0,3.17,3.25,3.0,online
RESP_0274,K1,B,8,2,0,3,36.0,rent250,solar,100audit,1km,60pct,18.0,buy,grid,none,home,none,1404,200.0,5,,0,0,3.17,3.25,3.0,online
RESP_0274,K1,B,6,3,0,3,18.0,rent150,grid,100audit,3km,none,36.0,rent250,solar,none,1km,60pct,1404,100.0,8,3,0,0,3.17,3.25,3.0,online
RESP_0274,K1,B,2,4,0,1,18.0,rent350,grid,cert50,3km,40pct,24.0,rent150,solar,100audit,1km,none,1404,200.0,9,,0,0,3.17,3.25,3.0,online
RESP_0274,K1,B,1,5,0,3,24.0,rent250,solar,none,1km,none,30.0,buy,grid,100audit,home,60pct,1404,100.0,4,,0,0,3.17,3.25,3.0,online
RESP_0274,K1,B,3,6,0,3,36.0,buy,solar,cert50,home,60pct,18.0,rent250,grid,none,3km,none,1404,0.0,6,1,0,0,3.17,3.25,3.0,online
RESP_0274,K1,B,7,7,0,3,24.0,buy,grid,cert50,home,40pct,30.0,rent350,grid,100audit,3km,none,1404,0.0,7,,0,0,3.17,3.25,3.0,online
RESP_0274,K1,B,4,8,1,1,18.0,buy,solar,100audit,home,60pct,36.0,rent350,grid,none,3km,none,1404,100.0,9,,0,0,3.17,3.25,3.0,online
RESP_0275,K2,A,7,1,0,3,30.0,rent150,grid,none,1km,60pct,36.0,rent250,solar,cert50,3km,none,318,100.0,6,,0,0,3.17,2.5,2.5,online
RESP_0275,K2,A,5,2,1,2,36.0,rent350,grid,none,3km,none,18.0,buy,solar,100audit,home,60pct,318,100.0,10,,0,0,3.17,2.5,2.5,online
RESP_0275,K2,A,8,3,0,3,18.0,buy,solar,cert50,home,none,24.0,rent150,solar,100audit,1km,60pct,318,200.0,6,1,0,0,3.17,2.5,2.5,online
RESP_0275,K2,A,6,4,0,2,24.0,rent250,solar,cert50,3km,none,18.0,buy,grid,100audit,home,40pct,318,0.0,6,,0,0,3.17,2.5,2.5,online
RESP_0275,K2,A,3,5,0,2,18.0,rent250,grid,100audit,1km,none,24.0,rent350,solar,none,3km,40pct,318,100.0,9,,0,0,3.17,2.5,2.5,online
RESP_0275,K2,A,4,6,0,2,36.0,rent150,grid,cert50,home,40pct,30.0,buy,grid,100audit,1km,60pct,318,200.0,9,1,0,0,3.17,2.5,2.5,online
RESP_0275,K2,A,2,7,0,3,24.0,buy,solar,none,3km,60pct,36.0,buy,solar,100audit,home,none,318,0.0,5,,0,0,3.17,2.5,2.5,online
RESP_0275,K2,A,1,8,0,2,30.0,rent350,solar,100audit,home,none,18.0,rent150,grid,cert50,1km,40pct,318,200.0,7,,0,0,3.17,2.5,2.5,online
RESP_0276,K3,B,1,1,0,3,24.0,rent150,grid,100audit,home,none,30.0,buy,solar,none,3km,40pct,1437,0.0,8,,0,0,3.83,4.0,3.25,online
RESP_0276,K3,B,4,2,0,3,30.0,rent250,grid,cert50,3km,40pct,24.0,rent350,solar,100audit,1km,none,1437,100.0,6,,0,0,3.83,4.0,3.25,online
RESP_0276,K3,B,5,3,0,3,36.0,buy,solar,none,home,60pct,18.0,rent150,grid,cert50,3km,none,1437,0.0,6,2,0,0,3.83,4.0,3.25,online
RESP_0276,K3,B,8,4,0,3,30.0,buy,grid,100audit,home,40pct,24.0,rent250,grid,cert50,3km,none,1437,0.0,5,,0,0,3.83,4.0,3.25,online
RESP_0276,K3,B,2,5,0,3,18.0,buy,solar,cert50,1km,60pct,36.0,rent350,grid,100audit,home,none,1437,200.0,8,,0,0,3.83,4.0,3.25,online
RESP_0276,K3,B,6,6,0,3,24.0,rent350,solar,100audit,1km,40pct,30.0,rent150,solar,cert50,home,none,1437,200.0,7,1,0,0,3.83,4.0,3.25,online
RESP_0276,K3,B,3,7,1,1,18.0,buy,solar,100audit,home,60pct,36.0,rent350,grid,none,3km,none,1437,100.0,9,,0,0,3.83,4.0,3.25,online
RESP_0276,K3,B,7,8,0,3,18.0,rent250,solar,none,3km,60pct,36.0,buy,grid,100audit,1km,none,1437,100.0,6,,0,0,3.83,4.0,3.25,online
RESP_0277,K1,A,5,1,0,3,30.0,rent150,solar,none,1km,40pct,24.0,buy,solar,cert50,home,none,320,200.0,5,,0,0,2.67,3.25,3.5,online
RESP_0277,K1,A,7,2,0,3,24.0,buy,grid,cert50,home,40pct,30.0,rent350,grid,100audit,3km,none,320,0.0,4,,0,0,2.67,3.25,3.5,online
RESP_0277,K1,A,2,3,0,3,18.0,rent350,grid,cert50,3km,40pct,24.0,rent150,solar,100audit,1km,none,320,200.0,6,3,0,0,2.67,3.25,3.5,online
RESP_0277,K1,A,4,4,1,1,18.0,buy,solar,100audit,home,60pct,36.0,rent350,grid,none,3km,none,320,100.0,10,,0,0,2.67,3.25,3.5,online
RESP_0277,K1,A,8,5,0,3,36.0,rent250,solar,100audit,1km,60pct,18.0,buy,grid,none,home,none,320,200.0,5,,0,0,2.67,3.25,3.5,online
RESP_0277,K1,A,6,6,0,3,18.0,rent150,grid,100audit,3km,none,36.0,rent250,solar,none,1km,60pct,320,100.0,8,1,0,0,2.67,3.25,3.5,online
RESP_0277,K1,A,3,7,0,2,36.0,buy,solar,cert50,home,60pct,18.0,rent250,grid,none,3km,none,320,0.0,10,,0,0,2.67,3.25,3.5,online
RESP_0277,K1,A,1,8,0,1,24.0,rent250,solar,none,1km,none,30.0,buy,grid,100audit,home,60pct,320,100.0,9,,0,0,2.67,3.25,3.5,online
RESP_0278,K2,B,1,1,0,3,30.0,rent350,solar,100audit,home,none,18.0,rent150,grid,cert50,1km,40pct,366,200.0,4,,0,0,3.0,2.5,4.0,online
RESP_0278,K2,B,8,2,0,3,18.0,buy,solar,cert50,home,none,24.0,rent150,solar,100audit,1km,60pct,366,200.0,4,,0,0,3.0,2.5,4.0,online
RESP_0278,K2,B,5,3,1,2,36.0,rent350,grid,none,3km,none,18.0,buy,solar,100audit,home,60pct,366,100.0,8,1,0,0,3.0,2.5,4.0,online
RESP_0278,K2,B,2,4,0,3,24.0,buy,solar,none,3km,60pct,36.0,buy,solar,100audit,home,none,366,0.0,5,,0,0,3.0,2.5,4.0,online
RESP_0278,K2,B,4,5,0,3,36.0,rent150,grid,cert50,home,40pct,30.0,buy,grid,100audit,1km,60pct,366,200.0,5,,0,0,3.0,2.5,4.0,online
RESP_0278,K2,B,6,6,0,3,24.0,rent250,solar,cert50,3km,none,18.0,buy,grid,100audit,home,40pct,366,0.0,8,3,0,0,3.0,2.5,4.0,online
RESP_0278,K2,B,3,7,0,3,18.0,rent250,grid,100audit,1km,none,24.0,rent350,solar,none,3km,40pct,366,100.0,6,,0,0,3.0,2.5,4.0,online
RESP_0278,K2,B,7,8,0,3,30.0,rent150,grid,none,1km,60pct,36.0,rent250,solar,cert50,3km,none,366,100.0,6,,0,0,3.0,2.5,4.0,online
RESP_0279,K3,A,6,1,0,3,24.0,rent350,solar,100audit,1km,40pct,30.0,rent150,solar,cert50,home,none,452,200.0,7,,0,0,2.67,2.5,2.5,online
RESP_0279,K3,A,5,2,0,1,36.0,buy,solar,none,home,60pct,18.0,rent150,grid,cert50,3km,none,452,0.0,8,,0,0,2.67,2.5,2.5,online
RESP_0279,K3,A,3,3,1,1,18.0,buy,solar,100audit,home,60pct,36.0,rent350,grid,none,3km,none,452,100.0,8,1,0,0,2.67,2.5,2.5,online
RESP_0279,K3,A,7,4,0,3,18.0,rent250,solar,none,3km,60pct,36.0,buy,grid,100audit,1km,none,452,100.0,7,,0,0,2.67,2.5,2.5,online
RESP_0279,K3,A,2,5,0,1,18.0,buy,solar,cert50,1km,60pct,36.0,rent350,grid,100audit,home,none,452,200.0,6,,0,0,2.67,2.5,2.5,online
RESP_0279,K3,A,8,6,0,3,30.0,buy,grid,100audit,home,40pct,24.0,rent250,grid,cert50,3km,none,452,0.0,5,3,0,0,2.67,2.5,2.5,online
RESP_0279,K3,A,1,7,0,1,24.0,rent150,grid,100audit,home,none,30.0,buy,solar,none,3km,40pct,452,0.0,10,,0,0,2.67,2.5,2.5,online
RESP_0279,K3,A,4,8,0,3,30.0,rent250,grid,cert50,3km,40pct,24.0,rent350,solar,100audit,1km,none,452,100.0,8,,0,0,2.67,2.5,2.5,online
RESP_0280,K1,B,4,1,1,1,18.0,buy,solar,100audit,home,60pct,36.0,rent350,grid,none,3km,none,1335,100.0,9,,0,0,2.5,3.0,3.25,online
RESP_0280,K1,B,7,2,0,3,24.0,buy,grid,cert50,home,40pct,30.0,rent350,grid,100audit,3km,none,1335,0.0,5,,0,0,2.5,3.0,3.25,online
RESP_0280,K1,B,2,3,0,3,18.0,rent350,grid,cert50,3km,40pct,24.0,rent150,solar,100audit,1km,none,1335,200.0,5,2,0,0,2.5,3.0,3.25,online
RESP_0280,K1,B,1,4,0,2,24.0,rent250,solar,none,1km,none,30.0,buy,grid,100audit,home,60pct,1335,100.0,6,,0,0,2.5,3.0,3.25,online
RESP_0280,K1,B,5,5,0,3,30.0,rent150,solar,none,1km,40pct,24.0,buy,solar,cert50,home,none,1335,200.0,7,,0,0,2.5,3.0,3.25,online
RESP_0280,K1,B,6,6,0,3,18.0,rent150,grid,100audit,3km,none,36.0,rent250,solar,none,1km,60pct,1335,100.0,4,2,0,0,2.5,3.0,3.25,online
RESP_0280,K1,B,8,7,0,3,36.0,rent250,solar,100audit,1km,60pct,18.0,buy,grid,none,home,none,1335,200.0,7,,0,0,2.5,3.0,3.25,online
RESP_0280,K1,B,3,8,0,3,36.0,buy,solar,cert50,home,60pct,18.0,rent250,grid,none,3km,none,1335,0.0,6,,0,0,2.5,3.0,3.25,online
RESP_0281,K2,A,4,1,0,3,36.0,rent150,grid,cert50,home,40pct,30.0,buy,grid,100audit,1km,60pct,456,200.0,6,,0,0,3.0,2.75,2.5,online
RESP_0281,K2,A,2,2,0,2,24.0,buy,solar,none,3km,60pct,36.0,buy,solar,100audit,home,none,456,0.0,7,,0,0,3.0,2.75,2.5,online
RESP_0281,K2,A,1,3,0,3,30.0,rent350,solar,100audit,home,none,18.0,rent150,grid,cert50,1km,40pct,456,200.0,8,2,0,0,3.0,2.75,2.5,online
RESP_0281,K2,A,5,4,1,2,36.0,rent350,grid,none,3km,none,18.0,buy,solar,100audit,home,60pct,456,100.0,7,,0,0,3.0,2.75,2.5,online
RESP_0281,K2,A,6,5,0,3,24.0,rent250,solar,cert50,3km,none,18.0,buy,grid,100audit,home,40pct,456,0.0,8,,0,0,3.0,2.75,2.5,online
RESP_0281,K2,A,8,6,0,3,18.0,buy,solar,cert50,home,none,24.0,rent150,solar,100audit,1km,60pct,456,200.0,6,3,0,0,3.0,2.75,2.5,online
RESP_0281,K2,A,3,7,0,3,18.0,rent250,grid,100audit,1km,none,24.0,rent350,solar,none,3km,40pct,456,100.0,6,,0,0,3.0,2.75,2.5,online
RESP_0281,K2,A,7,8,0,3,30.0,rent150,grid,none,1km,60pct,36.0,rent250,solar,cert50,3km,none,456,100.0,6,,0,0,3.0,2.75,2.5,online
RESP_0282,K3,B,4,1,0,3,30.0,rent250,grid,cert50,3km,40pct,24.0,rent350,solar,100audit,1km,none,1448,100.0,7,,0,0,3.17,3.75,3.0,online
RESP_0282,K3,B,5,2,0,3,36.0,buy,solar,none,home,60pct,18.0,rent150,grid,cert50,3km,none,1448,0.0,5,,0,0,3.17,3.75,3.0,online
RESP_0282,K3,B,8,3,0,3,30.0,buy,grid,100audit,home,40pct,24.0,rent250,grid,cert50,3km,none,1448,0.0,4,2,0,0,3.17,3.75,3.0,online
RESP_0282,K3,B,3,4,1,1,18.0,buy,solar,100audit,home,60pct,36.0,rent350,grid,none,3km,none,1448,100.0,7,,0,0,3.17,3.75,3.0,online
RESP_0282,K3,B,1,5,0,3,24.0,rent150,grid,100audit,home,none,30.0,buy,solar,none,3km,40pct,1448,0.0,6,,0,0,3.17,3.75,3.0,online
RESP_0282,K3,B,7,6,0,3,18.0,rent250,solar,none,3km,60pct,36.0,buy,grid,100audit,1km,none,1448,100.0,6,1,0,0,3.17,3.75,3.0,online
RESP_0282,K3,B,6,7,0,3,24.0,rent350,solar,100audit,1km,40pct,30.0,rent150,solar,cert50,home,none,1448,200.0,6,,0,0,3.17,3.75,3.0,online
RESP_0282,K3,B,2,8,0,3,18.0,buy,solar,cert50,1km,60pct,36.0,rent350,grid,100audit,home,none,1448,200.0,5,,0,0,3.17,3.75,3.0,online
RESP_0283,K1,A,6,1,0,3,18.0,rent150,grid,100audit,3km,none,36.0,rent250,solar,none,1km,60pct,602,100.0,5,,0,0,2.83,2.5,3.0,online
RESP_0283,K1,A,1,2,0,3,24.0,rent250,solar,none,1km,none,30.0,buy,grid,100audit,home,60pct,602,100.0,8,,0,0,2.83,2.5,3.0,online
RESP_0283,K1,A,3,3,0,3,36.0,buy,solar,cert50,home,60pct,18.0,rent250,grid,none,3km,none,602,0.0,6,2,0,0,2.83,2.5,3.0,online
RESP_0283,K1,A,5,4,0,3,30.0,rent150,solar,none,1km,40pct,24.0,buy,solar,cert50,home,none,602,200.0,4,,0,0,2.83,2.5,3.0,online
RESP_0283,K1,A,4,5,1,1,18.0,buy,solar,100audit,home,60pct,36.0,rent350,grid,none,3km,none,602,100.0,7,,0,0,2.83,2.5,3.0,online
RESP_0283,K1,A,2,6,0,3,18.0,rent350,grid,cert50,3km,40pct,24.0,rent150,solar,100audit,1km,none,602,200.0,7,1,0,0,2.83,2.5,3.0,online
RESP_0283,K1,A,8,7,0,3,36.0,rent250,solar,100audit,1km,60pct,18.0,buy,grid,none,home,none,602,200.0,6,,0,0,2.83,2.5,3.0,online
RESP_0283,K1,A,7,8,0,2,24.0,buy,grid,cert50,home,40pct,30.0,rent350,grid,100audit,3km,none,602,0.0,9,,0,0,2.83,2.5,3.0,online
RESP_0284,K2,B,1,1,0,3,30.0,rent350,solar,100audit,home,none,18.0,rent150,grid,cert50,1km,40pct,755,200.0,5,,0,0,2.83,2.75,2.75,online
RESP_0284,K2,B,8,2,0,1,18.0,buy,solar,cert50,home,none,24.0,rent150,solar,100audit,1km,60pct,755,200.0,7,,0,0,2.83,2.75,2.75,online
RESP_0284,K2,B,2,3,0,3,24.0,buy,solar,none,3km,60pct,36.0,buy,solar,100audit,home,none,755,0.0,6,2,0,0,2.83,2.75,2.75,online
RESP_0284,K2,B,7,4,0,3,30.0,rent150,grid,none,1km,60pct,36.0,rent250,solar,cert50,3km,none,755,100.0,7,,0,0,2.83,2.75,2.75,online
RESP_0284,K2,B,5,5,1,2,36.0,rent350,grid,none,3km,none,18.0,buy,solar,100audit,home,60pct,755,100.0,9,,0,0,2.83,2.75,2.75,online
RESP_0284,K2,B,6,6,0,3,24.0,rent250,solar,cert50,3km,none,18.0,buy,grid,100audit,home,40pct,755,0.0,8,3,0,0,2.83,2.75,2.75,online
RESP_0284,K2,B,3,7,0,3,18.0,rent250,grid,100audit,1km,none,24.0,rent350,solar,none,3km,40pct,755,100.0,4,,0,0,2.83,2.75,2.75,online
RESP_0284,K2,B,4,8,0,2,36.0,rent150,grid,cert50,home,40pct,30.0,buy,grid,100audit,1km,60pct,755,200.0,8,,0,0,2.83,2.75,2.75,online
RESP_0285,K3,A,1,1,0,3,24.0,rent150,grid,100audit,home,none,30.0,buy,solar,none,3km,40pct,930,0.0,5,,0,0,2.5,2.5,3.25,online
RESP_0285,K3,A,7,2,0,3,18.0,rent250,solar,none,3km,60pct,36.0,buy,grid,100audit,1km,none,930,100.0,7,,0,0,2.5,2.5,3.25,online
RESP_0285,K3,A,6,3,0,1,24.0,rent350,solar,100audit,1km,40pct,30.0,rent150,solar,cert50,home,none,930,200.0,8,3,0,0,2.5,2.5,3.25,online
RESP_0285,K3,A,5,4,0,3,36.0,buy,solar,none,home,60pct,18.0,rent150,grid,cert50,3km,none,930,0.0,4,,0,0,2.5,2.5,3.25,online
RESP_0285,K3,A,8,5,0,3,30.0,buy,grid,100audit,home,40pct,24.0,rent250,grid,cert50,3km,none,930,0.0,5,,0,0,2.5,2.5,3.25,online
RESP_0285,K3,A,2,6,0,1,18.0,buy,solar,cert50,1km,60pct,36.0,rent350,grid,100audit,home,none,930,200.0,6,3,0,0,2.5,2.5,3.25,online
RESP_0285,K3,A,3,7,1,1,18.0,buy,solar,100audit,home,60pct,36.0,rent350,grid,none,3km,none,930,100.0,8,,0,0,2.5,2.5,3.25,online
RESP_0285,K3,A,4,8,0,1,30.0,rent250,grid,cert50,3km,40pct,24.0,rent350,solar,100audit,1km,none,930,100.0,9,,0,0,2.5,2.5,3.25,online
RESP_0286,K1,B,1,1,0,3,24.0,rent250,solar,none,1km,none,30.0,buy,grid,100audit,home,60pct,843,100.0,5,,0,0,3.17,3.25,3.5,online
RESP_0286,K1,B,5,2,0,3,30.0,rent150,solar,none,1km,40pct,24.0,buy,solar,cert50,home,none,843,200.0,8,,0,0,3.17,3.25,3.5,online
RESP_0286,K1,B,3,3,0,3,36.0,buy,solar,cert50,home,60pct,18.0,rent250,grid,none,3km,none,843,0.0,6,2,0,0,3.17,3.25,3.5,online
RESP_0286,K1,B,2,4,0,3,18.0,rent350,grid,cert50,3km,40pct,24.0,rent150,solar,100audit,1km,none,843,200.0,4,,0,0,3.17,3.25,3.5,online
RESP_0286,K1,B,8,5,0,2,36.0,rent250,solar,100audit,1km,60pct,18.0,buy,grid,none,home,none,843,200.0,10,,0,0,3.17,3.25,3.5,online
RESP_0286,K1,B,6,6,0,3,18.0,rent150,grid,100audit,3km,none,36.0,rent250,solar,none,1km,60pct,843,100.0,6,2,0,0,3.17,3.25,3.5,online
RESP_0286,K1,B,7,7,0,3,24.0,buy,grid,cert50,home,40pct,30.0,rent350,grid,100audit,3km,none,843,0.0,7,,0,0,3.17,3.25,3.5,online
RESP_0286,K1,B,4,8,1,1,18.0,buy,solar,100audit,home,60pct,36.0,rent350,grid,none,3km,none,843,100.0,7,,0,0,3.17,3.25,3.5,online
RESP_0287,K2,A,1,1,0,3,30.0,rent350,solar,100audit,home,none,18.0,rent150,grid,cert50,1km,40pct,1139,200.0,8,,0,0,3.0,3.0,3.25,online
RESP_0287,K2,A,6,2,0,3,24.0,rent250,solar,cert50,3km,none,18.0,buy,grid,100audit,home,40pct,1139,0.0,6,,0,0,3.0,3.0,3.25,online
RESP_0287,K2,A,2,3,0,3,24.0,buy,solar,none,3km,60pct,36.0,buy,solar,100audit,home,none,1139,0.0,5,2,0,0,3.0,3.0,3.25,online
RESP_0287,K2,A,3,4,0,3,18.0,rent250,grid,100audit,1km,none,24.0,rent350,solar,none,3km,40pct,1139,100.0,7,,0,0,3.0,3.0,3.25,online
RESP_0287,K2,A,8,5,0,1,18.0,buy,solar,cert50,home,none,24.0,rent150,solar,100audit,1km,60pct,1139,200.0,7,,0,0,3.0,3.0,3.25,online
RESP_0287,K2,A,5,6,1,2,36.0,rent350,grid,none,3km,none,18.0,buy,solar,100audit,home,60pct,1139,100.0,7,3,0,0,3.0,3.0,3.25,online
RESP_0287,K2,A,4,7,0,2,36.0,rent150,grid,cert50,home,40pct,30.0,buy,grid,100audit,1km,60pct,1139,200.0,7,,0,0,3.0,3.0,3.25,online
RESP_0287,K2,A,7,8,0,3,30.0,rent150,grid,none,1km,60pct,36.0,rent250,solar,cert50,3km,none,1139,100.0,7,,0,0,3.0,3.0,3.25,online
RESP_0288,K3,B,4,1,0,3,30.0,rent250,grid,cert50,3km,40pct,24.0,rent350,solar,100audit,1km,none,1103,100.0,7,,0,0,3.67,2.5,3.0,online
RESP_0288,K3,B,6,2,0,3,24.0,rent350,solar,100audit,1km,40pct,30.0,rent150,solar,cert50,home,none,1103,200.0,5,,0,0,3.67,2.5,3.0,online
RESP_0288,K3,B,1,3,0,3,24.0,rent150,grid,100audit,home,none,30.0,buy,solar,none,3km,40pct,1103,0.0,7,2,0,0,3.67,2.5,3.0,online
RESP_0288,K3,B,7,4,0,3,18.0,rent250,solar,none,3km,60pct,36.0,buy,grid,100audit,1km,none,1103,100.0,6,,0,0,3.67,2.5,3.0,online
RESP_0288,K3,B,3,5,1,1,18.0,buy,solar,100audit,home,60pct,36.0,rent350,grid,none,3km,none,1103,100.0,10,,0,0,3.67,2.5,3.0,online
RESP_0288,K3,B,8,6,0,3,30.0,buy,grid,100audit,home,40pct,24.0,rent250,grid,cert50,3km,none,1103,0.0,5,3,0,0,3.67,2.5,3.0,online
RESP_0288,K3,B,5,7,0,3,36.0,buy,solar,none,home,60pct,18.0,rent150,grid,cert50,3km,none,1103,0.0,4,,0,0,3.67,2.5,3.0,online
RESP_0288,K3,B,2,8,0,3,18.0,buy,solar,cert50,1km,60pct,36.0,rent350,grid,100audit,home,none,1103,200.0,6,,0,0,3.67,2.5,3.0,online
RESP_0289,K1,A,5,1,0,3,30.0,rent150,solar,none,1km,40pct,24.0,buy,solar,cert50,home,none,347,200.0,4,,0,0,2.67,3.75,3.0,online
RESP_0289,K1,A,6,2,0,3,18.0,rent150,grid,100audit,3km,none,36.0,rent250,solar,none,1km,60pct,347,100.0,4,,0,0,2.67,3.75,3.0,online
RESP_0289,K1,A,3,3,0,3,36.0,buy,solar,cert50,home,60pct,18.0,rent250,grid,none,3km,none,347,0.0,8,2,0,0,2.67,3.75,3.0,online
RESP_0289,K1,A,4,4,1,1,18.0,buy,solar,100audit,home,60pct,36.0,rent350,grid,none,3km,none,347,100.0,7,,0,0,2.67,3.75,3.0,online
RESP_0289,K1,A,1,5,0,2,24.0,rent250,solar,none,1km,none,30.0,buy,grid,100audit,home,60pct,347,100.0,7,,0,0,2.67,3.75,3.0,online
RESP_0289,K1,A,8,6,0,3,36.0,rent250,solar,100audit,1km,60pct,18.0,buy,grid,none,home,none,347,200.0,5,1,0,0,2.67,3.75,3.0,online
RESP_0289,K1,A,7,7,0,1,24.0,buy,grid,cert50,home,40pct,30.0,rent350,grid,100audit,3km,none,347,0.0,6,,0,0,2.67,3.75,3.0,online
RESP_0289,K1,A,2,8,0,1,18.0,rent350,grid,cert50,3km,40pct,24.0,rent150,solar,100audit,1km,none,347,200.0,6,,0,0,2.67,3.75,3.0,online
RESP_0290,K2,B,1,1,0,3,30.0,rent350,solar,100audit,home,none,18.0,rent150,grid,cert50,1km,40pct,581,200.0,8,,0,0,2.0,2.75,3.75,online
RESP_0290,K2,B,6,2,0,2,24.0,rent250,solar,cert50,3km,none,18.0,buy,grid,100audit,home,40pct,581,0.0,9,,0,0,2.0,2.75,3.75,online
RESP_0290,K2,B,4,3,0,3,36.0,rent150,grid,cert50,home,40pct,30.0,buy,grid,100audit,1km,60pct,581,200.0,5,1,0,0,2.0,2.75,3.75,online
RESP_0290,K2,B,2,4,0,3,24.0,buy,solar,none,3km,60pct,36.0,buy,solar,100audit,home,none,581,0.0,4,,0,0,2.0,2.75,3.75,online
RESP_0290,K2,B,8,5,0,1,18.0,buy,solar,cert50,home,none,24.0,rent150,solar,100audit,1km,60pct,581,200.0,8,,0,0,2.0,2.75,3.75,online
RESP_0290,K2,B,5,6,1,2,36.0,rent350,grid,none,3km,none,18.0,buy,solar,100audit,home,60pct,581,100.0,7,2,0,0,2.0,2.75,3.75,online
RESP_0290,K2,B,3,7,0,3,18.0,rent250,grid,100audit,1km,none,24.0,rent350,solar,none,3km,40pct,581,100.0,7,,0,0,2.0,2.75,3.75,online
RESP_0290,K2,B,7,8,0,3,30.0,rent150,grid,none,1km,60pct,36.0,rent250,solar,cert50,3km,none,581,100.0,4,,0,0,2.0,2.75,3.75,online
RESP_0291,K3,A,1,1,0,3,24.0,rent150,grid,100audit,home,none,30.0,buy,solar,none,3km,40pct,1363,0.0,6,,0,0,3.33,2.75,3.5,online
RESP_0291,K3,A,4,2,0,3,30.0,rent250,grid,cert50,3km,40pct,24.0,rent350,solar,100audit,1km,none,1363,100.0,4,,0,0,3.33,2.75,3.5,online
RESP_0291,K3,A,6,3,0,3,24.0,rent350,solar,100audit,1km,40pct,30.0,rent150,solar,cert50,home,none,1363,200.0,8,1,0,0,3.33,2.75,3.5,online
RESP_0291,K3,A,2,4,0,3,18.0,buy,solar,cert50,1km,60pct,36.0,rent350,grid,100audit,home,none,1363,200.0,5,,0,0,3.33,2.75,3.5,online
RESP_0291,K3,A,8,5,0,3,30.0,buy,grid,100audit,home,40pct,24.0,rent250,grid,cert50,3km,none,1363,0.0,5,,0,0,3.33,2.75,3.5,online
RESP_0291,K3,A,7,6,0,3,18.0,rent250,solar,none,3km,60pct,36.0,buy,grid,100audit,1km,none,1363,100.0,5,2,0,0,3.33,2.75,3.5,online
RESP_0291,K3,A,3,7,1,1,18.0,buy,solar,100audit,home,60pct,36.0,rent350,grid,none,3km,none,1363,100.0,6,,0,0,3.33,2.75,3.5,online
RESP_0291,K3,A,5,8,0,3,36.0,buy,solar,none,home,60pct,18.0,rent150,grid,cert50,3km,none,1363,0.0,4,,0,0,3.33,2.75,3.5,online
RESP_0292,K1,B,8,1,0,2,36.0,rent250,solar,100audit,1km,60pct,18.0,buy,grid,none,home,none,916,200.0,7,,0,0,2.33,2.0,3.5,online
RESP_0292,K1,B,5,2,0,3,30.0,rent150,solar,none,1km,40pct,24.0,buy,solar,cert50,home,none,916,200.0,5,,0,0,2.33,2.0,3.5,online
RESP_0292,K1,B,7,3,0,1,24.0,buy,grid,cert50,home,40pct,30.0,rent350,grid,100audit,3km,none,916,0.0,8,1,0,0,2.33,2.0,3.5,online
RESP_0292,K1,B,4,4,1,1,18.0,buy,solar,100audit,home,60pct,36.0,rent350,grid,none,3km,none,916,100.0,10,,0,0,2.33,2.0,3.5,online
RESP_0292,K1,B,2,5,0,3,18.0,rent350,grid,cert50,3km,40pct,24.0,rent150,solar,100audit,1km,none,916,200.0,4,,0,0,2.33,2.0,3.5,online
RESP_0292,K1,B,3,6,0,3,36.0,buy,solar,cert50,home,60pct,18.0,rent250,grid,none,3km,none,916,0.0,8,1,0,0,2.33,2.0,3.5,online
RESP_0292,K1,B,6,7,0,3,18.0,rent150,grid,100audit,3km,none,36.0,rent250,solar,none,1km,60pct,916,100.0,4,,0,0,2.33,2.0,3.5,online
RESP_0292,K1,B,1,8,0,1,24.0,rent250,solar,none,1km,none,30.0,buy,grid,100audit,home,60pct,916,100.0,10,,0,0,2.33,2.0,3.5,online
RESP_0293,K2,A,8,1,0,1,18.0,buy,solar,cert50,home,none,24.0,rent150,solar,100audit,1km,60pct,986,200.0,10,,0,0,2.33,2.25,3.75,online
RESP_0293,K2,A,3,2,0,1,18.0,rent250,grid,100audit,1km,none,24.0,rent350,solar,none,3km,40pct,986,100.0,10,,0,0,2.33,2.25,3.75,online
RESP_0293,K2,A,5,3,1,2,36.0,rent350,grid,none,3km,none,18.0,buy,solar,100audit,home,60pct,986,100.0,6,1,0,0,2.33,2.25,3.75,online
RESP_0293,K2,A,6,4,0,2,24.0,rent250,solar,cert50,3km,none,18.0,buy,grid,100audit,home,40pct,986,0.0,8,,0,0,2.33,2.25,3.75,online
RESP_0293,K2,A,1,5,0,1,30.0,rent350,solar,100audit,home,none,18.0,rent150,grid,cert50,1km,40pct,986,200.0,7,,0,0,2.33,2.25,3.75,online
RESP_0293,K2,A,4,6,0,3,36.0,rent150,grid,cert50,home,40pct,30.0,buy,grid,100audit,1km,60pct,986,200.0,5,2,0,0,2.33,2.25,3.75,online
RESP_0293,K2,A,2,7,0,3,24.0,buy,solar,none,3km,60pct,36.0,buy,solar,100audit,home,none,986,0.0,5,,0,0,2.33,2.25,3.75,online
RESP_0293,K2,A,7,8,0,3,30.0,rent150,grid,none,1km,60pct,36.0,rent250,solar,cert50,3km,none,986,100.0,7,,0,0,2.33,2.25,3.75,online
RESP_0294,K3,B,3,1,1,1,18.0,buy,solar,100audit,home,60pct,36.0,rent350,grid,none,3km,none,367,100.0,8,,0,0,1.67,3.75,3.0,online
RESP_0294,K3,B,2,2,0,3,18.0,buy,solar,cert50,1km,60pct,36.0,rent350,grid,100audit,home,none,367,200.0,8,,0,0,1.67,3.75,3.0,online
RESP_0294,K3,B,4,3,0,3,30.0,rent250,grid,cert50,3km,40pct,24.0,rent350,solar,100audit,1km,none,367,100.0,6,1,0,0,1.67,3.75,3.0,online
RESP_0294,K3,B,8,4,0,3,30.0,buy,grid,100audit,home,40pct,24.0,rent250,grid,cert50,3km,none,367,0.0,5,,0,0,1.67,3.75,3.0,online
RESP_0294,K3,B,7,5,0,3,18.0,rent250,solar,none,3km,60pct,36.0,buy,grid,100audit,1km,none,367,100.0,7,,0,0,1.67,3.75,3.0,online
RESP_0294,K3,B,5,6,0,3,36.0,buy,solar,none,home,60pct,18.0,rent150,grid,cert50,3km,none,367,0.0,6,3,0,0,1.67,3.75,3.0,online
RESP_0294,K3,B,1,7,0,3,24.0,rent150,grid,100audit,home,none,30.0,buy,solar,none,3km,40pct,367,0.0,5,,0,0,1.67,3.75,3.0,online
RESP_0294,K3,B,6,8,0,3,24.0,rent350,solar,100audit,1km,40pct,30.0,rent150,solar,cert50,home,none,367,200.0,4,,0,0,1.67,3.75,3.0,online
RESP_0295,K1,A,5,1,0,3,30.0,rent150,solar,none,1km,40pct,24.0,buy,solar,cert50,home,none,1260,200.0,4,,0,0,3.5,3.0,3.25,online
RESP_0295,K1,A,8,2,0,2,36.0,rent250,solar,100audit,1km,60pct,18.0,buy,grid,none,home,none,1260,200.0,7,,0,0,3.5,3.0,3.25,online
RESP_0295,K1,A,7,3,0,3,24.0,buy,grid,cert50,home,40pct,30.0,rent350,grid,100audit,3km,none,1260,0.0,4,1,0,0,3.5,3.0,3.25,online
RESP_0295,K1,A,1,4,0,2,24.0,rent250,solar,none,1km,none,30.0,buy,grid,100audit,home,60pct,1260,100.0,8,,0,0,3.5,3.0,3.25,online
RESP_0295,K1,A,4,5,1,1,18.0,buy,solar,100audit,home,60pct,36.0,rent350,grid,none,3km,none,1260,100.0,10,,0,0,3.5,3.0,3.25,online
RESP_0295,K1,A,2,6,0,3,18.0,rent350,grid,cert50,3km,40pct,24.0,rent150,solar,100audit,1km,none,1260,200.0,7,2,0,0,3.5,3.0,3.25,online
RESP_0295,K1,A,3,7,0,3,36.0,buy,solar,cert50,home,60pct,18.0,rent250,grid,none,3km,none,1260,0.0,8,,0,0,3.5,3.0,3.25,online
RESP_0295,K1,A,6,8,0,3,18.0,rent150,grid,100audit,3km,none,36.0,rent250,solar,none,1km,60pct,1260,100.0,8,,0,0,3.5,3.0,3.25,online
RESP_0296,K2,B,4,1,0,3,36.0,rent150,grid,cert50,home,40pct,30.0,buy,grid,100audit,1km,60pct,1264,200.0,8,,0,0,1.67,3.0,2.75,online
RESP_0296,K2,B,2,2,0,3,24.0,buy,solar,none,3km,60pct,36.0,buy,solar,100audit,home,none,1264,0.0,8,,0,0,1.67,3.0,2.75,online
RESP_0296,K2,B,5,3,1,2,36.0,rent350,grid,none,3km,none,18.0,buy,solar,100audit,home,60pct,1264,100.0,10,3,0,0,1.67,3.0,2.75,online
RESP_0296,K2,B,8,4,0,1,18.0,buy,solar,cert50,home,none,24.0,rent150,solar,100audit,1km,60pct,1264,200.0,6,,0,0,1.67,3.0,2.75,online
RESP_0296,K2,B,7,5,0,3,30.0,rent150,grid,none,1km,60pct,36.0,rent250,solar,cert50,3km,none,1264,100.0,7,,0,0,1.67,3.0,2.75,online
RESP_0296,K2,B,6,6,0,3,24.0,rent250,solar,cert50,3km,none,18.0,buy,grid,100audit,home,40pct,1264,0.0,8,1,0,0,1.67,3.0,2.75,online
RESP_0296,K2,B,3,7,0,3,18.0,rent250,grid,100audit,1km,none,24.0,rent350,solar,none,3km,40pct,1264,100.0,4,,0,0,1.67,3.0,2.75,online
RESP_0296,K2,B,1,8,0,2,30.0,rent350,solar,100audit,home,none,18.0,rent150,grid,cert50,1km,40pct,1264,200.0,6,,0,0,1.67,3.0,2.75,online
RESP_0297,K3,A,5,1,0,3,36.0,buy,solar,none,home,60pct,18.0,rent150,grid,cert50,3km,none,416,0.0,6,,0,0,3.33,2.5,3.75,online
RESP_0297,K3,A,8,2,0,3,30.0,buy,grid,100audit,home,40pct,24.0,rent250,grid,cert50,3km,none,416,0.0,4,,0,0,3.33,2.5,3.75,online
RESP_0297,K3,A,7,3,0,3,18.0,rent250,solar,none,3km,60pct,36.0,buy,grid,100audit,1km,none,416,100.0,5,1,0,0,3.33,2.5,3.75,online
RESP_0297,K3,A,6,4,0,1,24.0,rent350,solar,100audit,1km,40pct,30.0,rent150,solar,cert50,home,none,416,200.0,7,,0,0,3.33,2.5,3.75,online
RESP_0297,K3,A,2,5,0,3,18.0,buy,solar,cert50,1km,60pct,36.0,rent350,grid,100audit,home,none,416,200.0,7,,0,0,3.33,2.5,3.75,online
RESP_0297,K3,A,3,6,1,1,18.0,buy,solar,100audit,home,60pct,36.0,rent350,grid,none,3km,none,416,100.0,10,2,0,0,3.33,2.5,3.75,online
RESP_0297,K3,A,4,7,0,2,30.0,rent250,grid,cert50,3km,40pct,24.0,rent350,solar,100audit,1km,none,416,100.0,9,,0,0,3.33,2.5,3.75,online
RESP_0297,K3,A,1,8,0,3,24.0,rent150,grid,100audit,home,none,30.0,buy,solar,none,3km,40pct,416,0.0,7,,0,0,3.33,2.5,3.75,online
RESP_0298,K1,B,8,1,0,2,36.0,rent250,solar,100audit,1km,60pct,18.0,buy,grid,none,home,none,1019,200.0,10,,0,0,2.67,3.25,3.25,online
RESP_0298,K1,B,2,2,0,2,18.0,rent350,grid,cert50,3km,40pct,24.0,rent150,solar,100audit,1km,none,1019,200.0,7,,0,0,2.67,3.25,3.25,online
RESP_0298,K1,B,3,3,0,3,36.0,buy,solar,cert50,home,60pct,18.0,rent250,grid,none,3km,none,1019,0.0,6,3,0,0,2.67,3.25,3.25,online
RESP_0298,K1,B,6,4,0,3,18.0,rent150,grid,100audit,3km,none,36.0,rent250,solar,none,1km,60pct,1019,100.0,7,,0,0,2.67,3.25,3.25,online
RESP_0298,K1,B,5,5,0,2,30.0,rent150,solar,none,1km,40pct,24.0,buy,solar,cert50,home,none,1019,200.0,7,,0,0,2.67,3.25,3.25,online
RESP_0298,K1,B,7,6,0,3,24.0,buy,grid,cert50,home,40pct,30.0,rent350,grid,100audit,3km,none,1019,0.0,5,1,0,0,2.67,3.25,3.25,online
RESP_0298,K1,B,1,7,0,3,24.0,rent250,solar,none,1km,none,30.0,buy,grid,100audit,home,60pct,1019,100.0,8,,0,0,2.67,3.25,3.25,online
RESP_0298,K1,B,4,8,1,1,18.0,buy,solar,100audit,home,60pct,36.0,rent350,grid,none,3km,none,1019,100.0,9,,0,0,2.67,3.25,3.25,online
RESP_0299,K2,A,3,1,0,3,18.0,rent250,grid,100audit,1km,none,24.0,rent350,solar,none,3km,40pct,907,100.0,6,,0,0,2.33,3.25,2.75,online
RESP_0299,K2,A,4,2,0,3,36.0,rent150,grid,cert50,home,40pct,30.0,buy,grid,100audit,1km,60pct,907,200.0,5,,0,0,2.33,3.25,2.75,online
RESP_0299,K2,A,2,3,0,3,24.0,buy,solar,none,3km,60pct,36.0,buy,solar,100audit,home,none,907,0.0,6,1,0,0,2.33,3.25,2.75,online
RESP_0299,K2,A,8,4,0,3,18.0,buy,solar,cert50,home,none,24.0,rent150,solar,100audit,1km,60pct,907,200.0,8,,0,0,2.33,3.25,2.75,online
RESP_0299,K2,A,6,5,0,3,24.0,rent250,solar,cert50,3km,none,18.0,buy,grid,100audit,home,40pct,907,0.0,7,,0,0,2.33,3.25,2.75,online
RESP_0299,K2,A,7,6,0,3,30.0,rent150,grid,none,1km,60pct,36.0,rent250,solar,cert50,3km,none,907,100.0,5,3,0,0,2.33,3.25,2.75,online
RESP_0299,K2,A,1,7,0,3,30.0,rent350,solar,100audit,home,none,18.0,rent150,grid,cert50,1km,40pct,907,200.0,4,,0,0,2.33,3.25,2.75,online
RESP_0299,K2,A,5,8,1,2,36.0,rent350,grid,none,3km,none,18.0,buy,solar,100audit,home,60pct,907,100.0,6,,0,0,2.33,3.25,2.75,online
RESP_0300,K3,B,6,1,0,3,24.0,rent350,solar,100audit,1km,40pct,30.0,rent150,solar,cert50,home,none,742,200.0,6,,0,0,2.17,3.0,2.75,online
RESP_0300,K3,B,3,2,1,1,18.0,buy,solar,100audit,home,60pct,36.0,rent350,grid,none,3km,none,742,100.0,10,,0,0,2.17,3.0,2.75,online
RESP_0300,K3,B,7,3,0,3,18.0,rent250,solar,none,3km,60pct,36.0,buy,grid,100audit,1km,none,742,100.0,6,1,0,0,2.17,3.0,2.75,online
RESP_0300,K3,B,2,4,0,1,18.0,buy,solar,cert50,1km,60pct,36.0,rent350,grid,100audit,home,none,742,200.0,9,,0,0,2.17,3.0,2.75,online
RESP_0300,K3,B,4,5,0,3,30.0,rent250,grid,cert50,3km,40pct,24.0,rent350,solar,100audit,1km,none,742,100.0,7,,0,0,2.17,3.0,2.75,online
RESP_0300,K3,B,1,6,0,3,24.0,rent150,grid,100audit,home,none,30.0,buy,solar,none,3km,40pct,742,0.0,7,1,0,0,2.17,3.0,2.75,online
RESP_0300,K3,B,5,7,0,3,36.0,buy,solar,none,home,60pct,18.0,rent150,grid,cert50,3km,none,742,0.0,5,,0,0,2.17,3.0,2.75,online
RESP_0300,K3,B,8,8,0,3,30.0,buy,grid,100audit,home,40pct,24.0,rent250,grid,cert50,3km,none,742,0.0,5,,0,0,2.17,3.0,2.75,online
RESP_0301,K1,A,2,1,0,3,18.0,rent350,grid,cert50,3km,40pct,24.0,rent150,solar,100audit,1km,none,1166,200.0,4,,0,0,3.33,2.25,3.25,online
RESP_0301,K1,A,8,2,0,3,36.0,rent250,solar,100audit,1km,60pct,18.0,buy,grid,none,home,none,1166,200.0,6,,0,0,3.33,2.25,3.25,online
RESP_0301,K1,A,1,3,0,3,24.0,rent250,solar,none,1km,none,30.0,buy,grid,100audit,home,60pct,1166,100.0,8,2,0,0,3.33,2.25,3.25,online
RESP_0301,K1,A,5,4,0,2,30.0,rent150,solar,none,1km,40pct,24.0,buy,solar,cert50,home,none,1166,200.0,9,,0,0,3.33,2.25,3.25,online
RESP_0301,K1,A,4,5,1,1,18.0,buy,solar,100audit,home,60pct,36.0,rent350,grid,none,3km,none,1166,100.0,8,,0,0,3.33,2.25,3.25,online
RESP_0301,K1,A,7,6,0,3,24.0,buy,grid,cert50,home,40pct,30.0,rent350,grid,100audit,3km,none,1166,0.0,8,2,0,0,3.33,2.25,3.25,online
RESP_0301,K1,A,6,7,0,3,18.0,rent150,grid,100audit,3km,none,36.0,rent250,solar,none,1km,60pct,1166,100.0,6,,0,0,3.33,2.25,3.25,online
RESP_0301,K1,A,3,8,0,3,36.0,buy,solar,cert50,home,60pct,18.0,rent250,grid,none,3km,none,1166,0.0,5,,0,0,3.33,2.25,3.25,online
RESP_0302,K2,B,3,1,0,1,18.0,rent250,grid,100audit,1km,none,24.0,rent350,solar,none,3km,40pct,1045,100.0,7,,0,0,2.5,2.75,3.25,online
RESP_0302,K2,B,7,2,0,3,30.0,rent150,grid,none,1km,60pct,36.0,rent250,solar,cert50,3km,none,1045,100.0,6,,0,0,2.5,2.75,3.25,online
RESP_0302,K2,B,5,3,1,2,36.0,rent350,grid,none,3km,none,18.0,buy,solar,100audit,home,60pct,1045,100.0,10,1,0,0,2.5,2.75,3.25,online
RESP_0302,K2,B,8,4,0,2,18.0,buy,solar,cert50,home,none,24.0,rent150,solar,100audit,1km,60pct,1045,200.0,10,,0,0,2.5,2.75,3.25,online
RESP_0302,K2,B,2,5,0,3,24.0,buy,solar,none,3km,60pct,36.0,buy,solar,100audit,home,none,1045,0.0,8,,0,0,2.5,2.75,3.25,online
RESP_0302,K2,B,6,6,0,2,24.0,rent250,solar,cert50,3km,none,18.0,buy,grid,100audit,home,40pct,1045,0.0,7,3,0,0,2.5,2.75,3.25,online
RESP_0302,K2,B,1,7,0,3,30.0,rent350,solar,100audit,home,none,18.0,rent150,grid,cert50,1km,40pct,1045,200.0,6,,0,0,2.5,2.75,3.25,online
RESP_0302,K2,B,4,8,0,1,36.0,rent150,grid,cert50,home,40pct,30.0,buy,grid,100audit,1km,60pct,1045,200.0,10,,0,0,2.5,2.75,3.25,online
RESP_0303,K3,A,5,1,0,3,36.0,buy,solar,none,home,60pct,18.0,rent150,grid,cert50,3km,none,1157,0.0,8,,0,0,3.17,3.75,2.75,online
RESP_0303,K3,A,6,2,0,3,24.0,rent350,solar,100audit,1km,40pct,30.0,rent150,solar,cert50,home,none,1157,200.0,6,,0,0,3.17,3.75,2.75,online
RESP_0303,K3,A,4,3,0,2,30.0,rent250,grid,cert50,3km,40pct,24.0,rent350,solar,100audit,1km,none,1157,100.0,8,3,0,0,3.17,3.75,2.75,online
RESP_0303,K3,A,1,4,0,3,24.0,rent150,grid,100audit,home,none,30.0,buy,solar,none,3km,40pct,1157,0.0,4,,0,0,3.17,3.75,2.75,online
RESP_0303,K3,A,8,5,0,3,30.0,buy,grid,100audit,home,40pct,24.0,rent250,grid,cert50,3km,none,1157,0.0,4,,0,0,3.17,3.75,2.75,online
RESP_0303,K3,A,2,6,0,1,18.0,buy,solar,cert50,1km,60pct,36.0,rent350,grid,100audit,home,none,1157,200.0,8,3,0,0,3.17,3.75,2.75,online
RESP_0303,K3,A,7,7,0,3,18.0,rent250,solar,none,3km,60pct,36.0,buy,grid,100audit,1km,none,1157,100.0,6,,0,0,3.17,3.75,2.75,online
RESP_0303,K3,A,3,8,1,1,18.0,buy,solar,100audit,home,60pct,36.0,rent350,grid,none,3km,none,1157,100.0,9,,0,0,3.17,3.75,2.75,online
RESP_0304,K1,B,3,1,0,3,36.0,buy,solar,cert50,home,60pct,18.0,rent250,grid,none,3km,none,1242,0.0,5,,0,0,3.17,2.75,3.25,online
RESP_0304,K1,B,6,2,0,3,18.0,rent150,grid,100audit,3km,none,36.0,rent250,solar,none,1km,60pct,1242,100.0,5,,0,0,3.17,2.75,3.25,online
RESP_0304,K1,B,2,3,0,3,18.0,rent350,grid,cert50,3km,40pct,24.0,rent150,solar,100audit,1km,none,1242,200.0,7,3,0,0,3.17,2.75,3.25,online
RESP_0304,K1,B,8,4,0,3,36.0,rent250,solar,100audit,1km,60pct,18.0,buy,grid,none,home,none,1242,200.0,7,,0,0,3.17,2.75,3.25,online
RESP_0304,K1,B,5,5,0,1,30.0,rent150,solar,none,1km,40pct,24.0,buy,solar,cert50,home,none,1242,200.0,9,,0,0,3.17,2.75,3.25,online
RESP_0304,K1,B,7,6,0,3,24.0,buy,grid,cert50,home,40pct,30.0,rent350,grid,100audit,3km,none,1242,0.0,7,2,0,0,3.17,2.75,3.25,online
RESP_0304,K1,B,4,7,1,1,18.0,buy,solar,100audit,home,60pct,36.0,rent350,grid,none,3km,none,1242,100.0,6,,0,0,3.17,2.75,3.25,online
RESP_0304,K1,B,1,8,0,3,24.0,rent250,solar,none,1km,none,30.0,buy,grid,100audit,home,60pct,1242,100.0,6,,0,0,3.17,2.75,3.25,online
RESP_0305,K2,A,1,1,0,3,30.0,rent350,solar,100audit,home,none,18.0,rent150,grid,cert50,1km,40pct,1249,200.0,5,,0,0,2.67,3.5,2.5,online
RESP_0305,K2,A,5,2,1,2,36.0,rent350,grid,none,3km,none,18.0,buy,solar,100audit,home,60pct,1249,100.0,10,,0,0,2.67,3.5,2.5,online
RESP_0305,K2,A,6,3,0,1,24.0,rent250,solar,cert50,3km,none,18.0,buy,grid,100audit,home,40pct,1249,0.0,8,1,0,0,2.67,3.5,2.5,online
RESP_0305,K2,A,4,4,0,3,36.0,rent150,grid,cert50,home,40pct,30.0,buy,grid,100audit,1km,60pct,1249,200.0,5,,0,0,2.67,3.5,2.5,online
RESP_0305,K2,A,2,5,0,3,24.0,buy,solar,none,3km,60pct,36.0,buy,solar,100audit,home,none,1249,0.0,7,,0,0,2.67,3.5,2.5,online
RESP_0305,K2,A,8,6,0,1,18.0,buy,solar,cert50,home,none,24.0,rent150,solar,100audit,1km,60pct,1249,200.0,7,3,0,0,2.67,3.5,2.5,online
RESP_0305,K2,A,7,7,0,3,30.0,rent150,grid,none,1km,60pct,36.0,rent250,solar,cert50,3km,none,1249,100.0,4,,0,0,2.67,3.5,2.5,online
RESP_0305,K2,A,3,8,0,3,18.0,rent250,grid,100audit,1km,none,24.0,rent350,solar,none,3km,40pct,1249,100.0,6,,0,0,2.67,3.5,2.5,online
RESP_0306,K3,B,2,1,0,1,18.0,buy,solar,cert50,1km,60pct,36.0,rent350,grid,100audit,home,none,891,200.0,8,,0,0,2.0,2.25,2.75,online
RESP_0306,K3,B,5,2,0,3,36.0,buy,solar,none,home,60pct,18.0,rent150,grid,cert50,3km,none,891,0.0,6,,0,0,2.0,2.25,2.75,online
RESP_0306,K3,B,4,3,0,3,30.0,rent250,grid,cert50,3km,40pct,24.0,rent350,solar,100audit,1km,none,891,100.0,5,1,0,0,2.0,2.25,2.75,online
RESP_0306,K3,B,7,4,0,1,18.0,rent250,solar,none,3km,60pct,36.0,buy,grid,100audit,1km,none,891,100.0,10,,0,0,2.0,2.25,2.75,online
RESP_0306,K3,B,3,5,1,1,18.0,buy,solar,100audit,home,60pct,36.0,rent350,grid,none,3km,none,891,100.0,10,,0,0,2.0,2.25,2.75,online
RESP_0306,K3,B,1,6,0,3,24.0,rent150,grid,100audit,home,none,30.0,buy,solar,none,3km,40pct,891,0.0,8,1,0,0,2.0,2.25,2.75,online
RESP_0306,K3,B,8,7,0,2,30.0,buy,grid,100audit,home,40pct,24.0,rent250,grid,cert50,3km,none,891,0.0,7,,0,0,2.0,2.25,2.75,online
RESP_0306,K3,B,6,8,0,1,24.0,rent350,solar,100audit,1km,40pct,30.0,rent150,solar,cert50,home,none,891,200.0,6,,0,0,2.0,2.25,2.75,online
RESP_0307,K1,A,6,1,0,2,18.0,rent150,grid,100audit,3km,none,36.0,rent250,solar,none,1km,60pct,858,100.0,8,,0,0,3.67,2.75,3.25,online
RESP_0307,K1,A,8,2,0,3,36.0,rent250,solar,100audit,1km,60pct,18.0,buy,grid,none,home,none,858,200.0,6,,0,0,3.67,2.75,3.25,online
RESP_0307,K1,A,5,3,0,3,30.0,rent150,solar,none,1km,40pct,24.0,buy,solar,cert50,home,none,858,200.0,4,1,0,0,3.67,2.75,3.25,online
RESP_0307,K1,A,4,4,1,1,18.0,buy,solar,100audit,home,60pct,36.0,rent350,grid,none,3km,none,858,100.0,9,,0,0,3.67,2.75,3.25,online
RESP_0307,K1,A,1,5,0,3,24.0,rent250,solar,none,1km,none,30.0,buy,grid,100audit,home,60pct,858,100.0,5,,0,0,3.67,2.75,3.25,online
RESP_0307,K1,A,7,6,0,3,24.0,buy,grid,cert50,home,40pct,30.0,rent350,grid,100audit,3km,none,858,0.0,8,3,0,0,3.67,2.75,3.25,online
RESP_0307,K1,A,2,7,0,3,18.0,rent350,grid,cert50,3km,40pct,24.0,rent150,solar,100audit,1km,none,858,200.0,7,,0,0,3.67,2.75,3.25,online
RESP_0307,K1,A,3,8,0,3,36.0,buy,solar,cert50,home,60pct,18.0,rent250,grid,none,3km,none,858,0.0,4,,0,0,3.67,2.75,3.25,online
RESP_0308,K2,B,1,1,0,3,30.0,rent350,solar,100audit,home,none,18.0,rent150,grid,cert50,1km,40pct,297,200.0,5,,0,0,2.17,2.75,2.5,online
RESP_0308,K2,B,7,2,0,3,30.0,rent150,grid,none,1km,60pct,36.0,rent250,solar,cert50,3km,none,297,100.0,5,,0,0,2.17,2.75,2.5,online
RESP_0308,K2,B,5,3,1,2,36.0,rent350,grid,none,3km,none,18.0,buy,solar,100audit,home,60pct,297,100.0,10,2,0,0,2.17,2.75,2.5,online
RESP_0308,K2,B,2,4,0,3,24.0,buy,solar,none,3km,60pct,36.0,buy,solar,100audit,home,none,297,0.0,4,,0,0,2.17,2.75,2.5,online
RESP_0308,K2,B,4,5,0,1,36.0,rent150,grid,cert50,home,40pct,30.0,buy,grid,100audit,1km,60pct,297,200.0,9,,0,0,2.17,2.75,2.5,online
RESP_0308,K2,B,3,6,0,1,18.0,rent250,grid,100audit,1km,none,24.0,rent350,solar,none,3km,40pct,297,100.0,9,2,0,0,2.17,2.75,2.5,online
RESP_0308,K2,B,6,7,0,2,24.0,rent250,solar,cert50,3km,none,18.0,buy,grid,100audit,home,40pct,297,0.0,10,,0,0,2.17,2.75,2.5,online
RESP_0308,K2,B,8,8,0,1,18.0,buy,solar,cert50,home,none,24.0,rent150,solar,100audit,1km,60pct,297,200.0,9,,0,0,2.17,2.75,2.5,online
RESP_0309,K3,A,4,1,0,3,30.0,rent250,grid,cert50,3km,40pct,24.0,rent350,solar,100audit,1km,none,1499,100.0,8,,0,0,1.67,2.5,2.5,online
RESP_0309,K3,A,5,2,0,2,36.0,buy,solar,none,home,60pct,18.0,rent150,grid,cert50,3km,none,1499,0.0,7,,0,0,1.67,2.5,2.5,online
RESP_0309,K3,A,7,3,0,3,18.0,rent250,solar,none,3km,60pct,36.0,buy,grid,100audit,1km,none,1499,100.0,4,2,0,0,1.67,2.5,2.5,online
RESP_0309,K3,A,1,4,0,1,24.0,rent150,grid,100audit,home,none,30.0,buy,solar,none,3km,40pct,1499,0.0,9,,0,0,1.67,2.5,2.5,online
RESP_0309,K3,A,2,5,0,3,18.0,buy,solar,cert50,1km,60pct,36.0,rent350,grid,100audit,home,none,1499,200.0,4,,0,0,1.67,2.5,2.5,online
RESP_0309,K3,A,3,6,1,1,18.0,buy,solar,100audit,home,60pct,36.0,rent350,grid,none,3km,none,1499,100.0,6,1,0,0,1.67,2.5,2.5,online
RESP_0309,K3,A,6,7,0,3,24.0,rent350,solar,100audit,1km,40pct,30.0,rent150,solar,cert50,home,none,1499,200.0,6,,0,0,1.67,2.5,2.5,online
RESP_0309,K3,A,8,8,0,3,30.0,buy,grid,100audit,home,40pct,24.0,rent250,grid,cert50,3km,none,1499,0.0,4,,0,0,1.67,2.5,2.5,online
RESP_0310,K1,B,6,1,0,3,18.0,rent150,grid,100audit,3km,none,36.0,rent250,solar,none,1km,60pct,1097,100.0,8,,0,0,1.83,3.5,2.75,online
RESP_0310,K1,B,8,2,0,3,36.0,rent250,solar,100audit,1km,60pct,18.0,buy,grid,none,home,none,1097,200.0,5,,0,0,1.83,3.5,2.75,online
RESP_0310,K1,B,3,3,0,3,36.0,buy,solar,cert50,home,60pct,18.0,rent250,grid,none,3km,none,1097,0.0,8,2,0,0,1.83,3.5,2.75,online
RESP_0310,K1,B,4,4,1,1,18.0,buy,solar,100audit,home,60pct,36.0,rent350,grid,none,3km,none,1097,100.0,7,,0,0,1.83,3.5,2.75,online
RESP_0310,K1,B,5,5,0,2,30.0,rent150,solar,none,1km,40pct,24.0,buy,solar,cert50,home,none,1097,200.0,8,,0,0,1.83,3.5,2.75,online
RESP_0310,K1,B,7,6,0,3,24.0,buy,grid,cert50,home,40pct,30.0,rent350,grid,100audit,3km,none,1097,0.0,8,3,0,0,1.83,3.5,2.75,online
RESP_0310,K1,B,1,7,0,3,24.0,rent250,solar,none,1km,none,30.0,buy,grid,100audit,home,60pct,1097,100.0,7,,0,0,1.83,3.5,2.75,online
RESP_0310,K1,B,2,8,0,1,18.0,rent350,grid,cert50,3km,40pct,24.0,rent150,solar,100audit,1km,none,1097,200.0,7,,0,0,1.83,3.5,2.75,online
RESP_0311,K2,A,3,1,0,1,18.0,rent250,grid,100audit,1km,none,24.0,rent350,solar,none,3km,40pct,740,100.0,8,,0,0,2.5,3.0,3.5,online
RESP_0311,K2,A,1,2,0,3,30.0,rent350,solar,100audit,home,none,18.0,rent150,grid,cert50,1km,40pct,740,200.0,5,,0,0,2.5,3.0,3.5,online
RESP_0311,K2,A,4,3,0,3,36.0,rent150,grid,cert50,home,40pct,30.0,buy,grid,100audit,1km,60pct,740,200.0,8,3,0,0,2.5,3.0,3.5,online
RESP_0311,K2,A,7,4,0,1,30.0,rent150,grid,none,1km,60pct,36.0,rent250,solar,cert50,3km,none,740,100.0,8,,0,0,2.5,3.0,3.5,online
RESP_0311,K2,A,2,5,0,1,24.0,buy,solar,none,3km,60pct,36.0,buy,solar,100audit,home,none,740,0.0,9,,0,0,2.5,3.0,3.5,online
RESP_0311,K2,A,5,6,1,2,36.0,rent350,grid,none,3km,none,18.0,buy,solar,100audit,home,60pct,740,100.0,7,3,0,0,2.5,3.0,3.5,online
RESP_0311,K2,A,6,7,0,3,24.0,rent250,solar,cert50,3km,none,18.0,buy,grid,100audit,home,40pct,740,0.0,4,,0,0,2.5,3.0,3.5,online
RESP_0311,K2,A,8,8,0,1,18.0,buy,solar,cert50,home,none,24.0,rent150,solar,100audit,1km,60pct,740,200.0,9,,0,0,2.5,3.0,3.5,online
RESP_0312,K3,B,2,1,0,1,18.0,buy,solar,cert50,1km,60pct,36.0,rent350,grid,100audit,home,none,1403,200.0,6,,0,0,3.67,3.5,2.75,online
RESP_0312,K3,B,7,2,0,3,18.0,rent250,solar,none,3km,60pct,36.0,buy,grid,100audit,1km,none,1403,100.0,6,,0,0,3.67,3.5,2.75,online
RESP_0312,K3,B,4,3,0,2,30.0,rent250,grid,cert50,3km,40pct,24.0,rent350,solar,100audit,1km,none,1403,100.0,9,2,0,0,3.67,3.5,2.75,online
RESP_0312,K3,B,5,4,0,3,36.0,buy,solar,none,home,60pct,18.0,rent150,grid,cert50,3km,none,1403,0.0,4,,0,0,3.67,3.5,2.75,online
RESP_0312,K3,B,6,5,0,3,24.0,rent350,solar,100audit,1km,40pct,30.0,rent150,solar,cert50,home,none,1403,200.0,6,,0,0,3.67,3.5,2.75,online
RESP_0312,K3,B,1,6,0,1,24.0,rent150,grid,100audit,home,none,30.0,buy,solar,none,3km,40pct,1403,0.0,7,2,0,0,3.67,3.5,2.75,online
RESP_0312,K3,B,8,7,0,3,30.0,buy,grid,100audit,home,40pct,24.0,rent250,grid,cert50,3km,none,1403,0.0,6,,0,0,3.67,3.5,2.75,online
RESP_0312,K3,B,3,8,1,1,18.0,buy,solar,100audit,home,60pct,36.0,rent350,grid,none,3km,none,1403,100.0,9,,0,0,3.67,3.5,2.75,online
RESP_0313,K1,A,1,1,0,1,24.0,rent250,solar,none,1km,none,30.0,buy,grid,100audit,home,60pct,1314,100.0,10,,0,0,3.33,3.25,3.0,online
RESP_0313,K1,A,2,2,0,2,18.0,rent350,grid,cert50,3km,40pct,24.0,rent150,solar,100audit,1km,none,1314,200.0,6,,0,0,3.33,3.25,3.0,online
RESP_0313,K1,A,7,3,0,3,24.0,buy,grid,cert50,home,40pct,30.0,rent350,grid,100audit,3km,none,1314,0.0,6,2,0,0,3.33,3.25,3.0,online
RESP_0313,K1,A,6,4,0,1,18.0,rent150,grid,100audit,3km,none,36.0,rent250,solar,none,1km,60pct,1314,100.0,6,,0,0,3.33,3.25,3.0,online
RESP_0313,K1,A,4,5,1,1,18.0,buy,solar,100audit,home,60pct,36.0,rent350,grid,none,3km,none,1314,100.0,7,,0,0,3.33,3.25,3.0,online
RESP_0313,K1,A,5,6,0,3,30.0,rent150,solar,none,1km,40pct,24.0,buy,solar,cert50,home,none,1314,200.0,4,1,0,0,3.33,3.25,3.0,online
RESP_0313,K1,A,3,7,0,3,36.0,buy,solar,cert50,home,60pct,18.0,rent250,grid,none,3km,none,1314,0.0,8,,0,0,3.33,3.25,3.0,online
RESP_0313,K1,A,8,8,0,1,36.0,rent250,solar,100audit,1km,60pct,18.0,buy,grid,none,home,none,1314,200.0,10,,0,0,3.33,3.25,3.0,online
RESP_0314,K2,B,1,1,0,2,30.0,rent350,solar,100audit,home,none,18.0,rent150,grid,cert50,1km,40pct,1170,200.0,6,,0,0,3.5,2.75,3.25,online
RESP_0314,K2,B,2,2,0,3,24.0,buy,solar,none,3km,60pct,36.0,buy,solar,100audit,home,none,1170,0.0,8,,0,0,3.5,2.75,3.25,online
RESP_0314,K2,B,7,3,0,3,30.0,rent150,grid,none,1km,60pct,36.0,rent250,solar,cert50,3km,none,1170,100.0,8,3,0,0,3.5,2.75,3.25,online
RESP_0314,K2,B,3,4,0,3,18.0,rent250,grid,100audit,1km,none,24.0,rent350,solar,none,3km,40pct,1170,100.0,8,,0,0,3.5,2.75,3.25,online
RESP_0314,K2,B,5,5,1,2,36.0,rent350,grid,none,3km,none,18.0,buy,solar,100audit,home,60pct,1170,100.0,6,,0,0,3.5,2.75,3.25,online
RESP_0314,K2,B,6,6,0,3,24.0,rent250,solar,cert50,3km,none,18.0,buy,grid,100audit,home,40pct,1170,0.0,8,1,0,0,3.5,2.75,3.25,online
RESP_0314,K2,B,4,7,0,3,36.0,rent150,grid,cert50,home,40pct,30.0,buy,grid,100audit,1km,60pct,1170,200.0,4,,0,0,3.5,2.75,3.25,online
RESP_0314,K2,B,8,8,0,3,18.0,buy,solar,cert50,home,none,24.0,rent150,solar,100audit,1km,60pct,1170,200.0,7,,0,0,3.5,2.75,3.25,online
RESP_0315,K3,A,3,1,1,1,18.0,buy,solar,100audit,home,60pct,36.0,rent350,grid,none,3km,none,1432,100.0,7,,0,0,2.5,3.25,3.0,online
RESP_0315,K3,A,1,2,0,3,24.0,rent150,grid,100audit,home,none,30.0,buy,solar,none,3km,40pct,1432,0.0,4,,0,0,2.5,3.25,3.0,online
RESP_0315,K3,A,8,3,0,2,30.0,buy,grid,100audit,home,40pct,24.0,rent250,grid,cert50,3km,none,1432,0.0,6,1,0,0,2.5,3.25,3.0,online
RESP_0315,K3,A,2,4,0,3,18.0,buy,solar,cert50,1km,60pct,36.0,rent350,grid,100audit,home,none,1432,200.0,7,,0,0,2.5,3.25,3.0,online
RESP_0315,K3,A,4,5,0,2,30.0,rent250,grid,cert50,3km,40pct,24.0,rent350,solar,100audit,1km,none,1432,100.0,8,,0,0,2.5,3.25,3.0,online
RESP_0315,K3,A,5,6,0,3,36.0,buy,solar,none,home,60pct,18.0,rent150,grid,cert50,3km,none,1432,0.0,7,2,0,0,2.5,3.25,3.0,online
RESP_0315,K3,A,7,7,0,3,18.0,rent250,solar,none,3km,60pct,36.0,buy,grid,100audit,1km,none,1432,100.0,8,,0,0,2.5,3.25,3.0,online
RESP_0315,K3,A,6,8,0,3,24.0,rent350,solar,100audit,1km,40pct,30.0,rent150,solar,cert50,home,none,1432,200.0,7,,0,0,2.5,3.25,3.0,online
RESP_0316,K1,B,2,1,0,2,18.0,rent350,grid,cert50,3km,40pct,24.0,rent150,solar,100audit,1km,none,627,200.0,8,,0,0,2.83,1.5,3.75,online
RESP_0316,K1,B,3,2,0,3,36.0,buy,solar,cert50,home,60pct,18.0,rent250,grid,none,3km,none,627,0.0,7,,0,0,2.83,1.5,3.75,online
RESP_0316,K1,B,8,3,0,2,36.0,rent250,solar,100audit,1km,60pct,18.0,buy,grid,none,home,none,627,200.0,6,3,0,0,2.83,1.5,3.75,online
RESP_0316,K1,B,4,4,1,1,18.0,buy,solar,100audit,home,60pct,36.0,rent350,grid,none,3km,none,627,100.0,8,,0,0,2.83,1.5,3.75,online
RESP_0316,K1,B,7,5,0,2,24.0,buy,grid,cert50,home,40pct,30.0,rent350,grid,100audit,3km,none,627,0.0,9,,0,0,2.83,1.5,3.75,online
RESP_0316,K1,B,5,6,0,3,30.0,rent150,solar,none,1km,40pct,24.0,buy,solar,cert50,home,none,627,200.0,7,3,0,0,2.83,1.5,3.75,online
RESP_0316,K1,B,6,7,0,2,18.0,rent150,grid,100audit,3km,none,36.0,rent250,solar,none,1km,60pct,627,100.0,7,,0,0,2.83,1.5,3.75,online
RESP_0316,K1,B,1,8,0,1,24.0,rent250,solar,none,1km,none,30.0,buy,grid,100audit,home,60pct,627,100.0,6,,0,0,2.83,1.5,3.75,online
RESP_0317,K2,A,3,1,0,2,18.0,rent250,grid,100audit,1km,none,24.0,rent350,solar,none,3km,40pct,1210,100.0,8,,0,0,2.67,3.25,3.5,online
RESP_0317,K2,A,5,2,1,2,36.0,rent350,grid,none,3km,none,18.0,buy,solar,100audit,home,60pct,1210,100.0,10,,0,0,2.67,3.25,3.5,online
RESP_0317,K2,A,8,3,0,3,18.0,buy,solar,cert50,home,none,24.0,rent150,solar,100audit,1km,60pct,1210,200.0,6,1,0,0,2.67,3.25,3.5,online
RESP_0317,K2,A,4,4,0,3,36.0,rent150,grid,cert50,home,40pct,30.0,buy,grid,100audit,1km,60pct,1210,200.0,7,,0,0,2.67,3.25,3.5,online
RESP_0317,K2,A,2,5,0,3,24.0,buy,solar,none,3km,60pct,36.0,buy,solar,100audit,home,none,1210,0.0,4,,0,0,2.67,3.25,3.5,online
RESP_0317,K2,A,6,6,0,2,24.0,rent250,solar,cert50,3km,none,18.0,buy,grid,100audit,home,40pct,1210,0.0,9,1,0,0,2.67,3.25,3.5,online
RESP_0317,K2,A,1,7,0,3,30.0,rent350,solar,100audit,home,none,18.0,rent150,grid,cert50,1km,40pct,1210,200.0,4,,0,0,2.67,3.25,3.5,online
RESP_0317,K2,A,7,8,0,2,30.0,rent150,grid,none,1km,60pct,36.0,rent250,solar,cert50,3km,none,1210,100.0,7,,0,0,2.67,3.25,3.5,online
RESP_0318,K3,B,1,1,0,3,24.0,rent150,grid,100audit,home,none,30.0,buy,solar,none,3km,40pct,250,0.0,7,,0,0,2.83,3.75,3.25,online
RESP_0318,K3,B,3,2,1,1,18.0,buy,solar,100audit,home,60pct,36.0,rent350,grid,none,3km,none,250,100.0,6,,0,0,2.83,3.75,3.25,online
RESP_0318,K3,B,7,3,0,3,18.0,rent250,solar,none,3km,60pct,36.0,buy,grid,100audit,1km,none,250,100.0,7,1,0,0,2.83,3.75,3.25,online
RESP_0318,K3,B,4,4,0,2,30.0,rent250,grid,cert50,3km,40pct,24.0,rent350,solar,100audit,1km,none,250,100.0,8,,0,0,2.83,3.75,3.25,online
RESP_0318,K3,B,8,5,0,3,30.0,buy,grid,100audit,home,40pct,24.0,rent250,grid,cert50,3km,none,250,0.0,4,,0,0,2.83,3.75,3.25,online
RESP_0318,K3,B,6,6,0,3,24.0,rent350,solar,100audit,1km,40pct,30.0,rent150,solar,cert50,home,none,250,200.0,7,1,0,0,2.83,3.75,3.25,online
RESP_0318,K3,B,2,7,0,1,18.0,buy,solar,cert50,1km,60pct,36.0,rent350,grid,100audit,home,none,250,200.0,8,,0,0,2.83,3.75,3.25,online
RESP_0318,K3,B,5,8,0,3,36.0,buy,solar,none,home,60pct,18.0,rent150,grid,cert50,3km,none,250,0.0,8,,0,0,2.83,3.75,3.25,online
RESP_0319,K1,A,4,1,1,1,18.0,buy,solar,100audit,home,60pct,36.0,rent350,grid,none,3km,none,1213,100.0,8,,0,0,2.33,2.25,2.75,online
RESP_0319,K1,A,6,2,0,3,18.0,rent150,grid,100audit,3km,none,36.0,rent250,solar,none,1km,60pct,1213,100.0,8,,0,0,2.33,2.25,2.75,online
RESP_0319,K1,A,2,3,0,3,18.0,rent350,grid,cert50,3km,40pct,24.0,rent150,solar,100audit,1km,none,1213,200.0,8,3,0,0,2.33,2.25,2.75,online
RESP_0319,K1,A,7,4,0,1,24.0,buy,grid,cert50,home,40pct,30.0,rent350,grid,100audit,3km,none,1213,0.0,7,,0,0,2.33,2.25,2.75,online
RESP_0319,K1,A,5,5,0,3,30.0,rent150,solar,none,1km,40pct,24.0,buy,solar,cert50,home,none,1213,200.0,4,,0,0,2.33,2.25,2.75,online
RESP_0319,K1,A,1,6,0,3,24.0,rent250,solar,none,1km,none,30.0,buy,grid,100audit,home,60pct,1213,100.0,6,3,0,0,2.33,2.25,2.75,online
RESP_0319,K1,A,8,7,0,3,36.0,rent250,solar,100audit,1km,60pct,18.0,buy,grid,none,home,none,1213,200.0,8,,0,0,2.33,2.25,2.75,online
RESP_0319,K1,A,3,8,0,3,36.0,buy,solar,cert50,home,60pct,18.0,rent250,grid,none,3km,none,1213,0.0,8,,0,0,2.33,2.25,2.75,online
RESP_0320,K2,B,7,1,0,3,30.0,rent150,grid,none,1km,60pct,36.0,rent250,solar,cert50,3km,none,337,100.0,4,,0,0,3.33,3.0,2.75,online
RESP_0320,K2,B,2,2,0,3,24.0,buy,solar,none,3km,60pct,36.0,buy,solar,100audit,home,none,337,0.0,6,,0,0,3.33,3.0,2.75,online
RESP_0320,K2,B,3,3,0,3,18.0,rent250,grid,100audit,1km,none,24.0,rent350,solar,none,3km,40pct,337,100.0,7,2,0,0,3.33,3.0,2.75,online
RESP_0320,K2,B,1,4,0,3,30.0,rent350,solar,100audit,home,none,18.0,rent150,grid,cert50,1km,40pct,337,200.0,4,,0,0,3.33,3.0,2.75,online
RESP_0320,K2,B,5,5,1,1,36.0,rent350,grid,none,3km,none,18.0,buy,solar,100audit,home,60pct,337,100.0,8,,0,0,3.33,3.0,2.75,online
RESP_0320,K2,B,6,6,0,3,24.0,rent250,solar,cert50,3km,none,18.0,buy,grid,100audit,home,40pct,337,0.0,7,3,0,0,3.33,3.0,2.75,online
RESP_0320,K2,B,4,7,0,3,36.0,rent150,grid,cert50,home,40pct,30.0,buy,grid,100audit,1km,60pct,337,200.0,7,,0,0,3.33,3.0,2.75,online
RESP_0320,K2,B,8,8,0,3,18.0,buy,solar,cert50,home,none,24.0,rent150,solar,100audit,1km,60pct,337,200.0,7,,0,0,3.33,3.0,2.75,online
RESP_0321,K3,A,6,1,0,2,24.0,rent350,solar,100audit,1km,40pct,30.0,rent150,solar,cert50,home,none,824,200.0,9,,0,0,4.17,2.5,3.5,online
RESP_0321,K3,A,4,2,0,2,30.0,rent250,grid,cert50,3km,40pct,24.0,rent350,solar,100audit,1km,none,824,100.0,6,,0,0,4.17,2.5,3.5,online
RESP_0321,K3,A,3,3,1,1,18.0,buy,solar,100audit,home,60pct,36.0,rent350,grid,none,3km,none,824,100.0,7,2,0,0,4.17,2.5,3.5,online
RESP_0321,K3,A,8,4,0,3,30.0,buy,grid,100audit,home,40pct,24.0,rent250,grid,cert50,3km,none,824,0.0,5,,0,0,4.17,2.5,3.5,online
RESP_0321,K3,A,2,5,0,3,18.0,buy,solar,cert50,1km,60pct,36.0,rent350,grid,100audit,home,none,824,200.0,4,,0,0,4.17,2.5,3.5,online
RESP_0321,K3,A,1,6,0,3,24.0,rent150,grid,100audit,home,none,30.0,buy,solar,none,3km,40pct,824,0.0,7,3,0,0,4.17,2.5,3.5,online
RESP_0321,K3,A,5,7,0,3,36.0,buy,solar,none,home,60pct,18.0,rent150,grid,cert50,3km,none,824,0.0,6,,0,0,4.17,2.5,3.5,online
RESP_0321,K3,A,7,8,0,1,18.0,rent250,solar,none,3km,60pct,36.0,buy,grid,100audit,1km,none,824,100.0,8,,0,0,4.17,2.5,3.5,online
RESP_0322,K1,B,5,1,0,3,30.0,rent150,solar,none,1km,40pct,24.0,buy,solar,cert50,home,none,748,200.0,7,,0,0,3.17,2.75,2.75,online
RESP_0322,K1,B,2,2,0,3,18.0,rent350,grid,cert50,3km,40pct,24.0,rent150,solar,100audit,1km,none,748,200.0,7,,0,0,3.17,2.75,2.75,online
RESP_0322,K1,B,8,3,0,2,36.0,rent250,solar,100audit,1km,60pct,18.0,buy,grid,none,home,none,748,200.0,6,3,0,0,3.17,2.75,2.75,online
RESP_0322,K1,B,6,4,0,3,18.0,rent150,grid,100audit,3km,none,36.0,rent250,solar,none,1km,60pct,748,100.0,7,,0,0,3.17,2.75,2.75,online
RESP_0322,K1,B,7,5,0,3,24.0,buy,grid,cert50,home,40pct,30.0,rent350,grid,100audit,3km,none,748,0.0,5,,0,0,3.17,2.75,2.75,online
RESP_0322,K1,B,3,6,0,3,36.0,buy,solar,cert50,home,60pct,18.0,rent250,grid,none,3km,none,748,0.0,5,2,0,0,3.17,2.75,2.75,online
RESP_0322,K1,B,4,7,1,1,18.0,buy,solar,100audit,home,60pct,36.0,rent350,grid,none,3km,none,748,100.0,10,,0,0,3.17,2.75,2.75,online
RESP_0322,K1,B,1,8,0,1,24.0,rent250,solar,none,1km,none,30.0,buy,grid,100audit,home,60pct,748,100.0,10,,0,0,3.17,2.75,2.75,online
RESP_0323,K2,A,5,1,1,2,36.0,rent350,grid,none,3km,none,18.0,buy,solar,100audit,home,60pct,1048,100.0,6,,0,0,2.17,2.25,2.5,online
RESP_0323,K2,A,2,2,0,1,24.0,buy,solar,none,3km,60pct,36.0,buy,solar,100audit,home,none,1048,0.0,8,,0,0,2.17,2.25,2.5,online
RESP_0323,K2,A,3,3,0,3,18.0,rent250,grid,100audit,1km,none,24.0,rent350,solar,none,3km,40pct,1048,100.0,8,1,0,0,2.17,2.25,2.5,online
RESP_0323,K2,A,6,4,0,3,24.0,rent250,solar,cert50,3km,none,18.0,buy,grid,100audit,home,40pct,1048,0.0,7,,0,0,2.17,2.25,2.5,online
RESP_0323,K2,A,4,5,0,2,36.0,rent150,grid,cert50,home,40pct,30.0,buy,grid,100audit,1km,60pct,1048,200.0,8,,0,0,2.17,2.25,2.5,online
RESP_0323,K2,A,1,6,0,1,30.0,rent350,solar,100audit,home,none,18.0,rent150,grid,cert50,1km,40pct,1048,200.0,6,2,0,0,2.17,2.25,2.5,online
RESP_0323,K2,A,8,7,0,3,18.0,buy,solar,cert50,home,none,24.0,rent150,solar,100audit,1km,60pct,1048,200.0,7,,0,0,2.17,2.25,2.5,online
RESP_0323,K2,A,7,8,0,3,30.0,rent150,grid,none,1km,60pct,36.0,rent250,solar,cert50,3km,none,1048,100.0,8,,0,0,2.17,2.25,2.5,online
RESP_0324,K3,B,4,1,0,2,30.0,rent250,grid,cert50,3km,40pct,24.0,rent350,solar,100audit,1km,none,486,100.0,10,,0,0,4.0,2.75,2.75,online
RESP_0324,K3,B,8,2,0,3,30.0,buy,grid,100audit,home,40pct,24.0,rent250,grid,cert50,3km,none,486,0.0,5,,0,0,4.0,2.75,2.75,online
RESP_0324,K3,B,7,3,0,3,18.0,rent250,solar,none,3km,60pct,36.0,buy,grid,100audit,1km,none,486,100.0,8,3,0,0,4.0,2.75,2.75,online
RESP_0324,K3,B,3,4,1,1,18.0,buy,solar,100audit,home,60pct,36.0,rent350,grid,none,3km,none,486,100.0,9,,0,0,4.0,2.75,2.75,online
RESP_0324,K3,B,6,5,0,3,24.0,rent350,solar,100audit,1km,40pct,30.0,rent150,solar,cert50,home,none,486,200.0,8,,0,0,4.0,2.75,2.75,online
RESP_0324,K3,B,5,6,0,3,36.0,buy,solar,none,home,60pct,18.0,rent150,grid,cert50,3km,none,486,0.0,6,1,0,0,4.0,2.75,2.75,online
RESP_0324,K3,B,2,7,0,3,18.0,buy,solar,cert50,1km,60pct,36.0,rent350,grid,100audit,home,none,486,200.0,8,,0,0,4.0,2.75,2.75,online
RESP_0324,K3,B,1,8,0,3,24.0,rent150,grid,100audit,home,none,30.0,buy,solar,none,3km,40pct,486,0.0,6,,0,0,4.0,2.75,2.75,online
RESP_0325,K1,A,1,1,0,3,24.0,rent250,solar,none,1km,none,30.0,buy,grid,100audit,home,60pct,374,100.0,7,,0,0,3.83,2.5,3.75,online
RESP_0325,K1,A,5,2,0,2,30.0,rent150,solar,none,1km,40pct,24.0,buy,solar,cert50,home,none,374,200.0,6,,0,0,3.83,2.5,3.75,online
RESP_0325,K1,A,4,3,1,1,18.0,buy,solar,100audit,home,60pct,36.0,rent350,grid,none,3km,none,374,100.0,8,3,0,0,3.83,2.5,3.75,online
RESP_0325,K1,A,6,4,0,3,18.0,rent150,grid,100audit,3km,none,36.0,rent250,solar,none,1km,60pct,374,100.0,8,,0,0,3.83,2.5,3.75,online
RESP_0325,K1,A,2,5,0,3,18.0,rent350,grid,cert50,3km,40pct,24.0,rent150,solar,100audit,1km,none,374,200.0,7,,0,0,3.83,2.5,3.75,online
RESP_0325,K1,A,8,6,0,3,36.0,rent250,solar,100audit,1km,60pct,18.0,buy,grid,none,home,none,374,200.0,8,2,0,0,3.83,2.5,3.75,online
RESP_0325,K1,A,3,7,0,2,36.0,buy,solar,cert50,home,60pct,18.0,rent250,grid,none,3km,none,374,0.0,6,,0,0,3.83,2.5,3.75,online
RESP_0325,K1,A,7,8,0,3,24.0,buy,grid,cert50,home,40pct,30.0,rent350,grid,100audit,3km,none,374,0.0,6,,0,0,3.83,2.5,3.75,online
RESP_0326,K2,B,3,1,0,1,18.0,rent250,grid,100audit,1km,none,24.0,rent350,solar,none,3km,40pct,547,100.0,6,,0,0,1.67,3.5,2.5,online
RESP_0326,K2,B,2,2,0,3,24.0,buy,solar,none,3km,60pct,36.0,buy,solar,100audit,home,none,547,0.0,7,,0,0,1.67,3.5,2.5,online
RESP_0326,K2,B,7,3,0,3,30.0,rent150,grid,none,1km,60pct,36.0,rent250,solar,cert50,3km,none,547,100.0,6,1,0,0,1.67,3.5,2.5,online
RESP_0326,K2,B,8,4,0,3,18.0,buy,solar,cert50,home,none,24.0,rent150,solar,100audit,1km,60pct,547,200.0,5,,0,0,1.67,3.5,2.5,online
RESP_0326,K2,B,5,5,1,2,36.0,rent350,grid,none,3km,none,18.0,buy,solar,100audit,home,60pct,547,100.0,8,,0,0,1.67,3.5,2.5,online
RESP_0326,K2,B,6,6,0,3,24.0,rent250,solar,cert50,3km,none,18.0,buy,grid,100audit,home,40pct,547,0.0,5,1,0,0,1.67,3.5,2.5,online
RESP_0326,K2,B,4,7,0,3,36.0,rent150,grid,cert50,home,40pct,30.0,buy,grid,100audit,1km,60pct,547,200.0,7,,0,0,1.67,3.5,2.5,online
RESP_0326,K2,B,1,8,0,3,30.0,rent350,solar,100audit,home,none,18.0,rent150,grid,cert50,1km,40pct,547,200.0,6,,0,0,1.67,3.5,2.5,online
RESP_0327,K3,A,8,1,0,3,30.0,buy,grid,100audit,home,40pct,24.0,rent250,grid,cert50,3km,none,716,0.0,7,,0,0,3.33,3.0,3.75,online
RESP_0327,K3,A,3,2,1,1,18.0,buy,solar,100audit,home,60pct,36.0,rent350,grid,none,3km,none,716,100.0,7,,0,0,3.33,3.0,3.75,online
RESP_0327,K3,A,2,3,0,3,18.0,buy,solar,cert50,1km,60pct,36.0,rent350,grid,100audit,home,none,716,200.0,8,2,0,0,3.33,3.0,3.75,online
RESP_0327,K3,A,7,4,0,3,18.0,rent250,solar,none,3km,60pct,36.0,buy,grid,100audit,1km,none,716,100.0,8,,0,0,3.33,3.0,3.75,online
RESP_0327,K3,A,1,5,0,3,24.0,rent150,grid,100audit,home,none,30.0,buy,solar,none,3km,40pct,716,0.0,7,,0,0,3.33,3.0,3.75,online
RESP_0327,K3,A,6,6,0,2,24.0,rent350,solar,100audit,1km,40pct,30.0,rent150,solar,cert50,home,none,716,200.0,6,2,0,0,3.33,3.0,3.75,online
RESP_0327,K3,A,4,7,0,3,30.0,rent250,grid,cert50,3km,40pct,24.0,rent350,solar,100audit,1km,none,716,100.0,7,,0,0,3.33,3.0,3.75,online
RESP_0327,K3,A,5,8,0,1,36.0,buy,solar,none,home,60pct,18.0,rent150,grid,cert50,3km,none,716,0.0,9,,0,0,3.33,3.0,3.75,online
RESP_0328,K1,B,2,1,0,2,18.0,rent350,grid,cert50,3km,40pct,24.0,rent150,solar,100audit,1km,none,800,200.0,8,,0,0,1.5,3.25,3.0,online
RESP_0328,K1,B,6,2,0,3,18.0,rent150,grid,100audit,3km,none,36.0,rent250,solar,none,1km,60pct,800,100.0,4,,0,0,1.5,3.25,3.0,online
RESP_0328,K1,B,4,3,1,1,18.0,buy,solar,100audit,home,60pct,36.0,rent350,grid,none,3km,none,800,100.0,8,2,0,0,1.5,3.25,3.0,online
RESP_0328,K1,B,5,4,0,3,30.0,rent150,solar,none,1km,40pct,24.0,buy,solar,cert50,home,none,800,200.0,6,,0,0,1.5,3.25,3.0,online
RESP_0328,K1,B,7,5,0,3,24.0,buy,grid,cert50,home,40pct,30.0,rent350,grid,100audit,3km,none,800,0.0,7,,0,0,1.5,3.25,3.0,online
RESP_0328,K1,B,8,6,0,2,36.0,rent250,solar,100audit,1km,60pct,18.0,buy,grid,none,home,none,800,200.0,7,2,0,0,1.5,3.25,3.0,online
RESP_0328,K1,B,1,7,0,2,24.0,rent250,solar,none,1km,none,30.0,buy,grid,100audit,home,60pct,800,100.0,10,,0,0,1.5,3.25,3.0,online
RESP_0328,K1,B,3,8,0,2,36.0,buy,solar,cert50,home,60pct,18.0,rent250,grid,none,3km,none,800,0.0,10,,0,0,1.5,3.25,3.0,online
RESP_0329,K2,A,6,1,0,3,24.0,rent250,solar,cert50,3km,none,18.0,buy,grid,100audit,home,40pct,1355,0.0,7,,0,0,2.5,3.75,3.5,online
RESP_0329,K2,A,4,2,0,3,36.0,rent150,grid,cert50,home,40pct,30.0,buy,grid,100audit,1km,60pct,1355,200.0,7,,0,0,2.5,3.75,3.5,online
RESP_0329,K2,A,5,3,1,2,36.0,rent350,grid,none,3km,none,18.0,buy,solar,100audit,home,60pct,1355,100.0,9,3,0,0,2.5,3.75,3.5,online
RESP_0329,K2,A,1,4,0,3,30.0,rent350,solar,100audit,home,none,18.0,rent150,grid,cert50,1km,40pct,1355,200.0,5,,0,0,2.5,3.75,3.5,online
RESP_0329,K2,A,8,5,0,3,18.0,buy,solar,cert50,home,none,24.0,rent150,solar,100audit,1km,60pct,1355,200.0,8,,0,0,2.5,3.75,3.5,online
RESP_0329,K2,A,3,6,0,3,18.0,rent250,grid,100audit,1km,none,24.0,rent350,solar,none,3km,40pct,1355,100.0,5,2,0,0,2.5,3.75,3.5,online
RESP_0329,K2,A,2,7,0,3,24.0,buy,solar,none,3km,60pct,36.0,buy,solar,100audit,home,none,1355,0.0,8,,0,0,2.5,3.75,3.5,online
RESP_0329,K2,A,7,8,0,3,30.0,rent150,grid,none,1km,60pct,36.0,rent250,solar,cert50,3km,none,1355,100.0,7,,0,0,2.5,3.75,3.5,online
RESP_0330,K3,B,6,1,0,3,24.0,rent350,solar,100audit,1km,40pct,30.0,rent150,solar,cert50,home,none,760,200.0,8,,0,0,1.67,3.25,3.25,online
RESP_0330,K3,B,1,2,0,3,24.0,rent150,grid,100audit,home,none,30.0,buy,solar,none,3km,40pct,760,0.0,5,,0,0,1.67,3.25,3.25,online
RESP_0330,K3,B,5,3,0,3,36.0,buy,solar,none,home,60pct,18.0,rent150,grid,cert50,3km,none,760,0.0,5,3,0,0,1.67,3.25,3.25,online
RESP_0330,K3,B,2,4,0,1,18.0,buy,solar,cert50,1km,60pct,36.0,rent350,grid,100audit,home,none,760,200.0,8,,0,0,1.67,3.25,3.25,online
RESP_0330,K3,B,8,5,0,3,30.0,buy,grid,100audit,home,40pct,24.0,rent250,grid,cert50,3km,none,760,0.0,7,,0,0,1.67,3.25,3.25,online
RESP_0330,K3,B,4,6,0,3,30.0,rent250,grid,cert50,3km,40pct,24.0,rent350,solar,100audit,1km,none,760,100.0,5,2,0,0,1.67,3.25,3.25,online
RESP_0330,K3,B,3,7,1,1,18.0,buy,solar,100audit,home,60pct,36.0,rent350,grid,none,3km,none,760,100.0,10,,0,0,1.67,3.25,3.25,online
RESP_0330,K3,B,7,8,0,1,18.0,rent250,solar,none,3km,60pct,36.0,buy,grid,100audit,1km,none,760,100.0,8,,0,0,1.67,3.25,3.25,online
RESP_0331,K1,A,3,1,0,3,36.0,buy,solar,cert50,home,60pct,18.0,rent250,grid,none,3km,none,514,0.0,6,,0,0,2.67,3.0,2.5,online
RESP_0331,K1,A,6,2,0,2,18.0,rent150,grid,100audit,3km,none,36.0,rent250,solar,none,1km,60pct,514,100.0,10,,0,0,2.67,3.0,2.5,online
RESP_0331,K1,A,5,3,0,3,30.0,rent150,solar,none,1km,40pct,24.0,buy,solar,cert50,home,none,514,200.0,8,2,0,0,2.67,3.0,2.5,online
RESP_0331,K1,A,7,4,0,3,24.0,buy,grid,cert50,home,40pct,30.0,rent350,grid,100audit,3km,none,514,0.0,4,,0,0,2.67,3.0,2.5,online
RESP_0331,K1,A,2,5,0,2,18.0,rent350,grid,cert50,3km,40pct,24.0,rent150,solar,100audit,1km,none,514,200.0,10,,0,0,2.67,3.0,2.5,online
RESP_0331,K1,A,1,6,0,3,24.0,rent250,solar,none,1km,none,30.0,buy,grid,100audit,home,60pct,514,100.0,7,2,0,0,2.67,3.0,2.5,online
RESP_0331,K1,A,4,7,1,1,18.0,buy,solar,100audit,home,60pct,36.0,rent350,grid,none,3km,none,514,100.0,8,,0,0,2.67,3.0,2.5,online
RESP_0331,K1,A,8,8,0,3,36.0,rent250,solar,100audit,1km,60pct,18.0,buy,grid,none,home,none,514,200.0,8,,0,0,2.67,3.0,2.5,online
RESP_0332,K2,B,4,1,0,3,36.0,rent150,grid,cert50,home,40pct,30.0,buy,grid,100audit,1km,60pct,737,200.0,5,,0,0,3.17,3.0,3.25,online
RESP_0332,K2,B,1,2,0,2,30.0,rent350,solar,100audit,home,none,18.0,rent150,grid,cert50,1km,40pct,737,200.0,9,,0,0,3.17,3.0,3.25,online
RESP_0332,K2,B,2,3,0,3,24.0,buy,solar,none,3km,60pct,36.0,buy,solar,100audit,home,none,737,0.0,8,2,0,0,3.17,3.0,3.25,online
RESP_0332,K2,B,3,4,0,3,18.0,rent250,grid,100audit,1km,none,24.0,rent350,solar,none,3km,40pct,737,100.0,8,,0,0,3.17,3.0,3.25,online
RESP_0332,K2,B,8,5,0,3,18.0,buy,solar,cert50,home,none,24.0,rent150,solar,100audit,1km,60pct,737,200.0,4,,0,0,3.17,3.0,3.25,online
RESP_0332,K2,B,5,6,1,2,36.0,rent350,grid,none,3km,none,18.0,buy,solar,100audit,home,60pct,737,100.0,10,2,0,0,3.17,3.0,3.25,online
RESP_0332,K2,B,7,7,0,3,30.0,rent150,grid,none,1km,60pct,36.0,rent250,solar,cert50,3km,none,737,100.0,5,,0,0,3.17,3.0,3.25,online
RESP_0332,K2,B,6,8,0,3,24.0,rent250,solar,cert50,3km,none,18.0,buy,grid,100audit,home,40pct,737,0.0,8,,0,0,3.17,3.0,3.25,online
RESP_0333,K3,A,8,1,0,1,30.0,buy,grid,100audit,home,40pct,24.0,rent250,grid,cert50,3km,none,581,0.0,9,,0,0,2.83,4.5,3.0,online
RESP_0333,K3,A,7,2,0,3,18.0,rent250,solar,none,3km,60pct,36.0,buy,grid,100audit,1km,none,581,100.0,4,,0,0,2.83,4.5,3.0,online
RESP_0333,K3,A,3,3,1,1,18.0,buy,solar,100audit,home,60pct,36.0,rent350,grid,none,3km,none,581,100.0,7,1,0,0,2.83,4.5,3.0,online
RESP_0333,K3,A,1,4,0,1,24.0,rent150,grid,100audit,home,none,30.0,buy,solar,none,3km,40pct,581,0.0,10,,0,0,2.83,4.5,3.0,online
RESP_0333,K3,A,5,5,0,3,36.0,buy,solar,none,home,60pct,18.0,rent150,grid,cert50,3km,none,581,0.0,7,,0,0,2.83,4.5,3.0,online
RESP_0333,K3,A,2,6,0,1,18.0,buy,solar,cert50,1km,60pct,36.0,rent350,grid,100audit,home,none,581,200.0,10,2,0,0,2.83,4.5,3.0,online
RESP_0333,K3,A,4,7,0,2,30.0,rent250,grid,cert50,3km,40pct,24.0,rent350,solar,100audit,1km,none,581,100.0,8,,0,0,2.83,4.5,3.0,online
RESP_0333,K3,A,6,8,0,3,24.0,rent350,solar,100audit,1km,40pct,30.0,rent150,solar,cert50,home,none,581,200.0,6,,0,0,2.83,4.5,3.0,online
RESP_0334,K1,B,3,1,0,3,36.0,buy,solar,cert50,home,60pct,18.0,rent250,grid,none,3km,none,1070,0.0,7,,0,0,2.5,3.75,3.0,online
RESP_0334,K1,B,7,2,0,2,24.0,buy,grid,cert50,home,40pct,30.0,rent350,grid,100audit,3km,none,1070,0.0,6,,0,0,2.5,3.75,3.0,online
RESP_0334,K1,B,2,3,0,3,18.0,rent350,grid,cert50,3km,40pct,24.0,rent150,solar,100audit,1km,none,1070,200.0,7,3,0,0,2.5,3.75,3.0,online
RESP_0334,K1,B,1,4,0,3,24.0,rent250,solar,none,1km,none,30.0,buy,grid,100audit,home,60pct,1070,100.0,7,,0,0,2.5,3.75,3.0,online
RESP_0334,K1,B,8,5,0,3,36.0,rent250,solar,100audit,1km,60pct,18.0,buy,grid,none,home,none,1070,200.0,4,,0,0,2.5,3.75,3.0,online
RESP_0334,K1,B,5,6,0,1,30.0,rent150,solar,none,1km,40pct,24.0,buy,solar,cert50,home,none,1070,200.0,9,1,0,0,2.5,3.75,3.0,online
RESP_0334,K1,B,6,7,0,3,18.0,rent150,grid,100audit,3km,none,36.0,rent250,solar,none,1km,60pct,1070,100.0,4,,0,0,2.5,3.75,3.0,online
RESP_0334,K1,B,4,8,1,1,18.0,buy,solar,100audit,home,60pct,36.0,rent350,grid,none,3km,none,1070,100.0,8,,0,0,2.5,3.75,3.0,online
RESP_0335,K2,A,7,1,0,3,30.0,rent150,grid,none,1km,60pct,36.0,rent250,solar,cert50,3km,none,599,100.0,6,,0,0,3.17,3.5,3.0,online
RESP_0335,K2,A,2,2,0,3,24.0,buy,solar,none,3km,60pct,36.0,buy,solar,100audit,home,none,599,0.0,5,,0,0,3.17,3.5,3.0,online
RESP_0335,K2,A,1,3,0,2,30.0,rent350,solar,100audit,home,none,18.0,rent150,grid,cert50,1km,40pct,599,200.0,9,1,0,0,3.17,3.5,3.0,online
RESP_0335,K2,A,3,4,0,3,18.0,rent250,grid,100audit,1km,none,24.0,rent350,solar,none,3km,40pct,599,100.0,6,,0,0,3.17,3.5,3.0,online
RESP_0335,K2,A,5,5,1,2,36.0,rent350,grid,none,3km,none,18.0,buy,solar,100audit,home,60pct,599,100.0,9,,0,0,3.17,3.5,3.0,online
RESP_0335,K2,A,8,6,0,3,18.0,buy,solar,cert50,home,none,24.0,rent150,solar,100audit,1km,60pct,599,200.0,8,1,0,0,3.17,3.5,3.0,online
RESP_0335,K2,A,6,7,0,3,24.0,rent250,solar,cert50,3km,none,18.0,buy,grid,100audit,home,40pct,599,0.0,8,,0,0,3.17,3.5,3.0,online
RESP_0335,K2,A,4,8,0,3,36.0,rent150,grid,cert50,home,40pct,30.0,buy,grid,100audit,1km,60pct,599,200.0,5,,0,0,3.17,3.5,3.0,online
RESP_0336,K3,B,6,1,0,3,24.0,rent350,solar,100audit,1km,40pct,30.0,rent150,solar,cert50,home,none,982,200.0,5,,0,0,1.5,2.5,2.75,online
RESP_0336,K3,B,4,2,0,3,30.0,rent250,grid,cert50,3km,40pct,24.0,rent350,solar,100audit,1km,none,982,100.0,5,,0,0,1.5,2.5,2.75,online
RESP_0336,K3,B,5,3,0,1,36.0,buy,solar,none,home,60pct,18.0,rent150,grid,cert50,3km,none,982,0.0,7,1,0,0,1.5,2.5,2.75,online
RESP_0336,K3,B,7,4,0,2,18.0,rent250,solar,none,3km,60pct,36.0,buy,grid,100audit,1km,none,982,100.0,7,,0,0,1.5,2.5,2.75,online
RESP_0336,K3,B,8,5,0,3,30.0,buy,grid,100audit,home,40pct,24.0,rent250,grid,cert50,3km,none,982,0.0,8,,0,0,1.5,2.5,2.75,online
RESP_0336,K3,B,1,6,0,3,24.0,rent150,grid,100audit,home,none,30.0,buy,solar,none,3km,40pct,982,0.0,5,2,0,0,1.5,2.5,2.75,online
RESP_0336,K3,B,3,7,1,1,18.0,buy,solar,100audit,home,60pct,36.0,rent350,grid,none,3km,none,982,100.0,9,,0,0,1.5,2.5,2.75,online
RESP_0336,K3,B,2,8,0,3,18.0,buy,solar,cert50,1km,60pct,36.0,rent350,grid,100audit,home,none,982,200.0,5,,0,0,1.5,2.5,2.75,online
RESP_0337,K1,A,1,1,0,3,24.0,rent250,solar,none,1km,none,30.0,buy,grid,100audit,home,60pct,1470,100.0,6,,0,0,3.0,2.75,2.5,online
RESP_0337,K1,A,4,2,1,1,18.0,buy,solar,100audit,home,60pct,36.0,rent350,grid,none,3km,none,1470,100.0,7,,0,0,3.0,2.75,2.5,online
RESP_0337,K1,A,8,3,0,3,36.0,rent250,solar,100audit,1km,60pct,18.0,buy,grid,none,home,none,1470,200.0,8,2,0,0,3.0,2.75,2.5,online
RESP_0337,K1,A,7,4,0,3,24.0,buy,grid,cert50,home,40pct,30.0,rent350,grid,100audit,3km,none,1470,0.0,8,,0,0,3.0,2.75,2.5,online
RESP_0337,K1,A,2,5,0,3,18.0,rent350,grid,cert50,3km,40pct,24.0,rent150,solar,100audit,1km,none,1470,200.0,6,,0,0,3.0,2.75,2.5,online
RESP_0337,K1,A,5,6,0,3,30.0,rent150,solar,none,1km,40pct,24.0,buy,solar,cert50,home,none,1470,200.0,4,3,0,0,3.0,2.75,2.5,online
RESP_0337,K1,A,6,7,0,3,18.0,rent150,grid,100audit,3km,none,36.0,rent250,solar,none,1km,60pct,1470,100.0,7,,0,0,3.0,2.75,2.5,online
RESP_0337,K1,A,3,8,0,3,36.0,buy,solar,cert50,home,60pct,18.0,rent250,grid,none,3km,none,1470,0.0,5,,0,0,3.0,2.75,2.5,online
RESP_0338,K2,B,4,1,0,3,36.0,rent150,grid,cert50,home,40pct,30.0,buy,grid,100audit,1km,60pct,1184,200.0,5,,0,0,2.83,1.75,3.0,online
RESP_0338,K2,B,8,2,0,1,18.0,buy,solar,cert50,home,none,24.0,rent150,solar,100audit,1km,60pct,1184,200.0,9,,0,0,2.83,1.75,3.0,online
RESP_0338,K2,B,7,3,0,3,30.0,rent150,grid,none,1km,60pct,36.0,rent250,solar,cert50,3km,none,1184,100.0,7,3,0,0,2.83,1.75,3.0,online
RESP_0338,K2,B,2,4,0,1,24.0,buy,solar,none,3km,60pct,36.0,buy,solar,100audit,home,none,1184,0.0,10,,0,0,2.83,1.75,3.0,online
RESP_0338,K2,B,3,5,0,2,18.0,rent250,grid,100audit,1km,none,24.0,rent350,solar,none,3km,40pct,1184,100.0,9,,0,0,2.83,1.75,3.0,online
RESP_0338,K2,B,6,6,0,1,24.0,rent250,solar,cert50,3km,none,18.0,buy,grid,100audit,home,40pct,1184,0.0,6,3,0,0,2.83,1.75,3.0,online
RESP_0338,K2,B,5,7,1,2,36.0,rent350,grid,none,3km,none,18.0,buy,solar,100audit,home,60pct,1184,100.0,7,,0,0,2.83,1.75,3.0,online
RESP_0338,K2,B,1,8,0,2,30.0,rent350,solar,100audit,home,none,18.0,rent150,grid,cert50,1km,40pct,1184,200.0,6,,0,0,2.83,1.75,3.0,online
RESP_0339,K3,A,5,1,0,2,36.0,buy,solar,none,home,60pct,18.0,rent150,grid,cert50,3km,none,822,0.0,7,,0,0,3.17,3.5,4.0,online
RESP_0339,K3,A,7,2,0,3,18.0,rent250,solar,none,3km,60pct,36.0,buy,grid,100audit,1km,none,822,100.0,4,,0,0,3.17,3.5,4.0,online
RESP_0339,K3,A,6,3,0,3,24.0,rent350,solar,100audit,1km,40pct,30.0,rent150,solar,cert50,home,none,822,200.0,6,1,0,0,3.17,3.5,4.0,online
RESP_0339,K3,A,8,4,0,3,30.0,buy,grid,100audit,home,40pct,24.0,rent250,grid,cert50,3km,none,822,0.0,4,,0,0,3.17,3.5,4.0,online
RESP_0339,K3,A,2,5,0,1,18.0,buy,solar,cert50,1km,60pct,36.0,rent350,grid,100audit,home,none,822,200.0,10,,0,0,3.17,3.5,4.0,online
RESP_0339,K3,A,4,6,0,3,30.0,rent250,grid,cert50,3km,40pct,24.0,rent350,solar,100audit,1km,none,822,100.0,4,3,0,0,3.17,3.5,4.0,online
RESP_0339,K3,A,1,7,0,1,24.0,rent150,grid,100audit,home,none,30.0,buy,solar,none,3km,40pct,822,0.0,10,,0,0,3.17,3.5,4.0,online
RESP_0339,K3,A,3,8,1,1,18.0,buy,solar,100audit,home,60pct,36.0,rent350,grid,none,3km,none,822,100.0,10,,0,0,3.17,3.5,4.0,online
RESP_0340,K1,B,8,1,0,3,36.0,rent250,solar,100audit,1km,60pct,18.0,buy,grid,none,home,none,407,200.0,5,,0,0,1.83,1.75,3.0,online
RESP_0340,K1,B,1,2,0,3,24.0,rent250,solar,none,1km,none,30.0,buy,grid,100audit,home,60pct,407,100.0,8,,0,0,1.83,1.75,3.0,online
RESP_0340,K1,B,2,3,0,1,18.0,rent350,grid,cert50,3km,40pct,24.0,rent150,solar,100audit,1km,none,407,200.0,9,3,0,0,1.83,1.75,3.0,online
RESP_0340,K1,B,5,4,0,1,30.0,rent150,solar,none,1km,40pct,24.0,buy,solar,cert50,home,none,407,200.0,8,,0,0,1.83,1.75,3.0,online
RESP_0340,K1,B,4,5,1,1,18.0,buy,solar,100audit,home,60pct,36.0,rent350,grid,none,3km,none,407,100.0,6,,0,0,1.83,1.75,3.0,online
RESP_0340,K1,B,7,6,0,3,24.0,buy,grid,cert50,home,40pct,30.0,rent350,grid,100audit,3km,none,407,0.0,4,3,0,0,1.83,1.75,3.0,online
RESP_0340,K1,B,6,7,0,3,18.0,rent150,grid,100audit,3km,none,36.0,rent250,solar,none,1km,60pct,407,100.0,6,,0,0,1.83,1.75,3.0,online
RESP_0340,K1,B,3,8,0,3,36.0,buy,solar,cert50,home,60pct,18.0,rent250,grid,none,3km,none,407,0.0,4,,0,0,1.83,1.75,3.0,online
RESP_0341,K2,A,3,1,0,1,18.0,rent250,grid,100audit,1km,none,24.0,rent350,solar,none,3km,40pct,682,100.0,10,,0,0,2.5,2.5,3.25,online
RESP_0341,K2,A,8,2,0,1,18.0,buy,solar,cert50,home,none,24.0,rent150,solar,100audit,1km,60pct,682,200.0,9,,0,0,2.5,2.5,3.25,online
RESP_0341,K2,A,5,3,1,2,36.0,rent350,grid,none,3km,none,18.0,buy,solar,100audit,home,60pct,682,100.0,6,2,0,0,2.5,2.5,3.25,online
RESP_0341,K2,A,7,4,0,3,30.0,rent150,grid,none,1km,60pct,36.0,rent250,solar,cert50,3km,none,682,100.0,7,,0,0,2.5,2.5,3.25,online
RESP_0341,K2,A,1,5,0,3,30.0,rent350,solar,100audit,home,none,18.0,rent150,grid,cert50,1km,40pct,682,200.0,6,,0,0,2.5,2.5,3.25,online
RESP_0341,K2,A,2,6,0,3,24.0,buy,solar,none,3km,60pct,36.0,buy,solar,100audit,home,none,682,0.0,7,3,0,0,2.5,2.5,3.25,online
RESP_0341,K2,A,6,7,0,2,24.0,rent250,solar,cert50,3km,none,18.0,buy,grid,100audit,home,40pct,682,0.0,7,,0,0,2.5,2.5,3.25,online
RESP_0341,K2,A,4,8,0,3,36.0,rent150,grid,cert50,home,40pct,30.0,buy,grid,100audit,1km,60pct,682,200.0,5,,0,0,2.5,2.5,3.25,online
RESP_0342,K3,B,8,1,0,3,30.0,buy,grid,100audit,home,40pct,24.0,rent250,grid,cert50,3km,none,1321,0.0,4,,0,0,2.5,2.75,2.75,online
RESP_0342,K3,B,1,2,0,3,24.0,rent150,grid,100audit,home,none,30.0,buy,solar,none,3km,40pct,1321,0.0,6,,0,0,2.5,2.75,2.75,online
RESP_0342,K3,B,5,3,0,3,36.0,buy,solar,none,home,60pct,18.0,rent150,grid,cert50,3km,none,1321,0.0,7,1,0,0,2.5,2.75,2.75,online
RESP_0342,K3,B,2,4,0,3,18.0,buy,solar,cert50,1km,60pct,36.0,rent350,grid,100audit,home,none,1321,200.0,7,,0,0,2.5,2.75,2.75,online
RESP_0342,K3,B,3,5,1,1,18.0,buy,solar,100audit,home,60pct,36.0,rent350,grid,none,3km,none,1321,100.0,6,,0,0,2.5,2.75,2.75,online
RESP_0342,K3,B,4,6,0,2,30.0,rent250,grid,cert50,3km,40pct,24.0,rent350,solar,100audit,1km,none,1321,100.0,10,2,0,0,2.5,2.75,2.75,online
RESP_0342,K3,B,7,7,0,1,18.0,rent250,solar,none,3km,60pct,36.0,buy,grid,100audit,1km,none,1321,100.0,8,,0,0,2.5,2.75,2.75,online
RESP_0342,K3,B,6,8,0,1,24.0,rent350,solar,100audit,1km,40pct,30.0,rent150,solar,cert50,home,none,1321,200.0,7,,0,0,2.5,2.75,2.75,online
RESP_0343,K1,A,2,1,0,3,18.0,rent350,grid,cert50,3km,40pct,24.0,rent150,solar,100audit,1km,none,846,200.0,7,,0,0,2.17,2.75,3.5,online
RESP_0343,K1,A,7,2,0,3,24.0,buy,grid,cert50,home,40pct,30.0,rent350,grid,100audit,3km,none,846,0.0,4,,0,0,2.17,2.75,3.5,online
RESP_0343,K1,A,1,3,0,3,24.0,rent250,solar,none,1km,none,30.0,buy,grid,100audit,home,60pct,846,100.0,4,1,0,0,2.17,2.75,3.5,online
RESP_0343,K1,A,5,4,0,1,30.0,rent150,solar,none,1km,40pct,24.0,buy,solar,cert50,home,none,846,200.0,10,,0,0,2.17,2.75,3.5,online
RESP_0343,K1,A,4,5,1,1,18.0,buy,solar,100audit,home,60pct,36.0,rent350,grid,none,3km,none,846,100.0,10,,0,0,2.17,2.75,3.5,online
RESP_0343,K1,A,3,6,0,3,36.0,buy,solar,cert50,home,60pct,18.0,rent250,grid,none,3km,none,846,0.0,8,1,0,0,2.17,2.75,3.5,online
RESP_0343,K1,A,6,7,0,2,18.0,rent150,grid,100audit,3km,none,36.0,rent250,solar,none,1km,60pct,846,100.0,9,,0,0,2.17,2.75,3.5,online
RESP_0343,K1,A,8,8,0,2,36.0,rent250,solar,100audit,1km,60pct,18.0,buy,grid,none,home,none,846,200.0,8,,0,0,2.17,2.75,3.5,online
RESP_0344,K2,B,3,1,0,1,18.0,rent250,grid,100audit,1km,none,24.0,rent350,solar,none,3km,40pct,584,100.0,9,,0,0,2.5,2.5,2.25,online
RESP_0344,K2,B,2,2,0,1,24.0,buy,solar,none,3km,60pct,36.0,buy,solar,100audit,home,none,584,0.0,10,,0,0,2.5,2.5,2.25,online
RESP_0344,K2,B,8,3,0,3,18.0,buy,solar,cert50,home,none,24.0,rent150,solar,100audit,1km,60pct,584,200.0,4,2,0,0,2.5,2.5,2.25,online
RESP_0344,K2,B,7,4,0,3,30.0,rent150,grid,none,1km,60pct,36.0,rent250,solar,cert50,3km,none,584,100.0,5,,0,0,2.5,2.5,2.25,online
RESP_0344,K2,B,4,5,0,3,36.0,rent150,grid,cert50,home,40pct,30.0,buy,grid,100audit,1km,60pct,584,200.0,7,,0,0,2.5,2.5,2.25,online
RESP_0344,K2,B,6,6,0,1,24.0,rent250,solar,cert50,3km,none,18.0,buy,grid,100audit,home,40pct,584,0.0,9,1,0,0,2.5,2.5,2.25,online
RESP_0344,K2,B,5,7,1,2,36.0,rent350,grid,none,3km,none,18.0,buy,solar,100audit,home,60pct,584,100.0,7,,0,0,2.5,2.5,2.25,online
RESP_0344,K2,B,1,8,0,3,30.0,rent350,solar,100audit,home,none,18.0,rent150,grid,cert50,1km,40pct,584,200.0,7,,0,0,2.5,2.5,2.25,online
RESP_0345,K3,A,6,1,0,3,24.0,rent350,solar,100audit,1km,40pct,30.0,rent150,solar,cert50,home,none,1133,200.0,6,,0,0,2.33,3.5,2.5,online
RESP_0345,K3,A,4,2,0,3,30.0,rent250,grid,cert50,3km,40pct,24.0,rent350,solar,100audit,1km,none,1133,100.0,8,,0,0,2.33,3.5,2.5,online
RESP_0345,K3,A,5,3,0,3,36.0,buy,solar,none,home,60pct,18.0,rent150,grid,cert50,3km,none,1133,0.0,5,1,0,0,2.33,3.5,2.5,online
RESP_0345,K3,A,3,4,1,1,18.0,buy,solar,100audit,home,60pct,36.0,rent350,grid,none,3km,none,1133,100.0,10,,0,0,2.33,3.5,2.5,online
RESP_0345,K3,A,8,5,0,3,30.0,buy,grid,100audit,home,40pct,24.0,rent250,grid,cert50,3km,none,1133,0.0,5,,0,0,2.33,3.5,2.5,online
RESP_0345,K3,A,7,6,0,3,18.0,rent250,solar,none,3km,60pct,36.0,buy,grid,100audit,1km,none,1133,100.0,5,2,0,0,2.33,3.5,2.5,online
RESP_0345,K3,A,1,7,0,3,24.0,rent150,grid,100audit,home,none,30.0,buy,solar,none,3km,40pct,1133,0.0,5,,0,0,2.33,3.5,2.5,online
RESP_0345,K3,A,2,8,0,1,18.0,buy,solar,cert50,1km,60pct,36.0,rent350,grid,100audit,home,none,1133,200.0,10,,0,0,2.33,3.5,2.5,online
RESP_0346,K1,B,5,1,0,2,30.0,rent150,solar,none,1km,40pct,24.0,buy,solar,cert50,home,none,1436,200.0,8,,0,0,3.33,4.0,3.25,online
RESP_0346,K1,B,4,2,1,1,18.0,buy,solar,100audit,home,60pct,36.0,rent350,grid,none,3km,none,1436,100.0,7,,0,0,3.33,4.0,3.25,online
RESP_0346,K1,B,7,3,0,3,24.0,buy,grid,cert50,home,40pct,30.0,rent350,grid,100audit,3km,none,1436,0.0,4,3,0,0,3.33,4.0,3.25,online
RESP_0346,K1,B,1,4,0,3,24.0,rent250,solar,none,1km,none,30.0,buy,grid,100audit,home,60pct,1436,100.0,4,,0,0,3.33,4.0,3.25,online
RESP_0346,K1,B,6,5,0,3,18.0,rent150,grid,100audit,3km,none,36.0,rent250,solar,none,1km,60pct,1436,100.0,4,,0,0,3.33,4.0,3.25,online
RESP_0346,K1,B,2,6,0,3,18.0,rent350,grid,cert50,3km,40pct,24.0,rent150,solar,100audit,1km,none,1436,200.0,8,1,0,0,3.33,4.0,3.25,online
RESP_0346,K1,B,3,7,0,3,36.0,buy,solar,cert50,home,60pct,18.0,rent250,grid,none,3km,none,1436,0.0,8,,0,0,3.33,4.0,3.25,online
RESP_0346,K1,B,8,8,0,3,36.0,rent250,solar,100audit,1km,60pct,18.0,buy,grid,none,home,none,1436,200.0,4,,0,0,3.33,4.0,3.25,online
RESP_0347,K2,A,2,1,0,3,24.0,buy,solar,none,3km,60pct,36.0,buy,solar,100audit,home,none,1102,0.0,5,,0,0,4.17,3.5,3.5,online
RESP_0347,K2,A,1,2,0,3,30.0,rent350,solar,100audit,home,none,18.0,rent150,grid,cert50,1km,40pct,1102,200.0,4,,0,0,4.17,3.5,3.5,online
RESP_0347,K2,A,6,3,0,3,24.0,rent250,solar,cert50,3km,none,18.0,buy,grid,100audit,home,40pct,1102,0.0,8,2,0,0,4.17,3.5,3.5,online
RESP_0347,K2,A,4,4,0,3,36.0,rent150,grid,cert50,home,40pct,30.0,buy,grid,100audit,1km,60pct,1102,200.0,5,,0,0,4.17,3.5,3.5,online
RESP_0347,K2,A,7,5,0,3,30.0,rent150,grid,none,1km,60pct,36.0,rent250,solar,cert50,3km,none,1102,100.0,8,,0,0,4.17,3.5,3.5,online
RESP_0347,K2,A,5,6,1,2,36.0,rent350,grid,none,3km,none,18.0,buy,solar,100audit,home,60pct,1102,100.0,10,2,0,0,4.17,3.5,3.5,online
RESP_0347,K2,A,8,7,0,1,18.0,buy,solar,cert50,home,none,24.0,rent150,solar,100audit,1km,60pct,1102,200.0,8,,0,0,4.17,3.5,3.5,online
RESP_0347,K2,A,3,8,0,3,18.0,rent250,grid,100audit,1km,none,24.0,rent350,solar,none,3km,40pct,1102,100.0,7,,0,0,4.17,3.5,3.5,online
RESP_0348,K3,B,4,1,0,3,30.0,rent250,grid,cert50,3km,40pct,24.0,rent350,solar,100audit,1km,none,526,100.0,6,,0,0,2.83,3.5,3.0,online
RESP_0348,K3,B,7,2,0,3,18.0,rent250,solar,none,3km,60pct,36.0,buy,grid,100audit,1km,none,526,100.0,5,,0,0,2.83,3.5,3.0,online
RESP_0348,K3,B,6,3,0,3,24.0,rent350,solar,100audit,1km,40pct,30.0,rent150,solar,cert50,home,none,526,200.0,5,1,0,0,2.83,3.5,3.0,online
RESP_0348,K3,B,8,4,0,3,30.0,buy,grid,100audit,home,40pct,24.0,rent250,grid,cert50,3km,none,526,0.0,6,,0,0,2.83,3.5,3.0,online
RESP_0348,K3,B,5,5,0,1,36.0,buy,solar,none,home,60pct,18.0,rent150,grid,cert50,3km,none,526,0.0,8,,0,0,2.83,3.5,3.0,online
RESP_0348,K3,B,2,6,0,3,18.0,buy,solar,cert50,1km,60pct,36.0,rent350,grid,100audit,home,none,526,200.0,7,3,0,0,2.83,3.5,3.0,online
RESP_0348,K3,B,3,7,1,1,18.0,buy,solar,100audit,home,60pct,36.0,rent350,grid,none,3km,none,526,100.0,8,,0,0,2.83,3.5,3.0,online
RESP_0348,K3,B,1,8,0,3,24.0,rent150,grid,100audit,home,none,30.0,buy,solar,none,3km,40pct,526,0.0,6,,0,0,2.83,3.5,3.0,online
RESP_0349,K1,A,6,1,0,3,18.0,rent150,grid,100audit,3km,none,36.0,rent250,solar,none,1km,60pct,539,100.0,6,,0,0,3.5,3.0,3.25,online
RESP_0349,K1,A,2,2,0,1,18.0,rent350,grid,cert50,3km,40pct,24.0,rent150,solar,100audit,1km,none,539,200.0,7,,0,0,3.5,3.0,3.25,online
RESP_0349,K1,A,3,3,0,3,36.0,buy,solar,cert50,home,60pct,18.0,rent250,grid,none,3km,none,539,0.0,4,3,0,0,3.5,3.0,3.25,online
RESP_0349,K1,A,5,4,0,3,30.0,rent150,solar,none,1km,40pct,24.0,buy,solar,cert50,home,none,539,200.0,8,,0,0,3.5,3.0,3.25,online
RESP_0349,K1,A,7,5,0,3,24.0,buy,grid,cert50,home,40pct,30.0,rent350,grid,100audit,3km,none,539,0.0,5,,0,0,3.5,3.0,3.25,online
RESP_0349,K1,A,4,6,1,1,18.0,buy,solar,100audit,home,60pct,36.0,rent350,grid,none,3km,none,539,100.0,7,1,0,0,3.5,3.0,3.25,online
RESP_0349,K1,A,8,7,0,3,36.0,rent250,solar,100audit,1km,60pct,18.0,buy,grid,none,home,none,539,200.0,7,,0,0,3.5,3.0,3.25,online
RESP_0349,K1,A,1,8,0,1,24.0,rent250,solar,none,1km,none,30.0,buy,grid,100audit,home,60pct,539,100.0,9,,0,0,3.5,3.0,3.25,online
RESP_0350,K2,B,2,1,0,3,24.0,buy,solar,none,3km,60pct,36.0,buy,solar,100audit,home,none,389,0.0,6,,0,0,1.83,1.75,3.0,online
RESP_0350,K2,B,8,2,0,1,18.0,buy,solar,cert50,home,none,24.0,rent150,solar,100audit,1km,60pct,389,200.0,6,,0,0,1.83,1.75,3.0,online
RESP_0350,K2,B,1,3,0,3,30.0,rent350,solar,100audit,home,none,18.0,rent150,grid,cert50,1km,40pct,389,200.0,7,2,0,0,1.83,1.75,3.0,online
RESP_0350,K2,B,5,4,1,2,36.0,rent350,grid,none,3km,none,18.0,buy,solar,100audit,home,60pct,389,100.0,8,,0,0,1.83,1.75,3.0,online
RESP_0350,K2,B,3,5,0,3,18.0,rent250,grid,100audit,1km,none,24.0,rent350,solar,none,3km,40pct,389,100.0,4,,0,0,1.83,1.75,3.0,online
RESP_0350,K2,B,7,6,0,3,30.0,rent150,grid,none,1km,60pct,36.0,rent250,solar,cert50,3km,none,389,100.0,4,1,0,0,1.83,1.75,3.0,online
RESP_0350,K2,B,4,7,0,2,36.0,rent150,grid,cert50,home,40pct,30.0,buy,grid,100audit,1km,60pct,389,200.0,6,,0,0,1.83,1.75,3.0,online
RESP_0350,K2,B,6,8,0,2,24.0,rent250,solar,cert50,3km,none,18.0,buy,grid,100audit,home,40pct,389,0.0,9,,0,0,1.83,1.75,3.0,online
RESP_0351,K3,A,7,1,0,3,18.0,rent250,solar,none,3km,60pct,36.0,buy,grid,100audit,1km,none,1210,100.0,5,,0,0,2.83,3.5,3.75,online
RESP_0351,K3,A,2,2,0,1,18.0,buy,solar,cert50,1km,60pct,36.0,rent350,grid,100audit,home,none,1210,200.0,6,,0,0,2.83,3.5,3.75,online
RESP_0351,K3,A,6,3,0,3,24.0,rent350,solar,100audit,1km,40pct,30.0,rent150,solar,cert50,home,none,1210,200.0,4,2,0,0,2.83,3.5,3.75,online
RESP_0351,K3,A,8,4,0,3,30.0,buy,grid,100audit,home,40pct,24.0,rent250,grid,cert50,3km,none,1210,0.0,6,,0,0,2.83,3.5,3.75,online
RESP_0351,K3,A,1,5,0,3,24.0,rent150,grid,100audit,home,none,30.0,buy,solar,none,3km,40pct,1210,0.0,8,,0,0,2.83,3.5,3.75,online
RESP_0351,K3,A,4,6,0,3,30.0,rent250,grid,cert50,3km,40pct,24.0,rent350,solar,100audit,1km,none,1210,100.0,6,1,0,0,2.83,3.5,3.75,online
RESP_0351,K3,A,5,7,0,3,36.0,buy,solar,none,home,60pct,18.0,rent150,grid,cert50,3km,none,1210,0.0,7,,0,0,2.83,3.5,3.75,online
RESP_0351,K3,A,3,8,1,1,18.0,buy,solar,100audit,home,60pct,36.0,rent350,grid,none,3km,none,1210,100.0,10,,0,0,2.83,3.5,3.75,online
RESP_0352,K1,B,6,1,0,3,18.0,rent150,grid,100audit,3km,none,36.0,rent250,solar,none,1km,60pct,1438,100.0,6,,0,0,3.0,4.5,3.5,online
RESP_0352,K1,B,1,2,0,3,24.0,rent250,solar,none,1km,none,30.0,buy,grid,100audit,home,60pct,1438,100.0,7,,0,0,3.0,4.5,3.5,online
RESP_0352,K1,B,3,3,0,2,36.0,buy,solar,cert50,home,60pct,18.0,rent250,grid,none,3km,none,1438,0.0,10,2,0,0,3.0,4.5,3.5,online
RESP_0352,K1,B,5,4,0,1,30.0,rent150,solar,none,1km,40pct,24.0,buy,solar,cert50,home,none,1438,200.0,10,,0,0,3.0,4.5,3.5,online
RESP_0352,K1,B,8,5,0,3,36.0,rent250,solar,100audit,1km,60pct,18.0,buy,grid,none,home,none,1438,200.0,4,,0,0,3.0,4.5,3.5,online
RESP_0352,K1,B,7,6,0,3,24.0,buy,grid,cert50,home,40pct,30.0,rent350,grid,100audit,3km,none,1438,0.0,7,1,0,0,3.0,4.5,3.5,online
RESP_0352,K1,B,2,7,0,3,18.0,rent350,grid,cert50,3km,40pct,24.0,rent150,solar,100audit,1km,none,1438,200.0,5,,0,0,3.0,4.5,3.5,online
RESP_0352,K1,B,4,8,1,1,18.0,buy,solar,100audit,home,60pct,36.0,rent350,grid,none,3km,none,1438,100.0,10,,0,0,3.0,4.5,3.5,online
RESP_0353,K2,A,1,1,0,3,30.0,rent350,solar,100audit,home,none,18.0,rent150,grid,cert50,1km,40pct,1302,200.0,8,,0,0,2.33,4.5,2.5,online
RESP_0353,K2,A,3,2,0,3,18.0,rent250,grid,100audit,1km,none,24.0,rent350,solar,none,3km,40pct,1302,100.0,5,,0,0,2.33,4.5,2.5,online
RESP_0353,K2,A,5,3,1,2,36.0,rent350,grid,none,3km,none,18.0,buy,solar,100audit,home,60pct,1302,100.0,7,1,0,0,2.33,4.5,2.5,online
RESP_0353,K2,A,8,4,0,3,18.0,buy,solar,cert50,home,none,24.0,rent150,solar,100audit,1km,60pct,1302,200.0,5,,0,0,2.33,4.5,2.5,online
RESP_0353,K2,A,4,5,0,3,36.0,rent150,grid,cert50,home,40pct,30.0,buy,grid,100audit,1km,60pct,1302,200.0,8,,0,0,2.33,4.5,2.5,online
RESP_0353,K2,A,2,6,0,3,24.0,buy,solar,none,3km,60pct,36.0,buy,solar,100audit,home,none,1302,0.0,7,2,0,0,2.33,4.5,2.5,online
RESP_0353,K2,A,6,7,0,3,24.0,rent250,solar,cert50,3km,none,18.0,buy,grid,100audit,home,40pct,1302,0.0,6,,0,0,2.33,4.5,2.5,online
RESP_0353,K2,A,7,8,0,2,30.0,rent150,grid,none,1km,60pct,36.0,rent250,solar,cert50,3km,none,1302,100.0,9,,0,0,2.33,4.5,2.5,online
RESP_0354,K3,B,6,1,0,3,24.0,rent350,solar,100audit,1km,40pct,30.0,rent150,solar,cert50,home,none,259,200.0,6,,0,0,2.33,3.75,3.25,online
RESP_0354,K3,B,5,2,0,3,36.0,buy,solar,none,home,60pct,18.0,rent150,grid,cert50,3km,none,259,0.0,8,,0,0,2.33,3.75,3.25,online
RESP_0354,K3,B,8,3,0,3,30.0,buy,grid,100audit,home,40pct,24.0,rent250,grid,cert50,3km,none,259,0.0,4,2,0,0,2.33,3.75,3.25,online
RESP_0354,K3,B,7,4,0,3,18.0,rent250,solar,none,3km,60pct,36.0,buy,grid,100audit,1km,none,259,100.0,5,,0,0,2.33,3.75,3.25,online
RESP_0354,K3,B,4,5,0,3,30.0,rent250,grid,cert50,3km,40pct,24.0,rent350,solar,100audit,1km,none,259,100.0,6,,0,0,2.33,3.75,3.25,online
RESP_0354,K3,B,3,6,1,1,18.0,buy,solar,100audit,home,60pct,36.0,rent350,grid,none,3km,none,259,100.0,6,3,0,0,2.33,3.75,3.25,online
RESP_0354,K3,B,2,7,0,1,18.0,buy,solar,cert50,1km,60pct,36.0,rent350,grid,100audit,home,none,259,200.0,9,,0,0,2.33,3.75,3.25,online
RESP_0354,K3,B,1,8,0,3,24.0,rent150,grid,100audit,home,none,30.0,buy,solar,none,3km,40pct,259,0.0,6,,0,0,2.33,3.75,3.25,online
RESP_0355,K1,A,1,1,0,3,24.0,rent250,solar,none,1km,none,30.0,buy,grid,100audit,home,60pct,912,100.0,4,,0,0,2.83,3.5,2.5,online
RESP_0355,K1,A,3,2,0,3,36.0,buy,solar,cert50,home,60pct,18.0,rent250,grid,none,3km,none,912,0.0,5,,0,0,2.83,3.5,2.5,online
RESP_0355,K1,A,8,3,0,3,36.0,rent250,solar,100audit,1km,60pct,18.0,buy,grid,none,home,none,912,200.0,4,2,0,0,2.83,3.5,2.5,online
RESP_0355,K1,A,5,4,0,3,30.0,rent150,solar,none,1km,40pct,24.0,buy,solar,cert50,home,none,912,200.0,5,,0,0,2.83,3.5,2.5,online
RESP_0355,K1,A,7,5,0,3,24.0,buy,grid,cert50,home,40pct,30.0,rent350,grid,100audit,3km,none,912,0.0,4,,0,0,2.83,3.5,2.5,online
RESP_0355,K1,A,4,6,1,1,18.0,buy,solar,100audit,home,60pct,36.0,rent350,grid,none,3km,none,912,100.0,9,2,0,0,2.83,3.5,2.5,online
RESP_0355,K1,A,6,7,0,3,18.0,rent150,grid,100audit,3km,none,36.0,rent250,solar,none,1km,60pct,912,100.0,8,,0,0,2.83,3.5,2.5,online
RESP_0355,K1,A,2,8,0,1,18.0,rent350,grid,cert50,3km,40pct,24.0,rent150,solar,100audit,1km,none,912,200.0,7,,0,0,2.83,3.5,2.5,online
RESP_0356,K2,B,5,1,1,2,36.0,rent350,grid,none,3km,none,18.0,buy,solar,100audit,home,60pct,1320,100.0,9,,0,0,1.83,3.25,3.0,online
RESP_0356,K2,B,4,2,0,1,36.0,rent150,grid,cert50,home,40pct,30.0,buy,grid,100audit,1km,60pct,1320,200.0,8,,0,0,1.83,3.25,3.0,online
RESP_0356,K2,B,2,3,0,3,24.0,buy,solar,none,3km,60pct,36.0,buy,solar,100audit,home,none,1320,0.0,5,1,0,0,1.83,3.25,3.0,online
RESP_0356,K2,B,6,4,0,1,24.0,rent250,solar,cert50,3km,none,18.0,buy,grid,100audit,home,40pct,1320,0.0,9,,0,0,1.83,3.25,3.0,online
RESP_0356,K2,B,7,5,0,3,30.0,rent150,grid,none,1km,60pct,36.0,rent250,solar,cert50,3km,none,1320,100.0,4,,0,0,1.83,3.25,3.0,online
RESP_0356,K2,B,1,6,0,3,30.0,rent350,solar,100audit,home,none,18.0,rent150,grid,cert50,1km,40pct,1320,200.0,4,3,0,0,1.83,3.25,3.0,online
RESP_0356,K2,B,3,7,0,1,18.0,rent250,grid,100audit,1km,none,24.0,rent350,solar,none,3km,40pct,1320,100.0,7,,0,0,1.83,3.25,3.0,online
RESP_0356,K2,B,8,8,0,2,18.0,buy,solar,cert50,home,none,24.0,rent150,solar,100audit,1km,60pct,1320,200.0,6,,0,0,1.83,3.25,3.0,online
RESP_0357,K3,A,5,1,0,3,36.0,buy,solar,none,home,60pct,18.0,rent150,grid,cert50,3km,none,681,0.0,7,,0,0,3.17,2.5,2.75,online
RESP_0357,K3,A,8,2,0,1,30.0,buy,grid,100audit,home,40pct,24.0,rent250,grid,cert50,3km,none,681,0.0,6,,0,0,3.17,2.5,2.75,online
RESP_0357,K3,A,3,3,1,1,18.0,buy,solar,100audit,home,60pct,36.0,rent350,grid,none,3km,none,681,100.0,6,1,0,0,3.17,2.5,2.75,online
RESP_0357,K3,A,2,4,0,1,18.0,buy,solar,cert50,1km,60pct,36.0,rent350,grid,100audit,home,none,681,200.0,7,,0,0,3.17,2.5,2.75,online
RESP_0357,K3,A,4,5,0,2,30.0,rent250,grid,cert50,3km,40pct,24.0,rent350,solar,100audit,1km,none,681,100.0,6,,0,0,3.17,2.5,2.75,online
RESP_0357,K3,A,1,6,0,3,24.0,rent150,grid,100audit,home,none,30.0,buy,solar,none,3km,40pct,681,0.0,6,2,0,0,3.17,2.5,2.75,online
RESP_0357,K3,A,6,7,0,3,24.0,rent350,solar,100audit,1km,40pct,30.0,rent150,solar,cert50,home,none,681,200.0,7,,0,0,3.17,2.5,2.75,online
RESP_0357,K3,A,7,8,0,3,18.0,rent250,solar,none,3km,60pct,36.0,buy,grid,100audit,1km,none,681,100.0,8,,0,0,3.17,2.5,2.75,online
RESP_0358,K1,B,8,1,0,3,36.0,rent250,solar,100audit,1km,60pct,18.0,buy,grid,none,home,none,582,200.0,7,,0,0,3.17,3.5,3.0,online
RESP_0358,K1,B,3,2,0,2,36.0,buy,solar,cert50,home,60pct,18.0,rent250,grid,none,3km,none,582,0.0,7,,0,0,3.17,3.5,3.0,online
RESP_0358,K1,B,7,3,0,3,24.0,buy,grid,cert50,home,40pct,30.0,rent350,grid,100audit,3km,none,582,0.0,8,2,0,0,3.17,3.5,3.0,online
RESP_0358,K1,B,2,4,0,3,18.0,rent350,grid,cert50,3km,40pct,24.0,rent150,solar,100audit,1km,none,582,200.0,4,,0,0,3.17,3.5,3.0,online
RESP_0358,K1,B,6,5,0,3,18.0,rent150,grid,100audit,3km,none,36.0,rent250,solar,none,1km,60pct,582,100.0,4,,0,0,3.17,3.5,3.0,online
RESP_0358,K1,B,1,6,0,3,24.0,rent250,solar,none,1km,none,30.0,buy,grid,100audit,home,60pct,582,100.0,5,1,0,0,3.17,3.5,3.0,online
RESP_0358,K1,B,5,7,0,2,30.0,rent150,solar,none,1km,40pct,24.0,buy,solar,cert50,home,none,582,200.0,6,,0,0,3.17,3.5,3.0,online
RESP_0358,K1,B,4,8,1,1,18.0,buy,solar,100audit,home,60pct,36.0,rent350,grid,none,3km,none,582,100.0,10,,0,0,3.17,3.5,3.0,online
RESP_0359,K2,A,8,1,0,3,18.0,buy,solar,cert50,home,none,24.0,rent150,solar,100audit,1km,60pct,1400,200.0,5,,0,0,3.67,2.75,3.25,online
RESP_0359,K2,A,4,2,0,3,36.0,rent150,grid,cert50,home,40pct,30.0,buy,grid,100audit,1km,60pct,1400,200.0,6,,0,0,3.67,2.75,3.25,online
RESP_0359,K2,A,7,3,0,3,30.0,rent150,grid,none,1km,60pct,36.0,rent250,solar,cert50,3km,none,1400,100.0,5,2,0,0,3.67,2.75,3.25,online
RESP_0359,K2,A,2,4,0,3,24.0,buy,solar,none,3km,60pct,36.0,buy,solar,100audit,home,none,1400,0.0,6,,0,0,3.67,2.75,3.25,online
RESP_0359,K2,A,5,5,1,2,36.0,rent350,grid,none,3km,none,18.0,buy,solar,100audit,home,60pct,1400,100.0,6,,0,0,3.67,2.75,3.25,online
RESP_0359,K2,A,6,6,0,3,24.0,rent250,solar,cert50,3km,none,18.0,buy,grid,100audit,home,40pct,1400,0.0,6,2,0,0,3.67,2.75,3.25,online
RESP_0359,K2,A,1,7,0,3,30.0,rent350,solar,100audit,home,none,18.0,rent150,grid,cert50,1km,40pct,1400,200.0,8,,0,0,3.67,2.75,3.25,online
RESP_0359,K2,A,3,8,0,3,18.0,rent250,grid,100audit,1km,none,24.0,rent350,solar,none,3km,40pct,1400,100.0,5,,0,0,3.67,2.75,3.25,online
RESP_0360,K3,B,6,1,0,3,24.0,rent350,solar,100audit,1km,40pct,30.0,rent150,solar,cert50,home,none,963,200.0,8,,0,0,2.5,2.75,3.75,online
RESP_0360,K3,B,8,2,0,3,30.0,buy,grid,100audit,home,40pct,24.0,rent250,grid,cert50,3km,none,963,0.0,6,,0,0,2.5,2.75,3.75,online
RESP_0360,K3,B,4,3,0,3,30.0,rent250,grid,cert50,3km,40pct,24.0,rent350,solar,100audit,1km,none,963,100.0,7,2,0,0,2.5,2.75,3.75,online
RESP_0360,K3,B,2,4,0,1,18.0,buy,solar,cert50,1km,60pct,36.0,rent350,grid,100audit,home,none,963,200.0,7,,0,0,2.5,2.75,3.75,online
RESP_0360,K3,B,1,5,0,3,24.0,rent150,grid,100audit,home,none,30.0,buy,solar,none,3km,40pct,963,0.0,4,,0,0,2.5,2.75,3.75,online
RESP_0360,K3,B,3,6,1,1,18.0,buy,solar,100audit,home,60pct,36.0,rent350,grid,none,3km,none,963,100.0,8,3,0,0,2.5,2.75,3.75,online
RESP_0360,K3,B,5,7,0,3,36.0,buy,solar,none,home,60pct,18.0,rent150,grid,cert50,3km,none,963,0.0,5,,0,0,2.5,2.75,3.75,online
RESP_0360,K3,B,7,8,0,1,18.0,rent250,solar,none,3km,60pct,36.0,buy,grid,100audit,1km,none,963,100.0,7,,0,0,2.5,2.75,3.75,online
RESP_0361,K1,A,6,1,0,3,18.0,rent150,grid,100audit,3km,none,36.0,rent250,solar,none,1km,60pct,474,100.0,5,,0,0,1.17,2.75,3.0,online
RESP_0361,K1,A,1,2,0,1,24.0,rent250,solar,none,1km,none,30.0,buy,grid,100audit,home,60pct,474,100.0,9,,0,0,1.17,2.75,3.0,online
RESP_0361,K1,A,4,3,1,1,18.0,buy,solar,100audit,home,60pct,36.0,rent350,grid,none,3km,none,474,100.0,6,2,0,0,1.17,2.75,3.0,online
RESP_0361,K1,A,7,4,0,1,24.0,buy,grid,cert50,home,40pct,30.0,rent350,grid,100audit,3km,none,474,0.0,6,,0,0,1.17,2.75,3.0,online
RESP_0361,K1,A,2,5,0,3,18.0,rent350,grid,cert50,3km,40pct,24.0,rent150,solar,100audit,1km,none,474,200.0,8,,0,0,1.17,2.75,3.0,online
RESP_0361,K1,A,8,6,0,2,36.0,rent250,solar,100audit,1km,60pct,18.0,buy,grid,none,home,none,474,200.0,7,1,0,0,1.17,2.75,3.0,online
RESP_0361,K1,A,5,7,0,3,30.0,rent150,solar,none,1km,40pct,24.0,buy,solar,cert50,home,none,474,200.0,8,,0,0,1.17,2.75,3.0,online
RESP_0361,K1,A,3,8,0,1,36.0,buy,solar,cert50,home,60pct,18.0,rent250,grid,none,3km,none,474,0.0,10,,0,0,1.17,2.75,3.0,online
RESP_0362,K2,B,6,1,0,3,24.0,rent250,solar,cert50,3km,none,18.0,buy,grid,100audit,home,40pct,466,0.0,7,,0,0,3.33,4.0,3.0,online
RESP_0362,K2,B,3,2,0,2,18.0,rent250,grid,100audit,1km,none,24.0,rent350,solar,none,3km,40pct,466,100.0,9,,0,0,3.33,4.0,3.0,online
RESP_0362,K2,B,4,3,0,2,36.0,rent150,grid,cert50,home,40pct,30.0,buy,grid,100audit,1km,60pct,466,200.0,7,1,0,0,3.33,4.0,3.0,online
RESP_0362,K2,B,7,4,0,3,30.0,rent150,grid,none,1km,60pct,36.0,rent250,solar,cert50,3km,none,466,100.0,4,,0,0,3.33,4.0,3.0,online
RESP_0362,K2,B,1,5,0,3,30.0,rent350,solar,100audit,home,none,18.0,rent150,grid,cert50,1km,40pct,466,200.0,6,,0,0,3.33,4.0,3.0,online
RESP_0362,K2,B,5,6,1,2,36.0,rent350,grid,none,3km,none,18.0,buy,solar,100audit,home,60pct,466,100.0,7,1,0,0,3.33,4.0,3.0,online
RESP_0362,K2,B,8,7,0,1,18.0,buy,solar,cert50,home,none,24.0,rent150,solar,100audit,1km,60pct,466,200.0,6,,0,0,3.33,4.0,3.0,online
RESP_0362,K2,B,2,8,0,3,24.0,buy,solar,none,3km,60pct,36.0,buy,solar,100audit,home,none,466,0.0,6,,0,0,3.33,4.0,3.0,online
RESP_0363,K3,A,4,1,0,3,30.0,rent250,grid,cert50,3km,40pct,24.0,rent350,solar,100audit,1km,none,1387,100.0,4,,0,0,3.5,3.0,2.5,online
RESP_0363,K3,A,1,2,0,3,24.0,rent150,grid,100audit,home,none,30.0,buy,solar,none,3km,40pct,1387,0.0,6,,0,0,3.5,3.0,2.5,online
RESP_0363,K3,A,6,3,0,3,24.0,rent350,solar,100audit,1km,40pct,30.0,rent150,solar,cert50,home,none,1387,200.0,7,3,0,0,3.5,3.0,2.5,online
RESP_0363,K3,A,5,4,0,1,36.0,buy,solar,none,home,60pct,18.0,rent150,grid,cert50,3km,none,1387,0.0,6,,0,0,3.5,3.0,2.5,online
RESP_0363,K3,A,3,5,1,1,18.0,buy,solar,100audit,home,60pct,36.0,rent350,grid,none,3km,none,1387,100.0,7,,0,0,3.5,3.0,2.5,online
RESP_0363,K3,A,2,6,0,3,18.0,buy,solar,cert50,1km,60pct,36.0,rent350,grid,100audit,home,none,1387,200.0,8,2,0,0,3.5,3.0,2.5,online
RESP_0363,K3,A,7,7,0,3,18.0,rent250,solar,none,3km,60pct,36.0,buy,grid,100audit,1km,none,1387,100.0,8,,0,0,3.5,3.0,2.5,online
RESP_0363,K3,A,8,8,0,3,30.0,buy,grid,100audit,home,40pct,24.0,rent250,grid,cert50,3km,none,1387,0.0,8,,0,0,3.5,3.0,2.5,online
RESP_0364,K1,B,8,1,0,2,36.0,rent250,solar,100audit,1km,60pct,18.0,buy,grid,none,home,none,468,200.0,8,,0,0,3.33,4.25,4.0,online
RESP_0364,K1,B,5,2,0,3,30.0,rent150,solar,none,1km,40pct,24.0,buy,solar,cert50,home,none,468,200.0,5,,0,0,3.33,4.25,4.0,online
RESP_0364,K1,B,6,3,0,3,18.0,rent150,grid,100audit,3km,none,36.0,rent250,solar,none,1km,60pct,468,100.0,4,2,0,0,3.33,4.25,4.0,online
RESP_0364,K1,B,7,4,0,3,24.0,buy,grid,cert50,home,40pct,30.0,rent350,grid,100audit,3km,none,468,0.0,6,,0,0,3.33,4.25,4.0,online
RESP_0364,K1,B,3,5,0,1,36.0,buy,solar,cert50,home,60pct,18.0,rent250,grid,none,3km,none,468,0.0,7,,0,0,3.33,4.25,4.0,online
RESP_0364,K1,B,4,6,1,1,18.0,buy,solar,100audit,home,60pct,36.0,rent350,grid,none,3km,none,468,100.0,8,3,0,0,3.33,4.25,4.0,online
RESP_0364,K1,B,2,7,0,3,18.0,rent350,grid,cert50,3km,40pct,24.0,rent150,solar,100audit,1km,none,468,200.0,6,,0,0,3.33,4.25,4.0,online
RESP_0364,K1,B,1,8,0,3,24.0,rent250,solar,none,1km,none,30.0,buy,grid,100audit,home,60pct,468,100.0,6,,0,0,3.33,4.25,4.0,online
RESP_0365,K2,A,4,1,0,3,36.0,rent150,grid,cert50,home,40pct,30.0,buy,grid,100audit,1km,60pct,1297,200.0,8,,0,0,3.17,2.25,3.5,online
RESP_0365,K2,A,8,2,0,1,18.0,buy,solar,cert50,home,none,24.0,rent150,solar,100audit,1km,60pct,1297,200.0,7,,0,0,3.17,2.25,3.5,online
RESP_0365,K2,A,3,3,0,3,18.0,rent250,grid,100audit,1km,none,24.0,rent350,solar,none,3km,40pct,1297,100.0,5,3,0,0,3.17,2.25,3.5,online
RESP_0365,K2,A,2,4,0,2,24.0,buy,solar,none,3km,60pct,36.0,buy,solar,100audit,home,none,1297,0.0,10,,0,0,3.17,2.25,3.5,online
RESP_0365,K2,A,5,5,1,2,36.0,rent350,grid,none,3km,none,18.0,buy,solar,100audit,home,60pct,1297,100.0,10,,0,0,3.17,2.25,3.5,online
RESP_0365,K2,A,7,6,0,1,30.0,rent150,grid,none,1km,60pct,36.0,rent250,solar,cert50,3km,none,1297,100.0,7,1,0,0,3.17,2.25,3.5,online
RESP_0365,K2,A,1,7,0,2,30.0,rent350,solar,100audit,home,none,18.0,rent150,grid,cert50,1km,40pct,1297,200.0,7,,0,0,3.17,2.25,3.5,online
RESP_0365,K2,A,6,8,0,3,24.0,rent250,solar,cert50,3km,none,18.0,buy,grid,100audit,home,40pct,1297,0.0,7,,0,0,3.17,2.25,3.5,online
RESP_0366,K3,B,6,1,0,1,24.0,rent350,solar,100audit,1km,40pct,30.0,rent150,solar,cert50,home,none,1259,200.0,9,,0,0,3.0,2.25,1.75,online
RESP_0366,K3,B,2,2,0,3,18.0,buy,solar,cert50,1km,60pct,36.0,rent350,grid,100audit,home,none,1259,200.0,6,,0,0,3.0,2.25,1.75,online
RESP_0366,K3,B,8,3,0,3,30.0,buy,grid,100audit,home,40pct,24.0,rent250,grid,cert50,3km,none,1259,0.0,7,1,0,0,3.0,2.25,1.75,online
RESP_0366,K3,B,1,4,0,3,24.0,rent150,grid,100audit,home,none,30.0,buy,solar,none,3km,40pct,1259,0.0,6,,0,0,3.0,2.25,1.75,online
RESP_0366,K3,B,5,5,0,3,36.0,buy,solar,none,home,60pct,18.0,rent150,grid,cert50,3km,none,1259,0.0,8,,0,0,3.0,2.25,1.75,online
RESP_0366,K3,B,3,6,1,1,18.0,buy,solar,100audit,home,60pct,36.0,rent350,grid,none,3km,none,1259,100.0,9,2,0,0,3.0,2.25,1.75,online
RESP_0366,K3,B,7,7,0,3,18.0,rent250,solar,none,3km,60pct,36.0,buy,grid,100audit,1km,none,1259,100.0,4,,0,0,3.0,2.25,1.75,online
RESP_0366,K3,B,4,8,0,1,30.0,rent250,grid,cert50,3km,40pct,24.0,rent350,solar,100audit,1km,none,1259,100.0,8,,0,0,3.0,2.25,1.75,online
RESP_0367,K1,A,2,1,0,3,18.0,rent350,grid,cert50,3km,40pct,24.0,rent150,solar,100audit,1km,none,1311,200.0,4,,0,0,2.83,3.5,3.25,online
RESP_0367,K1,A,1,2,0,3,24.0,rent250,solar,none,1km,none,30.0,buy,grid,100audit,home,60pct,1311,100.0,8,,0,0,2.83,3.5,3.25,online
RESP_0367,K1,A,6,3,0,3,18.0,rent150,grid,100audit,3km,none,36.0,rent250,solar,none,1km,60pct,1311,100.0,7,1,0,0,2.83,3.5,3.25,online
RESP_0367,K1,A,8,4,0,2,36.0,rent250,solar,100audit,1km,60pct,18.0,buy,grid,none,home,none,1311,200.0,9,,0,0,2.83,3.5,3.25,online
RESP_0367,K1,A,7,5,0,3,24.0,buy,grid,cert50,home,40pct,30.0,rent350,grid,100audit,3km,none,1311,0.0,8,,0,0,2.83,3.5,3.25,online
RESP_0367,K1,A,3,6,0,3,36.0,buy,solar,cert50,home,60pct,18.0,rent250,grid,none,3km,none,1311,0.0,8,2,0,0,2.83,3.5,3.25,online
RESP_0367,K1,A,4,7,1,1,18.0,buy,solar,100audit,home,60pct,36.0,rent350,grid,none,3km,none,1311,100.0,8,,0,0,2.83,3.5,3.25,online
RESP_0367,K1,A,5,8,0,3,30.0,rent150,solar,none,1km,40pct,24.0,buy,solar,cert50,home,none,1311,200.0,4,,0,0,2.83,3.5,3.25,online
RESP_0368,K2,B,6,1,0,3,24.0,rent250,solar,cert50,3km,none,18.0,buy,grid,100audit,home,40pct,1384,0.0,8,,0,0,2.5,3.5,2.75,online
RESP_0368,K2,B,2,2,0,3,24.0,buy,solar,none,3km,60pct,36.0,buy,solar,100audit,home,none,1384,0.0,7,,0,0,2.5,3.5,2.75,online
RESP_0368,K2,B,1,3,0,1,30.0,rent350,solar,100audit,home,none,18.0,rent150,grid,cert50,1km,40pct,1384,200.0,6,1,0,0,2.5,3.5,2.75,online
RESP_0368,K2,B,8,4,0,1,18.0,buy,solar,cert50,home,none,24.0,rent150,solar,100audit,1km,60pct,1384,200.0,8,,0,0,2.5,3.5,2.75,online
RESP_0368,K2,B,5,5,1,2,36.0,rent350,grid,none,3km,none,18.0,buy,solar,100audit,home,60pct,1384,100.0,9,,0,0,2.5,3.5,2.75,online
RESP_0368,K2,B,4,6,0,1,36.0,rent150,grid,cert50,home,40pct,30.0,buy,grid,100audit,1km,60pct,1384,200.0,7,2,0,0,2.5,3.5,2.75,online
RESP_0368,K2,B,3,7,0,3,18.0,rent250,grid,100audit,1km,none,24.0,rent350,solar,none,3km,40pct,1384,100.0,4,,0,0,2.5,3.5,2.75,online
RESP_0368,K2,B,7,8,0,3,30.0,rent150,grid,none,1km,60pct,36.0,rent250,solar,cert50,3km,none,1384,100.0,7,,0,0,2.5,3.5,2.75,online
RESP_0369,K3,A,5,1,0,3,36.0,buy,solar,none,home,60pct,18.0,rent150,grid,cert50,3km,none,525,0.0,5,,0,0,2.5,3.5,3.0,online
RESP_0369,K3,A,6,2,0,1,24.0,rent350,solar,100audit,1km,40pct,30.0,rent150,solar,cert50,home,none,525,200.0,6,,0,0,2.5,3.5,3.0,online
RESP_0369,K3,A,8,3,0,3,30.0,buy,grid,100audit,home,40pct,24.0,rent250,grid,cert50,3km,none,525,0.0,6,1,0,0,2.5,3.5,3.0,online
RESP_0369,K3,A,7,4,0,3,18.0,rent250,solar,none,3km,60pct,36.0,buy,grid,100audit,1km,none,525,100.0,7,,0,0,2.5,3.5,3.0,online
RESP_0369,K3,A,3,5,1,1,18.0,buy,solar,100audit,home,60pct,36.0,rent350,grid,none,3km,none,525,100.0,10,,0,0,2.5,3.5,3.0,online
RESP_0369,K3,A,4,6,0,2,30.0,rent250,grid,cert50,3km,40pct,24.0,rent350,solar,100audit,1km,none,525,100.0,10,1,0,0,2.5,3.5,3.0,online
RESP_0369,K3,A,1,7,0,3,24.0,rent150,grid,100audit,home,none,30.0,buy,solar,none,3km,40pct,525,0.0,6,,0,0,2.5,3.5,3.0,online
RESP_0369,K3,A,2,8,0,3,18.0,buy,solar,cert50,1km,60pct,36.0,rent350,grid,100audit,home,none,525,200.0,6,,0,0,2.5,3.5,3.0,online
RESP_0370,K1,B,5,1,0,3,30.0,rent150,solar,none,1km,40pct,24.0,buy,solar,cert50,home,none,250,200.0,6,,0,0,2.33,3.5,2.25,online
RESP_0370,K1,B,2,2,0,1,18.0,rent350,grid,cert50,3km,40pct,24.0,rent150,solar,100audit,1km,none,250,200.0,7,,0,0,2.33,3.5,2.25,online
RESP_0370,K1,B,1,3,0,3,24.0,rent250,solar,none,1km,none,30.0,buy,grid,100audit,home,60pct,250,100.0,5,3,0,0,2.33,3.5,2.25,online
RESP_0370,K1,B,3,4,0,3,36.0,buy,solar,cert50,home,60pct,18.0,rent250,grid,none,3km,none,250,0.0,6,,0,0,2.33,3.5,2.25,online
RESP_0370,K1,B,7,5,0,3,24.0,buy,grid,cert50,home,40pct,30.0,rent350,grid,100audit,3km,none,250,0.0,4,,0,0,2.33,3.5,2.25,online
RESP_0370,K1,B,4,6,1,1,18.0,buy,solar,100audit,home,60pct,36.0,rent350,grid,none,3km,none,250,100.0,8,1,0,0,2.33,3.5,2.25,online
RESP_0370,K1,B,6,7,0,2,18.0,rent150,grid,100audit,3km,none,36.0,rent250,solar,none,1km,60pct,250,100.0,6,,0,0,2.33,3.5,2.25,online
RESP_0370,K1,B,8,8,0,3,36.0,rent250,solar,100audit,1km,60pct,18.0,buy,grid,none,home,none,250,200.0,4,,0,0,2.33,3.5,2.25,online
RESP_0371,K2,A,7,1,0,3,30.0,rent150,grid,none,1km,60pct,36.0,rent250,solar,cert50,3km,none,678,100.0,4,,0,0,4.17,3.25,3.5,online
RESP_0371,K2,A,1,2,0,2,30.0,rent350,solar,100audit,home,none,18.0,rent150,grid,cert50,1km,40pct,678,200.0,9,,0,0,4.17,3.25,3.5,online
RESP_0371,K2,A,5,3,1,2,36.0,rent350,grid,none,3km,none,18.0,buy,solar,100audit,home,60pct,678,100.0,10,1,0,0,4.17,3.25,3.5,online
RESP_0371,K2,A,3,4,0,3,18.0,rent250,grid,100audit,1km,none,24.0,rent350,solar,none,3km,40pct,678,100.0,6,,0,0,4.17,3.25,3.5,online
RESP_0371,K2,A,2,5,0,3,24.0,buy,solar,none,3km,60pct,36.0,buy,solar,100audit,home,none,678,0.0,4,,0,0,4.17,3.25,3.5,online
RESP_0371,K2,A,4,6,0,2,36.0,rent150,grid,cert50,home,40pct,30.0,buy,grid,100audit,1km,60pct,678,200.0,6,1,0,0,4.17,3.25,3.5,online
RESP_0371,K2,A,6,7,0,3,24.0,rent250,solar,cert50,3km,none,18.0,buy,grid,100audit,home,40pct,678,0.0,7,,0,0,4.17,3.25,3.5,online
RESP_0371,K2,A,8,8,0,3,18.0,buy,solar,cert50,home,none,24.0,rent150,solar,100audit,1km,60pct,678,200.0,7,,0,0,4.17,3.25,3.5,online
RESP_0372,K3,B,7,1,0,3,18.0,rent250,solar,none,3km,60pct,36.0,buy,grid,100audit,1km,none,485,100.0,7,,0,0,3.0,1.75,3.75,online
RESP_0372,K3,B,5,2,0,2,36.0,buy,solar,none,home,60pct,18.0,rent150,grid,cert50,3km,none,485,0.0,6,,0,0,3.0,1.75,3.75,online
RESP_0372,K3,B,8,3,0,3,30.0,buy,grid,100audit,home,40pct,24.0,rent250,grid,cert50,3km,none,485,0.0,7,2,0,0,3.0,1.75,3.75,online
RESP_0372,K3,B,2,4,0,1,18.0,buy,solar,cert50,1km,60pct,36.0,rent350,grid,100audit,home,none,485,200.0,10,,0,0,3.0,1.75,3.75,online
RESP_0372,K3,B,1,5,0,1,24.0,rent150,grid,100audit,home,none,30.0,buy,solar,none,3km,40pct,485,0.0,9,,0,0,3.0,1.75,3.75,online
RESP_0372,K3,B,3,6,1,1,18.0,buy,solar,100audit,home,60pct,36.0,rent350,grid,none,3km,none,485,100.0,10,3,0,0,3.0,1.75,3.75,online
RESP_0372,K3,B,6,7,0,1,24.0,rent350,solar,100audit,1km,40pct,30.0,rent150,solar,cert50,home,none,485,200.0,9,,0,0,3.0,1.75,3.75,online
RESP_0372,K3,B,4,8,0,2,30.0,rent250,grid,cert50,3km,40pct,24.0,rent350,solar,100audit,1km,none,485,100.0,10,,0,0,3.0,1.75,3.75,online
RESP_0373,K1,A,2,1,0,2,18.0,rent350,grid,cert50,3km,40pct,24.0,rent150,solar,100audit,1km,none,360,200.0,10,,0,0,4.17,3.25,3.75,online
RESP_0373,K1,A,8,2,0,2,36.0,rent250,solar,100audit,1km,60pct,18.0,buy,grid,none,home,none,360,200.0,6,,0,0,4.17,3.25,3.75,online
RESP_0373,K1,A,1,3,0,1,24.0,rent250,solar,none,1km,none,30.0,buy,grid,100audit,home,60pct,360,100.0,6,3,0,0,4.17,3.25,3.75,online
RESP_0373,K1,A,7,4,0,3,24.0,buy,grid,cert50,home,40pct,30.0,rent350,grid,100audit,3km,none,360,0.0,5,,0,0,4.17,3.25,3.75,online
RESP_0373,K1,A,5,5,0,3,30.0,rent150,solar,none,1km,40pct,24.0,buy,solar,cert50,home,none,360,200.0,5,,0,0,4.17,3.25,3.75,online
RESP_0373,K1,A,3,6,0,3,36.0,buy,solar,cert50,home,60pct,18.0,rent250,grid,none,3km,none,360,0.0,6,1,0,0,4.17,3.25,3.75,online
RESP_0373,K1,A,6,7,0,3,18.0,rent150,grid,100audit,3km,none,36.0,rent250,solar,none,1km,60pct,360,100.0,8,,0,0,4.17,3.25,3.75,online
RESP_0373,K1,A,4,8,1,1,18.0,buy,solar,100audit,home,60pct,36.0,rent350,grid,none,3km,none,360,100.0,7,,0,0,4.17,3.25,3.75,online
RESP_0374,K2,B,2,1,0,3,24.0,buy,solar,none,3km,60pct,36.0,buy,solar,100audit,home,none,1498,0.0,6,,0,0,2.5,2.75,3.25,online
RESP_0374,K2,B,1,2,0,3,30.0,rent350,solar,100audit,home,none,18.0,rent150,grid,cert50,1km,40pct,1498,200.0,8,,0,0,2.5,2.75,3.25,online
RESP_0374,K2,B,7,3,0,1,30.0,rent150,grid,none,1km,60pct,36.0,rent250,solar,cert50,3km,none,1498,100.0,10,1,0,0,2.5,2.75,3.25,online
RESP_0374,K2,B,6,4,0,3,24.0,rent250,solar,cert50,3km,none,18.0,buy,grid,100audit,home,40pct,1498,0.0,8,,0,0,2.5,2.75,3.25,online
RESP_0374,K2,B,8,5,0,1,18.0,buy,solar,cert50,home,none,24.0,rent150,solar,100audit,1km,60pct,1498,200.0,8,,0,0,2.5,2.75,3.25,online
RESP_0374,K2,B,3,6,0,2,18.0,rent250,grid,100audit,1km,none,24.0,rent350,solar,none,3km,40pct,1498,100.0,10,2,0,0,2.5,2.75,3.25,online
RESP_0374,K2,B,4,7,0,3,36.0,rent150,grid,cert50,home,40pct,30.0,buy,grid,100audit,1km,60pct,1498,200.0,7,,0,0,2.5,2.75,3.25,online
RESP_0374,K2,B,5,8,1,2,36.0,rent350,grid,none,3km,none,18.0,buy,solar,100audit,home,60pct,1498,100.0,8,,0,0,2.5,2.75,3.25,online
RESP_0375,K3,A,2,1,0,1,18.0,buy,solar,cert50,1km,60pct,36.0,rent350,grid,100audit,home,none,779,200.0,10,,0,0,2.67,3.25,2.25,online
RESP_0375,K3,A,6,2,0,3,24.0,rent350,solar,100audit,1km,40pct,30.0,rent150,solar,cert50,home,none,779,200.0,5,,0,0,2.67,3.25,2.25,online
RESP_0375,K3,A,8,3,0,1,30.0,buy,grid,100audit,home,40pct,24.0,rent250,grid,cert50,3km,none,779,0.0,9,1,0,0,2.67,3.25,2.25,online
RESP_0375,K3,A,7,4,0,3,18.0,rent250,solar,none,3km,60pct,36.0,buy,grid,100audit,1km,none,779,100.0,7,,0,0,2.67,3.25,2.25,online
RESP_0375,K3,A,3,5,1,1,18.0,buy,solar,100audit,home,60pct,36.0,rent350,grid,none,3km,none,779,100.0,10,,0,0,2.67,3.25,2.25,online
RESP_0375,K3,A,5,6,0,2,36.0,buy,solar,none,home,60pct,18.0,rent150,grid,cert50,3km,none,779,0.0,7,3,0,0,2.67,3.25,2.25,online
RESP_0375,K3,A,4,7,0,3,30.0,rent250,grid,cert50,3km,40pct,24.0,rent350,solar,100audit,1km,none,779,100.0,8,,0,0,2.67,3.25,2.25,online
RESP_0375,K3,A,1,8,0,3,24.0,rent150,grid,100audit,home,none,30.0,buy,solar,none,3km,40pct,779,0.0,7,,0,0,2.67,3.25,2.25,online
RESP_0376,K1,B,4,1,1,1,18.0,buy,solar,100audit,home,60pct,36.0,rent350,grid,none,3km,none,537,100.0,8,,0,0,2.5,2.75,3.0,online
RESP_0376,K1,B,6,2,0,1,18.0,rent150,grid,100audit,3km,none,36.0,rent250,solar,none,1km,60pct,537,100.0,9,,0,0,2.5,2.75,3.0,online
RESP_0376,K1,B,1,3,0,2,24.0,rent250,solar,none,1km,none,30.0,buy,grid,100audit,home,60pct,537,100.0,9,3,0,0,2.5,2.75,3.0,online
RESP_0376,K1,B,5,4,0,3,30.0,rent150,solar,none,1km,40pct,24.0,buy,solar,cert50,home,none,537,200.0,6,,0,0,2.5,2.75,3.0,online
RESP_0376,K1,B,8,5,0,3,36.0,rent250,solar,100audit,1km,60pct,18.0,buy,grid,none,home,none,537,200.0,7,,0,0,2.5,2.75,3.0,online
RESP_0376,K1,B,3,6,0,2,36.0,buy,solar,cert50,home,60pct,18.0,rent250,grid,none,3km,none,537,0.0,9,3,0,0,2.5,2.75,3.0,online
RESP_0376,K1,B,7,7,0,3,24.0,buy,grid,cert50,home,40pct,30.0,rent350,grid,100audit,3km,none,537,0.0,4,,0,0,2.5,2.75,3.0,online
RESP_0376,K1,B,2,8,0,2,18.0,rent350,grid,cert50,3km,40pct,24.0,rent150,solar,100audit,1km,none,537,200.0,9,,0,0,2.5,2.75,3.0,online
RESP_0377,K2,A,4,1,0,3,36.0,rent150,grid,cert50,home,40pct,30.0,buy,grid,100audit,1km,60pct,571,200.0,8,,0,0,2.67,4.0,2.5,online
RESP_0377,K2,A,2,2,0,1,24.0,buy,solar,none,3km,60pct,36.0,buy,solar,100audit,home,none,571,0.0,8,,0,0,2.67,4.0,2.5,online
RESP_0377,K2,A,6,3,0,2,24.0,rent250,solar,cert50,3km,none,18.0,buy,grid,100audit,home,40pct,571,0.0,9,3,0,0,2.67,4.0,2.5,online
RESP_0377,K2,A,1,4,0,3,30.0,rent350,solar,100audit,home,none,18.0,rent150,grid,cert50,1km,40pct,571,200.0,6,,0,0,2.67,4.0,2.5,online
RESP_0377,K2,A,5,5,1,2,36.0,rent350,grid,none,3km,none,18.0,buy,solar,100audit,home,60pct,571,100.0,8,,0,0,2.67,4.0,2.5,online
RESP_0377,K2,A,8,6,0,1,18.0,buy,solar,cert50,home,none,24.0,rent150,solar,100audit,1km,60pct,571,200.0,6,2,0,0,2.67,4.0,2.5,online
RESP_0377,K2,A,3,7,0,3,18.0,rent250,grid,100audit,1km,none,24.0,rent350,solar,none,3km,40pct,571,100.0,6,,0,0,2.67,4.0,2.5,online
RESP_0377,K2,A,7,8,0,3,30.0,rent150,grid,none,1km,60pct,36.0,rent250,solar,cert50,3km,none,571,100.0,4,,0,0,2.67,4.0,2.5,online
RESP_0378,K3,B,4,1,0,3,30.0,rent250,grid,cert50,3km,40pct,24.0,rent350,solar,100audit,1km,none,363,100.0,5,,0,0,2.83,2.25,2.75,online
RESP_0378,K3,B,2,2,0,3,18.0,buy,solar,cert50,1km,60pct,36.0,rent350,grid,100audit,home,none,363,200.0,4,,0,0,2.83,2.25,2.75,online
RESP_0378,K3,B,3,3,1,1,18.0,buy,solar,100audit,home,60pct,36.0,rent350,grid,none,3km,none,363,100.0,10,3,0,0,2.83,2.25,2.75,online
RESP_0378,K3,B,7,4,0,2,18.0,rent250,solar,none,3km,60pct,36.0,buy,grid,100audit,1km,none,363,100.0,6,,0,0,2.83,2.25,2.75,online
RESP_0378,K3,B,8,5,0,3,30.0,buy,grid,100audit,home,40pct,24.0,rent250,grid,cert50,3km,none,363,0.0,8,,0,0,2.83,2.25,2.75,online
RESP_0378,K3,B,1,6,0,1,24.0,rent150,grid,100audit,home,none,30.0,buy,solar,none,3km,40pct,363,0.0,6,2,0,0,2.83,2.25,2.75,online
RESP_0378,K3,B,5,7,0,2,36.0,buy,solar,none,home,60pct,18.0,rent150,grid,cert50,3km,none,363,0.0,6,,0,0,2.83,2.25,2.75,online
RESP_0378,K3,B,6,8,0,3,24.0,rent350,solar,100audit,1km,40pct,30.0,rent150,solar,cert50,home,none,363,200.0,4,,0,0,2.83,2.25,2.75,online
RESP_0379,K1,A,5,1,0,3,30.0,rent150,solar,none,1km,40pct,24.0,buy,solar,cert50,home,none,1082,200.0,7,,0,0,2.17,4.25,2.75,online
RESP_0379,K1,A,7,2,0,3,24.0,buy,grid,cert50,home,40pct,30.0,rent350,grid,100audit,3km,none,1082,0.0,7,,0,0,2.17,4.25,2.75,online
RESP_0379,K1,A,6,3,0,3,18.0,rent150,grid,100audit,3km,none,36.0,rent250,solar,none,1km,60pct,1082,100.0,7,2,0,0,2.17,4.25,2.75,online
RESP_0379,K1,A,8,4,0,2,36.0,rent250,solar,100audit,1km,60pct,18.0,buy,grid,none,home,none,1082,200.0,6,,0,0,2.17,4.25,2.75,online
RESP_0379,K1,A,3,5,0,3,36.0,buy,solar,cert50,home,60pct,18.0,rent250,grid,none,3km,none,1082,0.0,5,,0,0,2.17,4.25,2.75,online
RESP_0379,K1,A,2,6,0,1,18.0,rent350,grid,cert50,3km,40pct,24.0,rent150,solar,100audit,1km,none,1082,200.0,8,2,0,0,2.17,4.25,2.75,online
RESP_0379,K1,A,1,7,0,3,24.0,rent250,solar,none,1km,none,30.0,buy,grid,100audit,home,60pct,1082,100.0,5,,0,0,2.17,4.25,2.75,online
RESP_0379,K1,A,4,8,1,1,18.0,buy,solar,100audit,home,60pct,36.0,rent350,grid,none,3km,none,1082,100.0,9,,0,0,2.17,4.25,2.75,online
RESP_0380,K2,B,2,1,0,3,24.0,buy,solar,none,3km,60pct,36.0,buy,solar,100audit,home,none,1029,0.0,7,,0,0,2.83,2.75,3.25,online
RESP_0380,K2,B,3,2,0,2,18.0,rent250,grid,100audit,1km,none,24.0,rent350,solar,none,3km,40pct,1029,100.0,9,,0,0,2.83,2.75,3.25,online
RESP_0380,K2,B,6,3,0,3,24.0,rent250,solar,cert50,3km,none,18.0,buy,grid,100audit,home,40pct,1029,0.0,7,3,0,0,2.83,2.75,3.25,online
RESP_0380,K2,B,4,4,0,3,36.0,rent150,grid,cert50,home,40pct,30.0,buy,grid,100audit,1km,60pct,1029,200.0,5,,0,0,2.83,2.75,3.25,online
RESP_0380,K2,B,7,5,0,1,30.0,rent150,grid,none,1km,60pct,36.0,rent250,solar,cert50,3km,none,1029,100.0,10,,0,0,2.83,2.75,3.25,online
RESP_0380,K2,B,8,6,0,3,18.0,buy,solar,cert50,home,none,24.0,rent150,solar,100audit,1km,60pct,1029,200.0,6,1,0,0,2.83,2.75,3.25,online
RESP_0380,K2,B,5,7,1,2,36.0,rent350,grid,none,3km,none,18.0,buy,solar,100audit,home,60pct,1029,100.0,8,,0,0,2.83,2.75,3.25,online
RESP_0380,K2,B,1,8,0,3,30.0,rent350,solar,100audit,home,none,18.0,rent150,grid,cert50,1km,40pct,1029,200.0,6,,0,0,2.83,2.75,3.25,online
RESP_0381,K3,A,7,1,0,1,18.0,rent250,solar,none,3km,60pct,36.0,buy,grid,100audit,1km,none,1139,100.0,8,,0,0,2.67,2.75,3.0,online
RESP_0381,K3,A,6,2,0,1,24.0,rent350,solar,100audit,1km,40pct,30.0,rent150,solar,cert50,home,none,1139,200.0,10,,0,0,2.67,2.75,3.0,online
RESP_0381,K3,A,4,3,0,3,30.0,rent250,grid,cert50,3km,40pct,24.0,rent350,solar,100audit,1km,none,1139,100.0,8,1,0,0,2.67,2.75,3.0,online
RESP_0381,K3,A,8,4,0,3,30.0,buy,grid,100audit,home,40pct,24.0,rent250,grid,cert50,3km,none,1139,0.0,6,,0,0,2.67,2.75,3.0,online
RESP_0381,K3,A,3,5,1,1,18.0,buy,solar,100audit,home,60pct,36.0,rent350,grid,none,3km,none,1139,100.0,8,,0,0,2.67,2.75,3.0,online
RESP_0381,K3,A,1,6,0,2,24.0,rent150,grid,100audit,home,none,30.0,buy,solar,none,3km,40pct,1139,0.0,6,2,0,0,2.67,2.75,3.0,online
RESP_0381,K3,A,2,7,0,3,18.0,buy,solar,cert50,1km,60pct,36.0,rent350,grid,100audit,home,none,1139,200.0,7,,0,0,2.67,2.75,3.0,online
RESP_0381,K3,A,5,8,0,3,36.0,buy,solar,none,home,60pct,18.0,rent150,grid,cert50,3km,none,1139,0.0,7,,0,0,2.67,2.75,3.0,online
RESP_0382,K1,B,2,1,0,3,18.0,rent350,grid,cert50,3km,40pct,24.0,rent150,solar,100audit,1km,none,907,200.0,7,,0,0,3.17,2.25,3.25,online
RESP_0382,K1,B,6,2,0,2,18.0,rent150,grid,100audit,3km,none,36.0,rent250,solar,none,1km,60pct,907,100.0,8,,0,0,3.17,2.25,3.25,online
RESP_0382,K1,B,5,3,0,2,30.0,rent150,solar,none,1km,40pct,24.0,buy,solar,cert50,home,none,907,200.0,10,2,0,0,3.17,2.25,3.25,online
RESP_0382,K1,B,1,4,0,3,24.0,rent250,solar,none,1km,none,30.0,buy,grid,100audit,home,60pct,907,100.0,8,,0,0,3.17,2.25,3.25,online
RESP_0382,K1,B,7,5,0,3,24.0,buy,grid,cert50,home,40pct,30.0,rent350,grid,100audit,3km,none,907,0.0,4,,0,0,3.17,2.25,3.25,online
RESP_0382,K1,B,8,6,0,2,36.0,rent250,solar,100audit,1km,60pct,18.0,buy,grid,none,home,none,907,200.0,9,2,0,0,3.17,2.25,3.25,online
RESP_0382,K1,B,3,7,0,3,36.0,buy,solar,cert50,home,60pct,18.0,rent250,grid,none,3km,none,907,0.0,4,,0,0,3.17,2.25,3.25,online
RESP_0382,K1,B,4,8,1,1,18.0,buy,solar,100audit,home,60pct,36.0,rent350,grid,none,3km,none,907,100.0,8,,0,0,3.17,2.25,3.25,online
RESP_0383,K2,A,4,1,0,3,36.0,rent150,grid,cert50,home,40pct,30.0,buy,grid,100audit,1km,60pct,932,200.0,6,,0,0,2.33,2.5,2.5,online
RESP_0383,K2,A,8,2,0,1,18.0,buy,solar,cert50,home,none,24.0,rent150,solar,100audit,1km,60pct,932,200.0,10,,0,0,2.33,2.5,2.5,online
RESP_0383,K2,A,5,3,1,2,36.0,rent350,grid,none,3km,none,18.0,buy,solar,100audit,home,60pct,932,100.0,8,1,0,0,2.33,2.5,2.5,online
RESP_0383,K2,A,6,4,0,1,24.0,rent250,solar,cert50,3km,none,18.0,buy,grid,100audit,home,40pct,932,0.0,9,,0,0,2.33,2.5,2.5,online
RESP_0383,K2,A,7,5,0,3,30.0,rent150,grid,none,1km,60pct,36.0,rent250,solar,cert50,3km,none,932,100.0,8,,0,0,2.33,2.5,2.5,online
RESP_0383,K2,A,1,6,0,1,30.0,rent350,solar,100audit,home,none,18.0,rent150,grid,cert50,1km,40pct,932,200.0,10,3,0,0,2.33,2.5,2.5,online
RESP_0383,K2,A,3,7,0,2,18.0,rent250,grid,100audit,1km,none,24.0,rent350,solar,none,3km,40pct,932,100.0,6,,0,0,2.33,2.5,2.5,online
RESP_0383,K2,A,2,8,0,3,24.0,buy,solar,none,3km,60pct,36.0,buy,solar,100audit,home,none,932,0.0,6,,0,0,2.33,2.5,2.5,online
RESP_0384,K3,B,7,1,0,3,18.0,rent250,solar,none,3km,60pct,36.0,buy,grid,100audit,1km,none,1135,100.0,7,,0,0,3.0,3.0,3.75,online
RESP_0384,K3,B,5,2,0,3,36.0,buy,solar,none,home,60pct,18.0,rent150,grid,cert50,3km,none,1135,0.0,7,,0,0,3.0,3.0,3.75,online
RESP_0384,K3,B,4,3,0,3,30.0,rent250,grid,cert50,3km,40pct,24.0,rent350,solar,100audit,1km,none,1135,100.0,6,2,0,0,3.0,3.0,3.75,online
RESP_0384,K3,B,8,4,0,3,30.0,buy,grid,100audit,home,40pct,24.0,rent250,grid,cert50,3km,none,1135,0.0,5,,0,0,3.0,3.0,3.75,online
RESP_0384,K3,B,3,5,1,1,18.0,buy,solar,100audit,home,60pct,36.0,rent350,grid,none,3km,none,1135,100.0,8,,0,0,3.0,3.0,3.75,online
RESP_0384,K3,B,6,6,0,3,24.0,rent350,solar,100audit,1km,40pct,30.0,rent150,solar,cert50,home,none,1135,200.0,8,2,0,0,3.0,3.0,3.75,online
RESP_0384,K3,B,2,7,0,3,18.0,buy,solar,cert50,1km,60pct,36.0,rent350,grid,100audit,home,none,1135,200.0,8,,0,0,3.0,3.0,3.75,online
RESP_0384,K3,B,1,8,0,3,24.0,rent150,grid,100audit,home,none,30.0,buy,solar,none,3km,40pct,1135,0.0,6,,0,0,3.0,3.0,3.75,online
RESP_0385,K1,A,3,1,0,2,36.0,buy,solar,cert50,home,60pct,18.0,rent250,grid,none,3km,none,430,0.0,8,,0,0,2.33,3.25,3.5,online
RESP_0385,K1,A,5,2,0,3,30.0,rent150,solar,none,1km,40pct,24.0,buy,solar,cert50,home,none,430,200.0,4,,0,0,2.33,3.25,3.5,online
RESP_0385,K1,A,7,3,0,3,24.0,buy,grid,cert50,home,40pct,30.0,rent350,grid,100audit,3km,none,430,0.0,6,3,0,0,2.33,3.25,3.5,online
RESP_0385,K1,A,1,4,0,2,24.0,rent250,solar,none,1km,none,30.0,buy,grid,100audit,home,60pct,430,100.0,8,,0,0,2.33,3.25,3.5,online
RESP_0385,K1,A,4,5,1,1,18.0,buy,solar,100audit,home,60pct,36.0,rent350,grid,none,3km,none,430,100.0,10,,0,0,2.33,3.25,3.5,online
RESP_0385,K1,A,2,6,0,2,18.0,rent350,grid,cert50,3km,40pct,24.0,rent150,solar,100audit,1km,none,430,200.0,10,1,0,0,2.33,3.25,3.5,online
RESP_0385,K1,A,8,7,0,3,36.0,rent250,solar,100audit,1km,60pct,18.0,buy,grid,none,home,none,430,200.0,5,,0,0,2.33,3.25,3.5,online
RESP_0385,K1,A,6,8,0,3,18.0,rent150,grid,100audit,3km,none,36.0,rent250,solar,none,1km,60pct,430,100.0,4,,0,0,2.33,3.25,3.5,online
RESP_0386,K2,B,4,1,0,3,36.0,rent150,grid,cert50,home,40pct,30.0,buy,grid,100audit,1km,60pct,992,200.0,4,,0,0,3.0,2.25,2.5,online
RESP_0386,K2,B,6,2,0,3,24.0,rent250,solar,cert50,3km,none,18.0,buy,grid,100audit,home,40pct,992,0.0,5,,0,0,3.0,2.25,2.5,online
RESP_0386,K2,B,5,3,1,2,36.0,rent350,grid,none,3km,none,18.0,buy,solar,100audit,home,60pct,992,100.0,10,3,0,0,3.0,2.25,2.5,online
RESP_0386,K2,B,3,4,0,2,18.0,rent250,grid,100audit,1km,none,24.0,rent350,solar,none,3km,40pct,992,100.0,10,,0,0,3.0,2.25,2.5,online
RESP_0386,K2,B,1,5,0,2,30.0,rent350,solar,100audit,home,none,18.0,rent150,grid,cert50,1km,40pct,992,200.0,6,,0,0,3.0,2.25,2.5,online
RESP_0386,K2,B,8,6,0,3,18.0,buy,solar,cert50,home,none,24.0,rent150,solar,100audit,1km,60pct,992,200.0,8,1,0,0,3.0,2.25,2.5,online
RESP_0386,K2,B,2,7,0,1,24.0,buy,solar,none,3km,60pct,36.0,buy,solar,100audit,home,none,992,0.0,8,,0,0,3.0,2.25,2.5,online
RESP_0386,K2,B,7,8,0,3,30.0,rent150,grid,none,1km,60pct,36.0,rent250,solar,cert50,3km,none,992,100.0,6,,0,0,3.0,2.25,2.5,online
RESP_0387,K3,A,4,1,0,3,30.0,rent250,grid,cert50,3km,40pct,24.0,rent350,solar,100audit,1km,none,1238,100.0,4,,0,0,3.67,3.75,2.25,online
RESP_0387,K3,A,6,2,0,3,24.0,rent350,solar,100audit,1km,40pct,30.0,rent150,solar,cert50,home,none,1238,200.0,6,,0,0,3.67,3.75,2.25,online
RESP_0387,K3,A,3,3,1,1,18.0,buy,solar,100audit,home,60pct,36.0,rent350,grid,none,3km,none,1238,100.0,10,1,0,0,3.67,3.75,2.25,online
RESP_0387,K3,A,8,4,0,3,30.0,buy,grid,100audit,home,40pct,24.0,rent250,grid,cert50,3km,none,1238,0.0,5,,0,0,3.67,3.75,2.25,online
RESP_0387,K3,A,7,5,0,3,18.0,rent250,solar,none,3km,60pct,36.0,buy,grid,100audit,1km,none,1238,100.0,8,,0,0,3.67,3.75,2.25,online
RESP_0387,K3,A,1,6,0,3,24.0,rent150,grid,100audit,home,none,30.0,buy,solar,none,3km,40pct,1238,0.0,6,3,0,0,3.67,3.75,2.25,online
RESP_0387,K3,A,5,7,0,3,36.0,buy,solar,none,home,60pct,18.0,rent150,grid,cert50,3km,none,1238,0.0,7,,0,0,3.67,3.75,2.25,online
RESP_0387,K3,A,2,8,0,3,18.0,buy,solar,cert50,1km,60pct,36.0,rent350,grid,100audit,home,none,1238,200.0,5,,0,0,3.67,3.75,2.25,online
RESP_0388,K1,B,4,1,1,1,18.0,buy,solar,100audit,home,60pct,36.0,rent350,grid,none,3km,none,1327,100.0,6,,0,0,2.5,3.0,4.25,online
RESP_0388,K1,B,8,2,0,3,36.0,rent250,solar,100audit,1km,60pct,18.0,buy,grid,none,home,none,1327,200.0,6,,0,0,2.5,3.0,4.25,online
RESP_0388,K1,B,2,3,0,3,18.0,rent350,grid,cert50,3km,40pct,24.0,rent150,solar,100audit,1km,none,1327,200.0,6,1,0,0,2.5,3.0,4.25,online
RESP_0388,K1,B,3,4,0,3,36.0,buy,solar,cert50,home,60pct,18.0,rent250,grid,none,3km,none,1327,0.0,7,,0,0,2.5,3.0,4.25,online
RESP_0388,K1,B,1,5,0,3,24.0,rent250,solar,none,1km,none,30.0,buy,grid,100audit,home,60pct,1327,100.0,4,,0,0,2.5,3.0,4.25,online
RESP_0388,K1,B,7,6,0,1,24.0,buy,grid,cert50,home,40pct,30.0,rent350,grid,100audit,3km,none,1327,0.0,9,1,0,0,2.5,3.0,4.25,online
RESP_0388,K1,B,6,7,0,3,18.0,rent150,grid,100audit,3km,none,36.0,rent250,solar,none,1km,60pct,1327,100.0,6,,0,0,2.5,3.0,4.25,online
RESP_0388,K1,B,5,8,0,2,30.0,rent150,solar,none,1km,40pct,24.0,buy,solar,cert50,home,none,1327,200.0,8,,0,0,2.5,3.0,4.25,online
RESP_0389,K2,A,2,1,0,3,24.0,buy,solar,none,3km,60pct,36.0,buy,solar,100audit,home,none,1192,0.0,4,,0,0,2.67,3.5,3.5,online
RESP_0389,K2,A,8,2,0,3,18.0,buy,solar,cert50,home,none,24.0,rent150,solar,100audit,1km,60pct,1192,200.0,8,,0,0,2.67,3.5,3.5,online
RESP_0389,K2,A,3,3,0,3,18.0,rent250,grid,100audit,1km,none,24.0,rent350,solar,none,3km,40pct,1192,100.0,6,3,0,0,2.67,3.5,3.5,online
RESP_0389,K2,A,6,4,0,3,24.0,rent250,solar,cert50,3km,none,18.0,buy,grid,100audit,home,40pct,1192,0.0,6,,0,0,2.67,3.5,3.5,online
RESP_0389,K2,A,1,5,0,3,30.0,rent350,solar,100audit,home,none,18.0,rent150,grid,cert50,1km,40pct,1192,200.0,7,,0,0,2.67,3.5,3.5,online
RESP_0389,K2,A,4,6,0,1,36.0,rent150,grid,cert50,home,40pct,30.0,buy,grid,100audit,1km,60pct,1192,200.0,8,1,0,0,2.67,3.5,3.5,online
RESP_0389,K2,A,5,7,1,2,36.0,rent350,grid,none,3km,none,18.0,buy,solar,100audit,home,60pct,1192,100.0,9,,0,0,2.67,3.5,3.5,online
RESP_0389,K2,A,7,8,0,3,30.0,rent150,grid,none,1km,60pct,36.0,rent250,solar,cert50,3km,none,1192,100.0,8,,0,0,2.67,3.5,3.5,online
RESP_0390,K3,B,8,1,0,3,30.0,buy,grid,100audit,home,40pct,24.0,rent250,grid,cert50,3km,none,1349,0.0,7,,0,0,3.5,3.25,2.75,online
RESP_0390,K3,B,7,2,0,3,18.0,rent250,solar,none,3km,60pct,36.0,buy,grid,100audit,1km,none,1349,100.0,7,,0,0,3.5,3.25,2.75,online
RESP_0390,K3,B,6,3,0,3,24.0,rent350,solar,100audit,1km,40pct,30.0,rent150,solar,cert50,home,none,1349,200.0,8,1,0,0,3.5,3.25,2.75,online
RESP_0390,K3,B,3,4,1,1,18.0,buy,solar,100audit,home,60pct,36.0,rent350,grid,none,3km,none,1349,100.0,10,,0,0,3.5,3.25,2.75,online
RESP_0390,K3,B,5,5,0,1,36.0,buy,solar,none,home,60pct,18.0,rent150,grid,cert50,3km,none,1349,0.0,6,,0,0,3.5,3.25,2.75,online
RESP_0390,K3,B,1,6,0,1,24.0,rent150,grid,100audit,home,none,30.0,buy,solar,none,3km,40pct,1349,0.0,9,2,0,0,3.5,3.25,2.75,online
RESP_0390,K3,B,4,7,0,3,30.0,rent250,grid,cert50,3km,40pct,24.0,rent350,solar,100audit,1km,none,1349,100.0,7,,0,0,3.5,3.25,2.75,online
RESP_0390,K3,B,2,8,0,1,18.0,buy,solar,cert50,1km,60pct,36.0,rent350,grid,100audit,home,none,1349,200.0,7,,0,0,3.5,3.25,2.75,online
RESP_0391,K1,A,3,1,0,3,36.0,buy,solar,cert50,home,60pct,18.0,rent250,grid,none,3km,none,309,0.0,4,,0,0,3.0,2.75,4.0,online
RESP_0391,K1,A,7,2,0,3,24.0,buy,grid,cert50,home,40pct,30.0,rent350,grid,100audit,3km,none,309,0.0,8,,0,0,3.0,2.75,4.0,online
RESP_0391,K1,A,6,3,0,3,18.0,rent150,grid,100audit,3km,none,36.0,rent250,solar,none,1km,60pct,309,100.0,6,3,0,0,3.0,2.75,4.0,online
RESP_0391,K1,A,4,4,1,1,18.0,buy,solar,100audit,home,60pct,36.0,rent350,grid,none,3km,none,309,100.0,6,,0,0,3.0,2.75,4.0,online
RESP_0391,K1,A,5,5,0,2,30.0,rent150,solar,none,1km,40pct,24.0,buy,solar,cert50,home,none,309,200.0,8,,0,0,3.0,2.75,4.0,online
RESP_0391,K1,A,8,6,0,3,36.0,rent250,solar,100audit,1km,60pct,18.0,buy,grid,none,home,none,309,200.0,5,2,0,0,3.0,2.75,4.0,online
RESP_0391,K1,A,2,7,0,3,18.0,rent350,grid,cert50,3km,40pct,24.0,rent150,solar,100audit,1km,none,309,200.0,7,,0,0,3.0,2.75,4.0,online
RESP_0391,K1,A,1,8,0,1,24.0,rent250,solar,none,1km,none,30.0,buy,grid,100audit,home,60pct,309,100.0,6,,0,0,3.0,2.75,4.0,online
RESP_0392,K2,B,3,1,0,3,18.0,rent250,grid,100audit,1km,none,24.0,rent350,solar,none,3km,40pct,1338,100.0,7,,0,0,3.17,4.0,3.5,online
RESP_0392,K2,B,6,2,0,3,24.0,rent250,solar,cert50,3km,none,18.0,buy,grid,100audit,home,40pct,1338,0.0,7,,0,0,3.17,4.0,3.5,online
RESP_0392,K2,B,1,3,0,3,30.0,rent350,solar,100audit,home,none,18.0,rent150,grid,cert50,1km,40pct,1338,200.0,7,3,0,0,3.17,4.0,3.5,online
RESP_0392,K2,B,2,4,0,3,24.0,buy,solar,none,3km,60pct,36.0,buy,solar,100audit,home,none,1338,0.0,8,,0,0,3.17,4.0,3.5,online
RESP_0392,K2,B,4,5,0,3,36.0,rent150,grid,cert50,home,40pct,30.0,buy,grid,100audit,1km,60pct,1338,200.0,4,,0,0,3.17,4.0,3.5,online
RESP_0392,K2,B,8,6,0,1,18.0,buy,solar,cert50,home,none,24.0,rent150,solar,100audit,1km,60pct,1338,200.0,6,2,0,0,3.17,4.0,3.5,online
RESP_0392,K2,B,5,7,1,2,36.0,rent350,grid,none,3km,none,18.0,buy,solar,100audit,home,60pct,1338,100.0,8,,0,0,3.17,4.0,3.5,online
RESP_0392,K2,B,7,8,0,3,30.0,rent150,grid,none,1km,60pct,36.0,rent250,solar,cert50,3km,none,1338,100.0,8,,0,0,3.17,4.0,3.5,online
RESP_0393,K3,A,3,1,1,1,18.0,buy,solar,100audit,home,60pct,36.0,rent350,grid,none,3km,none,536,100.0,8,,0,0,3.33,3.0,2.25,online
RESP_0393,K3,A,8,2,0,3,30.0,buy,grid,100audit,home,40pct,24.0,rent250,grid,cert50,3km,none,536,0.0,4,,0,0,3.33,3.0,2.25,online
RESP_0393,K3,A,1,3,0,3,24.0,rent150,grid,100audit,home,none,30.0,buy,solar,none,3km,40pct,536,0.0,5,2,0,0,3.33,3.0,2.25,online
RESP_0393,K3,A,7,4,0,3,18.0,rent250,solar,none,3km,60pct,36.0,buy,grid,100audit,1km,none,536,100.0,7,,0,0,3.33,3.0,2.25,online
RESP_0393,K3,A,2,5,0,3,18.0,buy,solar,cert50,1km,60pct,36.0,rent350,grid,100audit,home,none,536,200.0,4,,0,0,3.33,3.0,2.25,online
RESP_0393,K3,A,5,6,0,3,36.0,buy,solar,none,home,60pct,18.0,rent150,grid,cert50,3km,none,536,0.0,7,3,0,0,3.33,3.0,2.25,online
RESP_0393,K3,A,6,7,0,3,24.0,rent350,solar,100audit,1km,40pct,30.0,rent150,solar,cert50,home,none,536,200.0,5,,0,0,3.33,3.0,2.25,online
RESP_0393,K3,A,4,8,0,3,30.0,rent250,grid,cert50,3km,40pct,24.0,rent350,solar,100audit,1km,none,536,100.0,8,,0,0,3.33,3.0,2.25,online
RESP_0394,K1,B,3,1,0,3,36.0,buy,solar,cert50,home,60pct,18.0,rent250,grid,none,3km,none,1422,0.0,4,,0,0,2.0,4.0,2.25,online
RESP_0394,K1,B,4,2,1,1,18.0,buy,solar,100audit,home,60pct,36.0,rent350,grid,none,3km,none,1422,100.0,10,,0,0,2.0,4.0,2.25,online
RESP_0394,K1,B,2,3,0,3,18.0,rent350,grid,cert50,3km,40pct,24.0,rent150,solar,100audit,1km,none,1422,200.0,5,2,0,0,2.0,4.0,2.25,online
RESP_0394,K1,B,8,4,0,1,36.0,rent250,solar,100audit,1km,60pct,18.0,buy,grid,none,home,none,1422,200.0,7,,0,0,2.0,4.0,2.25,online
RESP_0394,K1,B,1,5,0,1,24.0,rent250,solar,none,1km,none,30.0,buy,grid,100audit,home,60pct,1422,100.0,8,,0,0,2.0,4.0,2.25,online
RESP_0394,K1,B,7,6,0,1,24.0,buy,grid,cert50,home,40pct,30.0,rent350,grid,100audit,3km,none,1422,0.0,7,1,0,0,2.0,4.0,2.25,online
RESP_0394,K1,B,5,7,0,3,30.0,rent150,solar,none,1km,40pct,24.0,buy,solar,cert50,home,none,1422,200.0,6,,0,0,2.0,4.0,2.25,online
RESP_0394,K1,B,6,8,0,3,18.0,rent150,grid,100audit,3km,none,36.0,rent250,solar,none,1km,60pct,1422,100.0,7,,0,0,2.0,4.0,2.25,online
RESP_0395,K2,A,3,1,0,3,18.0,rent250,grid,100audit,1km,none,24.0,rent350,solar,none,3km,40pct,770,100.0,6,,0,0,4.33,3.25,3.5,online
RESP_0395,K2,A,8,2,0,2,18.0,buy,solar,cert50,home,none,24.0,rent150,solar,100audit,1km,60pct,770,200.0,6,,0,0,4.33,3.25,3.5,online
RESP_0395,K2,A,1,3,0,2,30.0,rent350,solar,100audit,home,none,18.0,rent150,grid,cert50,1km,40pct,770,200.0,10,2,0,0,4.33,3.25,3.5,online
RESP_0395,K2,A,2,4,0,3,24.0,buy,solar,none,3km,60pct,36.0,buy,solar,100audit,home,none,770,0.0,4,,0,0,4.33,3.25,3.5,online
RESP_0395,K2,A,5,5,1,2,36.0,rent350,grid,none,3km,none,18.0,buy,solar,100audit,home,60pct,770,100.0,7,,0,0,4.33,3.25,3.5,online
RESP_0395,K2,A,7,6,0,3,30.0,rent150,grid,none,1km,60pct,36.0,rent250,solar,cert50,3km,none,770,100.0,7,1,0,0,4.33,3.25,3.5,online
RESP_0395,K2,A,6,7,0,3,24.0,rent250,solar,cert50,3km,none,18.0,buy,grid,100audit,home,40pct,770,0.0,7,,0,0,4.33,3.25,3.5,online
RESP_0395,K2,A,4,8,0,3,36.0,rent150,grid,cert50,home,40pct,30.0,buy,grid,100audit,1km,60pct,770,200.0,4,,0,0,4.33,3.25,3.5,online
RESP_0396,K3,B,4,1,0,1,30.0,rent250,grid,cert50,3km,40pct,24.0,rent350,solar,100audit,1km,none,727,100.0,6,,0,0,2.5,3.5,3.5,online
RESP_0396,K3,B,8,2,0,3,30.0,buy,grid,100audit,home,40pct,24.0,rent250,grid,cert50,3km,none,727,0.0,7,,0,0,2.5,3.5,3.5,online
RESP_0396,K3,B,7,3,0,1,18.0,rent250,solar,none,3km,60pct,36.0,buy,grid,100audit,1km,none,727,100.0,9,3,0,0,2.5,3.5,3.5,online
RESP_0396,K3,B,3,4,1,1,18.0,buy,solar,100audit,home,60pct,36.0,rent350,grid,none,3km,none,727,100.0,7,,0,0,2.5,3.5,3.5,online
RESP_0396,K3,B,5,5,0,2,36.0,buy,solar,none,home,60pct,18.0,rent150,grid,cert50,3km,none,727,0.0,10,,0,0,2.5,3.5,3.5,online
RESP_0396,K3,B,1,6,0,3,24.0,rent150,grid,100audit,home,none,30.0,buy,solar,none,3km,40pct,727,0.0,7,2,0,0,2.5,3.5,3.5,online
RESP_0396,K3,B,6,7,0,1,24.0,rent350,solar,100audit,1km,40pct,30.0,rent150,solar,cert50,home,none,727,200.0,6,,0,0,2.5,3.5,3.5,online
RESP_0396,K3,B,2,8,0,2,18.0,buy,solar,cert50,1km,60pct,36.0,rent350,grid,100audit,home,none,727,200.0,7,,0,0,2.5,3.5,3.5,online
RESP_0397,K1,A,2,1,0,3,18.0,rent350,grid,cert50,3km,40pct,24.0,rent150,solar,100audit,1km,none,261,200.0,7,,0,0,2.67,3.5,2.75,online
RESP_0397,K1,A,1,2,0,3,24.0,rent250,solar,none,1km,none,30.0,buy,grid,100audit,home,60pct,261,100.0,8,,0,0,2.67,3.5,2.75,online
RESP_0397,K1,A,8,3,0,3,36.0,rent250,solar,100audit,1km,60pct,18.0,buy,grid,none,home,none,261,200.0,7,3,0,0,2.67,3.5,2.75,online
RESP_0397,K1,A,5,4,0,3,30.0,rent150,solar,none,1km,40pct,24.0,buy,solar,cert50,home,none,261,200.0,7,,0,0,2.67,3.5,2.75,online
RESP_0397,K1,A,4,5,1,1,18.0,buy,solar,100audit,home,60pct,36.0,rent350,grid,none,3km,none,261,100.0,10,,0,0,2.67,3.5,2.75,online
RESP_0397,K1,A,7,6,0,3,24.0,buy,grid,cert50,home,40pct,30.0,rent350,grid,100audit,3km,none,261,0.0,7,3,0,0,2.67,3.5,2.75,online
RESP_0397,K1,A,6,7,0,3,18.0,rent150,grid,100audit,3km,none,36.0,rent250,solar,none,1km,60pct,261,100.0,7,,0,0,2.67,3.5,2.75,online
RESP_0397,K1,A,3,8,0,3,36.0,buy,solar,cert50,home,60pct,18.0,rent250,grid,none,3km,none,261,0.0,6,,0,0,2.67,3.5,2.75,online
RESP_0398,K2,B,8,1,0,3,18.0,buy,solar,cert50,home,none,24.0,rent150,solar,100audit,1km,60pct,1164,200.0,7,,0,0,2.5,3.25,4.5,online
RESP_0398,K2,B,3,2,0,3,18.0,rent250,grid,100audit,1km,none,24.0,rent350,solar,none,3km,40pct,1164,100.0,8,,0,0,2.5,3.25,4.5,online
RESP_0398,K2,B,6,3,0,3,24.0,rent250,solar,cert50,3km,none,18.0,buy,grid,100audit,home,40pct,1164,0.0,4,2,0,0,2.5,3.25,4.5,online
RESP_0398,K2,B,1,4,0,2,30.0,rent350,solar,100audit,home,none,18.0,rent150,grid,cert50,1km,40pct,1164,200.0,10,,0,0,2.5,3.25,4.5,online
RESP_0398,K2,B,4,5,0,2,36.0,rent150,grid,cert50,home,40pct,30.0,buy,grid,100audit,1km,60pct,1164,200.0,6,,0,0,2.5,3.25,4.5,online
RESP_0398,K2,B,5,6,1,2,36.0,rent350,grid,none,3km,none,18.0,buy,solar,100audit,home,60pct,1164,100.0,6,1,0,0,2.5,3.25,4.5,online
RESP_0398,K2,B,2,7,0,3,24.0,buy,solar,none,3km,60pct,36.0,buy,solar,100audit,home,none,1164,0.0,8,,0,0,2.5,3.25,4.5,online
RESP_0398,K2,B,7,8,0,3,30.0,rent150,grid,none,1km,60pct,36.0,rent250,solar,cert50,3km,none,1164,100.0,6,,0,0,2.5,3.25,4.5,online
RESP_0399,K3,A,4,1,0,3,30.0,rent250,grid,cert50,3km,40pct,24.0,rent350,solar,100audit,1km,none,957,100.0,5,,0,0,3.5,4.25,2.5,online
RESP_0399,K3,A,1,2,0,3,24.0,rent150,grid,100audit,home,none,30.0,buy,solar,none,3km,40pct,957,0.0,4,,0,0,3.5,4.25,2.5,online
RESP_0399,K3,A,6,3,0,1,24.0,rent350,solar,100audit,1km,40pct,30.0,rent150,solar,cert50,home,none,957,200.0,7,3,0,0,3.5,4.25,2.5,online
RESP_0399,K3,A,3,4,1,1,18.0,buy,solar,100audit,home,60pct,36.0,rent350,grid,none,3km,none,957,100.0,8,,0,0,3.5,4.25,2.5,online
RESP_0399,K3,A,8,5,0,3,30.0,buy,grid,100audit,home,40pct,24.0,rent250,grid,cert50,3km,none,957,0.0,7,,0,0,3.5,4.25,2.5,online
RESP_0399,K3,A,2,6,0,3,18.0,buy,solar,cert50,1km,60pct,36.0,rent350,grid,100audit,home,none,957,200.0,8,1,0,0,3.5,4.25,2.5,online
RESP_0399,K3,A,7,7,0,3,18.0,rent250,solar,none,3km,60pct,36.0,buy,grid,100audit,1km,none,957,100.0,5,,0,0,3.5,4.25,2.5,online
RESP_0399,K3,A,5,8,0,3,36.0,buy,solar,none,home,60pct,18.0,rent150,grid,cert50,3km,none,957,0.0,4,,0,0,3.5,4.25,2.5,online
RESP_0400,K1,B,6,1,0,3,18.0,rent150,grid,100audit,3km,none,36.0,rent250,solar,none,1km,60pct,995,100.0,7,,0,0,2.83,3.25,2.25,online
RESP_0400,K1,B,1,2,0,3,24.0,rent250,solar,none,1km,none,30.0,buy,grid,100audit,home,60pct,995,100.0,4,,0,0,2.83,3.25,2.25,online
RESP_0400,K1,B,2,3,0,3,18.0,rent350,grid,cert50,3km,40pct,24.0,rent150,solar,100audit,1km,none,995,200.0,4,2,0,0,2.83,3.25,2.25,online
RESP_0400,K1,B,4,4,1,2,18.0,buy,solar,100audit,home,60pct,36.0,rent350,grid,none,3km,none,995,100.0,7,,0,0,2.83,3.25,2.25,online
RESP_0400,K1,B,3,5,0,3,36.0,buy,solar,cert50,home,60pct,18.0,rent250,grid,none,3km,none,995,0.0,6,,0,0,2.83,3.25,2.25,online
RESP_0400,K1,B,5,6,0,2,30.0,rent150,solar,none,1km,40pct,24.0,buy,solar,cert50,home,none,995,200.0,8,1,0,0,2.83,3.25,2.25,online
RESP_0400,K1,B,7,7,0,3,24.0,buy,grid,cert50,home,40pct,30.0,rent350,grid,100audit,3km,none,995,0.0,4,,0,0,2.83,3.25,2.25,online
RESP_0400,K1,B,8,8,0,3,36.0,rent250,solar,100audit,1km,60pct,18.0,buy,grid,none,home,none,995,200.0,7,,0,0,2.83,3.25,2.25,online
RESP_0401,K2,A,2,1,0,3,24.0,buy,solar,none,3km,60pct,36.0,buy,solar,100audit,home,none,959,0.0,7,,0,0,2.67,3.75,2.5,online
RESP_0401,K2,A,8,2,0,3,18.0,buy,solar,cert50,home,none,24.0,rent150,solar,100audit,1km,60pct,959,200.0,8,,0,0,2.67,3.75,2.5,online
RESP_0401,K2,A,3,3,0,1,18.0,rent250,grid,100audit,1km,none,24.0,rent350,solar,none,3km,40pct,959,100.0,10,3,0,0,2.67,3.75,2.5,online
RESP_0401,K2,A,5,4,1,2,36.0,rent350,grid,none,3km,none,18.0,buy,solar,100audit,home,60pct,959,100.0,6,,0,0,2.67,3.75,2.5,online
RESP_0401,K2,A,4,5,0,3,36.0,rent150,grid,cert50,home,40pct,30.0,buy,grid,100audit,1km,60pct,959,200.0,5,,0,0,2.67,3.75,2.5,online
RESP_0401,K2,A,6,6,0,2,24.0,rent250,solar,cert50,3km,none,18.0,buy,grid,100audit,home,40pct,959,0.0,9,1,0,0,2.67,3.75,2.5,online
RESP_0401,K2,A,7,7,0,3,30.0,rent150,grid,none,1km,60pct,36.0,rent250,solar,cert50,3km,none,959,100.0,7,,0,0,2.67,3.75,2.5,online
RESP_0401,K2,A,1,8,0,1,30.0,rent350,solar,100audit,home,none,18.0,rent150,grid,cert50,1km,40pct,959,200.0,6,,0,0,2.67,3.75,2.5,online
RESP_0402,K3,B,7,1,0,3,18.0,rent250,solar,none,3km,60pct,36.0,buy,grid,100audit,1km,none,1215,100.0,8,,0,0,2.33,3.25,2.25,online
RESP_0402,K3,B,4,2,0,3,30.0,rent250,grid,cert50,3km,40pct,24.0,rent350,solar,100audit,1km,none,1215,100.0,7,,0,0,2.33,3.25,2.25,online
RESP_0402,K3,B,2,3,0,1,18.0,buy,solar,cert50,1km,60pct,36.0,rent350,grid,100audit,home,none,1215,200.0,6,3,0,0,2.33,3.25,2.25,online
RESP_0402,K3,B,1,4,0,3,24.0,rent150,grid,100audit,home,none,30.0,buy,solar,none,3km,40pct,1215,0.0,4,,0,0,2.33,3.25,2.25,online
RESP_0402,K3,B,3,5,1,1,18.0,buy,solar,100audit,home,60pct,36.0,rent350,grid,none,3km,none,1215,100.0,7,,0,0,2.33,3.25,2.25,online
RESP_0402,K3,B,5,6,0,3,36.0,buy,solar,none,home,60pct,18.0,rent150,grid,cert50,3km,none,1215,0.0,6,2,0,0,2.33,3.25,2.25,online
RESP_0402,K3,B,8,7,0,3,30.0,buy,grid,100audit,home,40pct,24.0,rent250,grid,cert50,3km,none,1215,0.0,4,,0,0,2.33,3.25,2.25,online
RESP_0402,K3,B,6,8,0,3,24.0,rent350,solar,100audit,1km,40pct,30.0,rent150,solar,cert50,home,none,1215,200.0,4,,0,0,2.33,3.25,2.25,online
RESP_0403,K1,A,4,1,1,1,18.0,buy,solar,100audit,home,60pct,36.0,rent350,grid,none,3km,none,1070,100.0,6,,0,0,3.67,3.25,3.25,online
RESP_0403,K1,A,3,2,0,2,36.0,buy,solar,cert50,home,60pct,18.0,rent250,grid,none,3km,none,1070,0.0,9,,0,0,3.67,3.25,3.25,online
RESP_0403,K1,A,1,3,0,2,24.0,rent250,solar,none,1km,none,30.0,buy,grid,100audit,home,60pct,1070,100.0,8,3,0,0,3.67,3.25,3.25,online
RESP_0403,K1,A,5,4,0,3,30.0,rent150,solar,none,1km,40pct,24.0,buy,solar,cert50,home,none,1070,200.0,8,,0,0,3.67,3.25,3.25,online
RESP_0403,K1,A,2,5,0,3,18.0,rent350,grid,cert50,3km,40pct,24.0,rent150,solar,100audit,1km,none,1070,200.0,7,,0,0,3.67,3.25,3.25,online
RESP_0403,K1,A,8,6,0,2,36.0,rent250,solar,100audit,1km,60pct,18.0,buy,grid,none,home,none,1070,200.0,6,2,0,0,3.67,3.25,3.25,online
RESP_0403,K1,A,6,7,0,1,18.0,rent150,grid,100audit,3km,none,36.0,rent250,solar,none,1km,60pct,1070,100.0,8,,0,0,3.67,3.25,3.25,online
RESP_0403,K1,A,7,8,0,3,24.0,buy,grid,cert50,home,40pct,30.0,rent350,grid,100audit,3km,none,1070,0.0,4,,0,0,3.67,3.25,3.25,online
RESP_0404,K2,B,2,1,0,3,24.0,buy,solar,none,3km,60pct,36.0,buy,solar,100audit,home,none,966,0.0,6,,0,0,2.83,3.0,3.0,online
RESP_0404,K2,B,6,2,0,3,24.0,rent250,solar,cert50,3km,none,18.0,buy,grid,100audit,home,40pct,966,0.0,4,,0,0,2.83,3.0,3.0,online
RESP_0404,K2,B,4,3,0,3,36.0,rent150,grid,cert50,home,40pct,30.0,buy,grid,100audit,1km,60pct,966,200.0,8,1,0,0,2.83,3.0,3.0,online
RESP_0404,K2,B,1,4,0,3,30.0,rent350,solar,100audit,home,none,18.0,rent150,grid,cert50,1km,40pct,966,200.0,4,,0,0,2.83,3.0,3.0,online
RESP_0404,K2,B,5,5,1,2,36.0,rent350,grid,none,3km,none,18.0,buy,solar,100audit,home,60pct,966,100.0,7,,0,0,2.83,3.0,3.0,online
RESP_0404,K2,B,8,6,0,3,18.0,buy,solar,cert50,home,none,24.0,rent150,solar,100audit,1km,60pct,966,200.0,7,2,0,0,2.83,3.0,3.0,online
RESP_0404,K2,B,3,7,0,1,18.0,rent250,grid,100audit,1km,none,24.0,rent350,solar,none,3km,40pct,966,100.0,10,,0,0,2.83,3.0,3.0,online
RESP_0404,K2,B,7,8,0,3,30.0,rent150,grid,none,1km,60pct,36.0,rent250,solar,cert50,3km,none,966,100.0,5,,0,0,2.83,3.0,3.0,online
RESP_0405,K3,A,5,1,0,2,36.0,buy,solar,none,home,60pct,18.0,rent150,grid,cert50,3km,none,1193,0.0,9,,0,0,2.83,4.25,3.25,online
RESP_0405,K3,A,4,2,0,2,30.0,rent250,grid,cert50,3km,40pct,24.0,rent350,solar,100audit,1km,none,1193,100.0,7,,0,0,2.83,4.25,3.25,online
RESP_0405,K3,A,7,3,0,3,18.0,rent250,solar,none,3km,60pct,36.0,buy,grid,100audit,1km,none,1193,100.0,4,3,0,0,2.83,4.25,3.25,online
RESP_0405,K3,A,3,4,1,1,18.0,buy,solar,100audit,home,60pct,36.0,rent350,grid,none,3km,none,1193,100.0,6,,0,0,2.83,4.25,3.25,online
RESP_0405,K3,A,6,5,0,3,24.0,rent350,solar,100audit,1km,40pct,30.0,rent150,solar,cert50,home,none,1193,200.0,8,,0,0,2.83,4.25,3.25,online
RESP_0405,K3,A,2,6,0,1,18.0,buy,solar,cert50,1km,60pct,36.0,rent350,grid,100audit,home,none,1193,200.0,10,3,0,0,2.83,4.25,3.25,online
RESP_0405,K3,A,8,7,0,3,30.0,buy,grid,100audit,home,40pct,24.0,rent250,grid,cert50,3km,none,1193,0.0,7,,0,0,2.83,4.25,3.25,online
RESP_0405,K3,A,1,8,0,3,24.0,rent150,grid,100audit,home,none,30.0,buy,solar,none,3km,40pct,1193,0.0,4,,0,0,2.83,4.25,3.25,online
RESP_0406,K1,B,2,1,0,3,18.0,rent350,grid,cert50,3km,40pct,24.0,rent150,solar,100audit,1km,none,313,200.0,8,,0,0,3.5,3.0,2.5,online
RESP_0406,K1,B,4,2,1,1,18.0,buy,solar,100audit,home,60pct,36.0,rent350,grid,none,3km,none,313,100.0,9,,0,0,3.5,3.0,2.5,online
RESP_0406,K1,B,8,3,0,3,36.0,rent250,solar,100audit,1km,60pct,18.0,buy,grid,none,home,none,313,200.0,6,1,0,0,3.5,3.0,2.5,online
RESP_0406,K1,B,6,4,0,1,18.0,rent150,grid,100audit,3km,none,36.0,rent250,solar,none,1km,60pct,313,100.0,8,,0,0,3.5,3.0,2.5,online
RESP_0406,K1,B,1,5,0,3,24.0,rent250,solar,none,1km,none,30.0,buy,grid,100audit,home,60pct,313,100.0,5,,0,0,3.5,3.0,2.5,online
RESP_0406,K1,B,7,6,0,3,24.0,buy,grid,cert50,home,40pct,30.0,rent350,grid,100audit,3km,none,313,0.0,5,2,0,0,3.5,3.0,2.5,online
RESP_0406,K1,B,3,7,0,3,36.0,buy,solar,cert50,home,60pct,18.0,rent250,grid,none,3km,none,313,0.0,7,,0,0,3.5,3.0,2.5,online
RESP_0406,K1,B,5,8,0,2,30.0,rent150,solar,none,1km,40pct,24.0,buy,solar,cert50,home,none,313,200.0,9,,0,0,3.5,3.0,2.5,online
RESP_0407,K2,A,8,1,0,3,18.0,buy,solar,cert50,home,none,24.0,rent150,solar,100audit,1km,60pct,1069,200.0,5,,0,0,2.5,3.25,2.0,online
RESP_0407,K2,A,3,2,0,3,18.0,rent250,grid,100audit,1km,none,24.0,rent350,solar,none,3km,40pct,1069,100.0,7,,0,0,2.5,3.25,2.0,online
RESP_0407,K2,A,7,3,0,3,30.0,rent150,grid,none,1km,60pct,36.0,rent250,solar,cert50,3km,none,1069,100.0,4,3,0,0,2.5,3.25,2.0,online
RESP_0407,K2,A,2,4,0,3,24.0,buy,solar,none,3km,60pct,36.0,buy,solar,100audit,home,none,1069,0.0,5,,0,0,2.5,3.25,2.0,online
RESP_0407,K2,A,6,5,0,3,24.0,rent250,solar,cert50,3km,none,18.0,buy,grid,100audit,home,40pct,1069,0.0,6,,0,0,2.5,3.25,2.0,online
RESP_0407,K2,A,5,6,1,2,36.0,rent350,grid,none,3km,none,18.0,buy,solar,100audit,home,60pct,1069,100.0,10,3,0,0,2.5,3.25,2.0,online
RESP_0407,K2,A,1,7,0,3,30.0,rent350,solar,100audit,home,none,18.0,rent150,grid,cert50,1km,40pct,1069,200.0,6,,0,0,2.5,3.25,2.0,online
RESP_0407,K2,A,4,8,0,3,36.0,rent150,grid,cert50,home,40pct,30.0,buy,grid,100audit,1km,60pct,1069,200.0,8,,0,0,2.5,3.25,2.0,online
RESP_0408,K3,B,5,1,0,3,36.0,buy,solar,none,home,60pct,18.0,rent150,grid,cert50,3km,none,656,0.0,8,,0,0,2.67,3.75,3.0,online
RESP_0408,K3,B,2,2,0,3,18.0,buy,solar,cert50,1km,60pct,36.0,rent350,grid,100audit,home,none,656,200.0,7,,0,0,2.67,3.75,3.0,online
RESP_0408,K3,B,4,3,0,2,30.0,rent250,grid,cert50,3km,40pct,24.0,rent350,solar,100audit,1km,none,656,100.0,8,3,0,0,2.67,3.75,3.0,online
RESP_0408,K3,B,6,4,0,3,24.0,rent350,solar,100audit,1km,40pct,30.0,rent150,solar,cert50,home,none,656,200.0,8,,0,0,2.67,3.75,3.0,online
RESP_0408,K3,B,8,5,0,3,30.0,buy,grid,100audit,home,40pct,24.0,rent250,grid,cert50,3km,none,656,0.0,6,,0,0,2.67,3.75,3.0,online
RESP_0408,K3,B,7,6,0,1,18.0,rent250,solar,none,3km,60pct,36.0,buy,grid,100audit,1km,none,656,100.0,6,2,0,0,2.67,3.75,3.0,online
RESP_0408,K3,B,1,7,0,3,24.0,rent150,grid,100audit,home,none,30.0,buy,solar,none,3km,40pct,656,0.0,6,,0,0,2.67,3.75,3.0,online
RESP_0408,K3,B,3,8,1,1,18.0,buy,solar,100audit,home,60pct,36.0,rent350,grid,none,3km,none,656,100.0,10,,0,0,2.67,3.75,3.0,online
RESP_0409,K1,A,7,1,0,3,24.0,buy,grid,cert50,home,40pct,30.0,rent350,grid,100audit,3km,none,658,0.0,5,,0,0,2.83,3.25,1.75,online
RESP_0409,K1,A,8,2,0,3,36.0,rent250,solar,100audit,1km,60pct,18.0,buy,grid,none,home,none,658,200.0,8,,0,0,2.83,3.25,1.75,online
RESP_0409,K1,A,1,3,0,3,24.0,rent250,solar,none,1km,none,30.0,buy,grid,100audit,home,60pct,658,100.0,4,3,0,0,2.83,3.25,1.75,online
RESP_0409,K1,A,5,4,0,1,30.0,rent150,solar,none,1km,40pct,24.0,buy,solar,cert50,home,none,658,200.0,7,,0,0,2.83,3.25,1.75,online
RESP_0409,K1,A,4,5,1,1,18.0,buy,solar,100audit,home,60pct,36.0,rent350,grid,none,3km,none,658,100.0,8,,0,0,2.83,3.25,1.75,online
RESP_0409,K1,A,6,6,0,1,18.0,rent150,grid,100audit,3km,none,36.0,rent250,solar,none,1km,60pct,658,100.0,8,2,0,0,2.83,3.25,1.75,online
RESP_0409,K1,A,3,7,0,3,36.0,buy,solar,cert50,home,60pct,18.0,rent250,grid,none,3km,none,658,0.0,5,,0,0,2.83,3.25,1.75,online
RESP_0409,K1,A,2,8,0,3,18.0,rent350,grid,cert50,3km,40pct,24.0,rent150,solar,100audit,1km,none,658,200.0,6,,0,0,2.83,3.25,1.75,online
RESP_0410,K2,B,3,1,0,3,18.0,rent250,grid,100audit,1km,none,24.0,rent350,solar,none,3km,40pct,732,100.0,4,,0,0,2.0,2.25,3.75,online
RESP_0410,K2,B,8,2,0,1,18.0,buy,solar,cert50,home,none,24.0,rent150,solar,100audit,1km,60pct,732,200.0,10,,0,0,2.0,2.25,3.75,online
RESP_0410,K2,B,1,3,0,3,30.0,rent350,solar,100audit,home,none,18.0,rent150,grid,cert50,1km,40pct,732,200.0,4,2,0,0,2.0,2.25,3.75,online
RESP_0410,K2,B,5,4,1,2,36.0,rent350,grid,none,3km,none,18.0,buy,solar,100audit,home,60pct,732,100.0,10,,0,0,2.0,2.25,3.75,online
RESP_0410,K2,B,6,5,0,1,24.0,rent250,solar,cert50,3km,none,18.0,buy,grid,100audit,home,40pct,732,0.0,7,,0,0,2.0,2.25,3.75,online
RESP_0410,K2,B,2,6,0,3,24.0,buy,solar,none,3km,60pct,36.0,buy,solar,100audit,home,none,732,0.0,6,2,0,0,2.0,2.25,3.75,online
RESP_0410,K2,B,7,7,0,2,30.0,rent150,grid,none,1km,60pct,36.0,rent250,solar,cert50,3km,none,732,100.0,10,,0,0,2.0,2.25,3.75,online
RESP_0410,K2,B,4,8,0,3,36.0,rent150,grid,cert50,home,40pct,30.0,buy,grid,100audit,1km,60pct,732,200.0,4,,0,0,2.0,2.25,3.75,online
RESP_0411,K3,A,3,1,1,1,18.0,buy,solar,100audit,home,60pct,36.0,rent350,grid,none,3km,none,615,100.0,7,,0,0,3.33,3.5,2.5,online
RESP_0411,K3,A,8,2,0,3,30.0,buy,grid,100audit,home,40pct,24.0,rent250,grid,cert50,3km,none,615,0.0,7,,0,0,3.33,3.5,2.5,online
RESP_0411,K3,A,6,3,0,3,24.0,rent350,solar,100audit,1km,40pct,30.0,rent150,solar,cert50,home,none,615,200.0,7,1,0,0,3.33,3.5,2.5,online
RESP_0411,K3,A,2,4,0,3,18.0,buy,solar,cert50,1km,60pct,36.0,rent350,grid,100audit,home,none,615,200.0,4,,0,0,3.33,3.5,2.5,online
RESP_0411,K3,A,7,5,0,3,18.0,rent250,solar,none,3km,60pct,36.0,buy,grid,100audit,1km,none,615,100.0,6,,0,0,3.33,3.5,2.5,online
RESP_0411,K3,A,5,6,0,3,36.0,buy,solar,none,home,60pct,18.0,rent150,grid,cert50,3km,none,615,0.0,7,1,0,0,3.33,3.5,2.5,online
RESP_0411,K3,A,4,7,0,3,30.0,rent250,grid,cert50,3km,40pct,24.0,rent350,solar,100audit,1km,none,615,100.0,6,,0,0,3.33,3.5,2.5,online
RESP_0411,K3,A,1,8,0,3,24.0,rent150,grid,100audit,home,none,30.0,buy,solar,none,3km,40pct,615,0.0,8,,0,0,3.33,3.5,2.5,online
RESP_0412,K1,B,1,1,0,1,24.0,rent250,solar,none,1km,none,30.0,buy,grid,100audit,home,60pct,1305,100.0,8,,0,0,3.0,4.0,2.5,online
RESP_0412,K1,B,3,2,0,3,36.0,buy,solar,cert50,home,60pct,18.0,rent250,grid,none,3km,none,1305,0.0,5,,0,0,3.0,4.0,2.5,online
RESP_0412,K1,B,2,3,0,2,18.0,rent350,grid,cert50,3km,40pct,24.0,rent150,solar,100audit,1km,none,1305,200.0,9,1,0,0,3.0,4.0,2.5,online
RESP_0412,K1,B,7,4,0,3,24.0,buy,grid,cert50,home,40pct,30.0,rent350,grid,100audit,3km,none,1305,0.0,4,,0,0,3.0,4.0,2.5,online
RESP_0412,K1,B,5,5,0,3,30.0,rent150,solar,none,1km,40pct,24.0,buy,solar,cert50,home,none,1305,200.0,5,,0,0,3.0,4.0,2.5,online
RESP_0412,K1,B,4,6,1,1,18.0,buy,solar,100audit,home,60pct,36.0,rent350,grid,none,3km,none,1305,100.0,9,1,0,0,3.0,4.0,2.5,online
RESP_0412,K1,B,6,7,0,3,18.0,rent150,grid,100audit,3km,none,36.0,rent250,solar,none,1km,60pct,1305,100.0,4,,0,0,3.0,4.0,2.5,online
RESP_0412,K1,B,8,8,0,2,36.0,rent250,solar,100audit,1km,60pct,18.0,buy,grid,none,home,none,1305,200.0,7,,0,0,3.0,4.0,2.5,online
RESP_0413,K2,A,8,1,0,2,18.0,buy,solar,cert50,home,none,24.0,rent150,solar,100audit,1km,60pct,1149,200.0,9,,0,0,2.33,3.5,3.25,online
RESP_0413,K2,A,7,2,0,3,30.0,rent150,grid,none,1km,60pct,36.0,rent250,solar,cert50,3km,none,1149,100.0,4,,0,0,2.33,3.5,3.25,online
RESP_0413,K2,A,2,3,0,3,24.0,buy,solar,none,3km,60pct,36.0,buy,solar,100audit,home,none,1149,0.0,7,3,0,0,2.33,3.5,3.25,online
RESP_0413,K2,A,1,4,0,1,30.0,rent350,solar,100audit,home,none,18.0,rent150,grid,cert50,1km,40pct,1149,200.0,9,,0,0,2.33,3.5,3.25,online
RESP_0413,K2,A,6,5,0,2,24.0,rent250,solar,cert50,3km,none,18.0,buy,grid,100audit,home,40pct,1149,0.0,10,,0,0,2.33,3.5,3.25,online
RESP_0413,K2,A,4,6,0,2,36.0,rent150,grid,cert50,home,40pct,30.0,buy,grid,100audit,1km,60pct,1149,200.0,6,3,0,0,2.33,3.5,3.25,online
RESP_0413,K2,A,3,7,0,2,18.0,rent250,grid,100audit,1km,none,24.0,rent350,solar,none,3km,40pct,1149,100.0,6,,0,0,2.33,3.5,3.25,online
RESP_0413,K2,A,5,8,1,2,36.0,rent350,grid,none,3km,none,18.0,buy,solar,100audit,home,60pct,1149,100.0,7,,0,0,2.33,3.5,3.25,online
RESP_0414,K3,B,3,1,1,1,18.0,buy,solar,100audit,home,60pct,36.0,rent350,grid,none,3km,none,604,100.0,10,,0,0,3.33,3.25,3.25,online
RESP_0414,K3,B,8,2,0,3,30.0,buy,grid,100audit,home,40pct,24.0,rent250,grid,cert50,3km,none,604,0.0,6,,0,0,3.33,3.25,3.25,online
RESP_0414,K3,B,2,3,0,3,18.0,buy,solar,cert50,1km,60pct,36.0,rent350,grid,100audit,home,none,604,200.0,4,1,0,0,3.33,3.25,3.25,online
RESP_0414,K3,B,4,4,0,3,30.0,rent250,grid,cert50,3km,40pct,24.0,rent350,solar,100audit,1km,none,604,100.0,4,,0,0,3.33,3.25,3.25,online
RESP_0414,K3,B,6,5,0,2,24.0,rent350,solar,100audit,1km,40pct,30.0,rent150,solar,cert50,home,none,604,200.0,9,,0,0,3.33,3.25,3.25,online
RESP_0414,K3,B,7,6,0,3,18.0,rent250,solar,none,3km,60pct,36.0,buy,grid,100audit,1km,none,604,100.0,8,2,0,0,3.33,3.25,3.25,online
RESP_0414,K3,B,1,7,0,1,24.0,rent150,grid,100audit,home,none,30.0,buy,solar,none,3km,40pct,604,0.0,6,,0,0,3.33,3.25,3.25,online
RESP_0414,K3,B,5,8,0,3,36.0,buy,solar,none,home,60pct,18.0,rent150,grid,cert50,3km,none,604,0.0,6,,0,0,3.33,3.25,3.25,online
RESP_0415,K1,A,5,1,0,3,30.0,rent150,solar,none,1km,40pct,24.0,buy,solar,cert50,home,none,414,200.0,5,,0,0,2.83,3.0,2.75,online
RESP_0415,K1,A,6,2,0,1,18.0,rent150,grid,100audit,3km,none,36.0,rent250,solar,none,1km,60pct,414,100.0,10,,0,0,2.83,3.0,2.75,online
RESP_0415,K1,A,8,3,0,2,36.0,rent250,solar,100audit,1km,60pct,18.0,buy,grid,none,home,none,414,200.0,9,3,0,0,2.83,3.0,2.75,online
RESP_0415,K1,A,3,4,0,3,36.0,buy,solar,cert50,home,60pct,18.0,rent250,grid,none,3km,none,414,0.0,4,,0,0,2.83,3.0,2.75,online
RESP_0415,K1,A,4,5,1,1,18.0,buy,solar,100audit,home,60pct,36.0,rent350,grid,none,3km,none,414,100.0,10,,0,0,2.83,3.0,2.75,online
RESP_0415,K1,A,2,6,0,3,18.0,rent350,grid,cert50,3km,40pct,24.0,rent150,solar,100audit,1km,none,414,200.0,5,1,0,0,2.83,3.0,2.75,online
RESP_0415,K1,A,1,7,0,3,24.0,rent250,solar,none,1km,none,30.0,buy,grid,100audit,home,60pct,414,100.0,6,,0,0,2.83,3.0,2.75,online
RESP_0415,K1,A,7,8,0,3,24.0,buy,grid,cert50,home,40pct,30.0,rent350,grid,100audit,3km,none,414,0.0,7,,0,0,2.83,3.0,2.75,online
RESP_0416,K2,B,8,1,0,2,18.0,buy,solar,cert50,home,none,24.0,rent150,solar,100audit,1km,60pct,1014,200.0,6,,0,0,2.33,3.75,3.5,online
RESP_0416,K2,B,3,2,0,3,18.0,rent250,grid,100audit,1km,none,24.0,rent350,solar,none,3km,40pct,1014,100.0,7,,0,0,2.33,3.75,3.5,online
RESP_0416,K2,B,2,3,0,3,24.0,buy,solar,none,3km,60pct,36.0,buy,solar,100audit,home,none,1014,0.0,8,2,0,0,2.33,3.75,3.5,online
RESP_0416,K2,B,4,4,0,1,36.0,rent150,grid,cert50,home,40pct,30.0,buy,grid,100audit,1km,60pct,1014,200.0,6,,0,0,2.33,3.75,3.5,online
RESP_0416,K2,B,7,5,0,3,30.0,rent150,grid,none,1km,60pct,36.0,rent250,solar,cert50,3km,none,1014,100.0,6,,0,0,2.33,3.75,3.5,online
RESP_0416,K2,B,6,6,0,1,24.0,rent250,solar,cert50,3km,none,18.0,buy,grid,100audit,home,40pct,1014,0.0,10,1,0,0,2.33,3.75,3.5,online
RESP_0416,K2,B,5,7,1,2,36.0,rent350,grid,none,3km,none,18.0,buy,solar,100audit,home,60pct,1014,100.0,9,,0,0,2.33,3.75,3.5,online
RESP_0416,K2,B,1,8,0,2,30.0,rent350,solar,100audit,home,none,18.0,rent150,grid,cert50,1km,40pct,1014,200.0,8,,0,0,2.33,3.75,3.5,online
RESP_0417,K3,A,5,1,0,3,36.0,buy,solar,none,home,60pct,18.0,rent150,grid,cert50,3km,none,1194,0.0,7,,0,0,2.67,3.5,2.75,online
RESP_0417,K3,A,6,2,0,3,24.0,rent350,solar,100audit,1km,40pct,30.0,rent150,solar,cert50,home,none,1194,200.0,7,,0,0,2.67,3.5,2.75,online
RESP_0417,K3,A,4,3,0,3,30.0,rent250,grid,cert50,3km,40pct,24.0,rent350,solar,100audit,1km,none,1194,100.0,5,1,0,0,2.67,3.5,2.75,online
RESP_0417,K3,A,1,4,0,1,24.0,rent150,grid,100audit,home,none,30.0,buy,solar,none,3km,40pct,1194,0.0,10,,0,0,2.67,3.5,2.75,online
RESP_0417,K3,A,8,5,0,3,30.0,buy,grid,100audit,home,40pct,24.0,rent250,grid,cert50,3km,none,1194,0.0,4,,0,0,2.67,3.5,2.75,online
RESP_0417,K3,A,7,6,0,1,18.0,rent250,solar,none,3km,60pct,36.0,buy,grid,100audit,1km,none,1194,100.0,8,2,0,0,2.67,3.5,2.75,online
RESP_0417,K3,A,3,7,1,1,18.0,buy,solar,100audit,home,60pct,36.0,rent350,grid,none,3km,none,1194,100.0,9,,0,0,2.67,3.5,2.75,online
RESP_0417,K3,A,2,8,0,1,18.0,buy,solar,cert50,1km,60pct,36.0,rent350,grid,100audit,home,none,1194,200.0,7,,0,0,2.67,3.5,2.75,online
RESP_0418,K1,B,6,1,0,3,18.0,rent150,grid,100audit,3km,none,36.0,rent250,solar,none,1km,60pct,1269,100.0,6,,0,0,2.33,3.0,4.0,online
RESP_0418,K1,B,4,2,1,1,18.0,buy,solar,100audit,home,60pct,36.0,rent350,grid,none,3km,none,1269,100.0,6,,0,0,2.33,3.0,4.0,online
RESP_0418,K1,B,8,3,0,3,36.0,rent250,solar,100audit,1km,60pct,18.0,buy,grid,none,home,none,1269,200.0,7,3,0,0,2.33,3.0,4.0,online
RESP_0418,K1,B,3,4,0,3,36.0,buy,solar,cert50,home,60pct,18.0,rent250,grid,none,3km,none,1269,0.0,8,,0,0,2.33,3.0,4.0,online
RESP_0418,K1,B,1,5,0,3,24.0,rent250,solar,none,1km,none,30.0,buy,grid,100audit,home,60pct,1269,100.0,7,,0,0,2.33,3.0,4.0,online
RESP_0418,K1,B,7,6,0,3,24.0,buy,grid,cert50,home,40pct,30.0,rent350,grid,100audit,3km,none,1269,0.0,6,3,0,0,2.33,3.0,4.0,online
RESP_0418,K1,B,2,7,0,2,18.0,rent350,grid,cert50,3km,40pct,24.0,rent150,solar,100audit,1km,none,1269,200.0,7,,0,0,2.33,3.0,4.0,online
RESP_0418,K1,B,5,8,0,3,30.0,rent150,solar,none,1km,40pct,24.0,buy,solar,cert50,home,none,1269,200.0,4,,0,0,2.33,3.0,4.0,online
RESP_0419,K2,A,7,1,0,3,30.0,rent150,grid,none,1km,60pct,36.0,rent250,solar,cert50,3km,none,434,100.0,7,,0,0,2.5,3.75,4.0,online
RESP_0419,K2,A,5,2,1,2,36.0,rent350,grid,none,3km,none,18.0,buy,solar,100audit,home,60pct,434,100.0,10,,0,0,2.5,3.75,4.0,online
RESP_0419,K2,A,2,3,0,3,24.0,buy,solar,none,3km,60pct,36.0,buy,solar,100audit,home,none,434,0.0,7,1,0,0,2.5,3.75,4.0,online
RESP_0419,K2,A,4,4,0,3,36.0,rent150,grid,cert50,home,40pct,30.0,buy,grid,100audit,1km,60pct,434,200.0,5,,0,0,2.5,3.75,4.0,online
RESP_0419,K2,A,8,5,0,1,18.0,buy,solar,cert50,home,none,24.0,rent150,solar,100audit,1km,60pct,434,200.0,8,,0,0,2.5,3.75,4.0,online
RESP_0419,K2,A,1,6,0,3,30.0,rent350,solar,100audit,home,none,18.0,rent150,grid,cert50,1km,40pct,434,200.0,5,1,0,0,2.5,3.75,4.0,online
RESP_0419,K2,A,3,7,0,3,18.0,rent250,grid,100audit,1km,none,24.0,rent350,solar,none,3km,40pct,434,100.0,4,,0,0,2.5,3.75,4.0,online
RESP_0419,K2,A,6,8,0,3,24.0,rent250,solar,cert50,3km,none,18.0,buy,grid,100audit,home,40pct,434,0.0,7,,0,0,2.5,3.75,4.0,online
RESP_0420,K3,B,4,1,0,3,30.0,rent250,grid,cert50,3km,40pct,24.0,rent350,solar,100audit,1km,none,387,100.0,5,,0,0,3.0,3.0,3.0,online
RESP_0420,K3,B,7,2,0,1,18.0,rent250,solar,none,3km,60pct,36.0,buy,grid,100audit,1km,none,387,100.0,10,,0,0,3.0,3.0,3.0,online
RESP_0420,K3,B,6,3,0,1,24.0,rent350,solar,100audit,1km,40pct,30.0,rent150,solar,cert50,home,none,387,200.0,10,2,0,0,3.0,3.0,3.0,online
RESP_0420,K3,B,5,4,0,3,36.0,buy,solar,none,home,60pct,18.0,rent150,grid,cert50,3km,none,387,0.0,5,,0,0,3.0,3.0,3.0,online
RESP_0420,K3,B,3,5,1,1,18.0,buy,solar,100audit,home,60pct,36.0,rent350,grid,none,3km,none,387,100.0,6,,0,0,3.0,3.0,3.0,online
RESP_0420,K3,B,1,6,0,3,24.0,rent150,grid,100audit,home,none,30.0,buy,solar,none,3km,40pct,387,0.0,7,2,0,0,3.0,3.0,3.0,online
RESP_0420,K3,B,8,7,0,3,30.0,buy,grid,100audit,home,40pct,24.0,rent250,grid,cert50,3km,none,387,0.0,6,,0,0,3.0,3.0,3.0,online
RESP_0420,K3,B,2,8,0,3,18.0,buy,solar,cert50,1km,60pct,36.0,rent350,grid,100audit,home,none,387,200.0,4,,0,0,3.0,3.0,3.0,online
RESP_0421,K1,A,2,1,0,3,18.0,rent350,grid,cert50,3km,40pct,24.0,rent150,solar,100audit,1km,none,643,200.0,8,,0,0,4.0,3.75,2.5,online
RESP_0421,K1,A,1,2,0,3,24.0,rent250,solar,none,1km,none,30.0,buy,grid,100audit,home,60pct,643,100.0,7,,0,0,4.0,3.75,2.5,online
RESP_0421,K1,A,5,3,0,3,30.0,rent150,solar,none,1km,40pct,24.0,buy,solar,cert50,home,none,643,200.0,4,1,0,0,4.0,3.75,2.5,online
RESP_0421,K1,A,3,4,0,2,36.0,buy,solar,cert50,home,60pct,18.0,rent250,grid,none,3km,none,643,0.0,8,,0,0,4.0,3.75,2.5,online
RESP_0421,K1,A,6,5,0,1,18.0,rent150,grid,100audit,3km,none,36.0,rent250,solar,none,1km,60pct,643,100.0,9,,0,0,4.0,3.75,2.5,online
RESP_0421,K1,A,7,6,0,3,24.0,buy,grid,cert50,home,40pct,30.0,rent350,grid,100audit,3km,none,643,0.0,8,2,0,0,4.0,3.75,2.5,online
RESP_0421,K1,A,8,7,0,3,36.0,rent250,solar,100audit,1km,60pct,18.0,buy,grid,none,home,none,643,200.0,8,,0,0,4.0,3.75,2.5,online
RESP_0421,K1,A,4,8,1,1,18.0,buy,solar,100audit,home,60pct,36.0,rent350,grid,none,3km,none,643,100.0,9,,0,0,4.0,3.75,2.5,online
RESP_0422,K2,B,5,1,1,2,36.0,rent350,grid,none,3km,none,18.0,buy,solar,100audit,home,60pct,480,100.0,9,,0,0,1.83,4.0,3.5,online
RESP_0422,K2,B,2,2,0,3,24.0,buy,solar,none,3km,60pct,36.0,buy,solar,100audit,home,none,480,0.0,7,,0,0,1.83,4.0,3.5,online
RESP_0422,K2,B,3,3,0,3,18.0,rent250,grid,100audit,1km,none,24.0,rent350,solar,none,3km,40pct,480,100.0,4,1,0,0,1.83,4.0,3.5,online
RESP_0422,K2,B,8,4,0,3,18.0,buy,solar,cert50,home,none,24.0,rent150,solar,100audit,1km,60pct,480,200.0,8,,0,0,1.83,4.0,3.5,online
RESP_0422,K2,B,7,5,0,1,30.0,rent150,grid,none,1km,60pct,36.0,rent250,solar,cert50,3km,none,480,100.0,6,,0,0,1.83,4.0,3.5,online
RESP_0422,K2,B,6,6,0,3,24.0,rent250,solar,cert50,3km,none,18.0,buy,grid,100audit,home,40pct,480,0.0,4,2,0,0,1.83,4.0,3.5,online
RESP_0422,K2,B,1,7,0,3,30.0,rent350,solar,100audit,home,none,18.0,rent150,grid,cert50,1km,40pct,480,200.0,6,,0,0,1.83,4.0,3.5,online
RESP_0422,K2,B,4,8,0,3,36.0,rent150,grid,cert50,home,40pct,30.0,buy,grid,100audit,1km,60pct,480,200.0,4,,0,0,1.83,4.0,3.5,online
RESP_0423,K3,A,3,1,1,1,18.0,buy,solar,100audit,home,60pct,36.0,rent350,grid,none,3km,none,498,100.0,7,,0,0,2.83,3.25,3.0,online
RESP_0423,K3,A,4,2,0,3,30.0,rent250,grid,cert50,3km,40pct,24.0,rent350,solar,100audit,1km,none,498,100.0,7,,0,0,2.83,3.25,3.0,online
RESP_0423,K3,A,8,3,0,3,30.0,buy,grid,100audit,home,40pct,24.0,rent250,grid,cert50,3km,none,498,0.0,5,2,0,0,2.83,3.25,3.0,online
RESP_0423,K3,A,6,4,0,3,24.0,rent350,solar,100audit,1km,40pct,30.0,rent150,solar,cert50,home,none,498,200.0,8,,0,0,2.83,3.25,3.0,online
RESP_0423,K3,A,7,5,0,1,18.0,rent250,solar,none,3km,60pct,36.0,buy,grid,100audit,1km,none,498,100.0,8,,0,0,2.83,3.25,3.0,online
RESP_0423,K3,A,2,6,0,3,18.0,buy,solar,cert50,1km,60pct,36.0,rent350,grid,100audit,home,none,498,200.0,8,3,0,0,2.83,3.25,3.0,online
RESP_0423,K3,A,1,7,0,3,24.0,rent150,grid,100audit,home,none,30.0,buy,solar,none,3km,40pct,498,0.0,8,,0,0,2.83,3.25,3.0,online
RESP_0423,K3,A,5,8,0,3,36.0,buy,solar,none,home,60pct,18.0,rent150,grid,cert50,3km,none,498,0.0,8,,0,0,2.83,3.25,3.0,online
RESP_0424,K1,B,2,1,0,3,18.0,rent350,grid,cert50,3km,40pct,24.0,rent150,solar,100audit,1km,none,971,200.0,5,,0,0,2.83,3.25,3.75,online
RESP_0424,K1,B,8,2,0,3,36.0,rent250,solar,100audit,1km,60pct,18.0,buy,grid,none,home,none,971,200.0,8,,0,0,2.83,3.25,3.75,online
RESP_0424,K1,B,7,3,0,3,24.0,buy,grid,cert50,home,40pct,30.0,rent350,grid,100audit,3km,none,971,0.0,7,3,0,0,2.83,3.25,3.75,online
RESP_0424,K1,B,4,4,1,1,18.0,buy,solar,100audit,home,60pct,36.0,rent350,grid,none,3km,none,971,100.0,10,,0,0,2.83,3.25,3.75,online
RESP_0424,K1,B,5,5,0,3,30.0,rent150,solar,none,1km,40pct,24.0,buy,solar,cert50,home,none,971,200.0,8,,0,0,2.83,3.25,3.75,online
RESP_0424,K1,B,6,6,0,3,18.0,rent150,grid,100audit,3km,none,36.0,rent250,solar,none,1km,60pct,971,100.0,7,1,0,0,2.83,3.25,3.75,online
RESP_0424,K1,B,3,7,0,3,36.0,buy,solar,cert50,home,60pct,18.0,rent250,grid,none,3km,none,971,0.0,6,,0,0,2.83,3.25,3.75,online
RESP_0424,K1,B,1,8,0,3,24.0,rent250,solar,none,1km,none,30.0,buy,grid,100audit,home,60pct,971,100.0,4,,0,0,2.83,3.25,3.75,online
RESP_0425,K2,A,6,1,0,2,24.0,rent250,solar,cert50,3km,none,18.0,buy,grid,100audit,home,40pct,1092,0.0,9,,0,0,3.0,4.0,3.25,online
RESP_0425,K2,A,1,2,0,3,30.0,rent350,solar,100audit,home,none,18.0,rent150,grid,cert50,1km,40pct,1092,200.0,7,,0,0,3.0,4.0,3.25,online
RESP_0425,K2,A,8,3,0,3,18.0,buy,solar,cert50,home,none,24.0,rent150,solar,100audit,1km,60pct,1092,200.0,5,1,0,0,3.0,4.0,3.25,online
RESP_0425,K2,A,4,4,0,3,36.0,rent150,grid,cert50,home,40pct,30.0,buy,grid,100audit,1km,60pct,1092,200.0,4,,0,0,3.0,4.0,3.25,online
RESP_0425,K2,A,7,5,0,3,30.0,rent150,grid,none,1km,60pct,36.0,rent250,solar,cert50,3km,none,1092,100.0,5,,0,0,3.0,4.0,3.25,online
RESP_0425,K2,A,3,6,0,3,18.0,rent250,grid,100audit,1km,none,24.0,rent350,solar,none,3km,40pct,1092,100.0,5,1,0,0,3.0,4.0,3.25,online
RESP_0425,K2,A,2,7,0,1,24.0,buy,solar,none,3km,60pct,36.0,buy,solar,100audit,home,none,1092,0.0,7,,0,0,3.0,4.0,3.25,online
RESP_0425,K2,A,5,8,1,2,36.0,rent350,grid,none,3km,none,18.0,buy,solar,100audit,home,60pct,1092,100.0,8,,0,0,3.0,4.0,3.25,online
RESP_0426,K3,B,3,1,1,1,18.0,buy,solar,100audit,home,60pct,36.0,rent350,grid,none,3km,none,1372,100.0,6,,0,0,3.17,3.5,3.0,online
RESP_0426,K3,B,4,2,0,3,30.0,rent250,grid,cert50,3km,40pct,24.0,rent350,solar,100audit,1km,none,1372,100.0,6,,0,0,3.17,3.5,3.0,online
RESP_0426,K3,B,6,3,0,3,24.0,rent350,solar,100audit,1km,40pct,30.0,rent150,solar,cert50,home,none,1372,200.0,8,1,0,0,3.17,3.5,3.0,online
RESP_0426,K3,B,5,4,0,2,36.0,buy,solar,none,home,60pct,18.0,rent150,grid,cert50,3km,none,1372,0.0,8,,0,0,3.17,3.5,3.0,online
RESP_0426,K3,B,2,5,0,3,18.0,buy,solar,cert50,1km,60pct,36.0,rent350,grid,100audit,home,none,1372,200.0,6,,0,0,3.17,3.5,3.0,online
RESP_0426,K3,B,7,6,0,3,18.0,rent250,solar,none,3km,60pct,36.0,buy,grid,100audit,1km,none,1372,100.0,4,3,0,0,3.17,3.5,3.0,online
RESP_0426,K3,B,1,7,0,3,24.0,rent150,grid,100audit,home,none,30.0,buy,solar,none,3km,40pct,1372,0.0,6,,0,0,3.17,3.5,3.0,online
RESP_0426,K3,B,8,8,0,3,30.0,buy,grid,100audit,home,40pct,24.0,rent250,grid,cert50,3km,none,1372,0.0,6,,0,0,3.17,3.5,3.0,online
RESP_0427,K1,A,2,1,0,3,18.0,rent350,grid,cert50,3km,40pct,24.0,rent150,solar,100audit,1km,none,944,200.0,5,,0,0,2.5,3.25,3.75,online
RESP_0427,K1,A,3,2,0,3,36.0,buy,solar,cert50,home,60pct,18.0,rent250,grid,none,3km,none,944,0.0,6,,0,0,2.5,3.25,3.75,online
RESP_0427,K1,A,1,3,0,3,24.0,rent250,solar,none,1km,none,30.0,buy,grid,100audit,home,60pct,944,100.0,8,2,0,0,2.5,3.25,3.75,online
RESP_0427,K1,A,4,4,1,1,18.0,buy,solar,100audit,home,60pct,36.0,rent350,grid,none,3km,none,944,100.0,8,,0,0,2.5,3.25,3.75,online
RESP_0427,K1,A,6,5,0,1,18.0,rent150,grid,100audit,3km,none,36.0,rent250,solar,none,1km,60pct,944,100.0,6,,0,0,2.5,3.25,3.75,online
RESP_0427,K1,A,8,6,0,3,36.0,rent250,solar,100audit,1km,60pct,18.0,buy,grid,none,home,none,944,200.0,6,3,0,0,2.5,3.25,3.75,online
RESP_0427,K1,A,7,7,0,3,24.0,buy,grid,cert50,home,40pct,30.0,rent350,grid,100audit,3km,none,944,0.0,4,,0,0,2.5,3.25,3.75,online
RESP_0427,K1,A,5,8,0,3,30.0,rent150,solar,none,1km,40pct,24.0,buy,solar,cert50,home,none,944,200.0,6,,0,0,2.5,3.25,3.75,online
RESP_0428,K2,B,8,1,0,1,18.0,buy,solar,cert50,home,none,24.0,rent150,solar,100audit,1km,60pct,959,200.0,7,,0,0,3.33,3.25,3.0,online
RESP_0428,K2,B,1,2,0,2,30.0,rent350,solar,100audit,home,none,18.0,rent150,grid,cert50,1km,40pct,959,200.0,9,,0,0,3.33,3.25,3.0,online
RESP_0428,K2,B,2,3,0,3,24.0,buy,solar,none,3km,60pct,36.0,buy,solar,100audit,home,none,959,0.0,8,2,0,0,3.33,3.25,3.0,online
RESP_0428,K2,B,7,4,0,3,30.0,rent150,grid,none,1km,60pct,36.0,rent250,solar,cert50,3km,none,959,100.0,7,,0,0,3.33,3.25,3.0,online
RESP_0428,K2,B,4,5,0,3,36.0,rent150,grid,cert50,home,40pct,30.0,buy,grid,100audit,1km,60pct,959,200.0,7,,0,0,3.33,3.25,3.0,online
RESP_0428,K2,B,6,6,0,3,24.0,rent250,solar,cert50,3km,none,18.0,buy,grid,100audit,home,40pct,959,0.0,6,1,0,0,3.33,3.25,3.0,online
RESP_0428,K2,B,3,7,0,3,18.0,rent250,grid,100audit,1km,none,24.0,rent350,solar,none,3km,40pct,959,100.0,7,,0,0,3.33,3.25,3.0,online
RESP_0428,K2,B,5,8,1,2,36.0,rent350,grid,none,3km,none,18.0,buy,solar,100audit,home,60pct,959,100.0,10,,0,0,3.33,3.25,3.0,online
RESP_0429,K3,A,8,1,0,3,30.0,buy,grid,100audit,home,40pct,24.0,rent250,grid,cert50,3km,none,785,0.0,7,,0,0,2.17,3.5,2.5,online
RESP_0429,K3,A,4,2,0,3,30.0,rent250,grid,cert50,3km,40pct,24.0,rent350,solar,100audit,1km,none,785,100.0,8,,0,0,2.17,3.5,2.5,online
RESP_0429,K3,A,7,3,0,3,18.0,rent250,solar,none,3km,60pct,36.0,buy,grid,100audit,1km,none,785,100.0,4,2,0,0,2.17,3.5,2.5,online
RESP_0429,K3,A,5,4,0,3,36.0,buy,solar,none,home,60pct,18.0,rent150,grid,cert50,3km,none,785,0.0,5,,0,0,2.17,3.5,2.5,online
RESP_0429,K3,A,1,5,0,3,24.0,rent150,grid,100audit,home,none,30.0,buy,solar,none,3km,40pct,785,0.0,5,,0,0,2.17,3.5,2.5,online
RESP_0429,K3,A,3,6,1,1,18.0,buy,solar,100audit,home,60pct,36.0,rent350,grid,none,3km,none,785,100.0,7,1,0,0,2.17,3.5,2.5,online
RESP_0429,K3,A,6,7,0,1,24.0,rent350,solar,100audit,1km,40pct,30.0,rent150,solar,cert50,home,none,785,200.0,8,,0,0,2.17,3.5,2.5,online
RESP_0429,K3,A,2,8,0,1,18.0,buy,solar,cert50,1km,60pct,36.0,rent350,grid,100audit,home,none,785,200.0,10,,0,0,2.17,3.5,2.5,online
RESP_0430,K1,B,4,1,1,1,18.0,buy,solar,100audit,home,60pct,36.0,rent350,grid,none,3km,none,791,100.0,6,,0,0,3.5,3.0,2.75,online
RESP_0430,K1,B,1,2,0,3,24.0,rent250,solar,none,1km,none,30.0,buy,grid,100audit,home,60pct,791,100.0,6,,0,0,3.5,3.0,2.75,online
RESP_0430,K1,B,3,3,0,3,36.0,buy,solar,cert50,home,60pct,18.0,rent250,grid,none,3km,none,791,0.0,4,3,0,0,3.5,3.0,2.75,online
RESP_0430,K1,B,6,4,0,1,18.0,rent150,grid,100audit,3km,none,36.0,rent250,solar,none,1km,60pct,791,100.0,9,,0,0,3.5,3.0,2.75,online
RESP_0430,K1,B,2,5,0,3,18.0,rent350,grid,cert50,3km,40pct,24.0,rent150,solar,100audit,1km,none,791,200.0,8,,0,0,3.5,3.0,2.75,online
RESP_0430,K1,B,7,6,0,3,24.0,buy,grid,cert50,home,40pct,30.0,rent350,grid,100audit,3km,none,791,0.0,4,1,0,0,3.5,3.0,2.75,online
RESP_0430,K1,B,5,7,0,3,30.0,rent150,solar,none,1km,40pct,24.0,buy,solar,cert50,home,none,791,200.0,8,,0,0,3.5,3.0,2.75,online
RESP_0430,K1,B,8,8,0,3,36.0,rent250,solar,100audit,1km,60pct,18.0,buy,grid,none,home,none,791,200.0,7,,0,0,3.5,3.0,2.75,online
RESP_0431,K2,A,4,1,0,2,36.0,rent150,grid,cert50,home,40pct,30.0,buy,grid,100audit,1km,60pct,729,200.0,8,,0,0,2.5,1.75,3.5,online
RESP_0431,K2,A,7,2,0,3,30.0,rent150,grid,none,1km,60pct,36.0,rent250,solar,cert50,3km,none,729,100.0,7,,0,0,2.5,1.75,3.5,online
RESP_0431,K2,A,8,3,0,1,18.0,buy,solar,cert50,home,none,24.0,rent150,solar,100audit,1km,60pct,729,200.0,8,3,0,0,2.5,1.75,3.5,online
RESP_0431,K2,A,6,4,0,3,24.0,rent250,solar,cert50,3km,none,18.0,buy,grid,100audit,home,40pct,729,0.0,6,,0,0,2.5,1.75,3.5,online
RESP_0431,K2,A,5,5,1,2,36.0,rent350,grid,none,3km,none,18.0,buy,solar,100audit,home,60pct,729,100.0,10,,0,0,2.5,1.75,3.5,online
RESP_0431,K2,A,2,6,0,1,24.0,buy,solar,none,3km,60pct,36.0,buy,solar,100audit,home,none,729,0.0,9,1,0,0,2.5,1.75,3.5,online
RESP_0431,K2,A,3,7,0,2,18.0,rent250,grid,100audit,1km,none,24.0,rent350,solar,none,3km,40pct,729,100.0,7,,0,0,2.5,1.75,3.5,online
RESP_0431,K2,A,1,8,0,2,30.0,rent350,solar,100audit,home,none,18.0,rent150,grid,cert50,1km,40pct,729,200.0,9,,0,0,2.5,1.75,3.5,online
RESP_0432,K3,B,2,1,0,2,18.0,buy,solar,cert50,1km,60pct,36.0,rent350,grid,100audit,home,none,409,200.0,8,,0,0,3.0,3.0,3.5,online
RESP_0432,K3,B,7,2,0,3,18.0,rent250,solar,none,3km,60pct,36.0,buy,grid,100audit,1km,none,409,100.0,4,,0,0,3.0,3.0,3.5,online
RESP_0432,K3,B,3,3,1,1,18.0,buy,solar,100audit,home,60pct,36.0,rent350,grid,none,3km,none,409,100.0,10,1,0,0,3.0,3.0,3.5,online
RESP_0432,K3,B,8,4,0,3,30.0,buy,grid,100audit,home,40pct,24.0,rent250,grid,cert50,3km,none,409,0.0,8,,0,0,3.0,3.0,3.5,online
RESP_0432,K3,B,6,5,0,3,24.0,rent350,solar,100audit,1km,40pct,30.0,rent150,solar,cert50,home,none,409,200.0,5,,0,0,3.0,3.0,3.5,online
RESP_0432,K3,B,5,6,0,3,36.0,buy,solar,none,home,60pct,18.0,rent150,grid,cert50,3km,none,409,0.0,7,3,0,0,3.0,3.0,3.5,online
RESP_0432,K3,B,4,7,0,3,30.0,rent250,grid,cert50,3km,40pct,24.0,rent350,solar,100audit,1km,none,409,100.0,8,,0,0,3.0,3.0,3.5,online
RESP_0432,K3,B,1,8,0,3,24.0,rent150,grid,100audit,home,none,30.0,buy,solar,none,3km,40pct,409,0.0,8,,0,0,3.0,3.0,3.5,online
RESP_0433,K1,A,7,1,0,3,24.0,buy,grid,cert50,home,40pct,30.0,rent350,grid,100audit,3km,none,1414,0.0,4,,0,0,4.0,3.25,3.25,online
RESP_0433,K1,A,8,2,0,3,36.0,rent250,solar,100audit,1km,60pct,18.0,buy,grid,none,home,none,1414,200.0,8,,0,0,4.0,3.25,3.25,online
RESP_0433,K1,A,4,3,1,1,18.0,buy,solar,100audit,home,60pct,36.0,rent350,grid,none,3km,none,1414,100.0,10,3,0,0,4.0,3.25,3.25,online
RESP_0433,K1,A,5,4,0,3,30.0,rent150,solar,none,1km,40pct,24.0,buy,solar,cert50,home,none,1414,200.0,5,,0,0,4.0,3.25,3.25,online
RESP_0433,K1,A,2,5,0,3,18.0,rent350,grid,cert50,3km,40pct,24.0,rent150,solar,100audit,1km,none,1414,200.0,6,,0,0,4.0,3.25,3.25,online
RESP_0433,K1,A,1,6,0,3,24.0,rent250,solar,none,1km,none,30.0,buy,grid,100audit,home,60pct,1414,100.0,8,2,0,0,4.0,3.25,3.25,online
RESP_0433,K1,A,3,7,0,3,36.0,buy,solar,cert50,home,60pct,18.0,rent250,grid,none,3km,none,1414,0.0,5,,0,0,4.0,3.25,3.25,online
RESP_0433,K1,A,6,8,0,3,18.0,rent150,grid,100audit,3km,none,36.0,rent250,solar,none,1km,60pct,1414,100.0,6,,0,0,4.0,3.25,3.25,online
RESP_0434,K2,B,5,1,1,2,36.0,rent350,grid,none,3km,none,18.0,buy,solar,100audit,home,60pct,1035,100.0,8,,0,0,3.33,3.5,2.75,online
RESP_0434,K2,B,6,2,0,3,24.0,rent250,solar,cert50,3km,none,18.0,buy,grid,100audit,home,40pct,1035,0.0,8,,0,0,3.33,3.5,2.75,online
RESP_0434,K2,B,3,3,0,3,18.0,rent250,grid,100audit,1km,none,24.0,rent350,solar,none,3km,40pct,1035,100.0,7,2,0,0,3.33,3.5,2.75,online
RESP_0434,K2,B,7,4,0,3,30.0,rent150,grid,none,1km,60pct,36.0,rent250,solar,cert50,3km,none,1035,100.0,8,,0,0,3.33,3.5,2.75,online
RESP_0434,K2,B,2,5,0,1,24.0,buy,solar,none,3km,60pct,36.0,buy,solar,100audit,home,none,1035,0.0,10,,0,0,3.33,3.5,2.75,online
RESP_0434,K2,B,8,6,0,3,18.0,buy,solar,cert50,home,none,24.0,rent150,solar,100audit,1km,60pct,1035,200.0,7,2,0,0,3.33,3.5,2.75,online
RESP_0434,K2,B,4,7,0,3,36.0,rent150,grid,cert50,home,40pct,30.0,buy,grid,100audit,1km,60pct,1035,200.0,5,,0,0,3.33,3.5,2.75,online
RESP_0434,K2,B,1,8,0,2,30.0,rent350,solar,100audit,home,none,18.0,rent150,grid,cert50,1km,40pct,1035,200.0,7,,0,0,3.33,3.5,2.75,online
RESP_0435,K3,A,6,1,0,2,24.0,rent350,solar,100audit,1km,40pct,30.0,rent150,solar,cert50,home,none,1398,200.0,10,,0,0,3.0,3.5,3.5,online
RESP_0435,K3,A,5,2,0,2,36.0,buy,solar,none,home,60pct,18.0,rent150,grid,cert50,3km,none,1398,0.0,10,,0,0,3.0,3.5,3.5,online
RESP_0435,K3,A,8,3,0,2,30.0,buy,grid,100audit,home,40pct,24.0,rent250,grid,cert50,3km,none,1398,0.0,8,2,0,0,3.0,3.5,3.5,online
RESP_0435,K3,A,3,4,1,1,18.0,buy,solar,100audit,home,60pct,36.0,rent350,grid,none,3km,none,1398,100.0,6,,0,0,3.0,3.5,3.5,online
RESP_0435,K3,A,1,5,0,3,24.0,rent150,grid,100audit,home,none,30.0,buy,solar,none,3km,40pct,1398,0.0,5,,0,0,3.0,3.5,3.5,online
RESP_0435,K3,A,2,6,0,3,18.0,buy,solar,cert50,1km,60pct,36.0,rent350,grid,100audit,home,none,1398,200.0,7,3,0,0,3.0,3.5,3.5,online
RESP_0435,K3,A,7,7,0,3,18.0,rent250,solar,none,3km,60pct,36.0,buy,grid,100audit,1km,none,1398,100.0,7,,0,0,3.0,3.5,3.5,online
RESP_0435,K3,A,4,8,0,3,30.0,rent250,grid,cert50,3km,40pct,24.0,rent350,solar,100audit,1km,none,1398,100.0,8,,0,0,3.0,3.5,3.5,online
RESP_0436,K1,B,3,1,0,3,36.0,buy,solar,cert50,home,60pct,18.0,rent250,grid,none,3km,none,1167,0.0,4,,0,0,3.33,2.75,2.5,online
RESP_0436,K1,B,1,2,0,3,24.0,rent250,solar,none,1km,none,30.0,buy,grid,100audit,home,60pct,1167,100.0,7,,0,0,3.33,2.75,2.5,online
RESP_0436,K1,B,5,3,0,2,30.0,rent150,solar,none,1km,40pct,24.0,buy,solar,cert50,home,none,1167,200.0,10,1,0,0,3.33,2.75,2.5,online
RESP_0436,K1,B,2,4,0,3,18.0,rent350,grid,cert50,3km,40pct,24.0,rent150,solar,100audit,1km,none,1167,200.0,8,,0,0,3.33,2.75,2.5,online
RESP_0436,K1,B,6,5,0,3,18.0,rent150,grid,100audit,3km,none,36.0,rent250,solar,none,1km,60pct,1167,100.0,8,,0,0,3.33,2.75,2.5,online
RESP_0436,K1,B,7,6,0,3,24.0,buy,grid,cert50,home,40pct,30.0,rent350,grid,100audit,3km,none,1167,0.0,8,1,0,0,3.33,2.75,2.5,online
RESP_0436,K1,B,8,7,0,2,36.0,rent250,solar,100audit,1km,60pct,18.0,buy,grid,none,home,none,1167,200.0,10,,0,0,3.33,2.75,2.5,online
RESP_0436,K1,B,4,8,1,1,18.0,buy,solar,100audit,home,60pct,36.0,rent350,grid,none,3km,none,1167,100.0,6,,0,0,3.33,2.75,2.5,online
RESP_0437,K2,A,6,1,0,3,24.0,rent250,solar,cert50,3km,none,18.0,buy,grid,100audit,home,40pct,795,0.0,7,,0,0,3.83,2.5,2.75,online
RESP_0437,K2,A,5,2,1,2,36.0,rent350,grid,none,3km,none,18.0,buy,solar,100audit,home,60pct,795,100.0,10,,0,0,3.83,2.5,2.75,online
RESP_0437,K2,A,1,3,0,2,30.0,rent350,solar,100audit,home,none,18.0,rent150,grid,cert50,1km,40pct,795,200.0,6,2,0,0,3.83,2.5,2.75,online
RESP_0437,K2,A,8,4,0,3,18.0,buy,solar,cert50,home,none,24.0,rent150,solar,100audit,1km,60pct,795,200.0,7,,0,0,3.83,2.5,2.75,online
RESP_0437,K2,A,3,5,0,3,18.0,rent250,grid,100audit,1km,none,24.0,rent350,solar,none,3km,40pct,795,100.0,7,,0,0,3.83,2.5,2.75,online
RESP_0437,K2,A,7,6,0,3,30.0,rent150,grid,none,1km,60pct,36.0,rent250,solar,cert50,3km,none,795,100.0,6,2,0,0,3.83,2.5,2.75,online
RESP_0437,K2,A,2,7,0,3,24.0,buy,solar,none,3km,60pct,36.0,buy,solar,100audit,home,none,795,0.0,7,,0,0,3.83,2.5,2.75,online
RESP_0437,K2,A,4,8,0,3,36.0,rent150,grid,cert50,home,40pct,30.0,buy,grid,100audit,1km,60pct,795,200.0,5,,0,0,3.83,2.5,2.75,online
RESP_0438,K3,B,1,1,0,3,24.0,rent150,grid,100audit,home,none,30.0,buy,solar,none,3km,40pct,357,0.0,7,,0,0,3.0,3.75,3.0,online
RESP_0438,K3,B,8,2,0,3,30.0,buy,grid,100audit,home,40pct,24.0,rent250,grid,cert50,3km,none,357,0.0,5,,0,0,3.0,3.75,3.0,online
RESP_0438,K3,B,7,3,0,3,18.0,rent250,solar,none,3km,60pct,36.0,buy,grid,100audit,1km,none,357,100.0,7,1,0,0,3.0,3.75,3.0,online
RESP_0438,K3,B,5,4,0,3,36.0,buy,solar,none,home,60pct,18.0,rent150,grid,cert50,3km,none,357,0.0,8,,0,0,3.0,3.75,3.0,online
RESP_0438,K3,B,4,5,0,3,30.0,rent250,grid,cert50,3km,40pct,24.0,rent350,solar,100audit,1km,none,357,100.0,8,,0,0,3.0,3.75,3.0,online
RESP_0438,K3,B,6,6,0,3,24.0,rent350,solar,100audit,1km,40pct,30.0,rent150,solar,cert50,home,none,357,200.0,7,2,0,0,3.0,3.75,3.0,online
RESP_0438,K3,B,3,7,1,1,18.0,buy,solar,100audit,home,60pct,36.0,rent350,grid,none,3km,none,357,100.0,9,,0,0,3.0,3.75,3.0,online
RESP_0438,K3,B,2,8,0,3,18.0,buy,solar,cert50,1km,60pct,36.0,rent350,grid,100audit,home,none,357,200.0,7,,0,0,3.0,3.75,3.0,online
RESP_0439,K1,A,4,1,1,1,18.0,buy,solar,100audit,home,60pct,36.0,rent350,grid,none,3km,none,954,100.0,9,,0,0,3.17,2.5,2.75,online
RESP_0439,K1,A,8,2,0,3,36.0,rent250,solar,100audit,1km,60pct,18.0,buy,grid,none,home,none,954,200.0,4,,0,0,3.17,2.5,2.75,online
RESP_0439,K1,A,2,3,0,2,18.0,rent350,grid,cert50,3km,40pct,24.0,rent150,solar,100audit,1km,none,954,200.0,8,1,0,0,3.17,2.5,2.75,online
RESP_0439,K1,A,5,4,0,3,30.0,rent150,solar,none,1km,40pct,24.0,buy,solar,cert50,home,none,954,200.0,8,,0,0,3.17,2.5,2.75,online
RESP_0439,K1,A,1,5,0,2,24.0,rent250,solar,none,1km,none,30.0,buy,grid,100audit,home,60pct,954,100.0,9,,0,0,3.17,2.5,2.75,online
RESP_0439,K1,A,6,6,0,3,18.0,rent150,grid,100audit,3km,none,36.0,rent250,solar,none,1km,60pct,954,100.0,8,2,0,0,3.17,2.5,2.75,online
RESP_0439,K1,A,7,7,0,3,24.0,buy,grid,cert50,home,40pct,30.0,rent350,grid,100audit,3km,none,954,0.0,8,,0,0,3.17,2.5,2.75,online
RESP_0439,K1,A,3,8,0,3,36.0,buy,solar,cert50,home,60pct,18.0,rent250,grid,none,3km,none,954,0.0,4,,0,0,3.17,2.5,2.75,online
RESP_0440,K2,B,4,1,0,3,36.0,rent150,grid,cert50,home,40pct,30.0,buy,grid,100audit,1km,60pct,997,200.0,4,,0,0,2.0,3.0,2.5,online
RESP_0440,K2,B,1,2,0,3,30.0,rent350,solar,100audit,home,none,18.0,rent150,grid,cert50,1km,40pct,997,200.0,8,,0,0,2.0,3.0,2.5,online
RESP_0440,K2,B,3,3,0,1,18.0,rent250,grid,100audit,1km,none,24.0,rent350,solar,none,3km,40pct,997,100.0,8,1,0,0,2.0,3.0,2.5,online
RESP_0440,K2,B,6,4,0,3,24.0,rent250,solar,cert50,3km,none,18.0,buy,grid,100audit,home,40pct,997,0.0,6,,0,0,2.0,3.0,2.5,online
RESP_0440,K2,B,7,5,0,3,30.0,rent150,grid,none,1km,60pct,36.0,rent250,solar,cert50,3km,none,997,100.0,5,,0,0,2.0,3.0,2.5,online
RESP_0440,K2,B,8,6,0,2,18.0,buy,solar,cert50,home,none,24.0,rent150,solar,100audit,1km,60pct,997,200.0,9,2,0,0,2.0,3.0,2.5,online
RESP_0440,K2,B,5,7,1,2,36.0,rent350,grid,none,3km,none,18.0,buy,solar,100audit,home,60pct,997,100.0,8,,0,0,2.0,3.0,2.5,online
RESP_0440,K2,B,2,8,0,3,24.0,buy,solar,none,3km,60pct,36.0,buy,solar,100audit,home,none,997,0.0,4,,0,0,2.0,3.0,2.5,online
RESP_0441,K3,A,5,1,0,3,36.0,buy,solar,none,home,60pct,18.0,rent150,grid,cert50,3km,none,632,0.0,4,,0,0,2.5,4.25,2.0,online
RESP_0441,K3,A,3,2,1,1,18.0,buy,solar,100audit,home,60pct,36.0,rent350,grid,none,3km,none,632,100.0,9,,0,0,2.5,4.25,2.0,online
RESP_0441,K3,A,6,3,0,3,24.0,rent350,solar,100audit,1km,40pct,30.0,rent150,solar,cert50,home,none,632,200.0,4,1,0,0,2.5,4.25,2.0,online
RESP_0441,K3,A,4,4,0,3,30.0,rent250,grid,cert50,3km,40pct,24.0,rent350,solar,100audit,1km,none,632,100.0,4,,0,0,2.5,4.25,2.0,online
RESP_0441,K3,A,7,5,0,1,18.0,rent250,solar,none,3km,60pct,36.0,buy,grid,100audit,1km,none,632,100.0,10,,0,0,2.5,4.25,2.0,online
RESP_0441,K3,A,1,6,0,3,24.0,rent150,grid,100audit,home,none,30.0,buy,solar,none,3km,40pct,632,0.0,8,1,0,0,2.5,4.25,2.0,online
RESP_0441,K3,A,2,7,0,3,18.0,buy,solar,cert50,1km,60pct,36.0,rent350,grid,100audit,home,none,632,200.0,4,,0,0,2.5,4.25,2.0,online
RESP_0441,K3,A,8,8,0,3,30.0,buy,grid,100audit,home,40pct,24.0,rent250,grid,cert50,3km,none,632,0.0,4,,0,0,2.5,4.25,2.0,online
RESP_0442,K1,B,3,1,0,3,36.0,buy,solar,cert50,home,60pct,18.0,rent250,grid,none,3km,none,1216,0.0,4,,0,0,3.0,3.5,3.5,online
RESP_0442,K1,B,1,2,0,3,24.0,rent250,solar,none,1km,none,30.0,buy,grid,100audit,home,60pct,1216,100.0,7,,0,0,3.0,3.5,3.5,online
RESP_0442,K1,B,5,3,0,2,30.0,rent150,solar,none,1km,40pct,24.0,buy,solar,cert50,home,none,1216,200.0,9,2,0,0,3.0,3.5,3.5,online
RESP_0442,K1,B,8,4,0,3,36.0,rent250,solar,100audit,1km,60pct,18.0,buy,grid,none,home,none,1216,200.0,5,,0,0,3.0,3.5,3.5,online
RESP_0442,K1,B,7,5,0,3,24.0,buy,grid,cert50,home,40pct,30.0,rent350,grid,100audit,3km,none,1216,0.0,6,,0,0,3.0,3.5,3.5,online
RESP_0442,K1,B,4,6,1,1,18.0,buy,solar,100audit,home,60pct,36.0,rent350,grid,none,3km,none,1216,100.0,6,3,0,0,3.0,3.5,3.5,online
RESP_0442,K1,B,6,7,0,3,18.0,rent150,grid,100audit,3km,none,36.0,rent250,solar,none,1km,60pct,1216,100.0,6,,0,0,3.0,3.5,3.5,online
RESP_0442,K1,B,2,8,0,3,18.0,rent350,grid,cert50,3km,40pct,24.0,rent150,solar,100audit,1km,none,1216,200.0,8,,0,0,3.0,3.5,3.5,online
RESP_0443,K2,A,4,1,0,3,36.0,rent150,grid,cert50,home,40pct,30.0,buy,grid,100audit,1km,60pct,806,200.0,5,,0,0,3.5,2.25,3.0,online
RESP_0443,K2,A,2,2,0,3,24.0,buy,solar,none,3km,60pct,36.0,buy,solar,100audit,home,none,806,0.0,4,,0,0,3.5,2.25,3.0,online
RESP_0443,K2,A,1,3,0,2,30.0,rent350,solar,100audit,home,none,18.0,rent150,grid,cert50,1km,40pct,806,200.0,7,1,0,0,3.5,2.25,3.0,online
RESP_0443,K2,A,3,4,0,3,18.0,rent250,grid,100audit,1km,none,24.0,rent350,solar,none,3km,40pct,806,100.0,4,,0,0,3.5,2.25,3.0,online
RESP_0443,K2,A,6,5,0,1,24.0,rent250,solar,cert50,3km,none,18.0,buy,grid,100audit,home,40pct,806,0.0,8,,0,0,3.5,2.25,3.0,online
RESP_0443,K2,A,8,6,0,1,18.0,buy,solar,cert50,home,none,24.0,rent150,solar,100audit,1km,60pct,806,200.0,7,3,0,0,3.5,2.25,3.0,online
RESP_0443,K2,A,5,7,1,2,36.0,rent350,grid,none,3km,none,18.0,buy,solar,100audit,home,60pct,806,100.0,6,,0,0,3.5,2.25,3.0,online
RESP_0443,K2,A,7,8,0,3,30.0,rent150,grid,none,1km,60pct,36.0,rent250,solar,cert50,3km,none,806,100.0,4,,0,0,3.5,2.25,3.0,online
RESP_0444,K3,B,4,1,0,3,30.0,rent250,grid,cert50,3km,40pct,24.0,rent350,solar,100audit,1km,none,1096,100.0,5,,0,0,2.0,3.25,2.0,online
RESP_0444,K3,B,5,2,0,3,36.0,buy,solar,none,home,60pct,18.0,rent150,grid,cert50,3km,none,1096,0.0,4,,0,0,2.0,3.25,2.0,online
RESP_0444,K3,B,6,3,0,1,24.0,rent350,solar,100audit,1km,40pct,30.0,rent150,solar,cert50,home,none,1096,200.0,6,3,0,0,2.0,3.25,2.0,online
RESP_0444,K3,B,3,4,1,1,18.0,buy,solar,100audit,home,60pct,36.0,rent350,grid,none,3km,none,1096,100.0,7,,0,0,2.0,3.25,2.0,online
RESP_0444,K3,B,7,5,0,3,18.0,rent250,solar,none,3km,60pct,36.0,buy,grid,100audit,1km,none,1096,100.0,8,,0,0,2.0,3.25,2.0,online
RESP_0444,K3,B,2,6,0,3,18.0,buy,solar,cert50,1km,60pct,36.0,rent350,grid,100audit,home,none,1096,200.0,4,2,0,0,2.0,3.25,2.0,online
RESP_0444,K3,B,8,7,0,3,30.0,buy,grid,100audit,home,40pct,24.0,rent250,grid,cert50,3km,none,1096,0.0,5,,0,0,2.0,3.25,2.0,online
RESP_0444,K3,B,1,8,0,3,24.0,rent150,grid,100audit,home,none,30.0,buy,solar,none,3km,40pct,1096,0.0,5,,0,0,2.0,3.25,2.0,online
RESP_0445,K1,A,7,1,0,3,24.0,buy,grid,cert50,home,40pct,30.0,rent350,grid,100audit,3km,none,788,0.0,7,,0,0,1.67,3.25,3.25,online
RESP_0445,K1,A,5,2,0,3,30.0,rent150,solar,none,1km,40pct,24.0,buy,solar,cert50,home,none,788,200.0,8,,0,0,1.67,3.25,3.25,online
RESP_0445,K1,A,3,3,0,2,36.0,buy,solar,cert50,home,60pct,18.0,rent250,grid,none,3km,none,788,0.0,7,3,0,0,1.67,3.25,3.25,online
RESP_0445,K1,A,1,4,0,3,24.0,rent250,solar,none,1km,none,30.0,buy,grid,100audit,home,60pct,788,100.0,5,,0,0,1.67,3.25,3.25,online
RESP_0445,K1,A,6,5,0,3,18.0,rent150,grid,100audit,3km,none,36.0,rent250,solar,none,1km,60pct,788,100.0,6,,0,0,1.67,3.25,3.25,online
RESP_0445,K1,A,2,6,0,3,18.0,rent350,grid,cert50,3km,40pct,24.0,rent150,solar,100audit,1km,none,788,200.0,4,2,0,0,1.67,3.25,3.25,online
RESP_0445,K1,A,8,7,0,2,36.0,rent250,solar,100audit,1km,60pct,18.0,buy,grid,none,home,none,788,200.0,6,,0,0,1.67,3.25,3.25,online
RESP_0445,K1,A,4,8,1,1,18.0,buy,solar,100audit,home,60pct,36.0,rent350,grid,none,3km,none,788,100.0,8,,0,0,1.67,3.25,3.25,online
RESP_0446,K2,B,4,1,0,3,36.0,rent150,grid,cert50,home,40pct,30.0,buy,grid,100audit,1km,60pct,864,200.0,5,,0,0,2.67,3.5,2.75,online
RESP_0446,K2,B,3,2,0,3,18.0,rent250,grid,100audit,1km,none,24.0,rent350,solar,none,3km,40pct,864,100.0,5,,0,0,2.67,3.5,2.75,online
RESP_0446,K2,B,7,3,0,3,30.0,rent150,grid,none,1km,60pct,36.0,rent250,solar,cert50,3km,none,864,100.0,4,3,0,0,2.67,3.5,2.75,online
RESP_0446,K2,B,1,4,0,3,30.0,rent350,solar,100audit,home,none,18.0,rent150,grid,cert50,1km,40pct,864,200.0,5,,0,0,2.67,3.5,2.75,online
RESP_0446,K2,B,5,5,1,2,36.0,rent350,grid,none,3km,none,18.0,buy,solar,100audit,home,60pct,864,100.0,10,,0,0,2.67,3.5,2.75,online
RESP_0446,K2,B,6,6,0,3,24.0,rent250,solar,cert50,3km,none,18.0,buy,grid,100audit,home,40pct,864,0.0,7,3,0,0,2.67,3.5,2.75,online
RESP_0446,K2,B,2,7,0,3,24.0,buy,solar,none,3km,60pct,36.0,buy,solar,100audit,home,none,864,0.0,8,,0,0,2.67,3.5,2.75,online
RESP_0446,K2,B,8,8,0,3,18.0,buy,solar,cert50,home,none,24.0,rent150,solar,100audit,1km,60pct,864,200.0,4,,0,0,2.67,3.5,2.75,online
RESP_0447,K3,A,1,1,0,3,24.0,rent150,grid,100audit,home,none,30.0,buy,solar,none,3km,40pct,316,0.0,5,,0,0,3.33,2.75,2.75,online
RESP_0447,K3,A,4,2,0,3,30.0,rent250,grid,cert50,3km,40pct,24.0,rent350,solar,100audit,1km,none,316,100.0,4,,0,0,3.33,2.75,2.75,online
RESP_0447,K3,A,2,3,0,3,18.0,buy,solar,cert50,1km,60pct,36.0,rent350,grid,100audit,home,none,316,200.0,6,2,0,0,3.33,2.75,2.75,online
RESP_0447,K3,A,7,4,0,3,18.0,rent250,solar,none,3km,60pct,36.0,buy,grid,100audit,1km,none,316,100.0,5,,0,0,3.33,2.75,2.75,online
RESP_0447,K3,A,6,5,0,1,24.0,rent350,solar,100audit,1km,40pct,30.0,rent150,solar,cert50,home,none,316,200.0,10,,0,0,3.33,2.75,2.75,online
RESP_0447,K3,A,5,6,0,2,36.0,buy,solar,none,home,60pct,18.0,rent150,grid,cert50,3km,none,316,0.0,6,1,0,0,3.33,2.75,2.75,online
RESP_0447,K3,A,3,7,1,1,18.0,buy,solar,100audit,home,60pct,36.0,rent350,grid,none,3km,none,316,100.0,6,,0,0,3.33,2.75,2.75,online
RESP_0447,K3,A,8,8,0,3,30.0,buy,grid,100audit,home,40pct,24.0,rent250,grid,cert50,3km,none,316,0.0,4,,0,0,3.33,2.75,2.75,online
RESP_0448,K1,B,3,1,0,3,36.0,buy,solar,cert50,home,60pct,18.0,rent250,grid,none,3km,none,1280,0.0,5,,0,0,2.67,2.75,3.0,online
RESP_0448,K1,B,1,2,0,3,24.0,rent250,solar,none,1km,none,30.0,buy,grid,100audit,home,60pct,1280,100.0,8,,0,0,2.67,2.75,3.0,online
RESP_0448,K1,B,6,3,0,3,18.0,rent150,grid,100audit,3km,none,36.0,rent250,solar,none,1km,60pct,1280,100.0,6,3,0,0,2.67,2.75,3.0,online
RESP_0448,K1,B,5,4,0,3,30.0,rent150,solar,none,1km,40pct,24.0,buy,solar,cert50,home,none,1280,200.0,5,,0,0,2.67,2.75,3.0,online
RESP_0448,K1,B,4,5,1,1,18.0,buy,solar,100audit,home,60pct,36.0,rent350,grid,none,3km,none,1280,100.0,6,,0,0,2.67,2.75,3.0,online
RESP_0448,K1,B,7,6,0,3,24.0,buy,grid,cert50,home,40pct,30.0,rent350,grid,100audit,3km,none,1280,0.0,5,1,0,0,2.67,2.75,3.0,online
RESP_0448,K1,B,8,7,0,3,36.0,rent250,solar,100audit,1km,60pct,18.0,buy,grid,none,home,none,1280,200.0,4,,0,0,2.67,2.75,3.0,online
RESP_0448,K1,B,2,8,0,1,18.0,rent350,grid,cert50,3km,40pct,24.0,rent150,solar,100audit,1km,none,1280,200.0,7,,0,0,2.67,2.75,3.0,online
RESP_0449,K2,A,7,1,0,3,30.0,rent150,grid,none,1km,60pct,36.0,rent250,solar,cert50,3km,none,724,100.0,4,,0,0,3.17,2.5,3.0,online
RESP_0449,K2,A,8,2,0,1,18.0,buy,solar,cert50,home,none,24.0,rent150,solar,100audit,1km,60pct,724,200.0,9,,0,0,3.17,2.5,3.0,online
RESP_0449,K2,A,2,3,0,3,24.0,buy,solar,none,3km,60pct,36.0,buy,solar,100audit,home,none,724,0.0,7,3,0,0,3.17,2.5,3.0,online
RESP_0449,K2,A,1,4,0,3,30.0,rent350,solar,100audit,home,none,18.0,rent150,grid,cert50,1km,40pct,724,200.0,6,,0,0,3.17,2.5,3.0,online
RESP_0449,K2,A,5,5,1,2,36.0,rent350,grid,none,3km,none,18.0,buy,solar,100audit,home,60pct,724,100.0,8,,0,0,3.17,2.5,3.0,online
RESP_0449,K2,A,3,6,0,3,18.0,rent250,grid,100audit,1km,none,24.0,rent350,solar,none,3km,40pct,724,100.0,6,3,0,0,3.17,2.5,3.0,online
RESP_0449,K2,A,4,7,0,3,36.0,rent150,grid,cert50,home,40pct,30.0,buy,grid,100audit,1km,60pct,724,200.0,8,,0,0,3.17,2.5,3.0,online
RESP_0449,K2,A,6,8,0,1,24.0,rent250,solar,cert50,3km,none,18.0,buy,grid,100audit,home,40pct,724,0.0,10,,0,0,3.17,2.5,3.0,online
RESP_0450,K3,B,3,1,1,1,18.0,buy,solar,100audit,home,60pct,36.0,rent350,grid,none,3km,none,363,100.0,6,,0,0,2.5,3.5,2.25,online
RESP_0450,K3,B,6,2,0,1,24.0,rent350,solar,100audit,1km,40pct,30.0,rent150,solar,cert50,home,none,363,200.0,6,,0,0,2.5,3.5,2.25,online
RESP_0450,K3,B,5,3,0,3,36.0,buy,solar,none,home,60pct,18.0,rent150,grid,cert50,3km,none,363,0.0,6,3,0,0,2.5,3.5,2.25,online
RESP_0450,K3,B,4,4,0,3,30.0,rent250,grid,cert50,3km,40pct,24.0,rent350,solar,100audit,1km,none,363,100.0,6,,0,0,2.5,3.5,2.25,online
RESP_0450,K3,B,7,5,0,1,18.0,rent250,solar,none,3km,60pct,36.0,buy,grid,100audit,1km,none,363,100.0,10,,0,0,2.5,3.5,2.25,online
RESP_0450,K3,B,1,6,0,3,24.0,rent150,grid,100audit,home,none,30.0,buy,solar,none,3km,40pct,363,0.0,4,3,0,0,2.5,3.5,2.25,online
RESP_0450,K3,B,2,7,0,3,18.0,buy,solar,cert50,1km,60pct,36.0,rent350,grid,100audit,home,none,363,200.0,5,,0,0,2.5,3.5,2.25,online
RESP_0450,K3,B,8,8,0,3,30.0,buy,grid,100audit,home,40pct,24.0,rent250,grid,cert50,3km,none,363,0.0,4,,0,0,2.5,3.5,2.25,online
RESP_0451,K1,A,1,1,0,2,24.0,rent250,solar,none,1km,none,30.0,buy,grid,100audit,home,60pct,1402,100.0,6,,0,0,3.17,3.25,2.75,online
RESP_0451,K1,A,6,2,0,1,18.0,rent150,grid,100audit,3km,none,36.0,rent250,solar,none,1km,60pct,1402,100.0,6,,0,0,3.17,3.25,2.75,online
RESP_0451,K1,A,5,3,0,3,30.0,rent150,solar,none,1km,40pct,24.0,buy,solar,cert50,home,none,1402,200.0,6,3,0,0,3.17,3.25,2.75,online
RESP_0451,K1,A,7,4,0,3,24.0,buy,grid,cert50,home,40pct,30.0,rent350,grid,100audit,3km,none,1402,0.0,4,,0,0,3.17,3.25,2.75,online
RESP_0451,K1,A,4,5,1,1,18.0,buy,solar,100audit,home,60pct,36.0,rent350,grid,none,3km,none,1402,100.0,6,,0,0,3.17,3.25,2.75,online
RESP_0451,K1,A,2,6,0,2,18.0,rent350,grid,cert50,3km,40pct,24.0,rent150,solar,100audit,1km,none,1402,200.0,7,2,0,0,3.17,3.25,2.75,online
RESP_0451,K1,A,3,7,0,3,36.0,buy,solar,cert50,home,60pct,18.0,rent250,grid,none,3km,none,1402,0.0,7,,0,0,3.17,3.25,2.75,online
RESP_0451,K1,A,8,8,0,3,36.0,rent250,solar,100audit,1km,60pct,18.0,buy,grid,none,home,none,1402,200.0,5,,0,0,3.17,3.25,2.75,online
RESP_0452,K2,B,8,1,0,3,18.0,buy,solar,cert50,home,none,24.0,rent150,solar,100audit,1km,60pct,858,200.0,5,,0,0,3.83,2.75,2.75,online
RESP_0452,K2,B,2,2,0,3,24.0,buy,solar,none,3km,60pct,36.0,buy,solar,100audit,home,none,858,0.0,6,,0,0,3.83,2.75,2.75,online
RESP_0452,K2,B,1,3,0,3,30.0,rent350,solar,100audit,home,none,18.0,rent150,grid,cert50,1km,40pct,858,200.0,8,3,0,0,3.83,2.75,2.75,online
RESP_0452,K2,B,5,4,1,2,36.0,rent350,grid,none,3km,none,18.0,buy,solar,100audit,home,60pct,858,100.0,9,,0,0,3.83,2.75,2.75,online
RESP_0452,K2,B,7,5,0,3,30.0,rent150,grid,none,1km,60pct,36.0,rent250,solar,cert50,3km,none,858,100.0,7,,0,0,3.83,2.75,2.75,online
RESP_0452,K2,B,3,6,0,3,18.0,rent250,grid,100audit,1km,none,24.0,rent350,solar,none,3km,40pct,858,100.0,6,3,0,0,3.83,2.75,2.75,online
RESP_0452,K2,B,4,7,0,3,36.0,rent150,grid,cert50,home,40pct,30.0,buy,grid,100audit,1km,60pct,858,200.0,4,,0,0,3.83,2.75,2.75,online
RESP_0452,K2,B,6,8,0,3,24.0,rent250,solar,cert50,3km,none,18.0,buy,grid,100audit,home,40pct,858,0.0,6,,0,0,3.83,2.75,2.75,online
RESP_0453,K3,A,6,1,0,3,24.0,rent350,solar,100audit,1km,40pct,30.0,rent150,solar,cert50,home,none,831,200.0,7,,0,0,2.83,3.25,2.5,online
RESP_0453,K3,A,4,2,0,3,30.0,rent250,grid,cert50,3km,40pct,24.0,rent350,solar,100audit,1km,none,831,100.0,8,,0,0,2.83,3.25,2.5,online
RESP_0453,K3,A,3,3,1,1,18.0,buy,solar,100audit,home,60pct,36.0,rent350,grid,none,3km,none,831,100.0,9,2,0,0,2.83,3.25,2.5,online
RESP_0453,K3,A,8,4,0,3,30.0,buy,grid,100audit,home,40pct,24.0,rent250,grid,cert50,3km,none,831,0.0,4,,0,0,2.83,3.25,2.5,online
RESP_0453,K3,A,5,5,0,3,36.0,buy,solar,none,home,60pct,18.0,rent150,grid,cert50,3km,none,831,0.0,6,,0,0,2.83,3.25,2.5,online
RESP_0453,K3,A,7,6,0,1,18.0,rent250,solar,none,3km,60pct,36.0,buy,grid,100audit,1km,none,831,100.0,7,2,0,0,2.83,3.25,2.5,online
RESP_0453,K3,A,2,7,0,3,18.0,buy,solar,cert50,1km,60pct,36.0,rent350,grid,100audit,home,none,831,200.0,5,,0,0,2.83,3.25,2.5,online
RESP_0453,K3,A,1,8,0,3,24.0,rent150,grid,100audit,home,none,30.0,buy,solar,none,3km,40pct,831,0.0,6,,0,0,2.83,3.25,2.5,online
RESP_0454,K1,B,5,1,0,3,30.0,rent150,solar,none,1km,40pct,24.0,buy,solar,cert50,home,none,665,200.0,8,,0,0,2.33,3.0,3.0,online
RESP_0454,K1,B,6,2,0,1,18.0,rent150,grid,100audit,3km,none,36.0,rent250,solar,none,1km,60pct,665,100.0,6,,0,0,2.33,3.0,3.0,online
RESP_0454,K1,B,3,3,0,3,36.0,buy,solar,cert50,home,60pct,18.0,rent250,grid,none,3km,none,665,0.0,6,3,0,0,2.33,3.0,3.0,online
RESP_0454,K1,B,4,4,1,1,18.0,buy,solar,100audit,home,60pct,36.0,rent350,grid,none,3km,none,665,100.0,7,,0,0,2.33,3.0,3.0,online
RESP_0454,K1,B,7,5,0,3,24.0,buy,grid,cert50,home,40pct,30.0,rent350,grid,100audit,3km,none,665,0.0,5,,0,0,2.33,3.0,3.0,online
RESP_0454,K1,B,1,6,0,3,24.0,rent250,solar,none,1km,none,30.0,buy,grid,100audit,home,60pct,665,100.0,8,3,0,0,2.33,3.0,3.0,online
RESP_0454,K1,B,2,7,0,3,18.0,rent350,grid,cert50,3km,40pct,24.0,rent150,solar,100audit,1km,none,665,200.0,8,,0,0,2.33,3.0,3.0,online
RESP_0454,K1,B,8,8,0,3,36.0,rent250,solar,100audit,1km,60pct,18.0,buy,grid,none,home,none,665,200.0,5,,0,0,2.33,3.0,3.0,online
RESP_0455,K2,A,3,1,0,2,18.0,rent250,grid,100audit,1km,none,24.0,rent350,solar,none,3km,40pct,574,100.0,10,,0,0,3.33,3.25,3.0,online
RESP_0455,K2,A,7,2,0,3,30.0,rent150,grid,none,1km,60pct,36.0,rent250,solar,cert50,3km,none,574,100.0,7,,0,0,3.33,3.25,3.0,online
RESP_0455,K2,A,8,3,0,1,18.0,buy,solar,cert50,home,none,24.0,rent150,solar,100audit,1km,60pct,574,200.0,6,2,0,0,3.33,3.25,3.0,online
RESP_0455,K2,A,1,4,0,2,30.0,rent350,solar,100audit,home,none,18.0,rent150,grid,cert50,1km,40pct,574,200.0,7,,0,0,3.33,3.25,3.0,online
RESP_0455,K2,A,4,5,0,3,36.0,rent150,grid,cert50,home,40pct,30.0,buy,grid,100audit,1km,60pct,574,200.0,6,,0,0,3.33,3.25,3.0,online
RESP_0455,K2,A,5,6,1,2,36.0,rent350,grid,none,3km,none,18.0,buy,solar,100audit,home,60pct,574,100.0,9,2,0,0,3.33,3.25,3.0,online
RESP_0455,K2,A,6,7,0,3,24.0,rent250,solar,cert50,3km,none,18.0,buy,grid,100audit,home,40pct,574,0.0,7,,0,0,3.33,3.25,3.0,online
RESP_0455,K2,A,2,8,0,3,24.0,buy,solar,none,3km,60pct,36.0,buy,solar,100audit,home,none,574,0.0,5,,0,0,3.33,3.25,3.0,online
RESP_0456,K3,B,7,1,0,3,18.0,rent250,solar,none,3km,60pct,36.0,buy,grid,100audit,1km,none,502,100.0,5,,0,0,2.0,2.5,3.25,online
RESP_0456,K3,B,5,2,0,3,36.0,buy,solar,none,home,60pct,18.0,rent150,grid,cert50,3km,none,502,0.0,7,,0,0,2.0,2.5,3.25,online
RESP_0456,K3,B,1,3,0,3,24.0,rent150,grid,100audit,home,none,30.0,buy,solar,none,3km,40pct,502,0.0,7,2,0,0,2.0,2.5,3.25,online
RESP_0456,K3,B,2,4,0,1,18.0,buy,solar,cert50,1km,60pct,36.0,rent350,grid,100audit,home,none,502,200.0,7,,0,0,2.0,2.5,3.25,online
RESP_0456,K3,B,8,5,0,3,30.0,buy,grid,100audit,home,40pct,24.0,rent250,grid,cert50,3km,none,502,0.0,7,,0,0,2.0,2.5,3.25,online
RESP_0456,K3,B,4,6,0,3,30.0,rent250,grid,cert50,3km,40pct,24.0,rent350,solar,100audit,1km,none,502,100.0,8,2,0,0,2.0,2.5,3.25,online
RESP_0456,K3,B,3,7,1,1,18.0,buy,solar,100audit,home,60pct,36.0,rent350,grid,none,3km,none,502,100.0,10,,0,0,2.0,2.5,3.25,online
RESP_0456,K3,B,6,8,0,2,24.0,rent350,solar,100audit,1km,40pct,30.0,rent150,solar,cert50,home,none,502,200.0,6,,0,0,2.0,2.5,3.25,online
RESP_0457,K1,A,3,1,0,3,36.0,buy,solar,cert50,home,60pct,18.0,rent250,grid,none,3km,none,1196,0.0,4,,0,0,2.83,2.75,3.0,online
RESP_0457,K1,A,5,2,0,3,30.0,rent150,solar,none,1km,40pct,24.0,buy,solar,cert50,home,none,1196,200.0,4,,0,0,2.83,2.75,3.0,online
RESP_0457,K1,A,2,3,0,1,18.0,rent350,grid,cert50,3km,40pct,24.0,rent150,solar,100audit,1km,none,1196,200.0,8,1,0,0,2.83,2.75,3.0,online
RESP_0457,K1,A,6,4,0,1,18.0,rent150,grid,100audit,3km,none,36.0,rent250,solar,none,1km,60pct,1196,100.0,10,,0,0,2.83,2.75,3.0,online
RESP_0457,K1,A,7,5,0,1,24.0,buy,grid,cert50,home,40pct,30.0,rent350,grid,100audit,3km,none,1196,0.0,8,,0,0,2.83,2.75,3.0,online
RESP_0457,K1,A,8,6,0,3,36.0,rent250,solar,100audit,1km,60pct,18.0,buy,grid,none,home,none,1196,200.0,6,2,0,0,2.83,2.75,3.0,online
RESP_0457,K1,A,4,7,1,1,18.0,buy,solar,100audit,home,60pct,36.0,rent350,grid,none,3km,none,1196,100.0,7,,0,0,2.83,2.75,3.0,online
RESP_0457,K1,A,1,8,0,2,24.0,rent250,solar,none,1km,none,30.0,buy,grid,100audit,home,60pct,1196,100.0,8,,0,0,2.83,2.75,3.0,online
RESP_0458,K2,B,1,1,0,2,30.0,rent350,solar,100audit,home,none,18.0,rent150,grid,cert50,1km,40pct,607,200.0,6,,0,0,2.17,3.0,2.5,online
RESP_0458,K2,B,4,2,0,2,36.0,rent150,grid,cert50,home,40pct,30.0,buy,grid,100audit,1km,60pct,607,200.0,6,,0,0,2.17,3.0,2.5,online
RESP_0458,K2,B,8,3,0,3,18.0,buy,solar,cert50,home,none,24.0,rent150,solar,100audit,1km,60pct,607,200.0,5,2,0,0,2.17,3.0,2.5,online
RESP_0458,K2,B,7,4,0,3,30.0,rent150,grid,none,1km,60pct,36.0,rent250,solar,cert50,3km,none,607,100.0,5,,0,0,2.17,3.0,2.5,online
RESP_0458,K2,B,6,5,0,3,24.0,rent250,solar,cert50,3km,none,18.0,buy,grid,100audit,home,40pct,607,0.0,7,,0,0,2.17,3.0,2.5,online
RESP_0458,K2,B,2,6,0,2,24.0,buy,solar,none,3km,60pct,36.0,buy,solar,100audit,home,none,607,0.0,6,1,0,0,2.17,3.0,2.5,online
RESP_0458,K2,B,3,7,0,3,18.0,rent250,grid,100audit,1km,none,24.0,rent350,solar,none,3km,40pct,607,100.0,7,,0,0,2.17,3.0,2.5,online
RESP_0458,K2,B,5,8,1,2,36.0,rent350,grid,none,3km,none,18.0,buy,solar,100audit,home,60pct,607,100.0,8,,0,0,2.17,3.0,2.5,online
RESP_0459,K3,A,3,1,1,1,18.0,buy,solar,100audit,home,60pct,36.0,rent350,grid,none,3km,none,410,100.0,9,,0,0,2.5,2.5,3.25,online
RESP_0459,K3,A,5,2,0,3,36.0,buy,solar,none,home,60pct,18.0,rent150,grid,cert50,3km,none,410,0.0,7,,0,0,2.5,2.5,3.25,online
RESP_0459,K3,A,6,3,0,3,24.0,rent350,solar,100audit,1km,40pct,30.0,rent150,solar,cert50,home,none,410,200.0,8,3,0,0,2.5,2.5,3.25,online
RESP_0459,K3,A,4,4,0,3,30.0,rent250,grid,cert50,3km,40pct,24.0,rent350,solar,100audit,1km,none,410,100.0,5,,0,0,2.5,2.5,3.25,online
RESP_0459,K3,A,2,5,0,3,18.0,buy,solar,cert50,1km,60pct,36.0,rent350,grid,100audit,home,none,410,200.0,6,,0,0,2.5,2.5,3.25,online
RESP_0459,K3,A,1,6,0,3,24.0,rent150,grid,100audit,home,none,30.0,buy,solar,none,3km,40pct,410,0.0,6,2,0,0,2.5,2.5,3.25,online
RESP_0459,K3,A,7,7,0,3,18.0,rent250,solar,none,3km,60pct,36.0,buy,grid,100audit,1km,none,410,100.0,7,,0,0,2.5,2.5,3.25,online
RESP_0459,K3,A,8,8,0,1,30.0,buy,grid,100audit,home,40pct,24.0,rent250,grid,cert50,3km,none,410,0.0,10,,0,0,2.5,2.5,3.25,online
RESP_0460,K1,B,5,1,0,3,30.0,rent150,solar,none,1km,40pct,24.0,buy,solar,cert50,home,none,314,200.0,7,,0,0,3.0,4.25,2.75,online
RESP_0460,K1,B,2,2,0,3,18.0,rent350,grid,cert50,3km,40pct,24.0,rent150,solar,100audit,1km,none,314,200.0,8,,0,0,3.0,4.25,2.75,online
RESP_0460,K1,B,4,3,1,1,18.0,buy,solar,100audit,home,60pct,36.0,rent350,grid,none,3km,none,314,100.0,10,2,0,0,3.0,4.25,2.75,online
RESP_0460,K1,B,3,4,0,3,36.0,buy,solar,cert50,home,60pct,18.0,rent250,grid,none,3km,none,314,0.0,7,,0,0,3.0,4.25,2.75,online
RESP_0460,K1,B,7,5,0,3,24.0,buy,grid,cert50,home,40pct,30.0,rent350,grid,100audit,3km,none,314,0.0,5,,0,0,3.0,4.25,2.75,online
RESP_0460,K1,B,1,6,0,3,24.0,rent250,solar,none,1km,none,30.0,buy,grid,100audit,home,60pct,314,100.0,5,1,0,0,3.0,4.25,2.75,online
RESP_0460,K1,B,8,7,0,1,36.0,rent250,solar,100audit,1km,60pct,18.0,buy,grid,none,home,none,314,200.0,8,,0,0,3.0,4.25,2.75,online
RESP_0460,K1,B,6,8,0,1,18.0,rent150,grid,100audit,3km,none,36.0,rent250,solar,none,1km,60pct,314,100.0,7,,0,0,3.0,4.25,2.75,online
RESP_0461,K2,A,1,1,0,3,30.0,rent350,solar,100audit,home,none,18.0,rent150,grid,cert50,1km,40pct,745,200.0,6,,0,0,2.33,4.25,2.75,online
RESP_0461,K2,A,3,2,0,3,18.0,rent250,grid,100audit,1km,none,24.0,rent350,solar,none,3km,40pct,745,100.0,6,,0,0,2.33,4.25,2.75,online
RESP_0461,K2,A,8,3,0,1,18.0,buy,solar,cert50,home,none,24.0,rent150,solar,100audit,1km,60pct,745,200.0,8,3,0,0,2.33,4.25,2.75,online
RESP_0461,K2,A,5,4,1,2,36.0,rent350,grid,none,3km,none,18.0,buy,solar,100audit,home,60pct,745,100.0,9,,0,0,2.33,4.25,2.75,online
RESP_0461,K2,A,7,5,0,3,30.0,rent150,grid,none,1km,60pct,36.0,rent250,solar,cert50,3km,none,745,100.0,5,,0,0,2.33,4.25,2.75,online
RESP_0461,K2,A,2,6,0,1,24.0,buy,solar,none,3km,60pct,36.0,buy,solar,100audit,home,none,745,0.0,8,3,0,0,2.33,4.25,2.75,online
RESP_0461,K2,A,4,7,0,3,36.0,rent150,grid,cert50,home,40pct,30.0,buy,grid,100audit,1km,60pct,745,200.0,6,,0,0,2.33,4.25,2.75,online
RESP_0461,K2,A,6,8,0,2,24.0,rent250,solar,cert50,3km,none,18.0,buy,grid,100audit,home,40pct,745,0.0,8,,0,0,2.33,4.25,2.75,online
RESP_0462,K3,B,6,1,0,3,24.0,rent350,solar,100audit,1km,40pct,30.0,rent150,solar,cert50,home,none,969,200.0,6,,0,0,3.5,2.75,3.25,online
RESP_0462,K3,B,2,2,0,3,18.0,buy,solar,cert50,1km,60pct,36.0,rent350,grid,100audit,home,none,969,200.0,8,,0,0,3.5,2.75,3.25,online
RESP_0462,K3,B,3,3,1,1,18.0,buy,solar,100audit,home,60pct,36.0,rent350,grid,none,3km,none,969,100.0,8,3,0,0,3.5,2.75,3.25,online
RESP_0462,K3,B,8,4,0,3,30.0,buy,grid,100audit,home,40pct,24.0,rent250,grid,cert50,3km,none,969,0.0,8,,0,0,3.5,2.75,3.25,online
RESP_0462,K3,B,4,5,0,2,30.0,rent250,grid,cert50,3km,40pct,24.0,rent350,solar,100audit,1km,none,969,100.0,7,,0,0,3.5,2.75,3.25,online
RESP_0462,K3,B,1,6,0,3,24.0,rent150,grid,100audit,home,none,30.0,buy,solar,none,3km,40pct,969,0.0,6,1,0,0,3.5,2.75,3.25,online
RESP_0462,K3,B,5,7,0,3,36.0,buy,solar,none,home,60pct,18.0,rent150,grid,cert50,3km,none,969,0.0,6,,0,0,3.5,2.75,3.25,online
RESP_0462,K3,B,7,8,0,1,18.0,rent250,solar,none,3km,60pct,36.0,buy,grid,100audit,1km,none,969,100.0,9,,0,0,3.5,2.75,3.25,online
RESP_0463,K1,A,2,1,0,1,18.0,rent350,grid,cert50,3km,40pct,24.0,rent150,solar,100audit,1km,none,1052,200.0,7,,0,0,2.67,4.0,3.0,online
RESP_0463,K1,A,6,2,0,3,18.0,rent150,grid,100audit,3km,none,36.0,rent250,solar,none,1km,60pct,1052,100.0,8,,0,0,2.67,4.0,3.0,online
RESP_0463,K1,A,3,3,0,3,36.0,buy,solar,cert50,home,60pct,18.0,rent250,grid,none,3km,none,1052,0.0,6,2,0,0,2.67,4.0,3.0,online
RESP_0463,K1,A,1,4,0,2,24.0,rent250,solar,none,1km,none,30.0,buy,grid,100audit,home,60pct,1052,100.0,8,,0,0,2.67,4.0,3.0,online
RESP_0463,K1,A,5,5,0,3,30.0,rent150,solar,none,1km,40pct,24.0,buy,solar,cert50,home,none,1052,200.0,4,,0,0,2.67,4.0,3.0,online
RESP_0463,K1,A,8,6,0,3,36.0,rent250,solar,100audit,1km,60pct,18.0,buy,grid,none,home,none,1052,200.0,5,1,0,0,2.67,4.0,3.0,online
RESP_0463,K1,A,7,7,0,3,24.0,buy,grid,cert50,home,40pct,30.0,rent350,grid,100audit,3km,none,1052,0.0,5,,0,0,2.67,4.0,3.0,online
RESP_0463,K1,A,4,8,1,1,18.0,buy,solar,100audit,home,60pct,36.0,rent350,grid,none,3km,none,1052,100.0,7,,0,0,2.67,4.0,3.0,online
RESP_0464,K2,B,3,1,0,3,18.0,rent250,grid,100audit,1km,none,24.0,rent350,solar,none,3km,40pct,291,100.0,4,,0,0,2.0,3.25,3.0,online
RESP_0464,K2,B,4,2,0,3,36.0,rent150,grid,cert50,home,40pct,30.0,buy,grid,100audit,1km,60pct,291,200.0,6,,0,0,2.0,3.25,3.0,online
RESP_0464,K2,B,6,3,0,3,24.0,rent250,solar,cert50,3km,none,18.0,buy,grid,100audit,home,40pct,291,0.0,7,1,0,0,2.0,3.25,3.0,online
RESP_0464,K2,B,7,4,0,3,30.0,rent150,grid,none,1km,60pct,36.0,rent250,solar,cert50,3km,none,291,100.0,4,,0,0,2.0,3.25,3.0,online
RESP_0464,K2,B,1,5,0,3,30.0,rent350,solar,100audit,home,none,18.0,rent150,grid,cert50,1km,40pct,291,200.0,6,,0,0,2.0,3.25,3.0,online
RESP_0464,K2,B,2,6,0,3,24.0,buy,solar,none,3km,60pct,36.0,buy,solar,100audit,home,none,291,0.0,4,1,0,0,2.0,3.25,3.0,online
RESP_0464,K2,B,5,7,1,2,36.0,rent350,grid,none,3km,none,18.0,buy,solar,100audit,home,60pct,291,100.0,10,,0,0,2.0,3.25,3.0,online
RESP_0464,K2,B,8,8,0,2,18.0,buy,solar,cert50,home,none,24.0,rent150,solar,100audit,1km,60pct,291,200.0,7,,0,0,2.0,3.25,3.0,online
RESP_0465,K3,A,6,1,0,1,24.0,rent350,solar,100audit,1km,40pct,30.0,rent150,solar,cert50,home,none,557,200.0,10,,0,0,1.5,3.75,3.5,online
RESP_0465,K3,A,5,2,0,3,36.0,buy,solar,none,home,60pct,18.0,rent150,grid,cert50,3km,none,557,0.0,7,,0,0,1.5,3.75,3.5,online
RESP_0465,K3,A,1,3,0,1,24.0,rent150,grid,100audit,home,none,30.0,buy,solar,none,3km,40pct,557,0.0,7,3,0,0,1.5,3.75,3.5,online
RESP_0465,K3,A,4,4,0,2,30.0,rent250,grid,cert50,3km,40pct,24.0,rent350,solar,100audit,1km,none,557,100.0,10,,0,0,1.5,3.75,3.5,online
RESP_0465,K3,A,7,5,0,3,18.0,rent250,solar,none,3km,60pct,36.0,buy,grid,100audit,1km,none,557,100.0,5,,0,0,1.5,3.75,3.5,online
RESP_0465,K3,A,8,6,0,2,30.0,buy,grid,100audit,home,40pct,24.0,rent250,grid,cert50,3km,none,557,0.0,9,2,0,0,1.5,3.75,3.5,online
RESP_0465,K3,A,2,7,0,3,18.0,buy,solar,cert50,1km,60pct,36.0,rent350,grid,100audit,home,none,557,200.0,4,,0,0,1.5,3.75,3.5,online
RESP_0465,K3,A,3,8,1,1,18.0,buy,solar,100audit,home,60pct,36.0,rent350,grid,none,3km,none,557,100.0,10,,0,0,1.5,3.75,3.5,online
RESP_0466,K1,B,3,1,0,3,36.0,buy,solar,cert50,home,60pct,18.0,rent250,grid,none,3km,none,422,0.0,5,,0,0,3.33,2.75,2.75,online
RESP_0466,K1,B,5,2,0,3,30.0,rent150,solar,none,1km,40pct,24.0,buy,solar,cert50,home,none,422,200.0,4,,0,0,3.33,2.75,2.75,online
RESP_0466,K1,B,4,3,1,1,18.0,buy,solar,100audit,home,60pct,36.0,rent350,grid,none,3km,none,422,100.0,8,1,0,0,3.33,2.75,2.75,online
RESP_0466,K1,B,1,4,0,3,24.0,rent250,solar,none,1km,none,30.0,buy,grid,100audit,home,60pct,422,100.0,4,,0,0,3.33,2.75,2.75,online
RESP_0466,K1,B,7,5,0,3,24.0,buy,grid,cert50,home,40pct,30.0,rent350,grid,100audit,3km,none,422,0.0,8,,0,0,3.33,2.75,2.75,online
RESP_0466,K1,B,8,6,0,3,36.0,rent250,solar,100audit,1km,60pct,18.0,buy,grid,none,home,none,422,200.0,4,3,0,0,3.33,2.75,2.75,online
RESP_0466,K1,B,2,7,0,3,18.0,rent350,grid,cert50,3km,40pct,24.0,rent150,solar,100audit,1km,none,422,200.0,4,,0,0,3.33,2.75,2.75,online
RESP_0466,K1,B,6,8,0,3,18.0,rent150,grid,100audit,3km,none,36.0,rent250,solar,none,1km,60pct,422,100.0,4,,0,0,3.33,2.75,2.75,online
RESP_0467,K2,A,2,1,0,3,24.0,buy,solar,none,3km,60pct,36.0,buy,solar,100audit,home,none,1396,0.0,8,,0,0,2.67,3.5,3.25,online
RESP_0467,K2,A,4,2,0,3,36.0,rent150,grid,cert50,home,40pct,30.0,buy,grid,100audit,1km,60pct,1396,200.0,6,,0,0,2.67,3.5,3.25,online
RESP_0467,K2,A,8,3,0,2,18.0,buy,solar,cert50,home,none,24.0,rent150,solar,100audit,1km,60pct,1396,200.0,9,2,0,0,2.67,3.5,3.25,online
RESP_0467,K2,A,1,4,0,2,30.0,rent350,solar,100audit,home,none,18.0,rent150,grid,cert50,1km,40pct,1396,200.0,9,,0,0,2.67,3.5,3.25,online
RESP_0467,K2,A,3,5,0,3,18.0,rent250,grid,100audit,1km,none,24.0,rent350,solar,none,3km,40pct,1396,100.0,8,,0,0,2.67,3.5,3.25,online
RESP_0467,K2,A,5,6,1,2,36.0,rent350,grid,none,3km,none,18.0,buy,solar,100audit,home,60pct,1396,100.0,8,1,0,0,2.67,3.5,3.25,online
RESP_0467,K2,A,7,7,0,3,30.0,rent150,grid,none,1km,60pct,36.0,rent250,solar,cert50,3km,none,1396,100.0,8,,0,0,2.67,3.5,3.25,online
RESP_0467,K2,A,6,8,0,3,24.0,rent250,solar,cert50,3km,none,18.0,buy,grid,100audit,home,40pct,1396,0.0,8,,0,0,2.67,3.5,3.25,online
RESP_0468,K3,B,7,1,0,3,18.0,rent250,solar,none,3km,60pct,36.0,buy,grid,100audit,1km,none,993,100.0,4,,0,0,1.83,3.0,3.0,online
RESP_0468,K3,B,5,2,0,2,36.0,buy,solar,none,home,60pct,18.0,rent150,grid,cert50,3km,none,993,0.0,8,,0,0,1.83,3.0,3.0,online
RESP_0468,K3,B,4,3,0,2,30.0,rent250,grid,cert50,3km,40pct,24.0,rent350,solar,100audit,1km,none,993,100.0,7,1,0,0,1.83,3.0,3.0,online
RESP_0468,K3,B,6,4,0,3,24.0,rent350,solar,100audit,1km,40pct,30.0,rent150,solar,cert50,home,none,993,200.0,5,,0,0,1.83,3.0,3.0,online
RESP_0468,K3,B,2,5,0,3,18.0,buy,solar,cert50,1km,60pct,36.0,rent350,grid,100audit,home,none,993,200.0,4,,0,0,1.83,3.0,3.0,online
RESP_0468,K3,B,1,6,0,2,24.0,rent150,grid,100audit,home,none,30.0,buy,solar,none,3km,40pct,993,0.0,8,2,0,0,1.83,3.0,3.0,online
RESP_0468,K3,B,8,7,0,3,30.0,buy,grid,100audit,home,40pct,24.0,rent250,grid,cert50,3km,none,993,0.0,6,,0,0,1.83,3.0,3.0,online
RESP_0468,K3,B,3,8,1,1,18.0,buy,solar,100audit,home,60pct,36.0,rent350,grid,none,3km,none,993,100.0,7,,0,0,1.83,3.0,3.0,online
RESP_0469,K1,A,6,1,0,1,18.0,rent150,grid,100audit,3km,none,36.0,rent250,solar,none,1km,60pct,786,100.0,8,,0,0,2.17,4.0,3.0,online
RESP_0469,K1,A,2,2,0,2,18.0,rent350,grid,cert50,3km,40pct,24.0,rent150,solar,100audit,1km,none,786,200.0,7,,0,0,2.17,4.0,3.0,online
RESP_0469,K1,A,5,3,0,3,30.0,rent150,solar,none,1km,40pct,24.0,buy,solar,cert50,home,none,786,200.0,5,1,0,0,2.17,4.0,3.0,online
RESP_0469,K1,A,1,4,0,3,24.0,rent250,solar,none,1km,none,30.0,buy,grid,100audit,home,60pct,786,100.0,6,,0,0,2.17,4.0,3.0,online
RESP_0469,K1,A,7,5,0,1,24.0,buy,grid,cert50,home,40pct,30.0,rent350,grid,100audit,3km,none,786,0.0,10,,0,0,2.17,4.0,3.0,online
RESP_0469,K1,A,3,6,0,3,36.0,buy,solar,cert50,home,60pct,18.0,rent250,grid,none,3km,none,786,0.0,4,2,0,0,2.17,4.0,3.0,online
RESP_0469,K1,A,4,7,1,1,18.0,buy,solar,100audit,home,60pct,36.0,rent350,grid,none,3km,none,786,100.0,7,,0,0,2.17,4.0,3.0,online
RESP_0469,K1,A,8,8,0,2,36.0,rent250,solar,100audit,1km,60pct,18.0,buy,grid,none,home,none,786,200.0,9,,0,0,2.17,4.0,3.0,online
RESP_0470,K2,B,8,1,0,3,18.0,buy,solar,cert50,home,none,24.0,rent150,solar,100audit,1km,60pct,307,200.0,4,,0,0,2.83,3.0,3.0,online
RESP_0470,K2,B,2,2,0,3,24.0,buy,solar,none,3km,60pct,36.0,buy,solar,100audit,home,none,307,0.0,8,,0,0,2.83,3.0,3.0,online
RESP_0470,K2,B,1,3,0,3,30.0,rent350,solar,100audit,home,none,18.0,rent150,grid,cert50,1km,40pct,307,200.0,6,3,0,0,2.83,3.0,3.0,online
RESP_0470,K2,B,6,4,0,3,24.0,rent250,solar,cert50,3km,none,18.0,buy,grid,100audit,home,40pct,307,0.0,8,,0,0,2.83,3.0,3.0,online
RESP_0470,K2,B,5,5,1,2,36.0,rent350,grid,none,3km,none,18.0,buy,solar,100audit,home,60pct,307,100.0,6,,0,0,2.83,3.0,3.0,online
RESP_0470,K2,B,7,6,0,3,30.0,rent150,grid,none,1km,60pct,36.0,rent250,solar,cert50,3km,none,307,100.0,7,1,0,0,2.83,3.0,3.0,online
RESP_0470,K2,B,3,7,0,3,18.0,rent250,grid,100audit,1km,none,24.0,rent350,solar,none,3km,40pct,307,100.0,5,,0,0,2.83,3.0,3.0,online
RESP_0470,K2,B,4,8,0,3,36.0,rent150,grid,cert50,home,40pct,30.0,buy,grid,100audit,1km,60pct,307,200.0,6,,0,0,2.83,3.0,3.0,online
RESP_0471,K3,A,2,1,0,1,18.0,buy,solar,cert50,1km,60pct,36.0,rent350,grid,100audit,home,none,1146,200.0,10,,0,0,2.83,3.25,2.5,online
RESP_0471,K3,A,3,2,1,1,18.0,buy,solar,100audit,home,60pct,36.0,rent350,grid,none,3km,none,1146,100.0,8,,0,0,2.83,3.25,2.5,online
RESP_0471,K3,A,8,3,0,1,30.0,buy,grid,100audit,home,40pct,24.0,rent250,grid,cert50,3km,none,1146,0.0,8,3,0,0,2.83,3.25,2.5,online
RESP_0471,K3,A,4,4,0,2,30.0,rent250,grid,cert50,3km,40pct,24.0,rent350,solar,100audit,1km,none,1146,100.0,6,,0,0,2.83,3.25,2.5,online
RESP_0471,K3,A,1,5,0,1,24.0,rent150,grid,100audit,home,none,30.0,buy,solar,none,3km,40pct,1146,0.0,9,,0,0,2.83,3.25,2.5,online
RESP_0471,K3,A,5,6,0,3,36.0,buy,solar,none,home,60pct,18.0,rent150,grid,cert50,3km,none,1146,0.0,4,1,0,0,2.83,3.25,2.5,online
RESP_0471,K3,A,6,7,0,3,24.0,rent350,solar,100audit,1km,40pct,30.0,rent150,solar,cert50,home,none,1146,200.0,5,,0,0,2.83,3.25,2.5,online
RESP_0471,K3,A,7,8,0,3,18.0,rent250,solar,none,3km,60pct,36.0,buy,grid,100audit,1km,none,1146,100.0,7,,0,0,2.83,3.25,2.5,online
RESP_0472,K1,B,2,1,0,1,18.0,rent350,grid,cert50,3km,40pct,24.0,rent150,solar,100audit,1km,none,308,200.0,10,,0,0,2.33,3.25,3.0,online
RESP_0472,K1,B,8,2,0,3,36.0,rent250,solar,100audit,1km,60pct,18.0,buy,grid,none,home,none,308,200.0,7,,0,0,2.33,3.25,3.0,online
RESP_0472,K1,B,5,3,0,2,30.0,rent150,solar,none,1km,40pct,24.0,buy,solar,cert50,home,none,308,200.0,8,1,0,0,2.33,3.25,3.0,online
RESP_0472,K1,B,3,4,0,3,36.0,buy,solar,cert50,home,60pct,18.0,rent250,grid,none,3km,none,308,0.0,7,,0,0,2.33,3.25,3.0,online
RESP_0472,K1,B,4,5,1,1,18.0,buy,solar,100audit,home,60pct,36.0,rent350,grid,none,3km,none,308,100.0,10,,0,0,2.33,3.25,3.0,online
RESP_0472,K1,B,6,6,0,3,18.0,rent150,grid,100audit,3km,none,36.0,rent250,solar,none,1km,60pct,308,100.0,5,3,0,0,2.33,3.25,3.0,online
RESP_0472,K1,B,7,7,0,3,24.0,buy,grid,cert50,home,40pct,30.0,rent350,grid,100audit,3km,none,308,0.0,4,,0,0,2.33,3.25,3.0,online
RESP_0472,K1,B,1,8,0,3,24.0,rent250,solar,none,1km,none,30.0,buy,grid,100audit,home,60pct,308,100.0,7,,0,0,2.33,3.25,3.0,online
RESP_0473,K2,A,4,1,0,3,36.0,rent150,grid,cert50,home,40pct,30.0,buy,grid,100audit,1km,60pct,1159,200.0,7,,0,0,2.67,3.75,2.75,online
RESP_0473,K2,A,8,2,0,3,18.0,buy,solar,cert50,home,none,24.0,rent150,solar,100audit,1km,60pct,1159,200.0,8,,0,0,2.67,3.75,2.75,online
RESP_0473,K2,A,7,3,0,3,30.0,rent150,grid,none,1km,60pct,36.0,rent250,solar,cert50,3km,none,1159,100.0,5,2,0,0,2.67,3.75,2.75,online
RESP_0473,K2,A,1,4,0,3,30.0,rent350,solar,100audit,home,none,18.0,rent150,grid,cert50,1km,40pct,1159,200.0,5,,0,0,2.67,3.75,2.75,online
RESP_0473,K2,A,3,5,0,3,18.0,rent250,grid,100audit,1km,none,24.0,rent350,solar,none,3km,40pct,1159,100.0,6,,0,0,2.67,3.75,2.75,online
RESP_0473,K2,A,6,6,0,2,24.0,rent250,solar,cert50,3km,none,18.0,buy,grid,100audit,home,40pct,1159,0.0,9,1,0,0,2.67,3.75,2.75,online
RESP_0473,K2,A,5,7,1,2,36.0,rent350,grid,none,3km,none,18.0,buy,solar,100audit,home,60pct,1159,100.0,9,,0,0,2.67,3.75,2.75,online
RESP_0473,K2,A,2,8,0,3,24.0,buy,solar,none,3km,60pct,36.0,buy,solar,100audit,home,none,1159,0.0,4,,0,0,2.67,3.75,2.75,online
RESP_0474,K3,B,4,1,0,2,30.0,rent250,grid,cert50,3km,40pct,24.0,rent350,solar,100audit,1km,none,394,100.0,7,,0,0,2.17,2.25,3.25,online
RESP_0474,K3,B,6,2,0,3,24.0,rent350,solar,100audit,1km,40pct,30.0,rent150,solar,cert50,home,none,394,200.0,7,,0,0,2.17,2.25,3.25,online
RESP_0474,K3,B,5,3,0,3,36.0,buy,solar,none,home,60pct,18.0,rent150,grid,cert50,3km,none,394,0.0,8,1,0,0,2.17,2.25,3.25,online
RESP_0474,K3,B,3,4,1,1,18.0,buy,solar,100audit,home,60pct,36.0,rent350,grid,none,3km,none,394,100.0,6,,0,0,2.17,2.25,3.25,online
RESP_0474,K3,B,8,5,0,3,30.0,buy,grid,100audit,home,40pct,24.0,rent250,grid,cert50,3km,none,394,0.0,8,,0,0,2.17,2.25,3.25,online
RESP_0474,K3,B,2,6,0,3,18.0,buy,solar,cert50,1km,60pct,36.0,rent350,grid,100audit,home,none,394,200.0,7,1,0,0,2.17,2.25,3.25,online
RESP_0474,K3,B,7,7,0,1,18.0,rent250,solar,none,3km,60pct,36.0,buy,grid,100audit,1km,none,394,100.0,7,,0,0,2.17,2.25,3.25,online
RESP_0474,K3,B,1,8,0,1,24.0,rent150,grid,100audit,home,none,30.0,buy,solar,none,3km,40pct,394,0.0,7,,0,0,2.17,2.25,3.25,online
RESP_0475,K1,A,3,1,0,3,36.0,buy,solar,cert50,home,60pct,18.0,rent250,grid,none,3km,none,327,0.0,5,,0,0,2.17,2.25,3.75,online
RESP_0475,K1,A,7,2,0,1,24.0,buy,grid,cert50,home,40pct,30.0,rent350,grid,100audit,3km,none,327,0.0,7,,0,0,2.17,2.25,3.75,online
RESP_0475,K1,A,5,3,0,2,30.0,rent150,solar,none,1km,40pct,24.0,buy,solar,cert50,home,none,327,200.0,9,1,0,0,2.17,2.25,3.75,online
RESP_0475,K1,A,6,4,0,1,18.0,rent150,grid,100audit,3km,none,36.0,rent250,solar,none,1km,60pct,327,100.0,8,,0,0,2.17,2.25,3.75,online
RESP_0475,K1,A,8,5,0,2,36.0,rent250,solar,100audit,1km,60pct,18.0,buy,grid,none,home,none,327,200.0,9,,0,0,2.17,2.25,3.75,online
RESP_0475,K1,A,4,6,1,1,18.0,buy,solar,100audit,home,60pct,36.0,rent350,grid,none,3km,none,327,100.0,7,3,0,0,2.17,2.25,3.75,online
RESP_0475,K1,A,2,7,0,2,18.0,rent350,grid,cert50,3km,40pct,24.0,rent150,solar,100audit,1km,none,327,200.0,7,,0,0,2.17,2.25,3.75,online
RESP_0475,K1,A,1,8,0,1,24.0,rent250,solar,none,1km,none,30.0,buy,grid,100audit,home,60pct,327,100.0,7,,0,0,2.17,2.25,3.75,online
RESP_0476,K2,B,6,1,0,3,24.0,rent250,solar,cert50,3km,none,18.0,buy,grid,100audit,home,40pct,1278,0.0,8,,0,0,2.33,3.25,2.75,online
RESP_0476,K2,B,5,2,1,2,36.0,rent350,grid,none,3km,none,18.0,buy,solar,100audit,home,60pct,1278,100.0,8,,0,0,2.33,3.25,2.75,online
RESP_0476,K2,B,1,3,0,2,30.0,rent350,solar,100audit,home,none,18.0,rent150,grid,cert50,1km,40pct,1278,200.0,6,1,0,0,2.33,3.25,2.75,online
RESP_0476,K2,B,7,4,0,3,30.0,rent150,grid,none,1km,60pct,36.0,rent250,solar,cert50,3km,none,1278,100.0,4,,0,0,2.33,3.25,2.75,online
RESP_0476,K2,B,2,5,0,3,24.0,buy,solar,none,3km,60pct,36.0,buy,solar,100audit,home,none,1278,0.0,7,,0,0,2.33,3.25,2.75,online
RESP_0476,K2,B,8,6,0,2,18.0,buy,solar,cert50,home,none,24.0,rent150,solar,100audit,1km,60pct,1278,200.0,10,1,0,0,2.33,3.25,2.75,online
RESP_0476,K2,B,4,7,0,2,36.0,rent150,grid,cert50,home,40pct,30.0,buy,grid,100audit,1km,60pct,1278,200.0,10,,0,0,2.33,3.25,2.75,online
RESP_0476,K2,B,3,8,0,3,18.0,rent250,grid,100audit,1km,none,24.0,rent350,solar,none,3km,40pct,1278,100.0,4,,0,0,2.33,3.25,2.75,online
RESP_0477,K3,A,1,1,0,3,24.0,rent150,grid,100audit,home,none,30.0,buy,solar,none,3km,40pct,782,0.0,8,,0,0,2.0,2.0,3.0,online
RESP_0477,K3,A,6,2,0,3,24.0,rent350,solar,100audit,1km,40pct,30.0,rent150,solar,cert50,home,none,782,200.0,5,,0,0,2.0,2.0,3.0,online
RESP_0477,K3,A,3,3,1,1,18.0,buy,solar,100audit,home,60pct,36.0,rent350,grid,none,3km,none,782,100.0,8,2,0,0,2.0,2.0,3.0,online
RESP_0477,K3,A,4,4,0,3,30.0,rent250,grid,cert50,3km,40pct,24.0,rent350,solar,100audit,1km,none,782,100.0,7,,0,0,2.0,2.0,3.0,online
RESP_0477,K3,A,8,5,0,3,30.0,buy,grid,100audit,home,40pct,24.0,rent250,grid,cert50,3km,none,782,0.0,5,,0,0,2.0,2.0,3.0,online
RESP_0477,K3,A,2,6,0,3,18.0,buy,solar,cert50,1km,60pct,36.0,rent350,grid,100audit,home,none,782,200.0,5,1,0,0,2.0,2.0,3.0,online
RESP_0477,K3,A,5,7,0,3,36.0,buy,solar,none,home,60pct,18.0,rent150,grid,cert50,3km,none,782,0.0,4,,0,0,2.0,2.0,3.0,online
RESP_0477,K3,A,7,8,0,1,18.0,rent250,solar,none,3km,60pct,36.0,buy,grid,100audit,1km,none,782,100.0,10,,0,0,2.0,2.0,3.0,online
RESP_0478,K1,B,2,1,0,3,18.0,rent350,grid,cert50,3km,40pct,24.0,rent150,solar,100audit,1km,none,613,200.0,4,,0,0,2.83,2.5,3.0,online
RESP_0478,K1,B,5,2,0,1,30.0,rent150,solar,none,1km,40pct,24.0,buy,solar,cert50,home,none,613,200.0,8,,0,0,2.83,2.5,3.0,online
RESP_0478,K1,B,4,3,1,1,18.0,buy,solar,100audit,home,60pct,36.0,rent350,grid,none,3km,none,613,100.0,6,1,0,0,2.83,2.5,3.0,online
RESP_0478,K1,B,7,4,0,3,24.0,buy,grid,cert50,home,40pct,30.0,rent350,grid,100audit,3km,none,613,0.0,4,,0,0,2.83,2.5,3.0,online
RESP_0478,K1,B,3,5,0,3,36.0,buy,solar,cert50,home,60pct,18.0,rent250,grid,none,3km,none,613,0.0,5,,0,0,2.83,2.5,3.0,online
RESP_0478,K1,B,8,6,0,2,36.0,rent250,solar,100audit,1km,60pct,18.0,buy,grid,none,home,none,613,200.0,6,1,0,0,2.83,2.5,3.0,online
RESP_0478,K1,B,1,7,0,3,24.0,rent250,solar,none,1km,none,30.0,buy,grid,100audit,home,60pct,613,100.0,7,,0,0,2.83,2.5,3.0,online
RESP_0478,K1,B,6,8,0,3,18.0,rent150,grid,100audit,3km,none,36.0,rent250,solar,none,1km,60pct,613,100.0,7,,0,0,2.83,2.5,3.0,online
RESP_0479,K2,A,1,1,0,2,30.0,rent350,solar,100audit,home,none,18.0,rent150,grid,cert50,1km,40pct,383,200.0,9,,0,0,1.83,3.75,1.75,online
RESP_0479,K2,A,4,2,0,3,36.0,rent150,grid,cert50,home,40pct,30.0,buy,grid,100audit,1km,60pct,383,200.0,6,,0,0,1.83,3.75,1.75,online
RESP_0479,K2,A,5,3,1,2,36.0,rent350,grid,none,3km,none,18.0,buy,solar,100audit,home,60pct,383,100.0,7,3,0,0,1.83,3.75,1.75,online
RESP_0479,K2,A,8,4,0,1,18.0,buy,solar,cert50,home,none,24.0,rent150,solar,100audit,1km,60pct,383,200.0,10,,0,0,1.83,3.75,1.75,online
RESP_0479,K2,A,6,5,0,2,24.0,rent250,solar,cert50,3km,none,18.0,buy,grid,100audit,home,40pct,383,0.0,8,,0,0,1.83,3.75,1.75,online
RESP_0479,K2,A,7,6,0,3,30.0,rent150,grid,none,1km,60pct,36.0,rent250,solar,cert50,3km,none,383,100.0,8,1,0,0,1.83,3.75,1.75,online
RESP_0479,K2,A,3,7,0,3,18.0,rent250,grid,100audit,1km,none,24.0,rent350,solar,none,3km,40pct,383,100.0,4,,0,0,1.83,3.75,1.75,online
RESP_0479,K2,A,2,8,0,3,24.0,buy,solar,none,3km,60pct,36.0,buy,solar,100audit,home,none,383,0.0,7,,0,0,1.83,3.75,1.75,online
RESP_0480,K3,B,8,1,0,3,30.0,buy,grid,100audit,home,40pct,24.0,rent250,grid,cert50,3km,none,1277,0.0,6,,0,0,2.17,3.0,3.5,online
RESP_0480,K3,B,7,2,0,1,18.0,rent250,solar,none,3km,60pct,36.0,buy,grid,100audit,1km,none,1277,100.0,9,,0,0,2.17,3.0,3.5,online
RESP_0480,K3,B,2,3,0,3,18.0,buy,solar,cert50,1km,60pct,36.0,rent350,grid,100audit,home,none,1277,200.0,5,2,0,0,2.17,3.0,3.5,online
RESP_0480,K3,B,1,4,0,2,24.0,rent150,grid,100audit,home,none,30.0,buy,solar,none,3km,40pct,1277,0.0,6,,0,0,2.17,3.0,3.5,online
RESP_0480,K3,B,4,5,0,2,30.0,rent250,grid,cert50,3km,40pct,24.0,rent350,solar,100audit,1km,none,1277,100.0,8,,0,0,2.17,3.0,3.5,online
RESP_0480,K3,B,3,6,1,2,18.0,buy,solar,100audit,home,60pct,36.0,rent350,grid,none,3km,none,1277,100.0,6,2,0,0,2.17,3.0,3.5,online
RESP_0480,K3,B,6,7,0,1,24.0,rent350,solar,100audit,1km,40pct,30.0,rent150,solar,cert50,home,none,1277,200.0,9,,0,0,2.17,3.0,3.5,online
RESP_0480,K3,B,5,8,0,2,36.0,buy,solar,none,home,60pct,18.0,rent150,grid,cert50,3km,none,1277,0.0,9,,0,0,2.17,3.0,3.5,online
RESP_0481,K1,A,7,1,0,3,24.0,buy,grid,cert50,home,40pct,30.0,rent350,grid,100audit,3km,none,751,0.0,6,,0,0,2.5,3.0,3.5,offline
RESP_0481,K1,A,5,2,0,3,30.0,rent150,solar,none,1km,40pct,24.0,buy,solar,cert50,home,none,751,200.0,7,,0,0,2.5,3.0,3.5,offline
RESP_0481,K1,A,3,3,0,3,36.0,buy,solar,cert50,home,60pct,18.0,rent250,grid,none,3km,none,751,0.0,7,3,0,0,2.5,3.0,3.5,offline
RESP_0481,K1,A,8,4,0,3,36.0,rent250,solar,100audit,1km,60pct,18.0,buy,grid,none,home,none,751,200.0,7,,0,0,2.5,3.0,3.5,offline
RESP_0481,K1,A,6,5,0,3,18.0,rent150,grid,100audit,3km,none,36.0,rent250,solar,none,1km,60pct,751,100.0,6,,0,0,2.5,3.0,3.5,offline
RESP_0481,K1,A,1,6,0,3,24.0,rent250,solar,none,1km,none,30.0,buy,grid,100audit,home,60pct,751,100.0,7,1,0,0,2.5,3.0,3.5,offline
RESP_0481,K1,A,2,7,0,3,18.0,rent350,grid,cert50,3km,40pct,24.0,rent150,solar,100audit,1km,none,751,200.0,8,,0,0,2.5,3.0,3.5,offline
RESP_0481,K1,A,4,8,1,1,18.0,buy,solar,100audit,home,60pct,36.0,rent350,grid,none,3km,none,751,100.0,6,,0,0,2.5,3.0,3.5,offline
RESP_0482,K2,B,1,1,0,3,30.0,rent350,solar,100audit,home,none,18.0,rent150,grid,cert50,1km,40pct,269,200.0,8,,0,0,3.17,2.5,3.0,offline
RESP_0482,K2,B,6,2,0,3,24.0,rent250,solar,cert50,3km,none,18.0,buy,grid,100audit,home,40pct,269,0.0,7,,0,0,3.17,2.5,3.0,offline
RESP_0482,K2,B,8,3,0,1,18.0,buy,solar,cert50,home,none,24.0,rent150,solar,100audit,1km,60pct,269,200.0,8,2,0,0,3.17,2.5,3.0,offline
RESP_0482,K2,B,2,4,0,3,24.0,buy,solar,none,3km,60pct,36.0,buy,solar,100audit,home,none,269,0.0,8,,0,0,3.17,2.5,3.0,offline
RESP_0482,K2,B,4,5,0,2,36.0,rent150,grid,cert50,home,40pct,30.0,buy,grid,100audit,1km,60pct,269,200.0,9,,0,0,3.17,2.5,3.0,offline
RESP_0482,K2,B,3,6,0,3,18.0,rent250,grid,100audit,1km,none,24.0,rent350,solar,none,3km,40pct,269,100.0,6,2,0,0,3.17,2.5,3.0,offline
RESP_0482,K2,B,5,7,1,2,36.0,rent350,grid,none,3km,none,18.0,buy,solar,100audit,home,60pct,269,100.0,9,,0,0,3.17,2.5,3.0,offline
RESP_0482,K2,B,7,8,0,1,30.0,rent150,grid,none,1km,60pct,36.0,rent250,solar,cert50,3km,none,269,100.0,7,,0,0,3.17,2.5,3.0,offline
RESP_0483,K3,A,6,1,0,3,24.0,rent350,solar,100audit,1km,40pct,30.0,rent150,solar,cert50,home,none,1220,200.0,8,,0,0,1.5,2.75,2.5,offline
RESP_0483,K3,A,3,2,1,1,18.0,buy,solar,100audit,home,60pct,36.0,rent350,grid,none,3km,none,1220,100.0,6,,0,0,1.5,2.75,2.5,offline
RESP_0483,K3,A,8,3,0,3,30.0,buy,grid,100audit,home,40pct,24.0,rent250,grid,cert50,3km,none,1220,0.0,5,2,0,0,1.5,2.75,2.5,offline
RESP_0483,K3,A,1,4,0,3,24.0,rent150,grid,100audit,home,none,30.0,buy,solar,none,3km,40pct,1220,0.0,5,,0,0,1.5,2.75,2.5,offline
RESP_0483,K3,A,2,5,0,3,18.0,buy,solar,cert50,1km,60pct,36.0,rent350,grid,100audit,home,none,1220,200.0,4,,0,0,1.5,2.75,2.5,offline
RESP_0483,K3,A,5,6,0,1,36.0,buy,solar,none,home,60pct,18.0,rent150,grid,cert50,3km,none,1220,0.0,9,2,0,0,1.5,2.75,2.5,offline
RESP_0483,K3,A,7,7,0,1,18.0,rent250,solar,none,3km,60pct,36.0,buy,grid,100audit,1km,none,1220,100.0,7,,0,0,1.5,2.75,2.5,offline
RESP_0483,K3,A,4,8,0,3,30.0,rent250,grid,cert50,3km,40pct,24.0,rent350,solar,100audit,1km,none,1220,100.0,5,,0,0,1.5,2.75,2.5,offline
RESP_0484,K1,B,5,1,0,3,30.0,rent150,solar,none,1km,40pct,24.0,buy,solar,cert50,home,none,694,200.0,7,,0,0,3.33,2.5,2.0,offline
RESP_0484,K1,B,8,2,0,3,36.0,rent250,solar,100audit,1km,60pct,18.0,buy,grid,none,home,none,694,200.0,6,,0,0,3.33,2.5,2.0,offline
RESP_0484,K1,B,4,3,1,1,18.0,buy,solar,100audit,home,60pct,36.0,rent350,grid,none,3km,none,694,100.0,8,3,0,0,3.33,2.5,2.0,offline
RESP_0484,K1,B,6,4,0,3,18.0,rent150,grid,100audit,3km,none,36.0,rent250,solar,none,1km,60pct,694,100.0,5,,0,0,3.33,2.5,2.0,offline
RESP_0484,K1,B,1,5,0,3,24.0,rent250,solar,none,1km,none,30.0,buy,grid,100audit,home,60pct,694,100.0,5,,0,0,3.33,2.5,2.0,offline
RESP_0484,K1,B,2,6,0,1,18.0,rent350,grid,cert50,3km,40pct,24.0,rent150,solar,100audit,1km,none,694,200.0,6,1,0,0,3.33,2.5,2.0,offline
RESP_0484,K1,B,3,7,0,3,36.0,buy,solar,cert50,home,60pct,18.0,rent250,grid,none,3km,none,694,0.0,4,,0,0,3.33,2.5,2.0,offline
RESP_0484,K1,B,7,8,0,3,24.0,buy,grid,cert50,home,40pct,30.0,rent350,grid,100audit,3km,none,694,0.0,4,,0,0,3.33,2.5,2.0,offline
RESP_0485,K2,A,1,1,0,2,30.0,rent350,solar,100audit,home,none,18.0,rent150,grid,cert50,1km,40pct,1182,200.0,10,,0,0,4.33,3.5,2.25,offline
RESP_0485,K2,A,3,2,0,3,18.0,rent250,grid,100audit,1km,none,24.0,rent350,solar,none,3km,40pct,1182,100.0,5,,0,0,4.33,3.5,2.25,offline
RESP_0485,K2,A,7,3,0,3,30.0,rent150,grid,none,1km,60pct,36.0,rent250,solar,cert50,3km,none,1182,100.0,8,3,0,0,4.33,3.5,2.25,offline
RESP_0485,K2,A,4,4,0,3,36.0,rent150,grid,cert50,home,40pct,30.0,buy,grid,100audit,1km,60pct,1182,200.0,5,,0,0,4.33,3.5,2.25,offline
RESP_0485,K2,A,8,5,0,1,18.0,buy,solar,cert50,home,none,24.0,rent150,solar,100audit,1km,60pct,1182,200.0,8,,0,0,4.33,3.5,2.25,offline
RESP_0485,K2,A,2,6,0,3,24.0,buy,solar,none,3km,60pct,36.0,buy,solar,100audit,home,none,1182,0.0,4,2,0,0,4.33,3.5,2.25,offline
RESP_0485,K2,A,5,7,1,2,36.0,rent350,grid,none,3km,none,18.0,buy,solar,100audit,home,60pct,1182,100.0,10,,0,0,4.33,3.5,2.25,offline
RESP_0485,K2,A,6,8,0,3,24.0,rent250,solar,cert50,3km,none,18.0,buy,grid,100audit,home,40pct,1182,0.0,4,,0,0,4.33,3.5,2.25,offline
RESP_0486,K3,B,3,1,1,1,18.0,buy,solar,100audit,home,60pct,36.0,rent350,grid,none,3km,none,1257,100.0,8,,0,0,2.5,2.25,4.0,offline
RESP_0486,K3,B,7,2,0,1,18.0,rent250,solar,none,3km,60pct,36.0,buy,grid,100audit,1km,none,1257,100.0,10,,0,0,2.5,2.25,4.0,offline
RESP_0486,K3,B,5,3,0,2,36.0,buy,solar,none,home,60pct,18.0,rent150,grid,cert50,3km,none,1257,0.0,7,3,0,0,2.5,2.25,4.0,offline
RESP_0486,K3,B,2,4,0,1,18.0,buy,solar,cert50,1km,60pct,36.0,rent350,grid,100audit,home,none,1257,200.0,10,,0,0,2.5,2.25,4.0,offline
RESP_0486,K3,B,8,5,0,3,30.0,buy,grid,100audit,home,40pct,24.0,rent250,grid,cert50,3km,none,1257,0.0,5,,0,0,2.5,2.25,4.0,offline
RESP_0486,K3,B,1,6,0,3,24.0,rent150,grid,100audit,home,none,30.0,buy,solar,none,3km,40pct,1257,0.0,6,3,0,0,2.5,2.25,4.0,offline
RESP_0486,K3,B,6,7,0,3,24.0,rent350,solar,100audit,1km,40pct,30.0,rent150,solar,cert50,home,none,1257,200.0,5,,0,0,2.5,2.25,4.0,offline
RESP_0486,K3,B,4,8,0,3,30.0,rent250,grid,cert50,3km,40pct,24.0,rent350,solar,100audit,1km,none,1257,100.0,5,,0,0,2.5,2.25,4.0,offline
RESP_0487,K1,A,8,1,0,3,36.0,rent250,solar,100audit,1km,60pct,18.0,buy,grid,none,home,none,1049,200.0,4,,0,0,2.67,3.0,3.0,offline
RESP_0487,K1,A,2,2,0,1,18.0,rent350,grid,cert50,3km,40pct,24.0,rent150,solar,100audit,1km,none,1049,200.0,8,,0,0,2.67,3.0,3.0,offline
RESP_0487,K1,A,4,3,1,1,18.0,buy,solar,100audit,home,60pct,36.0,rent350,grid,none,3km,none,1049,100.0,8,2,0,0,2.67,3.0,3.0,offline
RESP_0487,K1,A,1,4,0,3,24.0,rent250,solar,none,1km,none,30.0,buy,grid,100audit,home,60pct,1049,100.0,8,,0,0,2.67,3.0,3.0,offline
RESP_0487,K1,A,5,5,0,3,30.0,rent150,solar,none,1km,40pct,24.0,buy,solar,cert50,home,none,1049,200.0,5,,0,0,2.67,3.0,3.0,offline
RESP_0487,K1,A,7,6,0,1,24.0,buy,grid,cert50,home,40pct,30.0,rent350,grid,100audit,3km,none,1049,0.0,7,1,0,0,2.67,3.0,3.0,offline
RESP_0487,K1,A,6,7,0,3,18.0,rent150,grid,100audit,3km,none,36.0,rent250,solar,none,1km,60pct,1049,100.0,4,,0,0,2.67,3.0,3.0,offline
RESP_0487,K1,A,3,8,0,2,36.0,buy,solar,cert50,home,60pct,18.0,rent250,grid,none,3km,none,1049,0.0,6,,0,0,2.67,3.0,3.0,offline
RESP_0488,K2,B,7,1,0,3,30.0,rent150,grid,none,1km,60pct,36.0,rent250,solar,cert50,3km,none,1129,100.0,8,,0,0,2.5,2.75,2.75,offline
RESP_0488,K2,B,2,2,0,3,24.0,buy,solar,none,3km,60pct,36.0,buy,solar,100audit,home,none,1129,0.0,6,,0,0,2.5,2.75,2.75,offline
RESP_0488,K2,B,5,3,1,2,36.0,rent350,grid,none,3km,none,18.0,buy,solar,100audit,home,60pct,1129,100.0,9,1,0,0,2.5,2.75,2.75,offline
RESP_0488,K2,B,8,4,0,3,18.0,buy,solar,cert50,home,none,24.0,rent150,solar,100audit,1km,60pct,1129,200.0,7,,0,0,2.5,2.75,2.75,offline
RESP_0488,K2,B,6,5,0,2,24.0,rent250,solar,cert50,3km,none,18.0,buy,grid,100audit,home,40pct,1129,0.0,7,,0,0,2.5,2.75,2.75,offline
RESP_0488,K2,B,4,6,0,3,36.0,rent150,grid,cert50,home,40pct,30.0,buy,grid,100audit,1km,60pct,1129,200.0,7,2,0,0,2.5,2.75,2.75,offline
RESP_0488,K2,B,3,7,0,3,18.0,rent250,grid,100audit,1km,none,24.0,rent350,solar,none,3km,40pct,1129,100.0,6,,0,0,2.5,2.75,2.75,offline
RESP_0488,K2,B,1,8,0,1,30.0,rent350,solar,100audit,home,none,18.0,rent150,grid,cert50,1km,40pct,1129,200.0,10,,0,0,2.5,2.75,2.75,offline
RESP_0489,K3,A,5,1,0,2,36.0,buy,solar,none,home,60pct,18.0,rent150,grid,cert50,3km,none,1102,0.0,7,,0,0,3.33,3.5,3.25,offline
RESP_0489,K3,A,8,2,0,3,30.0,buy,grid,100audit,home,40pct,24.0,rent250,grid,cert50,3km,none,1102,0.0,5,,0,0,3.33,3.5,3.25,offline
RESP_0489,K3,A,6,3,0,3,24.0,rent350,solar,100audit,1km,40pct,30.0,rent150,solar,cert50,home,none,1102,200.0,4,2,0,0,3.33,3.5,3.25,offline
RESP_0489,K3,A,4,4,0,3,30.0,rent250,grid,cert50,3km,40pct,24.0,rent350,solar,100audit,1km,none,1102,100.0,6,,0,0,3.33,3.5,3.25,offline
RESP_0489,K3,A,3,5,1,1,18.0,buy,solar,100audit,home,60pct,36.0,rent350,grid,none,3km,none,1102,100.0,8,,0,0,3.33,3.5,3.25,offline
RESP_0489,K3,A,2,6,0,3,18.0,buy,solar,cert50,1km,60pct,36.0,rent350,grid,100audit,home,none,1102,200.0,4,3,0,0,3.33,3.5,3.25,offline
RESP_0489,K3,A,1,7,0,3,24.0,rent150,grid,100audit,home,none,30.0,buy,solar,none,3km,40pct,1102,0.0,6,,0,0,3.33,3.5,3.25,offline
RESP_0489,K3,A,7,8,0,3,18.0,rent250,solar,none,3km,60pct,36.0,buy,grid,100audit,1km,none,1102,100.0,8,,0,0,3.33,3.5,3.25,offline
RESP_0490,K1,B,7,1,0,1,24.0,buy,grid,cert50,home,40pct,30.0,rent350,grid,100audit,3km,none,504,0.0,7,,0,0,2.17,2.75,3.0,offline
RESP_0490,K1,B,1,2,0,3,24.0,rent250,solar,none,1km,none,30.0,buy,grid,100audit,home,60pct,504,100.0,7,,0,0,2.17,2.75,3.0,offline
RESP_0490,K1,B,8,3,0,2,36.0,rent250,solar,100audit,1km,60pct,18.0,buy,grid,none,home,none,504,200.0,10,3,0,0,2.17,2.75,3.0,offline
RESP_0490,K1,B,6,4,0,3,18.0,rent150,grid,100audit,3km,none,36.0,rent250,solar,none,1km,60pct,504,100.0,5,,0,0,2.17,2.75,3.0,offline
RESP_0490,K1,B,4,5,1,1,18.0,buy,solar,100audit,home,60pct,36.0,rent350,grid,none,3km,none,504,100.0,7,,0,0,2.17,2.75,3.0,offline
RESP_0490,K1,B,5,6,0,2,30.0,rent150,solar,none,1km,40pct,24.0,buy,solar,cert50,home,none,504,200.0,9,3,0,0,2.17,2.75,3.0,offline
RESP_0490,K1,B,3,7,0,2,36.0,buy,solar,cert50,home,60pct,18.0,rent250,grid,none,3km,none,504,0.0,7,,0,0,2.17,2.75,3.0,offline
RESP_0490,K1,B,2,8,0,1,18.0,rent350,grid,cert50,3km,40pct,24.0,rent150,solar,100audit,1km,none,504,200.0,8,,0,0,2.17,2.75,3.0,offline
RESP_0491,K2,A,3,1,0,1,18.0,rent250,grid,100audit,1km,none,24.0,rent350,solar,none,3km,40pct,967,100.0,7,,0,0,2.5,2.5,3.0,offline
RESP_0491,K2,A,5,2,1,2,36.0,rent350,grid,none,3km,none,18.0,buy,solar,100audit,home,60pct,967,100.0,6,,0,0,2.5,2.5,3.0,offline
RESP_0491,K2,A,1,3,0,3,30.0,rent350,solar,100audit,home,none,18.0,rent150,grid,cert50,1km,40pct,967,200.0,4,3,0,0,2.5,2.5,3.0,offline
RESP_0491,K2,A,7,4,0,3,30.0,rent150,grid,none,1km,60pct,36.0,rent250,solar,cert50,3km,none,967,100.0,8,,0,0,2.5,2.5,3.0,offline
RESP_0491,K2,A,2,5,0,3,24.0,buy,solar,none,3km,60pct,36.0,buy,solar,100audit,home,none,967,0.0,8,,0,0,2.5,2.5,3.0,offline
RESP_0491,K2,A,8,6,0,1,18.0,buy,solar,cert50,home,none,24.0,rent150,solar,100audit,1km,60pct,967,200.0,6,1,0,0,2.5,2.5,3.0,offline
RESP_0491,K2,A,6,7,0,3,24.0,rent250,solar,cert50,3km,none,18.0,buy,grid,100audit,home,40pct,967,0.0,4,,0,0,2.5,2.5,3.0,offline
RESP_0491,K2,A,4,8,0,2,36.0,rent150,grid,cert50,home,40pct,30.0,buy,grid,100audit,1km,60pct,967,200.0,10,,0,0,2.5,2.5,3.0,offline
RESP_0492,K3,B,4,1,0,2,30.0,rent250,grid,cert50,3km,40pct,24.0,rent350,solar,100audit,1km,none,1021,100.0,6,,0,0,2.67,2.75,3.0,offline
RESP_0492,K3,B,1,2,0,3,24.0,rent150,grid,100audit,home,none,30.0,buy,solar,none,3km,40pct,1021,0.0,4,,0,0,2.67,2.75,3.0,offline
RESP_0492,K3,B,3,3,1,1,18.0,buy,solar,100audit,home,60pct,36.0,rent350,grid,none,3km,none,1021,100.0,8,1,0,0,2.67,2.75,3.0,offline
RESP_0492,K3,B,8,4,0,3,30.0,buy,grid,100audit,home,40pct,24.0,rent250,grid,cert50,3km,none,1021,0.0,6,,0,0,2.67,2.75,3.0,offline
RESP_0492,K3,B,5,5,0,1,36.0,buy,solar,none,home,60pct,18.0,rent150,grid,cert50,3km,none,1021,0.0,7,,0,0,2.67,2.75,3.0,offline
RESP_0492,K3,B,2,6,0,3,18.0,buy,solar,cert50,1km,60pct,36.0,rent350,grid,100audit,home,none,1021,200.0,8,1,0,0,2.67,2.75,3.0,offline
RESP_0492,K3,B,7,7,0,3,18.0,rent250,solar,none,3km,60pct,36.0,buy,grid,100audit,1km,none,1021,100.0,7,,0,0,2.67,2.75,3.0,offline
RESP_0492,K3,B,6,8,0,1,24.0,rent350,solar,100audit,1km,40pct,30.0,rent150,solar,cert50,home,none,1021,200.0,6,,0,0,2.67,2.75,3.0,offline
RESP_0493,K1,A,4,1,1,1,18.0,buy,solar,100audit,home,60pct,36.0,rent350,grid,none,3km,none,1174,100.0,9,,0,0,3.17,2.75,3.0,offline
RESP_0493,K1,A,2,2,0,1,18.0,rent350,grid,cert50,3km,40pct,24.0,rent150,solar,100audit,1km,none,1174,200.0,8,,0,0,3.17,2.75,3.0,offline
RESP_0493,K1,A,7,3,0,3,24.0,buy,grid,cert50,home,40pct,30.0,rent350,grid,100audit,3km,none,1174,0.0,5,2,0,0,3.17,2.75,3.0,offline
RESP_0493,K1,A,6,4,0,3,18.0,rent150,grid,100audit,3km,none,36.0,rent250,solar,none,1km,60pct,1174,100.0,5,,0,0,3.17,2.75,3.0,offline
RESP_0493,K1,A,1,5,0,3,24.0,rent250,solar,none,1km,none,30.0,buy,grid,100audit,home,60pct,1174,100.0,5,,0,0,3.17,2.75,3.0,offline
RESP_0493,K1,A,5,6,0,3,30.0,rent150,solar,none,1km,40pct,24.0,buy,solar,cert50,home,none,1174,200.0,5,1,0,0,3.17,2.75,3.0,offline
RESP_0493,K1,A,8,7,0,3,36.0,rent250,solar,100audit,1km,60pct,18.0,buy,grid,none,home,none,1174,200.0,7,,0,0,3.17,2.75,3.0,offline
RESP_0493,K1,A,3,8,0,3,36.0,buy,solar,cert50,home,60pct,18.0,rent250,grid,none,3km,none,1174,0.0,5,,0,0,3.17,2.75,3.0,offline
RESP_0494,K2,B,2,1,0,3,24.0,buy,solar,none,3km,60pct,36.0,buy,solar,100audit,home,none,463,0.0,8,,0,0,3.17,2.25,3.5,offline
RESP_0494,K2,B,6,2,0,3,24.0,rent250,solar,cert50,3km,none,18.0,buy,grid,100audit,home,40pct,463,0.0,8,,0,0,3.17,2.25,3.5,offline
RESP_0494,K2,B,8,3,0,3,18.0,buy,solar,cert50,home,none,24.0,rent150,solar,100audit,1km,60pct,463,200.0,6,1,0,0,3.17,2.25,3.5,offline
RESP_0494,K2,B,1,4,0,3,30.0,rent350,solar,100audit,home,none,18.0,rent150,grid,cert50,1km,40pct,463,200.0,5,,0,0,3.17,2.25,3.5,offline
RESP_0494,K2,B,5,5,1,2,36.0,rent350,grid,none,3km,none,18.0,buy,solar,100audit,home,60pct,463,100.0,10,,0,0,3.17,2.25,3.5,offline
RESP_0494,K2,B,4,6,0,3,36.0,rent150,grid,cert50,home,40pct,30.0,buy,grid,100audit,1km,60pct,463,200.0,5,2,0,0,3.17,2.25,3.5,offline
RESP_0494,K2,B,7,7,0,3,30.0,rent150,grid,none,1km,60pct,36.0,rent250,solar,cert50,3km,none,463,100.0,5,,0,0,3.17,2.25,3.5,offline
RESP_0494,K2,B,3,8,0,3,18.0,rent250,grid,100audit,1km,none,24.0,rent350,solar,none,3km,40pct,463,100.0,7,,0,0,3.17,2.25,3.5,offline
RESP_0495,K3,A,8,1,0,2,30.0,buy,grid,100audit,home,40pct,24.0,rent250,grid,cert50,3km,none,1171,0.0,8,,0,0,2.5,2.25,2.75,offline
RESP_0495,K3,A,3,2,1,1,18.0,buy,solar,100audit,home,60pct,36.0,rent350,grid,none,3km,none,1171,100.0,9,,0,0,2.5,2.25,2.75,offline
RESP_0495,K3,A,7,3,0,1,18.0,rent250,solar,none,3km,60pct,36.0,buy,grid,100audit,1km,none,1171,100.0,9,3,0,0,2.5,2.25,2.75,offline
RESP_0495,K3,A,2,4,0,3,18.0,buy,solar,cert50,1km,60pct,36.0,rent350,grid,100audit,home,none,1171,200.0,8,,0,0,2.5,2.25,2.75,offline
RESP_0495,K3,A,1,5,0,1,24.0,rent150,grid,100audit,home,none,30.0,buy,solar,none,3km,40pct,1171,0.0,8,,0,0,2.5,2.25,2.75,offline
RESP_0495,K3,A,4,6,0,1,30.0,rent250,grid,cert50,3km,40pct,24.0,rent350,solar,100audit,1km,none,1171,100.0,9,2,0,0,2.5,2.25,2.75,offline
RESP_0495,K3,A,5,7,0,3,36.0,buy,solar,none,home,60pct,18.0,rent150,grid,cert50,3km,none,1171,0.0,8,,0,0,2.5,2.25,2.75,offline
RESP_0495,K3,A,6,8,0,3,24.0,rent350,solar,100audit,1km,40pct,30.0,rent150,solar,cert50,home,none,1171,200.0,8,,0,0,2.5,2.25,2.75,offline
RESP_0496,K1,B,3,1,0,3,36.0,buy,solar,cert50,home,60pct,18.0,rent250,grid,none,3km,none,402,0.0,6,,0,0,1.83,3.5,3.0,offline
RESP_0496,K1,B,7,2,0,3,24.0,buy,grid,cert50,home,40pct,30.0,rent350,grid,100audit,3km,none,402,0.0,4,,0,0,1.83,3.5,3.0,offline
RESP_0496,K1,B,6,3,0,1,18.0,rent150,grid,100audit,3km,none,36.0,rent250,solar,none,1km,60pct,402,100.0,7,3,0,0,1.83,3.5,3.0,offline
RESP_0496,K1,B,8,4,0,2,36.0,rent250,solar,100audit,1km,60pct,18.0,buy,grid,none,home,none,402,200.0,6,,0,0,1.83,3.5,3.0,offline
RESP_0496,K1,B,4,5,1,1,18.0,buy,solar,100audit,home,60pct,36.0,rent350,grid,none,3km,none,402,100.0,8,,0,0,1.83,3.5,3.0,offline
RESP_0496,K1,B,2,6,0,3,18.0,rent350,grid,cert50,3km,40pct,24.0,rent150,solar,100audit,1km,none,402,200.0,6,2,0,0,1.83,3.5,3.0,offline
RESP_0496,K1,B,1,7,0,1,24.0,rent250,solar,none,1km,none,30.0,buy,grid,100audit,home,60pct,402,100.0,9,,0,0,1.83,3.5,3.0,offline
RESP_0496,K1,B,5,8,0,3,30.0,rent150,solar,none,1km,40pct,24.0,buy,solar,cert50,home,none,402,200.0,4,,0,0,1.83,3.5,3.0,offline
RESP_0497,K2,A,6,1,0,3,24.0,rent250,solar,cert50,3km,none,18.0,buy,grid,100audit,home,40pct,301,0.0,6,,0,0,3.83,3.5,2.75,offline
RESP_0497,K2,A,2,2,0,2,24.0,buy,solar,none,3km,60pct,36.0,buy,solar,100audit,home,none,301,0.0,8,,0,0,3.83,3.5,2.75,offline
RESP_0497,K2,A,3,3,0,3,18.0,rent250,grid,100audit,1km,none,24.0,rent350,solar,none,3km,40pct,301,100.0,8,1,0,0,3.83,3.5,2.75,offline
RESP_0497,K2,A,5,4,1,2,36.0,rent350,grid,none,3km,none,18.0,buy,solar,100audit,home,60pct,301,100.0,8,,0,0,3.83,3.5,2.75,offline
RESP_0497,K2,A,4,5,0,3,36.0,rent150,grid,cert50,home,40pct,30.0,buy,grid,100audit,1km,60pct,301,200.0,4,,0,0,3.83,3.5,2.75,offline
RESP_0497,K2,A,8,6,0,3,18.0,buy,solar,cert50,home,none,24.0,rent150,solar,100audit,1km,60pct,301,200.0,4,3,0,0,3.83,3.5,2.75,offline
RESP_0497,K2,A,1,7,0,3,30.0,rent350,solar,100audit,home,none,18.0,rent150,grid,cert50,1km,40pct,301,200.0,6,,0,0,3.83,3.5,2.75,offline
RESP_0497,K2,A,7,8,0,3,30.0,rent150,grid,none,1km,60pct,36.0,rent250,solar,cert50,3km,none,301,100.0,7,,0,0,3.83,3.5,2.75,offline
RESP_0498,K3,B,8,1,0,3,30.0,buy,grid,100audit,home,40pct,24.0,rent250,grid,cert50,3km,none,318,0.0,5,,0,0,2.67,2.5,2.5,offline
RESP_0498,K3,B,2,2,0,1,18.0,buy,solar,cert50,1km,60pct,36.0,rent350,grid,100audit,home,none,318,200.0,7,,0,0,2.67,2.5,2.5,offline
RESP_0498,K3,B,6,3,0,3,24.0,rent350,solar,100audit,1km,40pct,30.0,rent150,solar,cert50,home,none,318,200.0,5,3,0,0,2.67,2.5,2.5,offline
RESP_0498,K3,B,5,4,0,3,36.0,buy,solar,none,home,60pct,18.0,rent150,grid,cert50,3km,none,318,0.0,5,,0,0,2.67,2.5,2.5,offline
RESP_0498,K3,B,3,5,1,1,18.0,buy,solar,100audit,home,60pct,36.0,rent350,grid,none,3km,none,318,100.0,6,,0,0,2.67,2.5,2.5,offline
RESP_0498,K3,B,1,6,0,3,24.0,rent150,grid,100audit,home,none,30.0,buy,solar,none,3km,40pct,318,0.0,5,2,0,0,2.67,2.5,2.5,offline
RESP_0498,K3,B,7,7,0,1,18.0,rent250,solar,none,3km,60pct,36.0,buy,grid,100audit,1km,none,318,100.0,8,,0,0,2.67,2.5,2.5,offline
RESP_0498,K3,B,4,8,0,1,30.0,rent250,grid,cert50,3km,40pct,24.0,rent350,solar,100audit,1km,none,318,100.0,7,,0,0,2.67,2.5,2.5,offline
RESP_0499,K1,A,8,1,0,2,36.0,rent250,solar,100audit,1km,60pct,18.0,buy,grid,none,home,none,639,200.0,7,,0,0,2.17,2.75,1.75,offline
RESP_0499,K1,A,4,2,1,1,18.0,buy,solar,100audit,home,60pct,36.0,rent350,grid,none,3km,none,639,100.0,8,,0,0,2.17,2.75,1.75,offline
RESP_0499,K1,A,3,3,0,3,36.0,buy,solar,cert50,home,60pct,18.0,rent250,grid,none,3km,none,639,0.0,6,2,0,0,2.17,2.75,1.75,offline
RESP_0499,K1,A,2,4,0,1,18.0,rent350,grid,cert50,3km,40pct,24.0,rent150,solar,100audit,1km,none,639,200.0,7,,0,0,2.17,2.75,1.75,offline
RESP_0499,K1,A,7,5,0,2,24.0,buy,grid,cert50,home,40pct,30.0,rent350,grid,100audit,3km,none,639,0.0,7,,0,0,2.17,2.75,1.75,offline
RESP_0499,K1,A,5,6,0,2,30.0,rent150,solar,none,1km,40pct,24.0,buy,solar,cert50,home,none,639,200.0,7,1,0,0,2.17,2.75,1.75,offline
RESP_0499,K1,A,6,7,0,3,18.0,rent150,grid,100audit,3km,none,36.0,rent250,solar,none,1km,60pct,639,100.0,6,,0,0,2.17,2.75,1.75,offline
RESP_0499,K1,A,1,8,0,1,24.0,rent250,solar,none,1km,none,30.0,buy,grid,100audit,home,60pct,639,100.0,10,,0,0,2.17,2.75,1.75,offline
RESP_0500,K2,B,6,1,0,3,24.0,rent250,solar,cert50,3km,none,18.0,buy,grid,100audit,home,40pct,658,0.0,8,,0,0,2.5,3.5,3.0,offline
RESP_0500,K2,B,2,2,0,3,24.0,buy,solar,none,3km,60pct,36.0,buy,solar,100audit,home,none,658,0.0,7,,0,0,2.5,3.5,3.0,offline
RESP_0500,K2,B,4,3,0,3,36.0,rent150,grid,cert50,home,40pct,30.0,buy,grid,100audit,1km,60pct,658,200.0,6,1,0,0,2.5,3.5,3.0,offline
RESP_0500,K2,B,5,4,1,2,36.0,rent350,grid,none,3km,none,18.0,buy,solar,100audit,home,60pct,658,100.0,7,,0,0,2.5,3.5,3.0,offline
RESP_0500,K2,B,3,5,0,1,18.0,rent250,grid,100audit,1km,none,24.0,rent350,solar,none,3km,40pct,658,100.0,10,,0,0,2.5,3.5,3.0,offline
RESP_0500,K2,B,7,6,0,3,30.0,rent150,grid,none,1km,60pct,36.0,rent250,solar,cert50,3km,none,658,100.0,8,2,0,0,2.5,3.5,3.0,offline
RESP_0500,K2,B,1,7,0,2,30.0,rent350,solar,100audit,home,none,18.0,rent150,grid,cert50,1km,40pct,658,200.0,8,,0,0,2.5,3.5,3.0,offline
RESP_0500,K2,B,8,8,0,3,18.0,buy,solar,cert50,home,none,24.0,rent150,solar,100audit,1km,60pct,658,200.0,5,,0,0,2.5,3.5,3.0,offline
RESP_0501,K3,A,1,1,0,3,24.0,rent150,grid,100audit,home,none,30.0,buy,solar,none,3km,40pct,366,0.0,8,,0,0,3.0,2.75,2.5,offline
RESP_0501,K3,A,7,2,0,3,18.0,rent250,solar,none,3km,60pct,36.0,buy,grid,100audit,1km,none,366,100.0,4,,0,0,3.0,2.75,2.5,offline
RESP_0501,K3,A,8,3,0,3,30.0,buy,grid,100audit,home,40pct,24.0,rent250,grid,cert50,3km,none,366,0.0,8,3,0,0,3.0,2.75,2.5,offline
RESP_0501,K3,A,6,4,0,1,24.0,rent350,solar,100audit,1km,40pct,30.0,rent150,solar,cert50,home,none,366,200.0,6,,0,0,3.0,2.75,2.5,offline
RESP_0501,K3,A,4,5,0,3,30.0,rent250,grid,cert50,3km,40pct,24.0,rent350,solar,100audit,1km,none,366,100.0,8,,0,0,3.0,2.75,2.5,offline
RESP_0501,K3,A,5,6,0,3,36.0,buy,solar,none,home,60pct,18.0,rent150,grid,cert50,3km,none,366,0.0,6,1,0,0,3.0,2.75,2.5,offline
RESP_0501,K3,A,3,7,1,1,18.0,buy,solar,100audit,home,60pct,36.0,rent350,grid,none,3km,none,366,100.0,6,,0,0,3.0,2.75,2.5,offline
RESP_0501,K3,A,2,8,0,3,18.0,buy,solar,cert50,1km,60pct,36.0,rent350,grid,100audit,home,none,366,200.0,6,,0,0,3.0,2.75,2.5,offline
RESP_0502,K1,B,7,1,0,3,24.0,buy,grid,cert50,home,40pct,30.0,rent350,grid,100audit,3km,none,1224,0.0,4,,0,0,3.67,3.5,3.5,offline
RESP_0502,K1,B,6,2,0,3,18.0,rent150,grid,100audit,3km,none,36.0,rent250,solar,none,1km,60pct,1224,100.0,5,,0,0,3.67,3.5,3.5,offline
RESP_0502,K1,B,8,3,0,2,36.0,rent250,solar,100audit,1km,60pct,18.0,buy,grid,none,home,none,1224,200.0,7,1,0,0,3.67,3.5,3.5,offline
RESP_0502,K1,B,4,4,1,1,18.0,buy,solar,100audit,home,60pct,36.0,rent350,grid,none,3km,none,1224,100.0,7,,0,0,3.67,3.5,3.5,offline
RESP_0502,K1,B,1,5,0,3,24.0,rent250,solar,none,1km,none,30.0,buy,grid,100audit,home,60pct,1224,100.0,7,,0,0,3.67,3.5,3.5,offline
RESP_0502,K1,B,5,6,0,3,30.0,rent150,solar,none,1km,40pct,24.0,buy,solar,cert50,home,none,1224,200.0,6,1,0,0,3.67,3.5,3.5,offline
RESP_0502,K1,B,2,7,0,3,18.0,rent350,grid,cert50,3km,40pct,24.0,rent150,solar,100audit,1km,none,1224,200.0,5,,0,0,3.67,3.5,3.5,offline
RESP_0502,K1,B,3,8,0,3,36.0,buy,solar,cert50,home,60pct,18.0,rent250,grid,none,3km,none,1224,0.0,8,,0,0,3.67,3.5,3.5,offline
RESP_0503,K2,A,8,1,0,3,18.0,buy,solar,cert50,home,none,24.0,rent150,solar,100audit,1km,60pct,1383,200.0,7,,0,0,3.33,2.75,2.25,offline
RESP_0503,K2,A,6,2,0,3,24.0,rent250,solar,cert50,3km,none,18.0,buy,grid,100audit,home,40pct,1383,0.0,4,,0,0,3.33,2.75,2.25,offline
RESP_0503,K2,A,7,3,0,1,30.0,rent150,grid,none,1km,60pct,36.0,rent250,solar,cert50,3km,none,1383,100.0,8,2,0,0,3.33,2.75,2.25,offline
RESP_0503,K2,A,3,4,0,1,18.0,rent250,grid,100audit,1km,none,24.0,rent350,solar,none,3km,40pct,1383,100.0,10,,0,0,3.33,2.75,2.25,offline
RESP_0503,K2,A,2,5,0,3,24.0,buy,solar,none,3km,60pct,36.0,buy,solar,100audit,home,none,1383,0.0,6,,0,0,3.33,2.75,2.25,offline
RESP_0503,K2,A,4,6,0,3,36.0,rent150,grid,cert50,home,40pct,30.0,buy,grid,100audit,1km,60pct,1383,200.0,8,2,0,0,3.33,2.75,2.25,offline
RESP_0503,K2,A,1,7,0,3,30.0,rent350,solar,100audit,home,none,18.0,rent150,grid,cert50,1km,40pct,1383,200.0,4,,0,0,3.33,2.75,2.25,offline
RESP_0503,K2,A,5,8,1,2,36.0,rent350,grid,none,3km,none,18.0,buy,solar,100audit,home,60pct,1383,100.0,9,,0,0,3.33,2.75,2.25,offline
RESP_0504,K3,B,4,1,0,3,30.0,rent250,grid,cert50,3km,40pct,24.0,rent350,solar,100audit,1km,none,1153,100.0,5,,0,0,3.67,3.25,3.0,offline
RESP_0504,K3,B,3,2,1,1,18.0,buy,solar,100audit,home,60pct,36.0,rent350,grid,none,3km,none,1153,100.0,7,,0,0,3.67,3.25,3.0,offline
RESP_0504,K3,B,8,3,0,3,30.0,buy,grid,100audit,home,40pct,24.0,rent250,grid,cert50,3km,none,1153,0.0,5,2,0,0,3.67,3.25,3.0,offline
RESP_0504,K3,B,6,4,0,3,24.0,rent350,solar,100audit,1km,40pct,30.0,rent150,solar,cert50,home,none,1153,200.0,4,,0,0,3.67,3.25,3.0,offline
RESP_0504,K3,B,5,5,0,3,36.0,buy,solar,none,home,60pct,18.0,rent150,grid,cert50,3km,none,1153,0.0,4,,0,0,3.67,3.25,3.0,offline
RESP_0504,K3,B,1,6,0,3,24.0,rent150,grid,100audit,home,none,30.0,buy,solar,none,3km,40pct,1153,0.0,5,3,0,0,3.67,3.25,3.0,offline
RESP_0504,K3,B,2,7,0,3,18.0,buy,solar,cert50,1km,60pct,36.0,rent350,grid,100audit,home,none,1153,200.0,7,,0,0,3.67,3.25,3.0,offline
RESP_0504,K3,B,7,8,0,3,18.0,rent250,solar,none,3km,60pct,36.0,buy,grid,100audit,1km,none,1153,100.0,8,,0,0,3.67,3.25,3.0,offline
RESP_0505,K1,A,3,1,0,3,36.0,buy,solar,cert50,home,60pct,18.0,rent250,grid,none,3km,none,1162,0.0,8,,0,0,2.33,2.75,3.25,offline
RESP_0505,K1,A,5,2,0,2,30.0,rent150,solar,none,1km,40pct,24.0,buy,solar,cert50,home,none,1162,200.0,8,,0,0,2.33,2.75,3.25,offline
RESP_0505,K1,A,8,3,0,3,36.0,rent250,solar,100audit,1km,60pct,18.0,buy,grid,none,home,none,1162,200.0,5,3,0,0,2.33,2.75,3.25,offline
RESP_0505,K1,A,7,4,0,2,24.0,buy,grid,cert50,home,40pct,30.0,rent350,grid,100audit,3km,none,1162,0.0,8,,0,0,2.33,2.75,3.25,offline
RESP_0505,K1,A,2,5,0,3,18.0,rent350,grid,cert50,3km,40pct,24.0,rent150,solar,100audit,1km,none,1162,200.0,7,,0,0,2.33,2.75,3.25,offline
RESP_0505,K1,A,6,6,0,1,18.0,rent150,grid,100audit,3km,none,36.0,rent250,solar,none,1km,60pct,1162,100.0,10,1,0,0,2.33,2.75,3.25,offline
RESP_0505,K1,A,4,7,1,1,18.0,buy,solar,100audit,home,60pct,36.0,rent350,grid,none,3km,none,1162,100.0,6,,0,0,2.33,2.75,3.25,offline
RESP_0505,K1,A,1,8,0,1,24.0,rent250,solar,none,1km,none,30.0,buy,grid,100audit,home,60pct,1162,100.0,8,,0,0,2.33,2.75,3.25,offline
RESP_0506,K2,B,5,1,1,2,36.0,rent350,grid,none,3km,none,18.0,buy,solar,100audit,home,60pct,1189,100.0,10,,0,0,3.33,3.5,3.0,offline
RESP_0506,K2,B,1,2,0,1,30.0,rent350,solar,100audit,home,none,18.0,rent150,grid,cert50,1km,40pct,1189,200.0,10,,0,0,3.33,3.5,3.0,offline
RESP_0506,K2,B,8,3,0,2,18.0,buy,solar,cert50,home,none,24.0,rent150,solar,100audit,1km,60pct,1189,200.0,8,3,0,0,3.33,3.5,3.0,offline
RESP_0506,K2,B,3,4,0,3,18.0,rent250,grid,100audit,1km,none,24.0,rent350,solar,none,3km,40pct,1189,100.0,6,,0,0,3.33,3.5,3.0,offline
RESP_0506,K2,B,2,5,0,3,24.0,buy,solar,none,3km,60pct,36.0,buy,solar,100audit,home,none,1189,0.0,5,,0,0,3.33,3.5,3.0,offline
RESP_0506,K2,B,7,6,0,3,30.0,rent150,grid,none,1km,60pct,36.0,rent250,solar,cert50,3km,none,1189,100.0,7,2,0,0,3.33,3.5,3.0,offline
RESP_0506,K2,B,6,7,0,3,24.0,rent250,solar,cert50,3km,none,18.0,buy,grid,100audit,home,40pct,1189,0.0,4,,0,0,3.33,3.5,3.0,offline
RESP_0506,K2,B,4,8,0,3,36.0,rent150,grid,cert50,home,40pct,30.0,buy,grid,100audit,1km,60pct,1189,200.0,4,,0,0,3.33,3.5,3.0,offline
RESP_0507,K3,A,6,1,0,3,24.0,rent350,solar,100audit,1km,40pct,30.0,rent150,solar,cert50,home,none,1182,200.0,4,,0,0,2.83,2.5,2.75,offline
RESP_0507,K3,A,3,2,1,1,18.0,buy,solar,100audit,home,60pct,36.0,rent350,grid,none,3km,none,1182,100.0,9,,0,0,2.83,2.5,2.75,offline
RESP_0507,K3,A,5,3,0,3,36.0,buy,solar,none,home,60pct,18.0,rent150,grid,cert50,3km,none,1182,0.0,5,3,0,0,2.83,2.5,2.75,offline
RESP_0507,K3,A,8,4,0,3,30.0,buy,grid,100audit,home,40pct,24.0,rent250,grid,cert50,3km,none,1182,0.0,8,,0,0,2.83,2.5,2.75,offline
RESP_0507,K3,A,4,5,0,3,30.0,rent250,grid,cert50,3km,40pct,24.0,rent350,solar,100audit,1km,none,1182,100.0,4,,0,0,2.83,2.5,2.75,offline
RESP_0507,K3,A,1,6,0,3,24.0,rent150,grid,100audit,home,none,30.0,buy,solar,none,3km,40pct,1182,0.0,6,1,0,0,2.83,2.5,2.75,offline
RESP_0507,K3,A,7,7,0,1,18.0,rent250,solar,none,3km,60pct,36.0,buy,grid,100audit,1km,none,1182,100.0,7,,0,0,2.83,2.5,2.75,offline
RESP_0507,K3,A,2,8,0,1,18.0,buy,solar,cert50,1km,60pct,36.0,rent350,grid,100audit,home,none,1182,200.0,10,,0,0,2.83,2.5,2.75,offline
RESP_0508,K1,B,6,1,0,1,18.0,rent150,grid,100audit,3km,none,36.0,rent250,solar,none,1km,60pct,1258,100.0,9,,0,0,3.0,3.75,2.5,offline
RESP_0508,K1,B,8,2,0,3,36.0,rent250,solar,100audit,1km,60pct,18.0,buy,grid,none,home,none,1258,200.0,6,,0,0,3.0,3.75,2.5,offline
RESP_0508,K1,B,4,3,1,1,18.0,buy,solar,100audit,home,60pct,36.0,rent350,grid,none,3km,none,1258,100.0,9,3,0,0,3.0,3.75,2.5,offline
RESP_0508,K1,B,5,4,0,3,30.0,rent150,solar,none,1km,40pct,24.0,buy,solar,cert50,home,none,1258,200.0,8,,0,0,3.0,3.75,2.5,offline
RESP_0508,K1,B,1,5,0,3,24.0,rent250,solar,none,1km,none,30.0,buy,grid,100audit,home,60pct,1258,100.0,5,,0,0,3.0,3.75,2.5,offline
RESP_0508,K1,B,2,6,0,3,18.0,rent350,grid,cert50,3km,40pct,24.0,rent150,solar,100audit,1km,none,1258,200.0,8,1,0,0,3.0,3.75,2.5,offline
RESP_0508,K1,B,3,7,0,3,36.0,buy,solar,cert50,home,60pct,18.0,rent250,grid,none,3km,none,1258,0.0,4,,0,0,3.0,3.75,2.5,offline
RESP_0508,K1,B,7,8,0,3,24.0,buy,grid,cert50,home,40pct,30.0,rent350,grid,100audit,3km,none,1258,0.0,7,,0,0,3.0,3.75,2.5,offline
RESP_0509,K2,A,5,1,1,2,36.0,rent350,grid,none,3km,none,18.0,buy,solar,100audit,home,60pct,982,100.0,7,,0,0,2.67,2.5,2.75,offline
RESP_0509,K2,A,4,2,0,1,36.0,rent150,grid,cert50,home,40pct,30.0,buy,grid,100audit,1km,60pct,982,200.0,9,,0,0,2.67,2.5,2.75,offline
RESP_0509,K2,A,1,3,0,1,30.0,rent350,solar,100audit,home,none,18.0,rent150,grid,cert50,1km,40pct,982,200.0,7,3,0,0,2.67,2.5,2.75,offline
RESP_0509,K2,A,2,4,0,3,24.0,buy,solar,none,3km,60pct,36.0,buy,solar,100audit,home,none,982,0.0,4,,0,0,2.67,2.5,2.75,offline
RESP_0509,K2,A,7,5,0,2,30.0,rent150,grid,none,1km,60pct,36.0,rent250,solar,cert50,3km,none,982,100.0,6,,0,0,2.67,2.5,2.75,offline
RESP_0509,K2,A,3,6,0,3,18.0,rent250,grid,100audit,1km,none,24.0,rent350,solar,none,3km,40pct,982,100.0,4,1,0,0,2.67,2.5,2.75,offline
RESP_0509,K2,A,6,7,0,2,24.0,rent250,solar,cert50,3km,none,18.0,buy,grid,100audit,home,40pct,982,0.0,6,,0,0,2.67,2.5,2.75,offline
RESP_0509,K2,A,8,8,0,1,18.0,buy,solar,cert50,home,none,24.0,rent150,solar,100audit,1km,60pct,982,200.0,9,,0,0,2.67,2.5,2.75,offline
RESP_0510,K3,B,7,1,0,3,18.0,rent250,solar,none,3km,60pct,36.0,buy,grid,100audit,1km,none,855,100.0,7,,0,0,1.5,3.25,2.75,offline
RESP_0510,K3,B,3,2,1,1,18.0,buy,solar,100audit,home,60pct,36.0,rent350,grid,none,3km,none,855,100.0,7,,0,0,1.5,3.25,2.75,offline
RESP_0510,K3,B,2,3,0,3,18.0,buy,solar,cert50,1km,60pct,36.0,rent350,grid,100audit,home,none,855,200.0,5,1,0,0,1.5,3.25,2.75,offline
RESP_0510,K3,B,6,4,0,1,24.0,rent350,solar,100audit,1km,40pct,30.0,rent150,solar,cert50,home,none,855,200.0,6,,0,0,1.5,3.25,2.75,offline
RESP_0510,K3,B,8,5,0,3,30.0,buy,grid,100audit,home,40pct,24.0,rent250,grid,cert50,3km,none,855,0.0,7,,0,0,1.5,3.25,2.75,offline
RESP_0510,K3,B,1,6,0,1,24.0,rent150,grid,100audit,home,none,30.0,buy,solar,none,3km,40pct,855,0.0,10,3,0,0,1.5,3.25,2.75,offline
RESP_0510,K3,B,5,7,0,3,36.0,buy,solar,none,home,60pct,18.0,rent150,grid,cert50,3km,none,855,0.0,4,,0,0,1.5,3.25,2.75,offline
RESP_0510,K3,B,4,8,0,1,30.0,rent250,grid,cert50,3km,40pct,24.0,rent350,solar,100audit,1km,none,855,100.0,10,,0,0,1.5,3.25,2.75,offline
RESP_0511,K1,A,5,1,0,2,30.0,rent150,solar,none,1km,40pct,24.0,buy,solar,cert50,home,none,367,200.0,10,,0,0,2.67,3.5,3.0,offline
RESP_0511,K1,A,2,2,0,3,18.0,rent350,grid,cert50,3km,40pct,24.0,rent150,solar,100audit,1km,none,367,200.0,8,,0,0,2.67,3.5,3.0,offline
RESP_0511,K1,A,1,3,0,1,24.0,rent250,solar,none,1km,none,30.0,buy,grid,100audit,home,60pct,367,100.0,8,2,0,0,2.67,3.5,3.0,offline
RESP_0511,K1,A,3,4,0,3,36.0,buy,solar,cert50,home,60pct,18.0,rent250,grid,none,3km,none,367,0.0,8,,0,0,2.67,3.5,3.0,offline
RESP_0511,K1,A,6,5,0,3,18.0,rent150,grid,100audit,3km,none,36.0,rent250,solar,none,1km,60pct,367,100.0,5,,0,0,2.67,3.5,3.0,offline
RESP_0511,K1,A,7,6,0,3,24.0,buy,grid,cert50,home,40pct,30.0,rent350,grid,100audit,3km,none,367,0.0,6,2,0,0,2.67,3.5,3.0,offline
RESP_0511,K1,A,4,7,1,1,18.0,buy,solar,100audit,home,60pct,36.0,rent350,grid,none,3km,none,367,100.0,7,,0,0,2.67,3.5,3.0,offline
RESP_0511,K1,A,8,8,0,3,36.0,rent250,solar,100audit,1km,60pct,18.0,buy,grid,none,home,none,367,200.0,4,,0,0,2.67,3.5,3.0,offline
RESP_0512,K2,B,7,1,0,3,30.0,rent150,grid,none,1km,60pct,36.0,rent250,solar,cert50,3km,none,433,100.0,4,,0,0,2.67,3.25,2.75,offline
RESP_0512,K2,B,8,2,0,3,18.0,buy,solar,cert50,home,none,24.0,rent150,solar,100audit,1km,60pct,433,200.0,7,,0,0,2.67,3.25,2.75,offline
RESP_0512,K2,B,2,3,0,3,24.0,buy,solar,none,3km,60pct,36.0,buy,solar,100audit,home,none,433,0.0,8,1,0,0,2.67,3.25,2.75,offline
RESP_0512,K2,B,4,4,0,1,36.0,rent150,grid,cert50,home,40pct,30.0,buy,grid,100audit,1km,60pct,433,200.0,6,,0,0,2.67,3.25,2.75,offline
RESP_0512,K2,B,6,5,0,2,24.0,rent250,solar,cert50,3km,none,18.0,buy,grid,100audit,home,40pct,433,0.0,10,,0,0,2.67,3.25,2.75,offline
RESP_0512,K2,B,5,6,1,2,36.0,rent350,grid,none,3km,none,18.0,buy,solar,100audit,home,60pct,433,100.0,7,1,0,0,2.67,3.25,2.75,offline
RESP_0512,K2,B,1,7,0,3,30.0,rent350,solar,100audit,home,none,18.0,rent150,grid,cert50,1km,40pct,433,200.0,5,,0,0,2.67,3.25,2.75,offline
RESP_0512,K2,B,3,8,0,1,18.0,rent250,grid,100audit,1km,none,24.0,rent350,solar,none,3km,40pct,433,100.0,6,,0,0,2.67,3.25,2.75,offline
RESP_0513,K3,A,2,1,0,1,18.0,buy,solar,cert50,1km,60pct,36.0,rent350,grid,100audit,home,none,1037,200.0,7,,0,0,1.83,3.0,3.25,offline
RESP_0513,K3,A,1,2,0,3,24.0,rent150,grid,100audit,home,none,30.0,buy,solar,none,3km,40pct,1037,0.0,8,,0,0,1.83,3.0,3.25,offline
RESP_0513,K3,A,6,3,0,3,24.0,rent350,solar,100audit,1km,40pct,30.0,rent150,solar,cert50,home,none,1037,200.0,7,3,0,0,1.83,3.0,3.25,offline
RESP_0513,K3,A,8,4,0,3,30.0,buy,grid,100audit,home,40pct,24.0,rent250,grid,cert50,3km,none,1037,0.0,4,,0,0,1.83,3.0,3.25,offline
RESP_0513,K3,A,7,5,0,1,18.0,rent250,solar,none,3km,60pct,36.0,buy,grid,100audit,1km,none,1037,100.0,10,,0,0,1.83,3.0,3.25,offline
RESP_0513,K3,A,5,6,0,3,36.0,buy,solar,none,home,60pct,18.0,rent150,grid,cert50,3km,none,1037,0.0,8,3,0,0,1.83,3.0,3.25,offline
RESP_0513,K3,A,3,7,1,1,18.0,buy,solar,100audit,home,60pct,36.0,rent350,grid,none,3km,none,1037,100.0,8,,0,0,1.83,3.0,3.25,offline
RESP_0513,K3,A,4,8,0,3,30.0,rent250,grid,cert50,3km,40pct,24.0,rent350,solar,100audit,1km,none,1037,100.0,8,,0,0,1.83,3.0,3.25,offline
RESP_0514,K1,B,5,1,0,3,30.0,rent150,solar,none,1km,40pct,24.0,buy,solar,cert50,home,none,347,200.0,7,,0,0,4.0,3.25,3.0,offline
RESP_0514,K1,B,4,2,1,1,18.0,buy,solar,100audit,home,60pct,36.0,rent350,grid,none,3km,none,347,100.0,7,,0,0,4.0,3.25,3.0,offline
RESP_0514,K1,B,8,3,0,2,36.0,rent250,solar,100audit,1km,60pct,18.0,buy,grid,none,home,none,347,200.0,6,3,0,0,4.0,3.25,3.0,offline
RESP_0514,K1,B,2,4,0,3,18.0,rent350,grid,cert50,3km,40pct,24.0,rent150,solar,100audit,1km,none,347,200.0,7,,0,0,4.0,3.25,3.0,offline
RESP_0514,K1,B,3,5,0,3,36.0,buy,solar,cert50,home,60pct,18.0,rent250,grid,none,3km,none,347,0.0,4,,0,0,4.0,3.25,3.0,offline
RESP_0514,K1,B,1,6,0,3,24.0,rent250,solar,none,1km,none,30.0,buy,grid,100audit,home,60pct,347,100.0,6,3,0,0,4.0,3.25,3.0,offline
RESP_0514,K1,B,7,7,0,2,24.0,buy,grid,cert50,home,40pct,30.0,rent350,grid,100audit,3km,none,347,0.0,7,,0,0,4.0,3.25,3.0,offline
RESP_0514,K1,B,6,8,0,1,18.0,rent150,grid,100audit,3km,none,36.0,rent250,solar,none,1km,60pct,347,100.0,10,,0,0,4.0,3.25,3.0,offline
RESP_0515,K2,A,6,1,0,3,24.0,rent250,solar,cert50,3km,none,18.0,buy,grid,100audit,home,40pct,377,0.0,4,,0,0,2.67,3.0,3.0,offline
RESP_0515,K2,A,3,2,0,1,18.0,rent250,grid,100audit,1km,none,24.0,rent350,solar,none,3km,40pct,377,100.0,6,,0,0,2.67,3.0,3.0,offline
RESP_0515,K2,A,5,3,1,2,36.0,rent350,grid,none,3km,none,18.0,buy,solar,100audit,home,60pct,377,100.0,6,1,0,0,2.67,3.0,3.0,offline
RESP_0515,K2,A,8,4,0,3,18.0,buy,solar,cert50,home,none,24.0,rent150,solar,100audit,1km,60pct,377,200.0,5,,0,0,2.67,3.0,3.0,offline
RESP_0515,K2,A,4,5,0,2,36.0,rent150,grid,cert50,home,40pct,30.0,buy,grid,100audit,1km,60pct,377,200.0,6,,0,0,2.67,3.0,3.0,offline
RESP_0515,K2,A,2,6,0,3,24.0,buy,solar,none,3km,60pct,36.0,buy,solar,100audit,home,none,377,0.0,4,2,0,0,2.67,3.0,3.0,offline
RESP_0515,K2,A,7,7,0,3,30.0,rent150,grid,none,1km,60pct,36.0,rent250,solar,cert50,3km,none,377,100.0,6,,0,0,2.67,3.0,3.0,offline
RESP_0515,K2,A,1,8,0,3,30.0,rent350,solar,100audit,home,none,18.0,rent150,grid,cert50,1km,40pct,377,200.0,5,,0,0,2.67,3.0,3.0,offline
RESP_0516,K3,B,7,1,0,3,18.0,rent250,solar,none,3km,60pct,36.0,buy,grid,100audit,1km,none,1440,100.0,7,,0,0,1.67,3.75,2.75,offline
RESP_0516,K3,B,4,2,0,3,30.0,rent250,grid,cert50,3km,40pct,24.0,rent350,solar,100audit,1km,none,1440,100.0,8,,0,0,1.67,3.75,2.75,offline
RESP_0516,K3,B,1,3,0,3,24.0,rent150,grid,100audit,home,none,30.0,buy,solar,none,3km,40pct,1440,0.0,4,3,0,0,1.67,3.75,2.75,offline
RESP_0516,K3,B,5,4,0,3,36.0,buy,solar,none,home,60pct,18.0,rent150,grid,cert50,3km,none,1440,0.0,6,,0,0,1.67,3.75,2.75,offline
RESP_0516,K3,B,6,5,0,3,24.0,rent350,solar,100audit,1km,40pct,30.0,rent150,solar,cert50,home,none,1440,200.0,4,,0,0,1.67,3.75,2.75,offline
RESP_0516,K3,B,2,6,0,3,18.0,buy,solar,cert50,1km,60pct,36.0,rent350,grid,100audit,home,none,1440,200.0,6,2,0,0,1.67,3.75,2.75,offline
RESP_0516,K3,B,3,7,1,1,18.0,buy,solar,100audit,home,60pct,36.0,rent350,grid,none,3km,none,1440,100.0,10,,0,0,1.67,3.75,2.75,offline
RESP_0516,K3,B,8,8,0,3,30.0,buy,grid,100audit,home,40pct,24.0,rent250,grid,cert50,3km,none,1440,0.0,5,,0,0,1.67,3.75,2.75,offline
RESP_0517,K1,A,4,1,1,1,18.0,buy,solar,100audit,home,60pct,36.0,rent350,grid,none,3km,none,472,100.0,6,,0,0,1.5,3.0,4.0,offline
RESP_0517,K1,A,6,2,0,1,18.0,rent150,grid,100audit,3km,none,36.0,rent250,solar,none,1km,60pct,472,100.0,7,,0,0,1.5,3.0,4.0,offline
RESP_0517,K1,A,7,3,0,3,24.0,buy,grid,cert50,home,40pct,30.0,rent350,grid,100audit,3km,none,472,0.0,6,2,0,0,1.5,3.0,4.0,offline
RESP_0517,K1,A,5,4,0,3,30.0,rent150,solar,none,1km,40pct,24.0,buy,solar,cert50,home,none,472,200.0,6,,0,0,1.5,3.0,4.0,offline
RESP_0517,K1,A,3,5,0,3,36.0,buy,solar,cert50,home,60pct,18.0,rent250,grid,none,3km,none,472,0.0,8,,0,0,1.5,3.0,4.0,offline
RESP_0517,K1,A,1,6,0,3,24.0,rent250,solar,none,1km,none,30.0,buy,grid,100audit,home,60pct,472,100.0,4,1,0,0,1.5,3.0,4.0,offline
RESP_0517,K1,A,8,7,0,3,36.0,rent250,solar,100audit,1km,60pct,18.0,buy,grid,none,home,none,472,200.0,5,,0,0,1.5,3.0,4.0,offline
RESP_0517,K1,A,2,8,0,3,18.0,rent350,grid,cert50,3km,40pct,24.0,rent150,solar,100audit,1km,none,472,200.0,5,,0,0,1.5,3.0,4.0,offline
RESP_0518,K2,B,8,1,0,3,18.0,buy,solar,cert50,home,none,24.0,rent150,solar,100audit,1km,60pct,1188,200.0,8,,0,0,2.83,4.25,2.75,offline
RESP_0518,K2,B,6,2,0,3,24.0,rent250,solar,cert50,3km,none,18.0,buy,grid,100audit,home,40pct,1188,0.0,6,,0,0,2.83,4.25,2.75,offline
RESP_0518,K2,B,7,3,0,3,30.0,rent150,grid,none,1km,60pct,36.0,rent250,solar,cert50,3km,none,1188,100.0,8,3,0,0,2.83,4.25,2.75,offline
RESP_0518,K2,B,5,4,1,2,36.0,rent350,grid,none,3km,none,18.0,buy,solar,100audit,home,60pct,1188,100.0,9,,0,0,2.83,4.25,2.75,offline
RESP_0518,K2,B,2,5,0,1,24.0,buy,solar,none,3km,60pct,36.0,buy,solar,100audit,home,none,1188,0.0,7,,0,0,2.83,4.25,2.75,offline
RESP_0518,K2,B,1,6,0,2,30.0,rent350,solar,100audit,home,none,18.0,rent150,grid,cert50,1km,40pct,1188,200.0,9,2,0,0,2.83,4.25,2.75,offline
RESP_0518,K2,B,4,7,0,3,36.0,rent150,grid,cert50,home,40pct,30.0,buy,grid,100audit,1km,60pct,1188,200.0,6,,0,0,2.83,4.25,2.75,offline
RESP_0518,K2,B,3,8,0,3,18.0,rent250,grid,100audit,1km,none,24.0,rent350,solar,none,3km,40pct,1188,100.0,7,,0,0,2.83,4.25,2.75,offline
RESP_0519,K3,A,8,1,0,3,30.0,buy,grid,100audit,home,40pct,24.0,rent250,grid,cert50,3km,none,301,0.0,7,,0,0,3.5,2.75,2.75,offline
RESP_0519,K3,A,7,2,0,1,18.0,rent250,solar,none,3km,60pct,36.0,buy,grid,100audit,1km,none,301,100.0,8,,0,0,3.5,2.75,2.75,offline
RESP_0519,K3,A,1,3,0,1,24.0,rent150,grid,100audit,home,none,30.0,buy,solar,none,3km,40pct,301,0.0,6,2,0,0,3.5,2.75,2.75,offline
RESP_0519,K3,A,4,4,0,3,30.0,rent250,grid,cert50,3km,40pct,24.0,rent350,solar,100audit,1km,none,301,100.0,7,,0,0,3.5,2.75,2.75,offline
RESP_0519,K3,A,6,5,0,3,24.0,rent350,solar,100audit,1km,40pct,30.0,rent150,solar,cert50,home,none,301,200.0,6,,0,0,3.5,2.75,2.75,offline
RESP_0519,K3,A,2,6,0,1,18.0,buy,solar,cert50,1km,60pct,36.0,rent350,grid,100audit,home,none,301,200.0,7,1,0,0,3.5,2.75,2.75,offline
RESP_0519,K3,A,5,7,0,3,36.0,buy,solar,none,home,60pct,18.0,rent150,grid,cert50,3km,none,301,0.0,6,,0,0,3.5,2.75,2.75,offline
RESP_0519,K3,A,3,8,1,1,18.0,buy,solar,100audit,home,60pct,36.0,rent350,grid,none,3km,none,301,100.0,10,,0,0,3.5,2.75,2.75,offline
RESP_0520,K1,B,8,1,0,2,36.0,rent250,solar,100audit,1km,60pct,18.0,buy,grid,none,home,none,782,200.0,10,,0,0,4.17,2.75,3.0,offline
RESP_0520,K1,B,3,2,0,3,36.0,buy,solar,cert50,home,60pct,18.0,rent250,grid,none,3km,none,782,0.0,7,,0,0,4.17,2.75,3.0,offline
RESP_0520,K1,B,2,3,0,3,18.0,rent350,grid,cert50,3km,40pct,24.0,rent150,solar,100audit,1km,none,782,200.0,6,1,0,0,4.17,2.75,3.0,offline
RESP_0520,K1,B,5,4,0,3,30.0,rent150,solar,none,1km,40pct,24.0,buy,solar,cert50,home,none,782,200.0,4,,0,0,4.17,2.75,3.0,offline
RESP_0520,K1,B,7,5,0,3,24.0,buy,grid,cert50,home,40pct,30.0,rent350,grid,100audit,3km,none,782,0.0,4,,0,0,4.17,2.75,3.0,offline
RESP_0520,K1,B,4,6,1,1,18.0,buy,solar,100audit,home,60pct,36.0,rent350,grid,none,3km,none,782,100.0,8,3,0,0,4.17,2.75,3.0,offline
RESP_0520,K1,B,6,7,0,3,18.0,rent150,grid,100audit,3km,none,36.0,rent250,solar,none,1km,60pct,782,100.0,7,,0,0,4.17,2.75,3.0,offline
RESP_0520,K1,B,1,8,0,3,24.0,rent250,solar,none,1km,none,30.0,buy,grid,100audit,home,60pct,782,100.0,4,,0,0,4.17,2.75,3.0,offline
RESP_0521,K2,A,6,1,0,3,24.0,rent250,solar,cert50,3km,none,18.0,buy,grid,100audit,home,40pct,461,0.0,5,,0,0,2.5,2.75,3.5,offline
RESP_0521,K2,A,3,2,0,3,18.0,rent250,grid,100audit,1km,none,24.0,rent350,solar,none,3km,40pct,461,100.0,4,,0,0,2.5,2.75,3.5,offline
RESP_0521,K2,A,1,3,0,3,30.0,rent350,solar,100audit,home,none,18.0,rent150,grid,cert50,1km,40pct,461,200.0,4,3,0,0,2.5,2.75,3.5,offline
RESP_0521,K2,A,4,4,0,3,36.0,rent150,grid,cert50,home,40pct,30.0,buy,grid,100audit,1km,60pct,461,200.0,7,,0,0,2.5,2.75,3.5,offline
RESP_0521,K2,A,7,5,0,3,30.0,rent150,grid,none,1km,60pct,36.0,rent250,solar,cert50,3km,none,461,100.0,6,,0,0,2.5,2.75,3.5,offline
RESP_0521,K2,A,5,6,1,2,36.0,rent350,grid,none,3km,none,18.0,buy,solar,100audit,home,60pct,461,100.0,6,1,0,0,2.5,2.75,3.5,offline
RESP_0521,K2,A,8,7,0,3,18.0,buy,solar,cert50,home,none,24.0,rent150,solar,100audit,1km,60pct,461,200.0,7,,0,0,2.5,2.75,3.5,offline
RESP_0521,K2,A,2,8,0,2,24.0,buy,solar,none,3km,60pct,36.0,buy,solar,100audit,home,none,461,0.0,7,,0,0,2.5,2.75,3.5,offline
RESP_0522,K3,B,1,1,0,3,24.0,rent150,grid,100audit,home,none,30.0,buy,solar,none,3km,40pct,685,0.0,6,,0,0,3.0,3.0,3.0,offline
RESP_0522,K3,B,4,2,0,3,30.0,rent250,grid,cert50,3km,40pct,24.0,rent350,solar,100audit,1km,none,685,100.0,8,,0,0,3.0,3.0,3.0,offline
RESP_0522,K3,B,8,3,0,3,30.0,buy,grid,100audit,home,40pct,24.0,rent250,grid,cert50,3km,none,685,0.0,5,3,0,0,3.0,3.0,3.0,offline
RESP_0522,K3,B,2,4,0,3,18.0,buy,solar,cert50,1km,60pct,36.0,rent350,grid,100audit,home,none,685,200.0,5,,0,0,3.0,3.0,3.0,offline
RESP_0522,K3,B,6,5,0,1,24.0,rent350,solar,100audit,1km,40pct,30.0,rent150,solar,cert50,home,none,685,200.0,9,,0,0,3.0,3.0,3.0,offline
RESP_0522,K3,B,7,6,0,1,18.0,rent250,solar,none,3km,60pct,36.0,buy,grid,100audit,1km,none,685,100.0,10,3,0,0,3.0,3.0,3.0,offline
RESP_0522,K3,B,3,7,1,1,18.0,buy,solar,100audit,home,60pct,36.0,rent350,grid,none,3km,none,685,100.0,8,,0,0,3.0,3.0,3.0,offline
RESP_0522,K3,B,5,8,0,3,36.0,buy,solar,none,home,60pct,18.0,rent150,grid,cert50,3km,none,685,0.0,4,,0,0,3.0,3.0,3.0,offline
RESP_0523,K1,A,4,1,1,1,18.0,buy,solar,100audit,home,60pct,36.0,rent350,grid,none,3km,none,1381,100.0,7,,0,0,2.67,4.25,3.0,offline
RESP_0523,K1,A,1,2,0,3,24.0,rent250,solar,none,1km,none,30.0,buy,grid,100audit,home,60pct,1381,100.0,6,,0,0,2.67,4.25,3.0,offline
RESP_0523,K1,A,5,3,0,3,30.0,rent150,solar,none,1km,40pct,24.0,buy,solar,cert50,home,none,1381,200.0,5,1,0,0,2.67,4.25,3.0,offline
RESP_0523,K1,A,2,4,0,3,18.0,rent350,grid,cert50,3km,40pct,24.0,rent150,solar,100audit,1km,none,1381,200.0,5,,0,0,2.67,4.25,3.0,offline
RESP_0523,K1,A,7,5,0,3,24.0,buy,grid,cert50,home,40pct,30.0,rent350,grid,100audit,3km,none,1381,0.0,8,,0,0,2.67,4.25,3.0,offline
RESP_0523,K1,A,8,6,0,3,36.0,rent250,solar,100audit,1km,60pct,18.0,buy,grid,none,home,none,1381,200.0,7,3,0,0,2.67,4.25,3.0,offline
RESP_0523,K1,A,3,7,0,3,36.0,buy,solar,cert50,home,60pct,18.0,rent250,grid,none,3km,none,1381,0.0,5,,0,0,2.67,4.25,3.0,offline
RESP_0523,K1,A,6,8,0,3,18.0,rent150,grid,100audit,3km,none,36.0,rent250,solar,none,1km,60pct,1381,100.0,4,,0,0,2.67,4.25,3.0,offline
RESP_0524,K2,B,7,1,0,2,30.0,rent150,grid,none,1km,60pct,36.0,rent250,solar,cert50,3km,none,945,100.0,10,,0,0,3.0,2.25,2.5,offline
RESP_0524,K2,B,4,2,0,3,36.0,rent150,grid,cert50,home,40pct,30.0,buy,grid,100audit,1km,60pct,945,200.0,5,,0,0,3.0,2.25,2.5,offline
RESP_0524,K2,B,2,3,0,3,24.0,buy,solar,none,3km,60pct,36.0,buy,solar,100audit,home,none,945,0.0,5,1,0,0,3.0,2.25,2.5,offline
RESP_0524,K2,B,1,4,0,3,30.0,rent350,solar,100audit,home,none,18.0,rent150,grid,cert50,1km,40pct,945,200.0,4,,0,0,3.0,2.25,2.5,offline
RESP_0524,K2,B,8,5,0,1,18.0,buy,solar,cert50,home,none,24.0,rent150,solar,100audit,1km,60pct,945,200.0,7,,0,0,3.0,2.25,2.5,offline
RESP_0524,K2,B,3,6,0,1,18.0,rent250,grid,100audit,1km,none,24.0,rent350,solar,none,3km,40pct,945,100.0,7,3,0,0,3.0,2.25,2.5,offline
RESP_0524,K2,B,6,7,0,3,24.0,rent250,solar,cert50,3km,none,18.0,buy,grid,100audit,home,40pct,945,0.0,8,,0,0,3.0,2.25,2.5,offline
RESP_0524,K2,B,5,8,1,2,36.0,rent350,grid,none,3km,none,18.0,buy,solar,100audit,home,60pct,945,100.0,9,,0,0,3.0,2.25,2.5,offline
RESP_0525,K3,A,2,1,0,1,18.0,buy,solar,cert50,1km,60pct,36.0,rent350,grid,100audit,home,none,581,200.0,10,,0,0,2.83,2.75,3.0,offline
RESP_0525,K3,A,8,2,0,3,30.0,buy,grid,100audit,home,40pct,24.0,rent250,grid,cert50,3km,none,581,0.0,8,,0,0,2.83,2.75,3.0,offline
RESP_0525,K3,A,6,3,0,3,24.0,rent350,solar,100audit,1km,40pct,30.0,rent150,solar,cert50,home,none,581,200.0,6,3,0,0,2.83,2.75,3.0,offline
RESP_0525,K3,A,1,4,0,3,24.0,rent150,grid,100audit,home,none,30.0,buy,solar,none,3km,40pct,581,0.0,7,,0,0,2.83,2.75,3.0,offline
RESP_0525,K3,A,4,5,0,3,30.0,rent250,grid,cert50,3km,40pct,24.0,rent350,solar,100audit,1km,none,581,100.0,8,,0,0,2.83,2.75,3.0,offline
RESP_0525,K3,A,5,6,0,3,36.0,buy,solar,none,home,60pct,18.0,rent150,grid,cert50,3km,none,581,0.0,7,1,0,0,2.83,2.75,3.0,offline
RESP_0525,K3,A,3,7,1,1,18.0,buy,solar,100audit,home,60pct,36.0,rent350,grid,none,3km,none,581,100.0,7,,0,0,2.83,2.75,3.0,offline
RESP_0525,K3,A,7,8,0,1,18.0,rent250,solar,none,3km,60pct,36.0,buy,grid,100audit,1km,none,581,100.0,8,,0,0,2.83,2.75,3.0,offline
RESP_0526,K1,B,1,1,0,3,24.0,rent250,solar,none,1km,none,30.0,buy,grid,100audit,home,60pct,1375,100.0,8,,0,0,4.17,3.0,2.75,offline
RESP_0526,K1,B,2,2,0,3,18.0,rent350,grid,cert50,3km,40pct,24.0,rent150,solar,100audit,1km,none,1375,200.0,4,,0,0,4.17,3.0,2.75,offline
RESP_0526,K1,B,7,3,0,3,24.0,buy,grid,cert50,home,40pct,30.0,rent350,grid,100audit,3km,none,1375,0.0,8,2,0,0,4.17,3.0,2.75,offline
RESP_0526,K1,B,5,4,0,3,30.0,rent150,solar,none,1km,40pct,24.0,buy,solar,cert50,home,none,1375,200.0,4,,0,0,4.17,3.0,2.75,offline
RESP_0526,K1,B,3,5,0,3,36.0,buy,solar,cert50,home,60pct,18.0,rent250,grid,none,3km,none,1375,0.0,5,,0,0,4.17,3.0,2.75,offline
RESP_0526,K1,B,6,6,0,3,18.0,rent150,grid,100audit,3km,none,36.0,rent250,solar,none,1km,60pct,1375,100.0,6,2,0,0,4.17,3.0,2.75,offline
RESP_0526,K1,B,4,7,1,1,18.0,buy,solar,100audit,home,60pct,36.0,rent350,grid,none,3km,none,1375,100.0,7,,0,0,4.17,3.0,2.75,offline
RESP_0526,K1,B,8,8,0,3,36.0,rent250,solar,100audit,1km,60pct,18.0,buy,grid,none,home,none,1375,200.0,5,,0,0,4.17,3.0,2.75,offline
RESP_0527,K2,A,7,1,0,1,30.0,rent150,grid,none,1km,60pct,36.0,rent250,solar,cert50,3km,none,610,100.0,8,,0,0,2.67,2.0,3.0,offline
RESP_0527,K2,A,1,2,0,3,30.0,rent350,solar,100audit,home,none,18.0,rent150,grid,cert50,1km,40pct,610,200.0,4,,0,0,2.67,2.0,3.0,offline
RESP_0527,K2,A,3,3,0,3,18.0,rent250,grid,100audit,1km,none,24.0,rent350,solar,none,3km,40pct,610,100.0,4,2,0,0,2.67,2.0,3.0,offline
RESP_0527,K2,A,2,4,0,3,24.0,buy,solar,none,3km,60pct,36.0,buy,solar,100audit,home,none,610,0.0,6,,0,0,2.67,2.0,3.0,offline
RESP_0527,K2,A,5,5,1,2,36.0,rent350,grid,none,3km,none,18.0,buy,solar,100audit,home,60pct,610,100.0,10,,0,0,2.67,2.0,3.0,offline
RESP_0527,K2,A,4,6,0,2,36.0,rent150,grid,cert50,home,40pct,30.0,buy,grid,100audit,1km,60pct,610,200.0,6,1,0,0,2.67,2.0,3.0,offline
RESP_0527,K2,A,6,7,0,3,24.0,rent250,solar,cert50,3km,none,18.0,buy,grid,100audit,home,40pct,610,0.0,7,,0,0,2.67,2.0,3.0,offline
RESP_0527,K2,A,8,8,0,2,18.0,buy,solar,cert50,home,none,24.0,rent150,solar,100audit,1km,60pct,610,200.0,7,,0,0,2.67,2.0,3.0,offline
RESP_0528,K3,B,4,1,0,3,30.0,rent250,grid,cert50,3km,40pct,24.0,rent350,solar,100audit,1km,none,942,100.0,5,,0,0,1.5,4.0,2.5,offline
RESP_0528,K3,B,2,2,0,1,18.0,buy,solar,cert50,1km,60pct,36.0,rent350,grid,100audit,home,none,942,200.0,7,,0,0,1.5,4.0,2.5,offline
RESP_0528,K3,B,8,3,0,3,30.0,buy,grid,100audit,home,40pct,24.0,rent250,grid,cert50,3km,none,942,0.0,6,2,0,0,1.5,4.0,2.5,offline
RESP_0528,K3,B,3,4,1,1,18.0,buy,solar,100audit,home,60pct,36.0,rent350,grid,none,3km,none,942,100.0,10,,0,0,1.5,4.0,2.5,offline
RESP_0528,K3,B,6,5,0,2,24.0,rent350,solar,100audit,1km,40pct,30.0,rent150,solar,cert50,home,none,942,200.0,6,,0,0,1.5,4.0,2.5,offline
RESP_0528,K3,B,5,6,0,3,36.0,buy,solar,none,home,60pct,18.0,rent150,grid,cert50,3km,none,942,0.0,4,2,0,0,1.5,4.0,2.5,offline
RESP_0528,K3,B,7,7,0,1,18.0,rent250,solar,none,3km,60pct,36.0,buy,grid,100audit,1km,none,942,100.0,6,,0,0,1.5,4.0,2.5,offline
RESP_0528,K3,B,1,8,0,3,24.0,rent150,grid,100audit,home,none,30.0,buy,solar,none,3km,40pct,942,0.0,8,,0,0,1.5,4.0,2.5,offline
RESP_0529,K1,A,1,1,0,3,24.0,rent250,solar,none,1km,none,30.0,buy,grid,100audit,home,60pct,1138,100.0,5,,0,0,3.33,3.25,3.0,offline
RESP_0529,K1,A,6,2,0,3,18.0,rent150,grid,100audit,3km,none,36.0,rent250,solar,none,1km,60pct,1138,100.0,7,,0,0,3.33,3.25,3.0,offline
RESP_0529,K1,A,2,3,0,3,18.0,rent350,grid,cert50,3km,40pct,24.0,rent150,solar,100audit,1km,none,1138,200.0,7,2,0,0,3.33,3.25,3.0,offline
RESP_0529,K1,A,7,4,0,3,24.0,buy,grid,cert50,home,40pct,30.0,rent350,grid,100audit,3km,none,1138,0.0,6,,0,0,3.33,3.25,3.0,offline
RESP_0529,K1,A,4,5,1,1,18.0,buy,solar,100audit,home,60pct,36.0,rent350,grid,none,3km,none,1138,100.0,10,,0,0,3.33,3.25,3.0,offline
RESP_0529,K1,A,8,6,0,3,36.0,rent250,solar,100audit,1km,60pct,18.0,buy,grid,none,home,none,1138,200.0,6,1,0,0,3.33,3.25,3.0,offline
RESP_0529,K1,A,5,7,0,3,30.0,rent150,solar,none,1km,40pct,24.0,buy,solar,cert50,home,none,1138,200.0,6,,0,0,3.33,3.25,3.0,offline
RESP_0529,K1,A,3,8,0,3,36.0,buy,solar,cert50,home,60pct,18.0,rent250,grid,none,3km,none,1138,0.0,8,,0,0,3.33,3.25,3.0,offline
RESP_0530,K2,B,8,1,0,1,18.0,buy,solar,cert50,home,none,24.0,rent150,solar,100audit,1km,60pct,697,200.0,8,,0,0,3.0,3.75,2.75,offline
RESP_0530,K2,B,4,2,0,3,36.0,rent150,grid,cert50,home,40pct,30.0,buy,grid,100audit,1km,60pct,697,200.0,6,,0,0,3.0,3.75,2.75,offline
RESP_0530,K2,B,6,3,0,3,24.0,rent250,solar,cert50,3km,none,18.0,buy,grid,100audit,home,40pct,697,0.0,8,2,0,0,3.0,3.75,2.75,offline
RESP_0530,K2,B,2,4,0,3,24.0,buy,solar,none,3km,60pct,36.0,buy,solar,100audit,home,none,697,0.0,8,,0,0,3.0,3.75,2.75,offline
RESP_0530,K2,B,3,5,0,3,18.0,rent250,grid,100audit,1km,none,24.0,rent350,solar,none,3km,40pct,697,100.0,7,,0,0,3.0,3.75,2.75,offline
RESP_0530,K2,B,1,6,0,3,30.0,rent350,solar,100audit,home,none,18.0,rent150,grid,cert50,1km,40pct,697,200.0,8,3,0,0,3.0,3.75,2.75,offline
RESP_0530,K2,B,7,7,0,3,30.0,rent150,grid,none,1km,60pct,36.0,rent250,solar,cert50,3km,none,697,100.0,5,,0,0,3.0,3.75,2.75,offline
RESP_0530,K2,B,5,8,1,2,36.0,rent350,grid,none,3km,none,18.0,buy,solar,100audit,home,60pct,697,100.0,8,,0,0,3.0,3.75,2.75,offline
RESP_0531,K3,A,8,1,0,2,30.0,buy,grid,100audit,home,40pct,24.0,rent250,grid,cert50,3km,none,1391,0.0,6,,0,0,3.17,3.25,3.0,offline
RESP_0531,K3,A,5,2,0,3,36.0,buy,solar,none,home,60pct,18.0,rent150,grid,cert50,3km,none,1391,0.0,7,,0,0,3.17,3.25,3.0,offline
RESP_0531,K3,A,2,3,0,3,18.0,buy,solar,cert50,1km,60pct,36.0,rent350,grid,100audit,home,none,1391,200.0,7,3,0,0,3.17,3.25,3.0,offline
RESP_0531,K3,A,6,4,0,3,24.0,rent350,solar,100audit,1km,40pct,30.0,rent150,solar,cert50,home,none,1391,200.0,5,,0,0,3.17,3.25,3.0,offline
RESP_0531,K3,A,4,5,0,3,30.0,rent250,grid,cert50,3km,40pct,24.0,rent350,solar,100audit,1km,none,1391,100.0,4,,0,0,3.17,3.25,3.0,offline
RESP_0531,K3,A,1,6,0,1,24.0,rent150,grid,100audit,home,none,30.0,buy,solar,none,3km,40pct,1391,0.0,6,2,0,0,3.17,3.25,3.0,offline
RESP_0531,K3,A,7,7,0,3,18.0,rent250,solar,none,3km,60pct,36.0,buy,grid,100audit,1km,none,1391,100.0,4,,0,0,3.17,3.25,3.0,offline
RESP_0531,K3,A,3,8,1,1,18.0,buy,solar,100audit,home,60pct,36.0,rent350,grid,none,3km,none,1391,100.0,10,,0,0,3.17,3.25,3.0,offline
RESP_0532,K1,B,7,1,0,3,24.0,buy,grid,cert50,home,40pct,30.0,rent350,grid,100audit,3km,none,1109,0.0,7,,0,0,3.83,4.25,3.25,offline
RESP_0532,K1,B,6,2,0,3,18.0,rent150,grid,100audit,3km,none,36.0,rent250,solar,none,1km,60pct,1109,100.0,5,,0,0,3.83,4.25,3.25,offline
RESP_0532,K1,B,4,3,1,1,18.0,buy,solar,100audit,home,60pct,36.0,rent350,grid,none,3km,none,1109,100.0,7,3,0,0,3.83,4.25,3.25,offline
RESP_0532,K1,B,1,4,0,3,24.0,rent250,solar,none,1km,none,30.0,buy,grid,100audit,home,60pct,1109,100.0,4,,0,0,3.83,4.25,3.25,offline
RESP_0532,K1,B,8,5,0,2,36.0,rent250,solar,100audit,1km,60pct,18.0,buy,grid,none,home,none,1109,200.0,7,,0,0,3.83,4.25,3.25,offline
RESP_0532,K1,B,2,6,0,2,18.0,rent350,grid,cert50,3km,40pct,24.0,rent150,solar,100audit,1km,none,1109,200.0,6,3,0,0,3.83,4.25,3.25,offline
RESP_0532,K1,B,3,7,0,3,36.0,buy,solar,cert50,home,60pct,18.0,rent250,grid,none,3km,none,1109,0.0,5,,0,0,3.83,4.25,3.25,offline
RESP_0532,K1,B,5,8,0,3,30.0,rent150,solar,none,1km,40pct,24.0,buy,solar,cert50,home,none,1109,200.0,7,,0,0,3.83,4.25,3.25,offline
RESP_0533,K2,A,4,1,0,3,36.0,rent150,grid,cert50,home,40pct,30.0,buy,grid,100audit,1km,60pct,529,200.0,7,,0,0,4.33,3.75,3.0,offline
RESP_0533,K2,A,7,2,0,3,30.0,rent150,grid,none,1km,60pct,36.0,rent250,solar,cert50,3km,none,529,100.0,4,,0,0,4.33,3.75,3.0,offline
RESP_0533,K2,A,1,3,0,3,30.0,rent350,solar,100audit,home,none,18.0,rent150,grid,cert50,1km,40pct,529,200.0,5,1,0,0,4.33,3.75,3.0,offline
RESP_0533,K2,A,5,4,1,2,36.0,rent350,grid,none,3km,none,18.0,buy,solar,100audit,home,60pct,529,100.0,6,,0,0,4.33,3.75,3.0,offline
RESP_0533,K2,A,2,5,0,3,24.0,buy,solar,none,3km,60pct,36.0,buy,solar,100audit,home,none,529,0.0,8,,0,0,4.33,3.75,3.0,offline
RESP_0533,K2,A,3,6,0,3,18.0,rent250,grid,100audit,1km,none,24.0,rent350,solar,none,3km,40pct,529,100.0,7,1,0,0,4.33,3.75,3.0,offline
RESP_0533,K2,A,6,7,0,3,24.0,rent250,solar,cert50,3km,none,18.0,buy,grid,100audit,home,40pct,529,0.0,8,,0,0,4.33,3.75,3.0,offline
RESP_0533,K2,A,8,8,0,3,18.0,buy,solar,cert50,home,none,24.0,rent150,solar,100audit,1km,60pct,529,200.0,6,,0,0,4.33,3.75,3.0,offline
RESP_0534,K3,B,7,1,0,3,18.0,rent250,solar,none,3km,60pct,36.0,buy,grid,100audit,1km,none,1219,100.0,4,,0,0,3.0,2.75,3.25,offline
RESP_0534,K3,B,1,2,0,3,24.0,rent150,grid,100audit,home,none,30.0,buy,solar,none,3km,40pct,1219,0.0,5,,0,0,3.0,2.75,3.25,offline
RESP_0534,K3,B,4,3,0,3,30.0,rent250,grid,cert50,3km,40pct,24.0,rent350,solar,100audit,1km,none,1219,100.0,6,2,0,0,3.0,2.75,3.25,offline
RESP_0534,K3,B,2,4,0,1,18.0,buy,solar,cert50,1km,60pct,36.0,rent350,grid,100audit,home,none,1219,200.0,8,,0,0,3.0,2.75,3.25,offline
RESP_0534,K3,B,6,5,0,3,24.0,rent350,solar,100audit,1km,40pct,30.0,rent150,solar,cert50,home,none,1219,200.0,6,,0,0,3.0,2.75,3.25,offline
RESP_0534,K3,B,5,6,0,2,36.0,buy,solar,none,home,60pct,18.0,rent150,grid,cert50,3km,none,1219,0.0,6,1,0,0,3.0,2.75,3.25,offline
RESP_0534,K3,B,3,7,1,1,18.0,buy,solar,100audit,home,60pct,36.0,rent350,grid,none,3km,none,1219,100.0,9,,0,0,3.0,2.75,3.25,offline
RESP_0534,K3,B,8,8,0,2,30.0,buy,grid,100audit,home,40pct,24.0,rent250,grid,cert50,3km,none,1219,0.0,9,,0,0,3.0,2.75,3.25,offline
RESP_0535,K1,A,7,1,0,3,24.0,buy,grid,cert50,home,40pct,30.0,rent350,grid,100audit,3km,none,1451,0.0,4,,0,0,1.5,3.5,3.0,offline
RESP_0535,K1,A,4,2,1,1,18.0,buy,solar,100audit,home,60pct,36.0,rent350,grid,none,3km,none,1451,100.0,6,,0,0,1.5,3.5,3.0,offline
RESP_0535,K1,A,3,3,0,3,36.0,buy,solar,cert50,home,60pct,18.0,rent250,grid,none,3km,none,1451,0.0,7,3,0,0,1.5,3.5,3.0,offline
RESP_0535,K1,A,1,4,0,2,24.0,rent250,solar,none,1km,none,30.0,buy,grid,100audit,home,60pct,1451,100.0,9,,0,0,1.5,3.5,3.0,offline
RESP_0535,K1,A,8,5,0,3,36.0,rent250,solar,100audit,1km,60pct,18.0,buy,grid,none,home,none,1451,200.0,7,,0,0,1.5,3.5,3.0,offline
RESP_0535,K1,A,6,6,0,1,18.0,rent150,grid,100audit,3km,none,36.0,rent250,solar,none,1km,60pct,1451,100.0,7,3,0,0,1.5,3.5,3.0,offline
RESP_0535,K1,A,2,7,0,1,18.0,rent350,grid,cert50,3km,40pct,24.0,rent150,solar,100audit,1km,none,1451,200.0,6,,0,0,1.5,3.5,3.0,offline
RESP_0535,K1,A,5,8,0,3,30.0,rent150,solar,none,1km,40pct,24.0,buy,solar,cert50,home,none,1451,200.0,5,,0,0,1.5,3.5,3.0,offline
RESP_0536,K2,B,6,1,0,2,24.0,rent250,solar,cert50,3km,none,18.0,buy,grid,100audit,home,40pct,774,0.0,10,,0,0,2.33,3.5,2.25,offline
RESP_0536,K2,B,5,2,1,2,36.0,rent350,grid,none,3km,none,18.0,buy,solar,100audit,home,60pct,774,100.0,8,,0,0,2.33,3.5,2.25,offline
RESP_0536,K2,B,1,3,0,3,30.0,rent350,solar,100audit,home,none,18.0,rent150,grid,cert50,1km,40pct,774,200.0,6,2,0,0,2.33,3.5,2.25,offline
RESP_0536,K2,B,4,4,0,3,36.0,rent150,grid,cert50,home,40pct,30.0,buy,grid,100audit,1km,60pct,774,200.0,7,,0,0,2.33,3.5,2.25,offline
RESP_0536,K2,B,3,5,0,1,18.0,rent250,grid,100audit,1km,none,24.0,rent350,solar,none,3km,40pct,774,100.0,7,,0,0,2.33,3.5,2.25,offline
RESP_0536,K2,B,2,6,0,3,24.0,buy,solar,none,3km,60pct,36.0,buy,solar,100audit,home,none,774,0.0,4,2,0,0,2.33,3.5,2.25,offline
RESP_0536,K2,B,7,7,0,3,30.0,rent150,grid,none,1km,60pct,36.0,rent250,solar,cert50,3km,none,774,100.0,5,,0,0,2.33,3.5,2.25,offline
RESP_0536,K2,B,8,8,0,3,18.0,buy,solar,cert50,home,none,24.0,rent150,solar,100audit,1km,60pct,774,200.0,8,,0,0,2.33,3.5,2.25,offline
RESP_0537,K3,A,6,1,0,3,24.0,rent350,solar,100audit,1km,40pct,30.0,rent150,solar,cert50,home,none,741,200.0,8,,0,0,1.5,2.5,3.0,offline
RESP_0537,K3,A,8,2,0,3,30.0,buy,grid,100audit,home,40pct,24.0,rent250,grid,cert50,3km,none,741,0.0,6,,0,0,1.5,2.5,3.0,offline
RESP_0537,K3,A,4,3,0,3,30.0,rent250,grid,cert50,3km,40pct,24.0,rent350,solar,100audit,1km,none,741,100.0,5,1,0,0,1.5,2.5,3.0,offline
RESP_0537,K3,A,5,4,0,1,36.0,buy,solar,none,home,60pct,18.0,rent150,grid,cert50,3km,none,741,0.0,8,,0,0,1.5,2.5,3.0,offline
RESP_0537,K3,A,1,5,0,1,24.0,rent150,grid,100audit,home,none,30.0,buy,solar,none,3km,40pct,741,0.0,6,,0,0,1.5,2.5,3.0,offline
RESP_0537,K3,A,2,6,0,3,18.0,buy,solar,cert50,1km,60pct,36.0,rent350,grid,100audit,home,none,741,200.0,8,2,0,0,1.5,2.5,3.0,offline
RESP_0537,K3,A,3,7,1,1,18.0,buy,solar,100audit,home,60pct,36.0,rent350,grid,none,3km,none,741,100.0,6,,0,0,1.5,2.5,3.0,offline
RESP_0537,K3,A,7,8,0,3,18.0,rent250,solar,none,3km,60pct,36.0,buy,grid,100audit,1km,none,741,100.0,8,,0,0,1.5,2.5,3.0,offline
RESP_0538,K1,B,5,1,0,2,30.0,rent150,solar,none,1km,40pct,24.0,buy,solar,cert50,home,none,1499,200.0,9,,0,0,3.17,3.0,3.0,offline
RESP_0538,K1,B,6,2,0,2,18.0,rent150,grid,100audit,3km,none,36.0,rent250,solar,none,1km,60pct,1499,100.0,10,,0,0,3.17,3.0,3.0,offline
RESP_0538,K1,B,7,3,0,3,24.0,buy,grid,cert50,home,40pct,30.0,rent350,grid,100audit,3km,none,1499,0.0,8,1,0,0,3.17,3.0,3.0,offline
RESP_0538,K1,B,3,4,0,3,36.0,buy,solar,cert50,home,60pct,18.0,rent250,grid,none,3km,none,1499,0.0,4,,0,0,3.17,3.0,3.0,offline
RESP_0538,K1,B,4,5,1,1,18.0,buy,solar,100audit,home,60pct,36.0,rent350,grid,none,3km,none,1499,100.0,10,,0,0,3.17,3.0,3.0,offline
RESP_0538,K1,B,2,6,0,3,18.0,rent350,grid,cert50,3km,40pct,24.0,rent150,solar,100audit,1km,none,1499,200.0,5,2,0,0,3.17,3.0,3.0,offline
RESP_0538,K1,B,1,7,0,3,24.0,rent250,solar,none,1km,none,30.0,buy,grid,100audit,home,60pct,1499,100.0,8,,0,0,3.17,3.0,3.0,offline
RESP_0538,K1,B,8,8,0,3,36.0,rent250,solar,100audit,1km,60pct,18.0,buy,grid,none,home,none,1499,200.0,6,,0,0,3.17,3.0,3.0,offline
RESP_0539,K2,A,6,1,0,3,24.0,rent250,solar,cert50,3km,none,18.0,buy,grid,100audit,home,40pct,321,0.0,6,,0,0,3.83,3.25,1.75,offline
RESP_0539,K2,A,2,2,0,3,24.0,buy,solar,none,3km,60pct,36.0,buy,solar,100audit,home,none,321,0.0,5,,0,0,3.83,3.25,1.75,offline
RESP_0539,K2,A,8,3,0,2,18.0,buy,solar,cert50,home,none,24.0,rent150,solar,100audit,1km,60pct,321,200.0,6,2,0,0,3.83,3.25,1.75,offline
RESP_0539,K2,A,1,4,0,3,30.0,rent350,solar,100audit,home,none,18.0,rent150,grid,cert50,1km,40pct,321,200.0,5,,0,0,3.83,3.25,1.75,offline
RESP_0539,K2,A,4,5,0,3,36.0,rent150,grid,cert50,home,40pct,30.0,buy,grid,100audit,1km,60pct,321,200.0,7,,0,0,3.83,3.25,1.75,offline
RESP_0539,K2,A,7,6,0,3,30.0,rent150,grid,none,1km,60pct,36.0,rent250,solar,cert50,3km,none,321,100.0,7,3,0,0,3.83,3.25,1.75,offline
RESP_0539,K2,A,5,7,1,2,36.0,rent350,grid,none,3km,none,18.0,buy,solar,100audit,home,60pct,321,100.0,8,,0,0,3.83,3.25,1.75,offline
RESP_0539,K2,A,3,8,0,1,18.0,rent250,grid,100audit,1km,none,24.0,rent350,solar,none,3km,40pct,321,100.0,8,,0,0,3.83,3.25,1.75,offline
RESP_0540,K3,B,6,1,0,3,24.0,rent350,solar,100audit,1km,40pct,30.0,rent150,solar,cert50,home,none,843,200.0,7,,0,0,3.17,4.25,3.5,offline
RESP_0540,K3,B,7,2,0,3,18.0,rent250,solar,none,3km,60pct,36.0,buy,grid,100audit,1km,none,843,100.0,4,,0,0,3.17,4.25,3.5,offline
RESP_0540,K3,B,5,3,0,2,36.0,buy,solar,none,home,60pct,18.0,rent150,grid,cert50,3km,none,843,0.0,8,2,0,0,3.17,4.25,3.5,offline
RESP_0540,K3,B,8,4,0,3,30.0,buy,grid,100audit,home,40pct,24.0,rent250,grid,cert50,3km,none,843,0.0,4,,0,0,3.17,4.25,3.5,offline
RESP_0540,K3,B,2,5,0,3,18.0,buy,solar,cert50,1km,60pct,36.0,rent350,grid,100audit,home,none,843,200.0,6,,0,0,3.17,4.25,3.5,offline
RESP_0540,K3,B,4,6,0,3,30.0,rent250,grid,cert50,3km,40pct,24.0,rent350,solar,100audit,1km,none,843,100.0,4,2,0,0,3.17,4.25,3.5,offline
RESP_0540,K3,B,1,7,0,3,24.0,rent150,grid,100audit,home,none,30.0,buy,solar,none,3km,40pct,843,0.0,8,,0,0,3.17,4.25,3.5,offline
RESP_0540,K3,B,3,8,1,1,18.0,buy,solar,100audit,home,60pct,36.0,rent350,grid,none,3km,none,843,100.0,10,,0,0,3.17,4.25,3.5,offline
RESP_0541,K1,A,7,1,0,1,24.0,buy,grid,cert50,home,40pct,30.0,rent350,grid,100audit,3km,none,463,0.0,10,,0,0,1.5,3.25,3.25,offline
RESP_0541,K1,A,1,2,0,3,24.0,rent250,solar,none,1km,none,30.0,buy,grid,100audit,home,60pct,463,100.0,5,,0,0,1.5,3.25,3.25,offline
RESP_0541,K1,A,3,3,0,3,36.0,buy,solar,cert50,home,60pct,18.0,rent250,grid,none,3km,none,463,0.0,6,1,0,0,1.5,3.25,3.25,offline
RESP_0541,K1,A,8,4,0,3,36.0,rent250,solar,100audit,1km,60pct,18.0,buy,grid,none,home,none,463,200.0,8,,0,0,1.5,3.25,3.25,offline
RESP_0541,K1,A,5,5,0,3,30.0,rent150,solar,none,1km,40pct,24.0,buy,solar,cert50,home,none,463,200.0,5,,0,0,1.5,3.25,3.25,offline
RESP_0541,K1,A,6,6,0,3,18.0,rent150,grid,100audit,3km,none,36.0,rent250,solar,none,1km,60pct,463,100.0,6,1,0,0,1.5,3.25,3.25,offline
RESP_0541,K1,A,4,7,1,1,18.0,buy,solar,100audit,home,60pct,36.0,rent350,grid,none,3km,none,463,100.0,8,,0,0,1.5,3.25,3.25,offline
RESP_0541,K1,A,2,8,0,2,18.0,rent350,grid,cert50,3km,40pct,24.0,rent150,solar,100audit,1km,none,463,200.0,9,,0,0,1.5,3.25,3.25,offline
RESP_0542,K2,B,3,1,0,3,18.0,rent250,grid,100audit,1km,none,24.0,rent350,solar,none,3km,40pct,563,100.0,8,,0,0,2.67,2.25,2.5,offline
RESP_0542,K2,B,7,2,0,3,30.0,rent150,grid,none,1km,60pct,36.0,rent250,solar,cert50,3km,none,563,100.0,4,,0,0,2.67,2.25,2.5,offline
RESP_0542,K2,B,8,3,0,1,18.0,buy,solar,cert50,home,none,24.0,rent150,solar,100audit,1km,60pct,563,200.0,9,1,0,0,2.67,2.25,2.5,offline
RESP_0542,K2,B,6,4,0,3,24.0,rent250,solar,cert50,3km,none,18.0,buy,grid,100audit,home,40pct,563,0.0,5,,0,0,2.67,2.25,2.5,offline
RESP_0542,K2,B,5,5,1,2,36.0,rent350,grid,none,3km,none,18.0,buy,solar,100audit,home,60pct,563,100.0,10,,0,0,2.67,2.25,2.5,offline
RESP_0542,K2,B,1,6,0,1,30.0,rent350,solar,100audit,home,none,18.0,rent150,grid,cert50,1km,40pct,563,200.0,9,1,0,0,2.67,2.25,2.5,offline
RESP_0542,K2,B,2,7,0,3,24.0,buy,solar,none,3km,60pct,36.0,buy,solar,100audit,home,none,563,0.0,8,,0,0,2.67,2.25,2.5,offline
RESP_0542,K2,B,4,8,0,3,36.0,rent150,grid,cert50,home,40pct,30.0,buy,grid,100audit,1km,60pct,563,200.0,5,,0,0,2.67,2.25,2.5,offline
RESP_0543,K3,A,8,1,0,3,30.0,buy,grid,100audit,home,40pct,24.0,rent250,grid,cert50,3km,none,1458,0.0,4,,0,0,3.83,3.25,3.25,offline
RESP_0543,K3,A,1,2,0,3,24.0,rent150,grid,100audit,home,none,30.0,buy,solar,none,3km,40pct,1458,0.0,8,,0,0,3.83,3.25,3.25,offline
RESP_0543,K3,A,6,3,0,3,24.0,rent350,solar,100audit,1km,40pct,30.0,rent150,solar,cert50,home,none,1458,200.0,5,1,0,0,3.83,3.25,3.25,offline
RESP_0543,K3,A,7,4,0,1,18.0,rent250,solar,none,3km,60pct,36.0,buy,grid,100audit,1km,none,1458,100.0,9,,0,0,3.83,3.25,3.25,offline
RESP_0543,K3,A,4,5,0,3,30.0,rent250,grid,cert50,3km,40pct,24.0,rent350,solar,100audit,1km,none,1458,100.0,6,,0,0,3.83,3.25,3.25,offline
RESP_0543,K3,A,2,6,0,3,18.0,buy,solar,cert50,1km,60pct,36.0,rent350,grid,100audit,home,none,1458,200.0,4,3,0,0,3.83,3.25,3.25,offline
RESP_0543,K3,A,3,7,1,1,18.0,buy,solar,100audit,home,60pct,36.0,rent350,grid,none,3km,none,1458,100.0,9,,0,0,3.83,3.25,3.25,offline
RESP_0543,K3,A,5,8,0,3,36.0,buy,solar,none,home,60pct,18.0,rent150,grid,cert50,3km,none,1458,0.0,6,,0,0,3.83,3.25,3.25,offline
RESP_0544,K1,B,5,1,0,3,30.0,rent150,solar,none,1km,40pct,24.0,buy,solar,cert50,home,none,1008,200.0,7,,0,0,3.33,3.25,4.0,offline
RESP_0544,K1,B,6,2,0,3,18.0,rent150,grid,100audit,3km,none,36.0,rent250,solar,none,1km,60pct,1008,100.0,4,,0,0,3.33,3.25,4.0,offline
RESP_0544,K1,B,8,3,0,3,36.0,rent250,solar,100audit,1km,60pct,18.0,buy,grid,none,home,none,1008,200.0,4,3,0,0,3.33,3.25,4.0,offline
RESP_0544,K1,B,7,4,0,3,24.0,buy,grid,cert50,home,40pct,30.0,rent350,grid,100audit,3km,none,1008,0.0,7,,0,0,3.33,3.25,4.0,offline
RESP_0544,K1,B,4,5,1,1,18.0,buy,solar,100audit,home,60pct,36.0,rent350,grid,none,3km,none,1008,100.0,6,,0,0,3.33,3.25,4.0,offline
RESP_0544,K1,B,2,6,0,3,18.0,rent350,grid,cert50,3km,40pct,24.0,rent150,solar,100audit,1km,none,1008,200.0,8,1,0,0,3.33,3.25,4.0,offline
RESP_0544,K1,B,1,7,0,3,24.0,rent250,solar,none,1km,none,30.0,buy,grid,100audit,home,60pct,1008,100.0,4,,0,0,3.33,3.25,4.0,offline
RESP_0544,K1,B,3,8,0,2,36.0,buy,solar,cert50,home,60pct,18.0,rent250,grid,none,3km,none,1008,0.0,10,,0,0,3.33,3.25,4.0,offline
RESP_0545,K2,A,5,1,1,2,36.0,rent350,grid,none,3km,none,18.0,buy,solar,100audit,home,60pct,405,100.0,7,,0,0,2.33,4.25,3.25,offline
RESP_0545,K2,A,7,2,0,3,30.0,rent150,grid,none,1km,60pct,36.0,rent250,solar,cert50,3km,none,405,100.0,6,,0,0,2.33,4.25,3.25,offline
RESP_0545,K2,A,3,3,0,3,18.0,rent250,grid,100audit,1km,none,24.0,rent350,solar,none,3km,40pct,405,100.0,8,2,0,0,2.33,4.25,3.25,offline
RESP_0545,K2,A,2,4,0,1,24.0,buy,solar,none,3km,60pct,36.0,buy,solar,100audit,home,none,405,0.0,7,,0,0,2.33,4.25,3.25,offline
RESP_0545,K2,A,8,5,0,1,18.0,buy,solar,cert50,home,none,24.0,rent150,solar,100audit,1km,60pct,405,200.0,7,,0,0,2.33,4.25,3.25,offline
RESP_0545,K2,A,4,6,0,3,36.0,rent150,grid,cert50,home,40pct,30.0,buy,grid,100audit,1km,60pct,405,200.0,4,2,0,0,2.33,4.25,3.25,offline
RESP_0545,K2,A,1,7,0,3,30.0,rent350,solar,100audit,home,none,18.0,rent150,grid,cert50,1km,40pct,405,200.0,6,,0,0,2.33,4.25,3.25,offline
RESP_0545,K2,A,6,8,0,3,24.0,rent250,solar,cert50,3km,none,18.0,buy,grid,100audit,home,40pct,405,0.0,5,,0,0,2.33,4.25,3.25,offline
RESP_0546,K3,B,2,1,0,3,18.0,buy,solar,cert50,1km,60pct,36.0,rent350,grid,100audit,home,none,883,200.0,7,,0,0,2.67,2.75,3.5,offline
RESP_0546,K3,B,7,2,0,2,18.0,rent250,solar,none,3km,60pct,36.0,buy,grid,100audit,1km,none,883,100.0,8,,0,0,2.67,2.75,3.5,offline
RESP_0546,K3,B,1,3,0,3,24.0,rent150,grid,100audit,home,none,30.0,buy,solar,none,3km,40pct,883,0.0,7,2,0,0,2.67,2.75,3.5,offline
RESP_0546,K3,B,4,4,0,2,30.0,rent250,grid,cert50,3km,40pct,24.0,rent350,solar,100audit,1km,none,883,100.0,10,,0,0,2.67,2.75,3.5,offline
RESP_0546,K3,B,8,5,0,3,30.0,buy,grid,100audit,home,40pct,24.0,rent250,grid,cert50,3km,none,883,0.0,6,,0,0,2.67,2.75,3.5,offline
RESP_0546,K3,B,3,6,1,1,18.0,buy,solar,100audit,home,60pct,36.0,rent350,grid,none,3km,none,883,100.0,10,2,0,0,2.67,2.75,3.5,offline
RESP_0546,K3,B,5,7,0,3,36.0,buy,solar,none,home,60pct,18.0,rent150,grid,cert50,3km,none,883,0.0,5,,0,0,2.67,2.75,3.5,offline
RESP_0546,K3,B,6,8,0,2,24.0,rent350,solar,100audit,1km,40pct,30.0,rent150,solar,cert50,home,none,883,200.0,6,,0,0,2.67,2.75,3.5,offline
RESP_0547,K1,A,7,1,0,3,24.0,buy,grid,cert50,home,40pct,30.0,rent350,grid,100audit,3km,none,1426,0.0,4,,0,0,2.17,2.75,2.5,offline
RESP_0547,K1,A,2,2,0,1,18.0,rent350,grid,cert50,3km,40pct,24.0,rent150,solar,100audit,1km,none,1426,200.0,8,,0,0,2.17,2.75,2.5,offline
RESP_0547,K1,A,8,3,0,2,36.0,rent250,solar,100audit,1km,60pct,18.0,buy,grid,none,home,none,1426,200.0,8,1,0,0,2.17,2.75,2.5,offline
RESP_0547,K1,A,4,4,1,1,18.0,buy,solar,100audit,home,60pct,36.0,rent350,grid,none,3km,none,1426,100.0,6,,0,0,2.17,2.75,2.5,offline
RESP_0547,K1,A,6,5,0,2,18.0,rent150,grid,100audit,3km,none,36.0,rent250,solar,none,1km,60pct,1426,100.0,10,,0,0,2.17,2.75,2.5,offline
RESP_0547,K1,A,3,6,0,3,36.0,buy,solar,cert50,home,60pct,18.0,rent250,grid,none,3km,none,1426,0.0,4,1,0,0,2.17,2.75,2.5,offline
RESP_0547,K1,A,5,7,0,2,30.0,rent150,solar,none,1km,40pct,24.0,buy,solar,cert50,home,none,1426,200.0,9,,0,0,2.17,2.75,2.5,offline
RESP_0547,K1,A,1,8,0,3,24.0,rent250,solar,none,1km,none,30.0,buy,grid,100audit,home,60pct,1426,100.0,6,,0,0,2.17,2.75,2.5,offline
RESP_0548,K2,B,1,1,0,3,30.0,rent350,solar,100audit,home,none,18.0,rent150,grid,cert50,1km,40pct,565,200.0,6,,0,0,2.83,3.5,2.75,offline
RESP_0548,K2,B,2,2,0,3,24.0,buy,solar,none,3km,60pct,36.0,buy,solar,100audit,home,none,565,0.0,7,,0,0,2.83,3.5,2.75,offline
RESP_0548,K2,B,5,3,1,2,36.0,rent350,grid,none,3km,none,18.0,buy,solar,100audit,home,60pct,565,100.0,7,3,0,0,2.83,3.5,2.75,offline
RESP_0548,K2,B,7,4,0,3,30.0,rent150,grid,none,1km,60pct,36.0,rent250,solar,cert50,3km,none,565,100.0,7,,0,0,2.83,3.5,2.75,offline
RESP_0548,K2,B,8,5,0,1,18.0,buy,solar,cert50,home,none,24.0,rent150,solar,100audit,1km,60pct,565,200.0,7,,0,0,2.83,3.5,2.75,offline
RESP_0548,K2,B,4,6,0,3,36.0,rent150,grid,cert50,home,40pct,30.0,buy,grid,100audit,1km,60pct,565,200.0,4,2,0,0,2.83,3.5,2.75,offline
RESP_0548,K2,B,3,7,0,3,18.0,rent250,grid,100audit,1km,none,24.0,rent350,solar,none,3km,40pct,565,100.0,6,,0,0,2.83,3.5,2.75,offline
RESP_0548,K2,B,6,8,0,3,24.0,rent250,solar,cert50,3km,none,18.0,buy,grid,100audit,home,40pct,565,0.0,5,,0,0,2.83,3.5,2.75,offline
RESP_0549,K3,A,1,1,0,1,24.0,rent150,grid,100audit,home,none,30.0,buy,solar,none,3km,40pct,281,0.0,10,,0,0,3.17,2.75,2.75,offline
RESP_0549,K3,A,3,2,1,1,18.0,buy,solar,100audit,home,60pct,36.0,rent350,grid,none,3km,none,281,100.0,8,,0,0,3.17,2.75,2.75,offline
RESP_0549,K3,A,4,3,0,3,30.0,rent250,grid,cert50,3km,40pct,24.0,rent350,solar,100audit,1km,none,281,100.0,4,2,0,0,3.17,2.75,2.75,offline
RESP_0549,K3,A,6,4,0,3,24.0,rent350,solar,100audit,1km,40pct,30.0,rent150,solar,cert50,home,none,281,200.0,6,,0,0,3.17,2.75,2.75,offline
RESP_0549,K3,A,2,5,0,3,18.0,buy,solar,cert50,1km,60pct,36.0,rent350,grid,100audit,home,none,281,200.0,8,,0,0,3.17,2.75,2.75,offline
RESP_0549,K3,A,7,6,0,3,18.0,rent250,solar,none,3km,60pct,36.0,buy,grid,100audit,1km,none,281,100.0,4,1,0,0,3.17,2.75,2.75,offline
RESP_0549,K3,A,5,7,0,3,36.0,buy,solar,none,home,60pct,18.0,rent150,grid,cert50,3km,none,281,0.0,7,,0,0,3.17,2.75,2.75,offline
RESP_0549,K3,A,8,8,0,3,30.0,buy,grid,100audit,home,40pct,24.0,rent250,grid,cert50,3km,none,281,0.0,4,,0,0,3.17,2.75,2.75,offline
RESP_0550,K1,B,4,1,1,1,18.0,buy,solar,100audit,home,60pct,36.0,rent350,grid,none,3km,none,543,100.0,10,,0,0,3.0,3.5,3.0,offline
RESP_0550,K1,B,7,2,0,3,24.0,buy,grid,cert50,home,40pct,30.0,rent350,grid,100audit,3km,none,543,0.0,8,,0,0,3.0,3.5,3.0,offline
RESP_0550,K1,B,5,3,0,3,30.0,rent150,solar,none,1km,40pct,24.0,buy,solar,cert50,home,none,543,200.0,5,1,0,0,3.0,3.5,3.0,offline
RESP_0550,K1,B,1,4,0,3,24.0,rent250,solar,none,1km,none,30.0,buy,grid,100audit,home,60pct,543,100.0,7,,0,0,3.0,3.5,3.0,offline
RESP_0550,K1,B,8,5,0,3,36.0,rent250,solar,100audit,1km,60pct,18.0,buy,grid,none,home,none,543,200.0,6,,0,0,3.0,3.5,3.0,offline
RESP_0550,K1,B,6,6,0,3,18.0,rent150,grid,100audit,3km,none,36.0,rent250,solar,none,1km,60pct,543,100.0,6,2,0,0,3.0,3.5,3.0,offline
RESP_0550,K1,B,2,7,0,1,18.0,rent350,grid,cert50,3km,40pct,24.0,rent150,solar,100audit,1km,none,543,200.0,7,,0,0,3.0,3.5,3.0,offline
RESP_0550,K1,B,3,8,0,3,36.0,buy,solar,cert50,home,60pct,18.0,rent250,grid,none,3km,none,543,0.0,7,,0,0,3.0,3.5,3.0,offline
RESP_0551,K2,A,7,1,0,3,30.0,rent150,grid,none,1km,60pct,36.0,rent250,solar,cert50,3km,none,521,100.0,5,,0,0,3.67,2.5,2.25,offline
RESP_0551,K2,A,6,2,0,1,24.0,rent250,solar,cert50,3km,none,18.0,buy,grid,100audit,home,40pct,521,0.0,9,,0,0,3.67,2.5,2.25,offline
RESP_0551,K2,A,4,3,0,3,36.0,rent150,grid,cert50,home,40pct,30.0,buy,grid,100audit,1km,60pct,521,200.0,4,2,0,0,3.67,2.5,2.25,offline
RESP_0551,K2,A,5,4,1,2,36.0,rent350,grid,none,3km,none,18.0,buy,solar,100audit,home,60pct,521,100.0,10,,0,0,3.67,2.5,2.25,offline
RESP_0551,K2,A,8,5,0,1,18.0,buy,solar,cert50,home,none,24.0,rent150,solar,100audit,1km,60pct,521,200.0,6,,0,0,3.67,2.5,2.25,offline
RESP_0551,K2,A,2,6,0,1,24.0,buy,solar,none,3km,60pct,36.0,buy,solar,100audit,home,none,521,0.0,9,1,0,0,3.67,2.5,2.25,offline
RESP_0551,K2,A,1,7,0,2,30.0,rent350,solar,100audit,home,none,18.0,rent150,grid,cert50,1km,40pct,521,200.0,10,,0,0,3.67,2.5,2.25,offline
RESP_0551,K2,A,3,8,0,3,18.0,rent250,grid,100audit,1km,none,24.0,rent350,solar,none,3km,40pct,521,100.0,7,,0,0,3.67,2.5,2.25,offline
RESP_0552,K3,B,1,1,0,3,24.0,rent150,grid,100audit,home,none,30.0,buy,solar,none,3km,40pct,396,0.0,4,,0,0,3.0,3.75,3.0,offline
RESP_0552,K3,B,6,2,0,3,24.0,rent350,solar,100audit,1km,40pct,30.0,rent150,solar,cert50,home,none,396,200.0,5,,0,0,3.0,3.75,3.0,offline
RESP_0552,K3,B,8,3,0,3,30.0,buy,grid,100audit,home,40pct,24.0,rent250,grid,cert50,3km,none,396,0.0,7,1,0,0,3.0,3.75,3.0,offline
RESP_0552,K3,B,2,4,0,3,18.0,buy,solar,cert50,1km,60pct,36.0,rent350,grid,100audit,home,none,396,200.0,7,,0,0,3.0,3.75,3.0,offline
RESP_0552,K3,B,5,5,0,3,36.0,buy,solar,none,home,60pct,18.0,rent150,grid,cert50,3km,none,396,0.0,7,,0,0,3.0,3.75,3.0,offline
RESP_0552,K3,B,3,6,1,1,18.0,buy,solar,100audit,home,60pct,36.0,rent350,grid,none,3km,none,396,100.0,7,2,0,0,3.0,3.75,3.0,offline
RESP_0552,K3,B,4,7,0,3,30.0,rent250,grid,cert50,3km,40pct,24.0,rent350,solar,100audit,1km,none,396,100.0,8,,0,0,3.0,3.75,3.0,offline
RESP_0552,K3,B,7,8,0,3,18.0,rent250,solar,none,3km,60pct,36.0,buy,grid,100audit,1km,none,396,100.0,4,,0,0,3.0,3.75,3.0,offline
RESP_0553,K1,A,4,1,1,1,18.0,buy,solar,100audit,home,60pct,36.0,rent350,grid,none,3km,none,963,100.0,6,,0,0,3.0,3.25,2.75,offline
RESP_0553,K1,A,5,2,0,3,30.0,rent150,solar,none,1km,40pct,24.0,buy,solar,cert50,home,none,963,200.0,4,,0,0,3.0,3.25,2.75,offline
RESP_0553,K1,A,7,3,0,3,24.0,buy,grid,cert50,home,40pct,30.0,rent350,grid,100audit,3km,none,963,0.0,8,1,0,0,3.0,3.25,2.75,offline
RESP_0553,K1,A,2,4,0,3,18.0,rent350,grid,cert50,3km,40pct,24.0,rent150,solar,100audit,1km,none,963,200.0,4,,0,0,3.0,3.25,2.75,offline
RESP_0553,K1,A,1,5,0,3,24.0,rent250,solar,none,1km,none,30.0,buy,grid,100audit,home,60pct,963,100.0,4,,0,0,3.0,3.25,2.75,offline
RESP_0553,K1,A,3,6,0,3,36.0,buy,solar,cert50,home,60pct,18.0,rent250,grid,none,3km,none,963,0.0,7,1,0,0,3.0,3.25,2.75,offline
RESP_0553,K1,A,6,7,0,3,18.0,rent150,grid,100audit,3km,none,36.0,rent250,solar,none,1km,60pct,963,100.0,7,,0,0,3.0,3.25,2.75,offline
RESP_0553,K1,A,8,8,0,2,36.0,rent250,solar,100audit,1km,60pct,18.0,buy,grid,none,home,none,963,200.0,9,,0,0,3.0,3.25,2.75,offline
RESP_0554,K2,B,4,1,0,3,36.0,rent150,grid,cert50,home,40pct,30.0,buy,grid,100audit,1km,60pct,1195,200.0,6,,0,0,3.67,2.75,2.5,offline
RESP_0554,K2,B,1,2,0,2,30.0,rent350,solar,100audit,home,none,18.0,rent150,grid,cert50,1km,40pct,1195,200.0,9,,0,0,3.67,2.75,2.5,offline
RESP_0554,K2,B,7,3,0,3,30.0,rent150,grid,none,1km,60pct,36.0,rent250,solar,cert50,3km,none,1195,100.0,7,3,0,0,3.67,2.75,2.5,offline
RESP_0554,K2,B,8,4,0,3,18.0,buy,solar,cert50,home,none,24.0,rent150,solar,100audit,1km,60pct,1195,200.0,7,,0,0,3.67,2.75,2.5,offline
RESP_0554,K2,B,2,5,0,3,24.0,buy,solar,none,3km,60pct,36.0,buy,solar,100audit,home,none,1195,0.0,4,,0,0,3.67,2.75,2.5,offline
RESP_0554,K2,B,5,6,1,2,36.0,rent350,grid,none,3km,none,18.0,buy,solar,100audit,home,60pct,1195,100.0,6,1,0,0,3.67,2.75,2.5,offline
RESP_0554,K2,B,3,7,0,3,18.0,rent250,grid,100audit,1km,none,24.0,rent350,solar,none,3km,40pct,1195,100.0,5,,0,0,3.67,2.75,2.5,offline
RESP_0554,K2,B,6,8,0,3,24.0,rent250,solar,cert50,3km,none,18.0,buy,grid,100audit,home,40pct,1195,0.0,8,,0,0,3.67,2.75,2.5,offline
RESP_0555,K3,A,1,1,0,3,24.0,rent150,grid,100audit,home,none,30.0,buy,solar,none,3km,40pct,646,0.0,4,,0,0,2.67,3.5,3.0,offline
RESP_0555,K3,A,4,2,0,3,30.0,rent250,grid,cert50,3km,40pct,24.0,rent350,solar,100audit,1km,none,646,100.0,5,,0,0,2.67,3.5,3.0,offline
RESP_0555,K3,A,8,3,0,3,30.0,buy,grid,100audit,home,40pct,24.0,rent250,grid,cert50,3km,none,646,0.0,4,1,0,0,2.67,3.5,3.0,offline
RESP_0555,K3,A,5,4,0,3,36.0,buy,solar,none,home,60pct,18.0,rent150,grid,cert50,3km,none,646,0.0,6,,0,0,2.67,3.5,3.0,offline
RESP_0555,K3,A,3,5,1,1,18.0,buy,solar,100audit,home,60pct,36.0,rent350,grid,none,3km,none,646,100.0,8,,0,0,2.67,3.5,3.0,offline
RESP_0555,K3,A,6,6,0,1,24.0,rent350,solar,100audit,1km,40pct,30.0,rent150,solar,cert50,home,none,646,200.0,7,1,0,0,2.67,3.5,3.0,offline
RESP_0555,K3,A,2,7,0,3,18.0,buy,solar,cert50,1km,60pct,36.0,rent350,grid,100audit,home,none,646,200.0,8,,0,0,2.67,3.5,3.0,offline
RESP_0555,K3,A,7,8,0,3,18.0,rent250,solar,none,3km,60pct,36.0,buy,grid,100audit,1km,none,646,100.0,7,,0,0,2.67,3.5,3.0,offline
RESP_0556,K1,B,6,1,0,1,18.0,rent150,grid,100audit,3km,none,36.0,rent250,solar,none,1km,60pct,916,100.0,9,,0,0,1.83,2.5,3.0,offline
RESP_0556,K1,B,2,2,0,1,18.0,rent350,grid,cert50,3km,40pct,24.0,rent150,solar,100audit,1km,none,916,200.0,6,,0,0,1.83,2.5,3.0,offline
RESP_0556,K1,B,4,3,1,1,18.0,buy,solar,100audit,home,60pct,36.0,rent350,grid,none,3km,none,916,100.0,10,3,0,0,1.83,2.5,3.0,offline
RESP_0556,K1,B,5,4,0,3,30.0,rent150,solar,none,1km,40pct,24.0,buy,solar,cert50,home,none,916,200.0,4,,0,0,1.83,2.5,3.0,offline
RESP_0556,K1,B,8,5,0,1,36.0,rent250,solar,100audit,1km,60pct,18.0,buy,grid,none,home,none,916,200.0,10,,0,0,1.83,2.5,3.0,offline
RESP_0556,K1,B,1,6,0,3,24.0,rent250,solar,none,1km,none,30.0,buy,grid,100audit,home,60pct,916,100.0,6,2,0,0,1.83,2.5,3.0,offline
RESP_0556,K1,B,7,7,0,3,24.0,buy,grid,cert50,home,40pct,30.0,rent350,grid,100audit,3km,none,916,0.0,7,,0,0,1.83,2.5,3.0,offline
RESP_0556,K1,B,3,8,0,3,36.0,buy,solar,cert50,home,60pct,18.0,rent250,grid,none,3km,none,916,0.0,8,,0,0,1.83,2.5,3.0,offline
RESP_0557,K2,A,5,1,1,2,36.0,rent350,grid,none,3km,none,18.0,buy,solar,100audit,home,60pct,906,100.0,10,,0,0,2.0,3.0,2.5,offline
RESP_0557,K2,A,7,2,0,3,30.0,rent150,grid,none,1km,60pct,36.0,rent250,solar,cert50,3km,none,906,100.0,7,,0,0,2.0,3.0,2.5,offline
RESP_0557,K2,A,3,3,0,3,18.0,rent250,grid,100audit,1km,none,24.0,rent350,solar,none,3km,40pct,906,100.0,5,2,0,0,2.0,3.0,2.5,offline
RESP_0557,K2,A,2,4,0,3,24.0,buy,solar,none,3km,60pct,36.0,buy,solar,100audit,home,none,906,0.0,8,,0,0,2.0,3.0,2.5,offline
RESP_0557,K2,A,6,5,0,2,24.0,rent250,solar,cert50,3km,none,18.0,buy,grid,100audit,home,40pct,906,0.0,9,,0,0,2.0,3.0,2.5,offline
RESP_0557,K2,A,1,6,0,2,30.0,rent350,solar,100audit,home,none,18.0,rent150,grid,cert50,1km,40pct,906,200.0,6,2,0,0,2.0,3.0,2.5,offline
RESP_0557,K2,A,8,7,0,1,18.0,buy,solar,cert50,home,none,24.0,rent150,solar,100audit,1km,60pct,906,200.0,10,,0,0,2.0,3.0,2.5,offline
RESP_0557,K2,A,4,8,0,3,36.0,rent150,grid,cert50,home,40pct,30.0,buy,grid,100audit,1km,60pct,906,200.0,7,,0,0,2.0,3.0,2.5,offline
RESP_0558,K3,B,2,1,0,1,18.0,buy,solar,cert50,1km,60pct,36.0,rent350,grid,100audit,home,none,1383,200.0,9,,0,0,3.0,3.25,2.25,offline
RESP_0558,K3,B,1,2,0,2,24.0,rent150,grid,100audit,home,none,30.0,buy,solar,none,3km,40pct,1383,0.0,10,,0,0,3.0,3.25,2.25,offline
RESP_0558,K3,B,7,3,0,3,18.0,rent250,solar,none,3km,60pct,36.0,buy,grid,100audit,1km,none,1383,100.0,4,1,0,0,3.0,3.25,2.25,offline
RESP_0558,K3,B,5,4,0,3,36.0,buy,solar,none,home,60pct,18.0,rent150,grid,cert50,3km,none,1383,0.0,4,,0,0,3.0,3.25,2.25,offline
RESP_0558,K3,B,3,5,1,1,18.0,buy,solar,100audit,home,60pct,36.0,rent350,grid,none,3km,none,1383,100.0,6,,0,0,3.0,3.25,2.25,offline
RESP_0558,K3,B,4,6,0,3,30.0,rent250,grid,cert50,3km,40pct,24.0,rent350,solar,100audit,1km,none,1383,100.0,4,3,0,0,3.0,3.25,2.25,offline
RESP_0558,K3,B,6,7,0,2,24.0,rent350,solar,100audit,1km,40pct,30.0,rent150,solar,cert50,home,none,1383,200.0,9,,0,0,3.0,3.25,2.25,offline
RESP_0558,K3,B,8,8,0,3,30.0,buy,grid,100audit,home,40pct,24.0,rent250,grid,cert50,3km,none,1383,0.0,6,,0,0,3.0,3.25,2.25,offline
RESP_0559,K1,A,8,1,0,3,36.0,rent250,solar,100audit,1km,60pct,18.0,buy,grid,none,home,none,511,200.0,5,,0,0,1.5,3.0,3.0,offline
RESP_0559,K1,A,2,2,0,1,18.0,rent350,grid,cert50,3km,40pct,24.0,rent150,solar,100audit,1km,none,511,200.0,6,,0,0,1.5,3.0,3.0,offline
RESP_0559,K1,A,1,3,0,1,24.0,rent250,solar,none,1km,none,30.0,buy,grid,100audit,home,60pct,511,100.0,10,3,0,0,1.5,3.0,3.0,offline
RESP_0559,K1,A,7,4,0,3,24.0,buy,grid,cert50,home,40pct,30.0,rent350,grid,100audit,3km,none,511,0.0,5,,0,0,1.5,3.0,3.0,offline
RESP_0559,K1,A,3,5,0,2,36.0,buy,solar,cert50,home,60pct,18.0,rent250,grid,none,3km,none,511,0.0,6,,0,0,1.5,3.0,3.0,offline
RESP_0559,K1,A,6,6,0,3,18.0,rent150,grid,100audit,3km,none,36.0,rent250,solar,none,1km,60pct,511,100.0,7,1,0,0,1.5,3.0,3.0,offline
RESP_0559,K1,A,5,7,0,1,30.0,rent150,solar,none,1km,40pct,24.0,buy,solar,cert50,home,none,511,200.0,6,,0,0,1.5,3.0,3.0,offline
RESP_0559,K1,A,4,8,1,1,18.0,buy,solar,100audit,home,60pct,36.0,rent350,grid,none,3km,none,511,100.0,10,,0,0,1.5,3.0,3.0,offline
RESP_0560,K2,B,1,1,0,3,30.0,rent350,solar,100audit,home,none,18.0,rent150,grid,cert50,1km,40pct,457,200.0,6,,0,0,1.83,3.75,2.75,offline
RESP_0560,K2,B,2,2,0,1,24.0,buy,solar,none,3km,60pct,36.0,buy,solar,100audit,home,none,457,0.0,9,,0,0,1.83,3.75,2.75,offline
RESP_0560,K2,B,5,3,1,1,36.0,rent350,grid,none,3km,none,18.0,buy,solar,100audit,home,60pct,457,100.0,8,2,0,0,1.83,3.75,2.75,offline
RESP_0560,K2,B,6,4,0,3,24.0,rent250,solar,cert50,3km,none,18.0,buy,grid,100audit,home,40pct,457,0.0,4,,0,0,1.83,3.75,2.75,offline
RESP_0560,K2,B,7,5,0,3,30.0,rent150,grid,none,1km,60pct,36.0,rent250,solar,cert50,3km,none,457,100.0,7,,0,0,1.83,3.75,2.75,offline
RESP_0560,K2,B,3,6,0,3,18.0,rent250,grid,100audit,1km,none,24.0,rent350,solar,none,3km,40pct,457,100.0,5,2,0,0,1.83,3.75,2.75,offline
RESP_0560,K2,B,8,7,0,3,18.0,buy,solar,cert50,home,none,24.0,rent150,solar,100audit,1km,60pct,457,200.0,8,,0,0,1.83,3.75,2.75,offline
RESP_0560,K2,B,4,8,0,3,36.0,rent150,grid,cert50,home,40pct,30.0,buy,grid,100audit,1km,60pct,457,200.0,7,,0,0,1.83,3.75,2.75,offline
RESP_0561,K3,A,3,1,1,1,18.0,buy,solar,100audit,home,60pct,36.0,rent350,grid,none,3km,none,555,100.0,9,,0,0,3.5,3.75,2.75,offline
RESP_0561,K3,A,4,2,0,2,30.0,rent250,grid,cert50,3km,40pct,24.0,rent350,solar,100audit,1km,none,555,100.0,7,,0,0,3.5,3.75,2.75,offline
RESP_0561,K3,A,1,3,0,3,24.0,rent150,grid,100audit,home,none,30.0,buy,solar,none,3km,40pct,555,0.0,4,2,0,0,3.5,3.75,2.75,offline
RESP_0561,K3,A,8,4,0,3,30.0,buy,grid,100audit,home,40pct,24.0,rent250,grid,cert50,3km,none,555,0.0,7,,0,0,3.5,3.75,2.75,offline
RESP_0561,K3,A,6,5,0,3,24.0,rent350,solar,100audit,1km,40pct,30.0,rent150,solar,cert50,home,none,555,200.0,8,,0,0,3.5,3.75,2.75,offline
RESP_0561,K3,A,2,6,0,3,18.0,buy,solar,cert50,1km,60pct,36.0,rent350,grid,100audit,home,none,555,200.0,5,3,0,0,3.5,3.75,2.75,offline
RESP_0561,K3,A,5,7,0,2,36.0,buy,solar,none,home,60pct,18.0,rent150,grid,cert50,3km,none,555,0.0,10,,0,0,3.5,3.75,2.75,offline
RESP_0561,K3,A,7,8,0,3,18.0,rent250,solar,none,3km,60pct,36.0,buy,grid,100audit,1km,none,555,100.0,4,,0,0,3.5,3.75,2.75,offline
RESP_0562,K1,B,4,1,1,1,18.0,buy,solar,100audit,home,60pct,36.0,rent350,grid,none,3km,none,678,100.0,6,,0,0,1.83,3.0,1.75,offline
RESP_0562,K1,B,6,2,0,1,18.0,rent150,grid,100audit,3km,none,36.0,rent250,solar,none,1km,60pct,678,100.0,9,,0,0,1.83,3.0,1.75,offline
RESP_0562,K1,B,7,3,0,3,24.0,buy,grid,cert50,home,40pct,30.0,rent350,grid,100audit,3km,none,678,0.0,7,1,0,0,1.83,3.0,1.75,offline
RESP_0562,K1,B,2,4,0,1,18.0,rent350,grid,cert50,3km,40pct,24.0,rent150,solar,100audit,1km,none,678,200.0,8,,0,0,1.83,3.0,1.75,offline
RESP_0562,K1,B,5,5,0,1,30.0,rent150,solar,none,1km,40pct,24.0,buy,solar,cert50,home,none,678,200.0,6,,0,0,1.83,3.0,1.75,offline
RESP_0562,K1,B,1,6,0,2,24.0,rent250,solar,none,1km,none,30.0,buy,grid,100audit,home,60pct,678,100.0,8,3,0,0,1.83,3.0,1.75,offline
RESP_0562,K1,B,8,7,0,2,36.0,rent250,solar,100audit,1km,60pct,18.0,buy,grid,none,home,none,678,200.0,7,,0,0,1.83,3.0,1.75,offline
RESP_0562,K1,B,3,8,0,2,36.0,buy,solar,cert50,home,60pct,18.0,rent250,grid,none,3km,none,678,0.0,9,,0,0,1.83,3.0,1.75,offline
RESP_0563,K2,A,2,1,0,3,24.0,buy,solar,none,3km,60pct,36.0,buy,solar,100audit,home,none,624,0.0,4,,0,0,4.83,3.5,2.75,offline
RESP_0563,K2,A,6,2,0,3,24.0,rent250,solar,cert50,3km,none,18.0,buy,grid,100audit,home,40pct,624,0.0,8,,0,0,4.83,3.5,2.75,offline
RESP_0563,K2,A,3,3,0,1,18.0,rent250,grid,100audit,1km,none,24.0,rent350,solar,none,3km,40pct,624,100.0,8,2,0,0,4.83,3.5,2.75,offline
RESP_0563,K2,A,7,4,0,3,30.0,rent150,grid,none,1km,60pct,36.0,rent250,solar,cert50,3km,none,624,100.0,5,,0,0,4.83,3.5,2.75,offline
RESP_0563,K2,A,5,5,1,2,36.0,rent350,grid,none,3km,none,18.0,buy,solar,100audit,home,60pct,624,100.0,9,,0,0,4.83,3.5,2.75,offline
RESP_0563,K2,A,8,6,0,1,18.0,buy,solar,cert50,home,none,24.0,rent150,solar,100audit,1km,60pct,624,200.0,8,1,0,0,4.83,3.5,2.75,offline
RESP_0563,K2,A,4,7,0,3,36.0,rent150,grid,cert50,home,40pct,30.0,buy,grid,100audit,1km,60pct,624,200.0,4,,0,0,4.83,3.5,2.75,offline
RESP_0563,K2,A,1,8,0,3,30.0,rent350,solar,100audit,home,none,18.0,rent150,grid,cert50,1km,40pct,624,200.0,7,,0,0,4.83,3.5,2.75,offline
RESP_0564,K3,B,2,1,0,3,18.0,buy,solar,cert50,1km,60pct,36.0,rent350,grid,100audit,home,none,723,200.0,7,,0,0,4.33,3.0,2.75,offline
RESP_0564,K3,B,4,2,0,2,30.0,rent250,grid,cert50,3km,40pct,24.0,rent350,solar,100audit,1km,none,723,100.0,10,,0,0,4.33,3.0,2.75,offline
RESP_0564,K3,B,5,3,0,3,36.0,buy,solar,none,home,60pct,18.0,rent150,grid,cert50,3km,none,723,0.0,6,1,0,0,4.33,3.0,2.75,offline
RESP_0564,K3,B,8,4,0,3,30.0,buy,grid,100audit,home,40pct,24.0,rent250,grid,cert50,3km,none,723,0.0,6,,0,0,4.33,3.0,2.75,offline
RESP_0564,K3,B,6,5,0,3,24.0,rent350,solar,100audit,1km,40pct,30.0,rent150,solar,cert50,home,none,723,200.0,5,,0,0,4.33,3.0,2.75,offline
RESP_0564,K3,B,3,6,1,1,18.0,buy,solar,100audit,home,60pct,36.0,rent350,grid,none,3km,none,723,100.0,10,2,0,0,4.33,3.0,2.75,offline
RESP_0564,K3,B,7,7,0,3,18.0,rent250,solar,none,3km,60pct,36.0,buy,grid,100audit,1km,none,723,100.0,7,,0,0,4.33,3.0,2.75,offline
RESP_0564,K3,B,1,8,0,3,24.0,rent150,grid,100audit,home,none,30.0,buy,solar,none,3km,40pct,723,0.0,5,,0,0,4.33,3.0,2.75,offline
RESP_0565,K1,A,8,1,0,2,36.0,rent250,solar,100audit,1km,60pct,18.0,buy,grid,none,home,none,897,200.0,6,,0,0,3.0,2.25,3.25,offline
RESP_0565,K1,A,3,2,0,2,36.0,buy,solar,cert50,home,60pct,18.0,rent250,grid,none,3km,none,897,0.0,10,,0,0,3.0,2.25,3.25,offline
RESP_0565,K1,A,4,3,1,1,18.0,buy,solar,100audit,home,60pct,36.0,rent350,grid,none,3km,none,897,100.0,8,1,0,0,3.0,2.25,3.25,offline
RESP_0565,K1,A,6,4,0,1,18.0,rent150,grid,100audit,3km,none,36.0,rent250,solar,none,1km,60pct,897,100.0,8,,0,0,3.0,2.25,3.25,offline
RESP_0565,K1,A,5,5,0,3,30.0,rent150,solar,none,1km,40pct,24.0,buy,solar,cert50,home,none,897,200.0,7,,0,0,3.0,2.25,3.25,offline
RESP_0565,K1,A,7,6,0,3,24.0,buy,grid,cert50,home,40pct,30.0,rent350,grid,100audit,3km,none,897,0.0,6,3,0,0,3.0,2.25,3.25,offline
RESP_0565,K1,A,1,7,0,1,24.0,rent250,solar,none,1km,none,30.0,buy,grid,100audit,home,60pct,897,100.0,9,,0,0,3.0,2.25,3.25,offline
RESP_0565,K1,A,2,8,0,3,18.0,rent350,grid,cert50,3km,40pct,24.0,rent150,solar,100audit,1km,none,897,200.0,6,,0,0,3.0,2.25,3.25,offline
RESP_0566,K2,B,3,1,0,1,18.0,rent250,grid,100audit,1km,none,24.0,rent350,solar,none,3km,40pct,1211,100.0,8,,0,0,3.0,3.75,3.75,offline
RESP_0566,K2,B,1,2,0,3,30.0,rent350,solar,100audit,home,none,18.0,rent150,grid,cert50,1km,40pct,1211,200.0,4,,0,0,3.0,3.75,3.75,offline
RESP_0566,K2,B,7,3,0,3,30.0,rent150,grid,none,1km,60pct,36.0,rent250,solar,cert50,3km,none,1211,100.0,8,2,0,0,3.0,3.75,3.75,offline
RESP_0566,K2,B,6,4,0,3,24.0,rent250,solar,cert50,3km,none,18.0,buy,grid,100audit,home,40pct,1211,0.0,6,,0,0,3.0,3.75,3.75,offline
RESP_0566,K2,B,5,5,1,2,36.0,rent350,grid,none,3km,none,18.0,buy,solar,100audit,home,60pct,1211,100.0,8,,0,0,3.0,3.75,3.75,offline
RESP_0566,K2,B,8,6,0,3,18.0,buy,solar,cert50,home,none,24.0,rent150,solar,100audit,1km,60pct,1211,200.0,5,1,0,0,3.0,3.75,3.75,offline
RESP_0566,K2,B,4,7,0,3,36.0,rent150,grid,cert50,home,40pct,30.0,buy,grid,100audit,1km,60pct,1211,200.0,7,,0,0,3.0,3.75,3.75,offline
RESP_0566,K2,B,2,8,0,3,24.0,buy,solar,none,3km,60pct,36.0,buy,solar,100audit,home,none,1211,0.0,5,,0,0,3.0,3.75,3.75,offline
RESP_0567,K3,A,7,1,0,3,18.0,rent250,solar,none,3km,60pct,36.0,buy,grid,100audit,1km,none,1250,100.0,4,,0,0,2.5,2.75,2.25,offline
RESP_0567,K3,A,2,2,0,3,18.0,buy,solar,cert50,1km,60pct,36.0,rent350,grid,100audit,home,none,1250,200.0,4,,0,0,2.5,2.75,2.25,offline
RESP_0567,K3,A,3,3,1,1,18.0,buy,solar,100audit,home,60pct,36.0,rent350,grid,none,3km,none,1250,100.0,6,2,0,0,2.5,2.75,2.25,offline
RESP_0567,K3,A,1,4,0,3,24.0,rent150,grid,100audit,home,none,30.0,buy,solar,none,3km,40pct,1250,0.0,7,,0,0,2.5,2.75,2.25,offline
RESP_0567,K3,A,4,5,0,2,30.0,rent250,grid,cert50,3km,40pct,24.0,rent350,solar,100audit,1km,none,1250,100.0,9,,0,0,2.5,2.75,2.25,offline
RESP_0567,K3,A,8,6,0,2,30.0,buy,grid,100audit,home,40pct,24.0,rent250,grid,cert50,3km,none,1250,0.0,10,2,0,0,2.5,2.75,2.25,offline
RESP_0567,K3,A,6,7,0,3,24.0,rent350,solar,100audit,1km,40pct,30.0,rent150,solar,cert50,home,none,1250,200.0,7,,0,0,2.5,2.75,2.25,offline
RESP_0567,K3,A,5,8,0,3,36.0,buy,solar,none,home,60pct,18.0,rent150,grid,cert50,3km,none,1250,0.0,7,,0,0,2.5,2.75,2.25,offline
RESP_0568,K1,B,6,1,0,3,18.0,rent150,grid,100audit,3km,none,36.0,rent250,solar,none,1km,60pct,939,100.0,4,,0,0,1.83,4.5,2.5,offline
RESP_0568,K1,B,8,2,0,3,36.0,rent250,solar,100audit,1km,60pct,18.0,buy,grid,none,home,none,939,200.0,6,,0,0,1.83,4.5,2.5,offline
RESP_0568,K1,B,4,3,1,1,18.0,buy,solar,100audit,home,60pct,36.0,rent350,grid,none,3km,none,939,100.0,6,3,0,0,1.83,4.5,2.5,offline
RESP_0568,K1,B,1,4,0,3,24.0,rent250,solar,none,1km,none,30.0,buy,grid,100audit,home,60pct,939,100.0,5,,0,0,1.83,4.5,2.5,offline
RESP_0568,K1,B,7,5,0,3,24.0,buy,grid,cert50,home,40pct,30.0,rent350,grid,100audit,3km,none,939,0.0,5,,0,0,1.83,4.5,2.5,offline
RESP_0568,K1,B,2,6,0,3,18.0,rent350,grid,cert50,3km,40pct,24.0,rent150,solar,100audit,1km,none,939,200.0,8,3,0,0,1.83,4.5,2.5,offline
RESP_0568,K1,B,5,7,0,3,30.0,rent150,solar,none,1km,40pct,24.0,buy,solar,cert50,home,none,939,200.0,4,,0,0,1.83,4.5,2.5,offline
RESP_0568,K1,B,3,8,0,3,36.0,buy,solar,cert50,home,60pct,18.0,rent250,grid,none,3km,none,939,0.0,8,,0,0,1.83,4.5,2.5,offline
RESP_0569,K2,A,6,1,0,2,24.0,rent250,solar,cert50,3km,none,18.0,buy,grid,100audit,home,40pct,1433,0.0,9,,0,0,2.67,2.75,3.0,offline
RESP_0569,K2,A,3,2,0,2,18.0,rent250,grid,100audit,1km,none,24.0,rent350,solar,none,3km,40pct,1433,100.0,6,,0,0,2.67,2.75,3.0,offline
RESP_0569,K2,A,4,3,0,3,36.0,rent150,grid,cert50,home,40pct,30.0,buy,grid,100audit,1km,60pct,1433,200.0,4,2,0,0,2.67,2.75,3.0,offline
RESP_0569,K2,A,5,4,1,2,36.0,rent350,grid,none,3km,none,18.0,buy,solar,100audit,home,60pct,1433,100.0,6,,0,0,2.67,2.75,3.0,offline
RESP_0569,K2,A,2,5,0,3,24.0,buy,solar,none,3km,60pct,36.0,buy,solar,100audit,home,none,1433,0.0,5,,0,0,2.67,2.75,3.0,offline
RESP_0569,K2,A,8,6,0,2,18.0,buy,solar,cert50,home,none,24.0,rent150,solar,100audit,1km,60pct,1433,200.0,6,3,0,0,2.67,2.75,3.0,offline
RESP_0569,K2,A,7,7,0,1,30.0,rent150,grid,none,1km,60pct,36.0,rent250,solar,cert50,3km,none,1433,100.0,7,,0,0,2.67,2.75,3.0,offline
RESP_0569,K2,A,1,8,0,1,30.0,rent350,solar,100audit,home,none,18.0,rent150,grid,cert50,1km,40pct,1433,200.0,8,,0,0,2.67,2.75,3.0,offline
RESP_0570,K3,B,6,1,0,3,24.0,rent350,solar,100audit,1km,40pct,30.0,rent150,solar,cert50,home,none,1348,200.0,8,,0,0,2.33,3.25,3.0,offline
RESP_0570,K3,B,4,2,0,3,30.0,rent250,grid,cert50,3km,40pct,24.0,rent350,solar,100audit,1km,none,1348,100.0,7,,0,0,2.33,3.25,3.0,offline
RESP_0570,K3,B,8,3,0,3,30.0,buy,grid,100audit,home,40pct,24.0,rent250,grid,cert50,3km,none,1348,0.0,4,2,0,0,2.33,3.25,3.0,offline
RESP_0570,K3,B,1,4,0,3,24.0,rent150,grid,100audit,home,none,30.0,buy,solar,none,3km,40pct,1348,0.0,7,,0,0,2.33,3.25,3.0,offline
RESP_0570,K3,B,3,5,1,1,18.0,buy,solar,100audit,home,60pct,36.0,rent350,grid,none,3km,none,1348,100.0,9,,0,0,2.33,3.25,3.0,offline
RESP_0570,K3,B,7,6,0,3,18.0,rent250,solar,none,3km,60pct,36.0,buy,grid,100audit,1km,none,1348,100.0,4,3,0,0,2.33,3.25,3.0,offline
RESP_0570,K3,B,5,7,0,3,36.0,buy,solar,none,home,60pct,18.0,rent150,grid,cert50,3km,none,1348,0.0,8,,0,0,2.33,3.25,3.0,offline
RESP_0570,K3,B,2,8,0,3,18.0,buy,solar,cert50,1km,60pct,36.0,rent350,grid,100audit,home,none,1348,200.0,8,,0,0,2.33,3.25,3.0,offline
RESP_0571,K1,A,4,1,1,1,18.0,buy,solar,100audit,home,60pct,36.0,rent350,grid,none,3km,none,1439,100.0,6,,0,0,2.83,4.0,2.5,offline
RESP_0571,K1,A,7,2,0,3,24.0,buy,grid,cert50,home,40pct,30.0,rent350,grid,100audit,3km,none,1439,0.0,8,,0,0,2.83,4.0,2.5,offline
RESP_0571,K1,A,6,3,0,3,18.0,rent150,grid,100audit,3km,none,36.0,rent250,solar,none,1km,60pct,1439,100.0,8,2,0,0,2.83,4.0,2.5,offline
RESP_0571,K1,A,8,4,0,3,36.0,rent250,solar,100audit,1km,60pct,18.0,buy,grid,none,home,none,1439,200.0,4,,0,0,2.83,4.0,2.5,offline
RESP_0571,K1,A,3,5,0,3,36.0,buy,solar,cert50,home,60pct,18.0,rent250,grid,none,3km,none,1439,0.0,5,,0,0,2.83,4.0,2.5,offline
RESP_0571,K1,A,1,6,0,3,24.0,rent250,solar,none,1km,none,30.0,buy,grid,100audit,home,60pct,1439,100.0,8,1,0,0,2.83,4.0,2.5,offline
RESP_0571,K1,A,2,7,0,3,18.0,rent350,grid,cert50,3km,40pct,24.0,rent150,solar,100audit,1km,none,1439,200.0,7,,0,0,2.83,4.0,2.5,offline
RESP_0571,K1,A,5,8,0,3,30.0,rent150,solar,none,1km,40pct,24.0,buy,solar,cert50,home,none,1439,200.0,7,,0,0,2.83,4.0,2.5,offline
RESP_0572,K2,B,4,1,0,2,36.0,rent150,grid,cert50,home,40pct,30.0,buy,grid,100audit,1km,60pct,861,200.0,10,,0,0,2.67,3.25,2.5,offline
RESP_0572,K2,B,1,2,0,3,30.0,rent350,solar,100audit,home,none,18.0,rent150,grid,cert50,1km,40pct,861,200.0,4,,0,0,2.67,3.25,2.5,offline
RESP_0572,K2,B,5,3,1,2,36.0,rent350,grid,none,3km,none,18.0,buy,solar,100audit,home,60pct,861,100.0,9,2,0,0,2.67,3.25,2.5,offline
RESP_0572,K2,B,6,4,0,1,24.0,rent250,solar,cert50,3km,none,18.0,buy,grid,100audit,home,40pct,861,0.0,8,,0,0,2.67,3.25,2.5,offline
RESP_0572,K2,B,3,5,0,3,18.0,rent250,grid,100audit,1km,none,24.0,rent350,solar,none,3km,40pct,861,100.0,7,,0,0,2.67,3.25,2.5,offline
RESP_0572,K2,B,7,6,0,3,30.0,rent150,grid,none,1km,60pct,36.0,rent250,solar,cert50,3km,none,861,100.0,5,1,0,0,2.67,3.25,2.5,offline
RESP_0572,K2,B,2,7,0,2,24.0,buy,solar,none,3km,60pct,36.0,buy,solar,100audit,home,none,861,0.0,6,,0,0,2.67,3.25,2.5,offline
RESP_0572,K2,B,8,8,0,3,18.0,buy,solar,cert50,home,none,24.0,rent150,solar,100audit,1km,60pct,861,200.0,8,,0,0,2.67,3.25,2.5,offline
RESP_0573,K3,A,2,1,0,1,18.0,buy,solar,cert50,1km,60pct,36.0,rent350,grid,100audit,home,none,1367,200.0,7,,0,0,2.5,3.0,3.25,offline
RESP_0573,K3,A,3,2,1,1,18.0,buy,solar,100audit,home,60pct,36.0,rent350,grid,none,3km,none,1367,100.0,6,,0,0,2.5,3.0,3.25,offline
RESP_0573,K3,A,1,3,0,3,24.0,rent150,grid,100audit,home,none,30.0,buy,solar,none,3km,40pct,1367,0.0,8,2,0,0,2.5,3.0,3.25,offline
RESP_0573,K3,A,4,4,0,3,30.0,rent250,grid,cert50,3km,40pct,24.0,rent350,solar,100audit,1km,none,1367,100.0,5,,0,0,2.5,3.0,3.25,offline
RESP_0573,K3,A,8,5,0,3,30.0,buy,grid,100audit,home,40pct,24.0,rent250,grid,cert50,3km,none,1367,0.0,8,,0,0,2.5,3.0,3.25,offline
RESP_0573,K3,A,6,6,0,3,24.0,rent350,solar,100audit,1km,40pct,30.0,rent150,solar,cert50,home,none,1367,200.0,4,1,0,0,2.5,3.0,3.25,offline
RESP_0573,K3,A,5,7,0,3,36.0,buy,solar,none,home,60pct,18.0,rent150,grid,cert50,3km,none,1367,0.0,7,,0,0,2.5,3.0,3.25,offline
RESP_0573,K3,A,7,8,0,3,18.0,rent250,solar,none,3km,60pct,36.0,buy,grid,100audit,1km,none,1367,100.0,6,,0,0,2.5,3.0,3.25,offline
RESP_0574,K1,B,1,1,0,3,24.0,rent250,solar,none,1km,none,30.0,buy,grid,100audit,home,60pct,582,100.0,8,,0,0,2.67,2.5,3.0,offline
RESP_0574,K1,B,6,2,0,1,18.0,rent150,grid,100audit,3km,none,36.0,rent250,solar,none,1km,60pct,582,100.0,9,,0,0,2.67,2.5,3.0,offline
RESP_0574,K1,B,3,3,0,3,36.0,buy,solar,cert50,home,60pct,18.0,rent250,grid,none,3km,none,582,0.0,5,2,0,0,2.67,2.5,3.0,offline
RESP_0574,K1,B,8,4,0,1,36.0,rent250,solar,100audit,1km,60pct,18.0,buy,grid,none,home,none,582,200.0,9,,0,0,2.67,2.5,3.0,offline
RESP_0574,K1,B,2,5,0,1,18.0,rent350,grid,cert50,3km,40pct,24.0,rent150,solar,100audit,1km,none,582,200.0,9,,0,0,2.67,2.5,3.0,offline
RESP_0574,K1,B,4,6,1,1,18.0,buy,solar,100audit,home,60pct,36.0,rent350,grid,none,3km,none,582,100.0,8,1,0,0,2.67,2.5,3.0,offline
RESP_0574,K1,B,7,7,0,3,24.0,buy,grid,cert50,home,40pct,30.0,rent350,grid,100audit,3km,none,582,0.0,6,,0,0,2.67,2.5,3.0,offline
RESP_0574,K1,B,5,8,0,3,30.0,rent150,solar,none,1km,40pct,24.0,buy,solar,cert50,home,none,582,200.0,7,,0,0,2.67,2.5,3.0,offline
RESP_0575,K2,A,4,1,0,3,36.0,rent150,grid,cert50,home,40pct,30.0,buy,grid,100audit,1km,60pct,1245,200.0,4,,0,0,3.0,2.5,2.5,offline
RESP_0575,K2,A,8,2,0,2,18.0,buy,solar,cert50,home,none,24.0,rent150,solar,100audit,1km,60pct,1245,200.0,6,,0,0,3.0,2.5,2.5,offline
RESP_0575,K2,A,6,3,0,3,24.0,rent250,solar,cert50,3km,none,18.0,buy,grid,100audit,home,40pct,1245,0.0,5,1,0,0,3.0,2.5,2.5,offline
RESP_0575,K2,A,3,4,0,3,18.0,rent250,grid,100audit,1km,none,24.0,rent350,solar,none,3km,40pct,1245,100.0,8,,0,0,3.0,2.5,2.5,offline
RESP_0575,K2,A,5,5,1,2,36.0,rent350,grid,none,3km,none,18.0,buy,solar,100audit,home,60pct,1245,100.0,7,,0,0,3.0,2.5,2.5,offline
RESP_0575,K2,A,1,6,0,1,30.0,rent350,solar,100audit,home,none,18.0,rent150,grid,cert50,1km,40pct,1245,200.0,8,3,0,0,3.0,2.5,2.5,offline
RESP_0575,K2,A,2,7,0,3,24.0,buy,solar,none,3km,60pct,36.0,buy,solar,100audit,home,none,1245,0.0,4,,0,0,3.0,2.5,2.5,offline
RESP_0575,K2,A,7,8,0,2,30.0,rent150,grid,none,1km,60pct,36.0,rent250,solar,cert50,3km,none,1245,100.0,6,,0,0,3.0,2.5,2.5,offline
RESP_0576,K3,B,5,1,0,3,36.0,buy,solar,none,home,60pct,18.0,rent150,grid,cert50,3km,none,771,0.0,8,,0,0,2.83,3.0,3.0,offline
RESP_0576,K3,B,3,2,1,1,18.0,buy,solar,100audit,home,60pct,36.0,rent350,grid,none,3km,none,771,100.0,6,,0,0,2.83,3.0,3.0,offline
RESP_0576,K3,B,4,3,0,1,30.0,rent250,grid,cert50,3km,40pct,24.0,rent350,solar,100audit,1km,none,771,100.0,10,3,0,0,2.83,3.0,3.0,offline
RESP_0576,K3,B,8,4,0,3,30.0,buy,grid,100audit,home,40pct,24.0,rent250,grid,cert50,3km,none,771,0.0,4,,0,0,2.83,3.0,3.0,offline
RESP_0576,K3,B,7,5,0,1,18.0,rent250,solar,none,3km,60pct,36.0,buy,grid,100audit,1km,none,771,100.0,7,,0,0,2.83,3.0,3.0,offline
RESP_0576,K3,B,6,6,0,1,24.0,rent350,solar,100audit,1km,40pct,30.0,rent150,solar,cert50,home,none,771,200.0,9,3,0,0,2.83,3.0,3.0,offline
RESP_0576,K3,B,2,7,0,3,18.0,buy,solar,cert50,1km,60pct,36.0,rent350,grid,100audit,home,none,771,200.0,6,,0,0,2.83,3.0,3.0,offline
RESP_0576,K3,B,1,8,0,2,24.0,rent150,grid,100audit,home,none,30.0,buy,solar,none,3km,40pct,771,0.0,9,,0,0,2.83,3.0,3.0,offline
RESP_0577,K1,A,7,1,0,3,24.0,buy,grid,cert50,home,40pct,30.0,rent350,grid,100audit,3km,none,465,0.0,7,,0,0,1.67,4.5,2.25,offline
RESP_0577,K1,A,8,2,0,2,36.0,rent250,solar,100audit,1km,60pct,18.0,buy,grid,none,home,none,465,200.0,7,,0,0,1.67,4.5,2.25,offline
RESP_0577,K1,A,5,3,0,2,30.0,rent150,solar,none,1km,40pct,24.0,buy,solar,cert50,home,none,465,200.0,10,2,0,0,1.67,4.5,2.25,offline
RESP_0577,K1,A,4,4,1,1,18.0,buy,solar,100audit,home,60pct,36.0,rent350,grid,none,3km,none,465,100.0,7,,0,0,1.67,4.5,2.25,offline
RESP_0577,K1,A,6,5,0,1,18.0,rent150,grid,100audit,3km,none,36.0,rent250,solar,none,1km,60pct,465,100.0,7,,0,0,1.67,4.5,2.25,offline
RESP_0577,K1,A,3,6,0,3,36.0,buy,solar,cert50,home,60pct,18.0,rent250,grid,none,3km,none,465,0.0,6,2,0,0,1.67,4.5,2.25,offline
RESP_0577,K1,A,1,7,0,3,24.0,rent250,solar,none,1km,none,30.0,buy,grid,100audit,home,60pct,465,100.0,5,,0,0,1.67,4.5,2.25,offline
RESP_0577,K1,A,2,8,0,3,18.0,rent350,grid,cert50,3km,40pct,24.0,rent150,solar,100audit,1km,none,465,200.0,7,,0,0,1.67,4.5,2.25,offline
RESP_0578,K2,B,5,1,1,2,36.0,rent350,grid,none,3km,none,18.0,buy,solar,100audit,home,60pct,1233,100.0,6,,0,0,3.5,3.0,2.75,offline
RESP_0578,K2,B,8,2,0,1,18.0,buy,solar,cert50,home,none,24.0,rent150,solar,100audit,1km,60pct,1233,200.0,6,,0,0,3.5,3.0,2.75,offline
RESP_0578,K2,B,4,3,0,3,36.0,rent150,grid,cert50,home,40pct,30.0,buy,grid,100audit,1km,60pct,1233,200.0,4,3,0,0,3.5,3.0,2.75,offline
RESP_0578,K2,B,7,4,0,3,30.0,rent150,grid,none,1km,60pct,36.0,rent250,solar,cert50,3km,none,1233,100.0,4,,0,0,3.5,3.0,2.75,offline
RESP_0578,K2,B,3,5,0,3,18.0,rent250,grid,100audit,1km,none,24.0,rent350,solar,none,3km,40pct,1233,100.0,4,,0,0,3.5,3.0,2.75,offline
RESP_0578,K2,B,1,6,0,3,30.0,rent350,solar,100audit,home,none,18.0,rent150,grid,cert50,1km,40pct,1233,200.0,7,2,0,0,3.5,3.0,2.75,offline
RESP_0578,K2,B,2,7,0,3,24.0,buy,solar,none,3km,60pct,36.0,buy,solar,100audit,home,none,1233,0.0,8,,0,0,3.5,3.0,2.75,offline
RESP_0578,K2,B,6,8,0,2,24.0,rent250,solar,cert50,3km,none,18.0,buy,grid,100audit,home,40pct,1233,0.0,9,,0,0,3.5,3.0,2.75,offline
RESP_0579,K3,A,5,1,0,3,36.0,buy,solar,none,home,60pct,18.0,rent150,grid,cert50,3km,none,664,0.0,5,,0,0,1.67,3.0,3.0,offline
RESP_0579,K3,A,3,2,1,1,18.0,buy,solar,100audit,home,60pct,36.0,rent350,grid,none,3km,none,664,100.0,9,,0,0,1.67,3.0,3.0,offline
RESP_0579,K3,A,6,3,0,3,24.0,rent350,solar,100audit,1km,40pct,30.0,rent150,solar,cert50,home,none,664,200.0,4,1,0,0,1.67,3.0,3.0,offline
RESP_0579,K3,A,2,4,0,1,18.0,buy,solar,cert50,1km,60pct,36.0,rent350,grid,100audit,home,none,664,200.0,8,,0,0,1.67,3.0,3.0,offline
RESP_0579,K3,A,1,5,0,1,24.0,rent150,grid,100audit,home,none,30.0,buy,solar,none,3km,40pct,664,0.0,6,,0,0,1.67,3.0,3.0,offline
RESP_0579,K3,A,4,6,0,2,30.0,rent250,grid,cert50,3km,40pct,24.0,rent350,solar,100audit,1km,none,664,100.0,10,3,0,0,1.67,3.0,3.0,offline
RESP_0579,K3,A,7,7,0,3,18.0,rent250,solar,none,3km,60pct,36.0,buy,grid,100audit,1km,none,664,100.0,4,,0,0,1.67,3.0,3.0,offline
RESP_0579,K3,A,8,8,0,3,30.0,buy,grid,100audit,home,40pct,24.0,rent250,grid,cert50,3km,none,664,0.0,5,,0,0,1.67,3.0,3.0,offline
RESP_0580,K1,B,5,1,0,3,30.0,rent150,solar,none,1km,40pct,24.0,buy,solar,cert50,home,none,1061,200.0,5,,0,0,2.0,3.0,3.0,offline
RESP_0580,K1,B,1,2,0,3,24.0,rent250,solar,none,1km,none,30.0,buy,grid,100audit,home,60pct,1061,100.0,7,,0,0,2.0,3.0,3.0,offline
RESP_0580,K1,B,3,3,0,3,36.0,buy,solar,cert50,home,60pct,18.0,rent250,grid,none,3km,none,1061,0.0,8,2,0,0,2.0,3.0,3.0,offline
RESP_0580,K1,B,2,4,0,1,18.0,rent350,grid,cert50,3km,40pct,24.0,rent150,solar,100audit,1km,none,1061,200.0,9,,0,0,2.0,3.0,3.0,offline
RESP_0580,K1,B,7,5,0,3,24.0,buy,grid,cert50,home,40pct,30.0,rent350,grid,100audit,3km,none,1061,0.0,5,,0,0,2.0,3.0,3.0,offline
RESP_0580,K1,B,8,6,0,3,36.0,rent250,solar,100audit,1km,60pct,18.0,buy,grid,none,home,none,1061,200.0,4,3,0,0,2.0,3.0,3.0,offline
RESP_0580,K1,B,4,7,1,1,18.0,buy,solar,100audit,home,60pct,36.0,rent350,grid,none,3km,none,1061,100.0,7,,0,0,2.0,3.0,3.0,offline
RESP_0580,K1,B,6,8,0,1,18.0,rent150,grid,100audit,3km,none,36.0,rent250,solar,none,1km,60pct,1061,100.0,6,,0,0,2.0,3.0,3.0,offline
RESP_0581,K2,A,2,1,0,3,24.0,buy,solar,none,3km,60pct,36.0,buy,solar,100audit,home,none,552,0.0,6,,0,0,3.83,2.0,3.25,offline
RESP_0581,K2,A,8,2,0,1,18.0,buy,solar,cert50,home,none,24.0,rent150,solar,100audit,1km,60pct,552,200.0,9,,0,0,3.83,2.0,3.25,offline
RESP_0581,K2,A,3,3,0,3,18.0,rent250,grid,100audit,1km,none,24.0,rent350,solar,none,3km,40pct,552,100.0,7,3,0,0,3.83,2.0,3.25,offline
RESP_0581,K2,A,4,4,0,3,36.0,rent150,grid,cert50,home,40pct,30.0,buy,grid,100audit,1km,60pct,552,200.0,7,,0,0,3.83,2.0,3.25,offline
RESP_0581,K2,A,1,5,0,2,30.0,rent350,solar,100audit,home,none,18.0,rent150,grid,cert50,1km,40pct,552,200.0,7,,0,0,3.83,2.0,3.25,offline
RESP_0581,K2,A,5,6,1,2,36.0,rent350,grid,none,3km,none,18.0,buy,solar,100audit,home,60pct,552,100.0,7,3,0,0,3.83,2.0,3.25,offline
RESP_0581,K2,A,7,7,0,3,30.0,rent150,grid,none,1km,60pct,36.0,rent250,solar,cert50,3km,none,552,100.0,5,,0,0,3.83,2.0,3.25,offline
RESP_0581,K2,A,6,8,0,3,24.0,rent250,solar,cert50,3km,none,18.0,buy,grid,100audit,home,40pct,552,0.0,6,,0,0,3.83,2.0,3.25,offline
RESP_0582,K3,B,6,1,0,1,24.0,rent350,solar,100audit,1km,40pct,30.0,rent150,solar,cert50,home,none,817,200.0,10,,0,0,3.0,2.25,3.0,offline
RESP_0582,K3,B,2,2,0,1,18.0,buy,solar,cert50,1km,60pct,36.0,rent350,grid,100audit,home,none,817,200.0,7,,0,0,3.0,2.25,3.0,offline
RESP_0582,K3,B,5,3,0,2,36.0,buy,solar,none,home,60pct,18.0,rent150,grid,cert50,3km,none,817,0.0,10,2,0,0,3.0,2.25,3.0,offline
RESP_0582,K3,B,3,4,1,1,18.0,buy,solar,100audit,home,60pct,36.0,rent350,grid,none,3km,none,817,100.0,6,,0,0,3.0,2.25,3.0,offline
RESP_0582,K3,B,7,5,0,3,18.0,rent250,solar,none,3km,60pct,36.0,buy,grid,100audit,1km,none,817,100.0,6,,0,0,3.0,2.25,3.0,offline
RESP_0582,K3,B,4,6,0,3,30.0,rent250,grid,cert50,3km,40pct,24.0,rent350,solar,100audit,1km,none,817,100.0,7,2,0,0,3.0,2.25,3.0,offline
RESP_0582,K3,B,8,7,0,3,30.0,buy,grid,100audit,home,40pct,24.0,rent250,grid,cert50,3km,none,817,0.0,8,,0,0,3.0,2.25,3.0,offline
RESP_0582,K3,B,1,8,0,3,24.0,rent150,grid,100audit,home,none,30.0,buy,solar,none,3km,40pct,817,0.0,4,,0,0,3.0,2.25,3.0,offline
RESP_0583,K1,A,8,1,0,3,36.0,rent250,solar,100audit,1km,60pct,18.0,buy,grid,none,home,none,1344,200.0,5,,0,0,3.67,3.25,3.25,offline
RESP_0583,K1,A,1,2,0,1,24.0,rent250,solar,none,1km,none,30.0,buy,grid,100audit,home,60pct,1344,100.0,10,,0,0,3.67,3.25,3.25,offline
RESP_0583,K1,A,2,3,0,3,18.0,rent350,grid,cert50,3km,40pct,24.0,rent150,solar,100audit,1km,none,1344,200.0,6,1,0,0,3.67,3.25,3.25,offline
RESP_0583,K1,A,6,4,0,3,18.0,rent150,grid,100audit,3km,none,36.0,rent250,solar,none,1km,60pct,1344,100.0,5,,0,0,3.67,3.25,3.25,offline
RESP_0583,K1,A,5,5,0,3,30.0,rent150,solar,none,1km,40pct,24.0,buy,solar,cert50,home,none,1344,200.0,4,,0,0,3.67,3.25,3.25,offline
RESP_0583,K1,A,4,6,1,1,18.0,buy,solar,100audit,home,60pct,36.0,rent350,grid,none,3km,none,1344,100.0,10,1,0,0,3.67,3.25,3.25,offline
RESP_0583,K1,A,7,7,0,3,24.0,buy,grid,cert50,home,40pct,30.0,rent350,grid,100audit,3km,none,1344,0.0,6,,0,0,3.67,3.25,3.25,offline
RESP_0583,K1,A,3,8,0,3,36.0,buy,solar,cert50,home,60pct,18.0,rent250,grid,none,3km,none,1344,0.0,7,,0,0,3.67,3.25,3.25,offline
RESP_0584,K2,B,7,1,0,3,30.0,rent150,grid,none,1km,60pct,36.0,rent250,solar,cert50,3km,none,778,100.0,4,,0,0,2.83,4.0,3.25,offline
RESP_0584,K2,B,1,2,0,2,30.0,rent350,solar,100audit,home,none,18.0,rent150,grid,cert50,1km,40pct,778,200.0,9,,0,0,2.83,4.0,3.25,offline
RESP_0584,K2,B,4,3,0,3,36.0,rent150,grid,cert50,home,40pct,30.0,buy,grid,100audit,1km,60pct,778,200.0,8,2,0,0,2.83,4.0,3.25,offline
RESP_0584,K2,B,3,4,0,3,18.0,rent250,grid,100audit,1km,none,24.0,rent350,solar,none,3km,40pct,778,100.0,7,,0,0,2.83,4.0,3.25,offline
RESP_0584,K2,B,5,5,1,2,36.0,rent350,grid,none,3km,none,18.0,buy,solar,100audit,home,60pct,778,100.0,6,,0,0,2.83,4.0,3.25,offline
RESP_0584,K2,B,2,6,0,3,24.0,buy,solar,none,3km,60pct,36.0,buy,solar,100audit,home,none,778,0.0,6,3,0,0,2.83,4.0,3.25,offline
RESP_0584,K2,B,8,7,0,1,18.0,buy,solar,cert50,home,none,24.0,rent150,solar,100audit,1km,60pct,778,200.0,7,,0,0,2.83,4.0,3.25,offline
RESP_0584,K2,B,6,8,0,3,24.0,rent250,solar,cert50,3km,none,18.0,buy,grid,100audit,home,40pct,778,0.0,7,,0,0,2.83,4.0,3.25,offline
RESP_0585,K3,A,5,1,0,1,36.0,buy,solar,none,home,60pct,18.0,rent150,grid,cert50,3km,none,635,0.0,7,,0,0,2.83,2.5,3.0,offline
RESP_0585,K3,A,8,2,0,3,30.0,buy,grid,100audit,home,40pct,24.0,rent250,grid,cert50,3km,none,635,0.0,4,,0,0,2.83,2.5,3.0,offline
RESP_0585,K3,A,4,3,0,3,30.0,rent250,grid,cert50,3km,40pct,24.0,rent350,solar,100audit,1km,none,635,100.0,7,3,0,0,2.83,2.5,3.0,offline
RESP_0585,K3,A,2,4,0,3,18.0,buy,solar,cert50,1km,60pct,36.0,rent350,grid,100audit,home,none,635,200.0,5,,0,0,2.83,2.5,3.0,offline
RESP_0585,K3,A,6,5,0,3,24.0,rent350,solar,100audit,1km,40pct,30.0,rent150,solar,cert50,home,none,635,200.0,7,,0,0,2.83,2.5,3.0,offline
RESP_0585,K3,A,3,6,1,1,18.0,buy,solar,100audit,home,60pct,36.0,rent350,grid,none,3km,none,635,100.0,6,3,0,0,2.83,2.5,3.0,offline
RESP_0585,K3,A,7,7,0,3,18.0,rent250,solar,none,3km,60pct,36.0,buy,grid,100audit,1km,none,635,100.0,8,,0,0,2.83,2.5,3.0,offline
RESP_0585,K3,A,1,8,0,1,24.0,rent150,grid,100audit,home,none,30.0,buy,solar,none,3km,40pct,635,0.0,7,,0,0,2.83,2.5,3.0,offline
RESP_0586,K1,B,4,1,1,1,18.0,buy,solar,100audit,home,60pct,36.0,rent350,grid,none,3km,none,394,100.0,6,,0,0,3.17,2.5,3.5,offline
RESP_0586,K1,B,6,2,0,1,18.0,rent150,grid,100audit,3km,none,36.0,rent250,solar,none,1km,60pct,394,100.0,10,,0,0,3.17,2.5,3.5,offline
RESP_0586,K1,B,1,3,0,2,24.0,rent250,solar,none,1km,none,30.0,buy,grid,100audit,home,60pct,394,100.0,6,1,0,0,3.17,2.5,3.5,offline
RESP_0586,K1,B,7,4,0,2,24.0,buy,grid,cert50,home,40pct,30.0,rent350,grid,100audit,3km,none,394,0.0,6,,0,0,3.17,2.5,3.5,offline
RESP_0586,K1,B,5,5,0,3,30.0,rent150,solar,none,1km,40pct,24.0,buy,solar,cert50,home,none,394,200.0,7,,0,0,3.17,2.5,3.5,offline
RESP_0586,K1,B,8,6,0,2,36.0,rent250,solar,100audit,1km,60pct,18.0,buy,grid,none,home,none,394,200.0,6,1,0,0,3.17,2.5,3.5,offline
RESP_0586,K1,B,2,7,0,1,18.0,rent350,grid,cert50,3km,40pct,24.0,rent150,solar,100audit,1km,none,394,200.0,8,,0,0,3.17,2.5,3.5,offline
RESP_0586,K1,B,3,8,0,2,36.0,buy,solar,cert50,home,60pct,18.0,rent250,grid,none,3km,none,394,0.0,7,,0,0,3.17,2.5,3.5,offline
RESP_0587,K2,A,5,1,1,2,36.0,rent350,grid,none,3km,none,18.0,buy,solar,100audit,home,60pct,617,100.0,7,,0,0,1.67,3.0,3.0,offline
RESP_0587,K2,A,1,2,0,2,30.0,rent350,solar,100audit,home,none,18.0,rent150,grid,cert50,1km,40pct,617,200.0,7,,0,0,1.67,3.0,3.0,offline
RESP_0587,K2,A,6,3,0,3,24.0,rent250,solar,cert50,3km,none,18.0,buy,grid,100audit,home,40pct,617,0.0,6,1,0,0,1.67,3.0,3.0,offline
RESP_0587,K2,A,2,4,0,3,24.0,buy,solar,none,3km,60pct,36.0,buy,solar,100audit,home,none,617,0.0,5,,0,0,1.67,3.0,3.0,offline
RESP_0587,K2,A,3,5,0,3,18.0,rent250,grid,100audit,1km,none,24.0,rent350,solar,none,3km,40pct,617,100.0,5,,0,0,1.67,3.0,3.0,offline
RESP_0587,K2,A,8,6,0,1,18.0,buy,solar,cert50,home,none,24.0,rent150,solar,100audit,1km,60pct,617,200.0,9,3,0,0,1.67,3.0,3.0,offline
RESP_0587,K2,A,4,7,0,3,36.0,rent150,grid,cert50,home,40pct,30.0,buy,grid,100audit,1km,60pct,617,200.0,7,,0,0,1.67,3.0,3.0,offline
RESP_0587,K2,A,7,8,0,3,30.0,rent150,grid,none,1km,60pct,36.0,rent250,solar,cert50,3km,none,617,100.0,8,,0,0,1.67,3.0,3.0,offline
RESP_0588,K3,B,7,1,0,1,18.0,rent250,solar,none,3km,60pct,36.0,buy,grid,100audit,1km,none,943,100.0,10,,0,0,2.67,3.5,4.0,offline
RESP_0588,K3,B,6,2,0,3,24.0,rent350,solar,100audit,1km,40pct,30.0,rent150,solar,cert50,home,none,943,200.0,6,,0,0,2.67,3.5,4.0,offline
RESP_0588,K3,B,1,3,0,3,24.0,rent150,grid,100audit,home,none,30.0,buy,solar,none,3km,40pct,943,0.0,4,3,0,0,2.67,3.5,4.0,offline
RESP_0588,K3,B,8,4,0,3,30.0,buy,grid,100audit,home,40pct,24.0,rent250,grid,cert50,3km,none,943,0.0,4,,0,0,2.67,3.5,4.0,offline
RESP_0588,K3,B,5,5,0,3,36.0,buy,solar,none,home,60pct,18.0,rent150,grid,cert50,3km,none,943,0.0,7,,0,0,2.67,3.5,4.0,offline
RESP_0588,K3,B,3,6,1,1,18.0,buy,solar,100audit,home,60pct,36.0,rent350,grid,none,3km,none,943,100.0,10,2,0,0,2.67,3.5,4.0,offline
RESP_0588,K3,B,2,7,0,1,18.0,buy,solar,cert50,1km,60pct,36.0,rent350,grid,100audit,home,none,943,200.0,7,,0,0,2.67,3.5,4.0,offline
RESP_0588,K3,B,4,8,0,2,30.0,rent250,grid,cert50,3km,40pct,24.0,rent350,solar,100audit,1km,none,943,100.0,7,,0,0,2.67,3.5,4.0,offline
RESP_0589,K1,A,3,1,0,3,36.0,buy,solar,cert50,home,60pct,18.0,rent250,grid,none,3km,none,916,0.0,8,,0,0,3.83,4.0,3.0,offline
RESP_0589,K1,A,7,2,0,3,24.0,buy,grid,cert50,home,40pct,30.0,rent350,grid,100audit,3km,none,916,0.0,7,,0,0,3.83,4.0,3.0,offline
RESP_0589,K1,A,6,3,0,3,18.0,rent150,grid,100audit,3km,none,36.0,rent250,solar,none,1km,60pct,916,100.0,7,3,0,0,3.83,4.0,3.0,offline
RESP_0589,K1,A,2,4,0,3,18.0,rent350,grid,cert50,3km,40pct,24.0,rent150,solar,100audit,1km,none,916,200.0,5,,0,0,3.83,4.0,3.0,offline
RESP_0589,K1,A,5,5,0,3,30.0,rent150,solar,none,1km,40pct,24.0,buy,solar,cert50,home,none,916,200.0,4,,0,0,3.83,4.0,3.0,offline
RESP_0589,K1,A,1,6,0,3,24.0,rent250,solar,none,1km,none,30.0,buy,grid,100audit,home,60pct,916,100.0,4,2,0,0,3.83,4.0,3.0,offline
RESP_0589,K1,A,8,7,0,3,36.0,rent250,solar,100audit,1km,60pct,18.0,buy,grid,none,home,none,916,200.0,6,,0,0,3.83,4.0,3.0,offline
RESP_0589,K1,A,4,8,1,1,18.0,buy,solar,100audit,home,60pct,36.0,rent350,grid,none,3km,none,916,100.0,9,,0,0,3.83,4.0,3.0,offline
RESP_0590,K2,B,7,1,0,3,30.0,rent150,grid,none,1km,60pct,36.0,rent250,solar,cert50,3km,none,1201,100.0,7,,0,0,3.17,3.25,3.5,offline
RESP_0590,K2,B,5,2,1,2,36.0,rent350,grid,none,3km,none,18.0,buy,solar,100audit,home,60pct,1201,100.0,9,,0,0,3.17,3.25,3.5,offline
RESP_0590,K2,B,2,3,0,3,24.0,buy,solar,none,3km,60pct,36.0,buy,solar,100audit,home,none,1201,0.0,4,1,0,0,3.17,3.25,3.5,offline
RESP_0590,K2,B,1,4,0,2,30.0,rent350,solar,100audit,home,none,18.0,rent150,grid,cert50,1km,40pct,1201,200.0,9,,0,0,3.17,3.25,3.5,offline
RESP_0590,K2,B,8,5,0,3,18.0,buy,solar,cert50,home,none,24.0,rent150,solar,100audit,1km,60pct,1201,200.0,5,,0,0,3.17,3.25,3.5,offline
RESP_0590,K2,B,6,6,0,1,24.0,rent250,solar,cert50,3km,none,18.0,buy,grid,100audit,home,40pct,1201,0.0,6,3,0,0,3.17,3.25,3.5,offline
RESP_0590,K2,B,4,7,0,3,36.0,rent150,grid,cert50,home,40pct,30.0,buy,grid,100audit,1km,60pct,1201,200.0,6,,0,0,3.17,3.25,3.5,offline
RESP_0590,K2,B,3,8,0,3,18.0,rent250,grid,100audit,1km,none,24.0,rent350,solar,none,3km,40pct,1201,100.0,7,,0,0,3.17,3.25,3.5,offline
RESP_0591,K3,A,8,1,0,3,30.0,buy,grid,100audit,home,40pct,24.0,rent250,grid,cert50,3km,none,762,0.0,4,,0,0,2.67,2.25,4.0,offline
RESP_0591,K3,A,3,2,1,1,18.0,buy,solar,100audit,home,60pct,36.0,rent350,grid,none,3km,none,762,100.0,7,,0,0,2.67,2.25,4.0,offline
RESP_0591,K3,A,5,3,0,3,36.0,buy,solar,none,home,60pct,18.0,rent150,grid,cert50,3km,none,762,0.0,8,1,0,0,2.67,2.25,4.0,offline
RESP_0591,K3,A,6,4,0,3,24.0,rent350,solar,100audit,1km,40pct,30.0,rent150,solar,cert50,home,none,762,200.0,8,,0,0,2.67,2.25,4.0,offline
RESP_0591,K3,A,7,5,0,1,18.0,rent250,solar,none,3km,60pct,36.0,buy,grid,100audit,1km,none,762,100.0,9,,0,0,2.67,2.25,4.0,offline
RESP_0591,K3,A,1,6,0,3,24.0,rent150,grid,100audit,home,none,30.0,buy,solar,none,3km,40pct,762,0.0,6,2,0,0,2.67,2.25,4.0,offline
RESP_0591,K3,A,4,7,0,3,30.0,rent250,grid,cert50,3km,40pct,24.0,rent350,solar,100audit,1km,none,762,100.0,5,,0,0,2.67,2.25,4.0,offline
RESP_0591,K3,A,2,8,0,3,18.0,buy,solar,cert50,1km,60pct,36.0,rent350,grid,100audit,home,none,762,200.0,4,,0,0,2.67,2.25,4.0,offline
RESP_0592,K1,B,2,1,0,2,18.0,rent350,grid,cert50,3km,40pct,24.0,rent150,solar,100audit,1km,none,1053,200.0,7,,0,0,2.5,3.5,2.75,offline
RESP_0592,K1,B,3,2,0,3,36.0,buy,solar,cert50,home,60pct,18.0,rent250,grid,none,3km,none,1053,0.0,4,,0,0,2.5,3.5,2.75,offline
RESP_0592,K1,B,6,3,0,3,18.0,rent150,grid,100audit,3km,none,36.0,rent250,solar,none,1km,60pct,1053,100.0,5,1,0,0,2.5,3.5,2.75,offline
RESP_0592,K1,B,5,4,0,2,30.0,rent150,solar,none,1km,40pct,24.0,buy,solar,cert50,home,none,1053,200.0,6,,0,0,2.5,3.5,2.75,offline
RESP_0592,K1,B,7,5,0,3,24.0,buy,grid,cert50,home,40pct,30.0,rent350,grid,100audit,3km,none,1053,0.0,5,,0,0,2.5,3.5,2.75,offline
RESP_0592,K1,B,8,6,0,2,36.0,rent250,solar,100audit,1km,60pct,18.0,buy,grid,none,home,none,1053,200.0,6,2,0,0,2.5,3.5,2.75,offline
RESP_0592,K1,B,4,7,1,1,18.0,buy,solar,100audit,home,60pct,36.0,rent350,grid,none,3km,none,1053,100.0,9,,0,0,2.5,3.5,2.75,offline
RESP_0592,K1,B,1,8,0,3,24.0,rent250,solar,none,1km,none,30.0,buy,grid,100audit,home,60pct,1053,100.0,7,,0,0,2.5,3.5,2.75,offline
RESP_0593,K2,A,3,1,0,3,18.0,rent250,grid,100audit,1km,none,24.0,rent350,solar,none,3km,40pct,327,100.0,8,,0,0,3.33,3.0,2.25,offline
RESP_0593,K2,A,4,2,0,3,36.0,rent150,grid,cert50,home,40pct,30.0,buy,grid,100audit,1km,60pct,327,200.0,6,,0,0,3.33,3.0,2.25,offline
RESP_0593,K2,A,6,3,0,3,24.0,rent250,solar,cert50,3km,none,18.0,buy,grid,100audit,home,40pct,327,0.0,5,3,0,0,3.33,3.0,2.25,offline
RESP_0593,K2,A,7,4,0,3,30.0,rent150,grid,none,1km,60pct,36.0,rent250,solar,cert50,3km,none,327,100.0,8,,0,0,3.33,3.0,2.25,offline
RESP_0593,K2,A,2,5,0,3,24.0,buy,solar,none,3km,60pct,36.0,buy,solar,100audit,home,none,327,0.0,4,,0,0,3.33,3.0,2.25,offline
RESP_0593,K2,A,8,6,0,3,18.0,buy,solar,cert50,home,none,24.0,rent150,solar,100audit,1km,60pct,327,200.0,8,3,0,0,3.33,3.0,2.25,offline
RESP_0593,K2,A,5,7,1,2,36.0,rent350,grid,none,3km,none,18.0,buy,solar,100audit,home,60pct,327,100.0,9,,0,0,3.33,3.0,2.25,offline
RESP_0593,K2,A,1,8,0,3,30.0,rent350,solar,100audit,home,none,18.0,rent150,grid,cert50,1km,40pct,327,200.0,8,,0,0,3.33,3.0,2.25,offline
RESP_0594,K3,B,6,1,0,3,24.0,rent350,solar,100audit,1km,40pct,30.0,rent150,solar,cert50,home,none,1406,200.0,5,,0,0,3.33,3.75,3.25,offline
RESP_0594,K3,B,8,2,0,3,30.0,buy,grid,100audit,home,40pct,24.0,rent250,grid,cert50,3km,none,1406,0.0,4,,0,0,3.33,3.75,3.25,offline
RESP_0594,K3,B,1,3,0,2,24.0,rent150,grid,100audit,home,none,30.0,buy,solar,none,3km,40pct,1406,0.0,9,3,0,0,3.33,3.75,3.25,offline
RESP_0594,K3,B,5,4,0,3,36.0,buy,solar,none,home,60pct,18.0,rent150,grid,cert50,3km,none,1406,0.0,5,,0,0,3.33,3.75,3.25,offline
RESP_0594,K3,B,4,5,0,3,30.0,rent250,grid,cert50,3km,40pct,24.0,rent350,solar,100audit,1km,none,1406,100.0,5,,0,0,3.33,3.75,3.25,offline
RESP_0594,K3,B,7,6,0,3,18.0,rent250,solar,none,3km,60pct,36.0,buy,grid,100audit,1km,none,1406,100.0,7,1,0,0,3.33,3.75,3.25,offline
RESP_0594,K3,B,2,7,0,3,18.0,buy,solar,cert50,1km,60pct,36.0,rent350,grid,100audit,home,none,1406,200.0,5,,0,0,3.33,3.75,3.25,offline
RESP_0594,K3,B,3,8,1,1,18.0,buy,solar,100audit,home,60pct,36.0,rent350,grid,none,3km,none,1406,100.0,8,,0,0,3.33,3.75,3.25,offline
RESP_0595,K1,A,2,1,0,3,18.0,rent350,grid,cert50,3km,40pct,24.0,rent150,solar,100audit,1km,none,1166,200.0,4,,0,0,2.33,3.5,2.0,offline
RESP_0595,K1,A,5,2,0,3,30.0,rent150,solar,none,1km,40pct,24.0,buy,solar,cert50,home,none,1166,200.0,8,,0,0,2.33,3.5,2.0,offline
RESP_0595,K1,A,3,3,0,3,36.0,buy,solar,cert50,home,60pct,18.0,rent250,grid,none,3km,none,1166,0.0,7,3,0,0,2.33,3.5,2.0,offline
RESP_0595,K1,A,4,4,1,1,18.0,buy,solar,100audit,home,60pct,36.0,rent350,grid,none,3km,none,1166,100.0,10,,0,0,2.33,3.5,2.0,offline
RESP_0595,K1,A,6,5,0,3,18.0,rent150,grid,100audit,3km,none,36.0,rent250,solar,none,1km,60pct,1166,100.0,8,,0,0,2.33,3.5,2.0,offline
RESP_0595,K1,A,1,6,0,2,24.0,rent250,solar,none,1km,none,30.0,buy,grid,100audit,home,60pct,1166,100.0,10,3,0,0,2.33,3.5,2.0,offline
RESP_0595,K1,A,7,7,0,3,24.0,buy,grid,cert50,home,40pct,30.0,rent350,grid,100audit,3km,none,1166,0.0,8,,0,0,2.33,3.5,2.0,offline
RESP_0595,K1,A,8,8,0,1,36.0,rent250,solar,100audit,1km,60pct,18.0,buy,grid,none,home,none,1166,200.0,8,,0,0,2.33,3.5,2.0,offline
RESP_0596,K2,B,2,1,0,3,24.0,buy,solar,none,3km,60pct,36.0,buy,solar,100audit,home,none,734,0.0,4,,0,0,1.83,2.75,2.5,offline
RESP_0596,K2,B,8,2,0,1,18.0,buy,solar,cert50,home,none,24.0,rent150,solar,100audit,1km,60pct,734,200.0,6,,0,0,1.83,2.75,2.5,offline
RESP_0596,K2,B,3,3,0,1,18.0,rent250,grid,100audit,1km,none,24.0,rent350,solar,none,3km,40pct,734,100.0,6,3,0,0,1.83,2.75,2.5,offline
RESP_0596,K2,B,6,4,0,3,24.0,rent250,solar,cert50,3km,none,18.0,buy,grid,100audit,home,40pct,734,0.0,4,,0,0,1.83,2.75,2.5,offline
RESP_0596,K2,B,1,5,0,3,30.0,rent350,solar,100audit,home,none,18.0,rent150,grid,cert50,1km,40pct,734,200.0,5,,0,0,1.83,2.75,2.5,offline
RESP_0596,K2,B,4,6,0,3,36.0,rent150,grid,cert50,home,40pct,30.0,buy,grid,100audit,1km,60pct,734,200.0,5,2,0,0,1.83,2.75,2.5,offline
RESP_0596,K2,B,5,7,1,2,36.0,rent350,grid,none,3km,none,18.0,buy,solar,100audit,home,60pct,734,100.0,9,,0,0,1.83,2.75,2.5,offline
RESP_0596,K2,B,7,8,0,3,30.0,rent150,grid,none,1km,60pct,36.0,rent250,solar,cert50,3km,none,734,100.0,7,,0,0,1.83,2.75,2.5,offline
RESP_0597,K3,A,2,1,0,1,18.0,buy,solar,cert50,1km,60pct,36.0,rent350,grid,100audit,home,none,1405,200.0,7,,0,0,1.83,2.75,2.5,offline
RESP_0597,K3,A,8,2,0,1,30.0,buy,grid,100audit,home,40pct,24.0,rent250,grid,cert50,3km,none,1405,0.0,6,,0,0,1.83,2.75,2.5,offline
RESP_0597,K3,A,7,3,0,1,18.0,rent250,solar,none,3km,60pct,36.0,buy,grid,100audit,1km,none,1405,100.0,7,2,0,0,1.83,2.75,2.5,offline
RESP_0597,K3,A,4,4,0,2,30.0,rent250,grid,cert50,3km,40pct,24.0,rent350,solar,100audit,1km,none,1405,100.0,8,,0,0,1.83,2.75,2.5,offline
RESP_0597,K3,A,1,5,0,2,24.0,rent150,grid,100audit,home,none,30.0,buy,solar,none,3km,40pct,1405,0.0,9,,0,0,1.83,2.75,2.5,offline
RESP_0597,K3,A,6,6,0,1,24.0,rent350,solar,100audit,1km,40pct,30.0,rent150,solar,cert50,home,none,1405,200.0,6,2,0,0,1.83,2.75,2.5,offline
RESP_0597,K3,A,5,7,0,2,36.0,buy,solar,none,home,60pct,18.0,rent150,grid,cert50,3km,none,1405,0.0,6,,0,0,1.83,2.75,2.5,offline
RESP_0597,K3,A,3,8,1,1,18.0,buy,solar,100audit,home,60pct,36.0,rent350,grid,none,3km,none,1405,100.0,7,,0,0,1.83,2.75,2.5,offline
RESP_0598,K1,B,5,1,0,1,30.0,rent150,solar,none,1km,40pct,24.0,buy,solar,cert50,home,none,537,200.0,10,,0,0,3.67,2.25,3.25,offline
RESP_0598,K1,B,4,2,1,1,18.0,buy,solar,100audit,home,60pct,36.0,rent350,grid,none,3km,none,537,100.0,6,,0,0,3.67,2.25,3.25,offline
RESP_0598,K1,B,8,3,0,1,36.0,rent250,solar,100audit,1km,60pct,18.0,buy,grid,none,home,none,537,200.0,8,2,0,0,3.67,2.25,3.25,offline
RESP_0598,K1,B,6,4,0,2,18.0,rent150,grid,100audit,3km,none,36.0,rent250,solar,none,1km,60pct,537,100.0,10,,0,0,3.67,2.25,3.25,offline
RESP_0598,K1,B,7,5,0,3,24.0,buy,grid,cert50,home,40pct,30.0,rent350,grid,100audit,3km,none,537,0.0,7,,0,0,3.67,2.25,3.25,offline
RESP_0598,K1,B,2,6,0,2,18.0,rent350,grid,cert50,3km,40pct,24.0,rent150,solar,100audit,1km,none,537,200.0,9,1,0,0,3.67,2.25,3.25,offline
RESP_0598,K1,B,3,7,0,3,36.0,buy,solar,cert50,home,60pct,18.0,rent250,grid,none,3km,none,537,0.0,4,,0,0,3.67,2.25,3.25,offline
RESP_0598,K1,B,1,8,0,1,24.0,rent250,solar,none,1km,none,30.0,buy,grid,100audit,home,60pct,537,100.0,10,,0,0,3.67,2.25,3.25,offline
RESP_0599,K2,A,1,1,0,3,30.0,rent350,solar,100audit,home,none,18.0,rent150,grid,cert50,1km,40pct,1449,200.0,4,,0,0,3.33,3.0,3.0,offline
RESP_0599,K2,A,6,2,0,3,24.0,rent250,solar,cert50,3km,none,18.0,buy,grid,100audit,home,40pct,1449,0.0,5,,0,0,3.33,3.0,3.0,offline
RESP_0599,K2,A,5,3,1,2,36.0,rent350,grid,none,3km,none,18.0,buy,solar,100audit,home,60pct,1449,100.0,6,3,0,0,3.33,3.0,3.0,offline
RESP_0599,K2,A,3,4,0,2,18.0,rent250,grid,100audit,1km,none,24.0,rent350,solar,none,3km,40pct,1449,100.0,8,,0,0,3.33,3.0,3.0,offline
RESP_0599,K2,A,4,5,0,3,36.0,rent150,grid,cert50,home,40pct,30.0,buy,grid,100audit,1km,60pct,1449,200.0,4,,0,0,3.33,3.0,3.0,offline
RESP_0599,K2,A,8,6,0,1,18.0,buy,solar,cert50,home,none,24.0,rent150,solar,100audit,1km,60pct,1449,200.0,10,1,0,0,3.33,3.0,3.0,offline
RESP_0599,K2,A,7,7,0,3,30.0,rent150,grid,none,1km,60pct,36.0,rent250,solar,cert50,3km,none,1449,100.0,5,,0,0,3.33,3.0,3.0,offline
RESP_0599,K2,A,2,8,0,1,24.0,buy,solar,none,3km,60pct,36.0,buy,solar,100audit,home,none,1449,0.0,7,,0,0,3.33,3.0,3.0,offline
RESP_0600,K3,B,3,1,1,1,18.0,buy,solar,100audit,home,60pct,36.0,rent350,grid,none,3km,none,874,100.0,10,,0,0,3.0,4.0,3.25,offline
RESP_0600,K3,B,5,2,0,3,36.0,buy,solar,none,home,60pct,18.0,rent150,grid,cert50,3km,none,874,0.0,5,,0,0,3.0,4.0,3.25,offline
RESP_0600,K3,B,7,3,0,3,18.0,rent250,solar,none,3km,60pct,36.0,buy,grid,100audit,1km,none,874,100.0,6,3,0,0,3.0,4.0,3.25,offline
RESP_0600,K3,B,6,4,0,3,24.0,rent350,solar,100audit,1km,40pct,30.0,rent150,solar,cert50,home,none,874,200.0,5,,0,0,3.0,4.0,3.25,offline
RESP_0600,K3,B,4,5,0,3,30.0,rent250,grid,cert50,3km,40pct,24.0,rent350,solar,100audit,1km,none,874,100.0,7,,0,0,3.0,4.0,3.25,offline
RESP_0600,K3,B,1,6,0,3,24.0,rent150,grid,100audit,home,none,30.0,buy,solar,none,3km,40pct,874,0.0,5,1,0,0,3.0,4.0,3.25,offline
RESP_0600,K3,B,8,7,0,3,30.0,buy,grid,100audit,home,40pct,24.0,rent250,grid,cert50,3km,none,874,0.0,5,,0,0,3.0,4.0,3.25,offline
RESP_0600,K3,B,2,8,0,1,18.0,buy,solar,cert50,1km,60pct,36.0,rent350,grid,100audit,home,none,874,200.0,9,,0,0,3.0,4.0,3.25,offline
